--
-- PostgreSQL database dump
--

SET statement_timeout = 0;
SET client_encoding = 'SQL_ASCII';
SET standard_conforming_strings = off;
SET check_function_bodies = false;
SET client_min_messages = warning;
SET escape_string_warning = off;

--
-- Name: plpgsql; Type: PROCEDURAL LANGUAGE; Schema: -; Owner: postgres
--

CREATE OR REPLACE PROCEDURAL LANGUAGE plpgsql;


ALTER PROCEDURAL LANGUAGE plpgsql OWNER TO postgres;

SET search_path = public, pg_catalog;

--
-- Name: array_float8eq(double precision, double precision[]); Type: FUNCTION; Schema: public; Owner: postgres
--

CREATE FUNCTION array_float8eq(double precision, double precision[]) RETURNS boolean
    LANGUAGE plpgsql
    AS $_$
DECLARE
l_element ALIAS FOR $1;
l_array ALIAS FOR $2;
la_reponse BOOLEAN;
BEGIN
FOR I IN 1..DIM*(l_array) LOOP
	IF l_array [i] = l_element THEN
                la_reponse := TRUE;
                exit;
        ELSE
             la_reponse := FALSE;
        END IF;
END LOOP;
RETURN la_reponse;
END; $_$;


ALTER FUNCTION public.array_float8eq(double precision, double precision[]) OWNER TO postgres;

--
-- Name: array_int8eq(bigint, bigint[]); Type: FUNCTION; Schema: public; Owner: postgres
--

CREATE FUNCTION array_int8eq(bigint, bigint[]) RETURNS boolean
    LANGUAGE plpgsql
    AS $_$
DECLARE
l_element ALIAS FOR $1;
l_array ALIAS FOR $2;
la_reponse BOOLEAN;
Nbre      int;
BEGIN
Nbre := DIM(l_array);

IF Nbre IS NULL THEN Nbre:=0;
END IF;

FOR I IN 1..Nbre LOOP
	IF l_array [i] = l_element THEN
                la_reponse := TRUE;
                exit;
        ELSE
             la_reponse := FALSE;
        END IF;
END LOOP;
RETURN la_reponse;
END; $_$;


ALTER FUNCTION public.array_int8eq(bigint, bigint[]) OWNER TO postgres;

--
-- Name: array_oideq(oid, oid[]); Type: FUNCTION; Schema: public; Owner: postgres
--

CREATE FUNCTION array_oideq(oid, oid[]) RETURNS boolean
    LANGUAGE plpgsql
    AS $_$
DECLARE
l_element ALIAS FOR $1;
l_array ALIAS FOR $2;
la_reponse BOOLEAN;
BEGIN
FOR I IN 1..DIM(l_array) LOOP
	IF l_array [i] = l_element THEN
                la_reponse := TRUE;
                exit;
        ELSE
             la_reponse := FALSE;
        END IF;
END LOOP;
RETURN la_reponse;
END; $_$;


ALTER FUNCTION public.array_oideq(oid, oid[]) OWNER TO postgres;

--
-- Name: array_varchareq(character varying, character varying[]); Type: FUNCTION; Schema: public; Owner: postgres
--

CREATE FUNCTION array_varchareq(character varying, character varying[]) RETURNS boolean
    LANGUAGE plpgsql
    AS $_$
DECLARE
l_element ALIAS FOR $1;
l_array ALIAS FOR $2;
la_reponse BOOLEAN;
BEGIN
FOR I IN 1..DIM(l_array) LOOP
	IF l_array [i] = l_element THEN
                la_reponse := TRUE;
                exit;
        ELSE
             la_reponse := FALSE;
        END IF;
END LOOP;
RETURN la_reponse;
END; $_$;


ALTER FUNCTION public.array_varchareq(character varying, character varying[]) OWNER TO postgres;

--
-- Name: attribute_table_name(character varying, character varying, character varying); Type: FUNCTION; Schema: public; Owner: postgres
--

CREATE FUNCTION attribute_table_name(character varying, character varying, character varying) RETURNS character varying
    LANGUAGE plpgsql
    AS $_$
DECLARE
attribute_name ALIAS FOR $1;
entity_name ALIAS FOR $2;
the_record RECORD;
exist INT8;
att_type_category ALIAS FOR $3;
table_name VARCHAR;
att_type VARCHAR;
BEGIN
--att_type_category := get_attribute_type_category (attribute_name,entity_name);

IF att_type_category <* '{AGGREGATE_TYPE,  ARRAY_TYPE, LIST_TYPE, BAG_TYPE, SET_TYPE}' THEN
         att_type :=  get_attribute_type (attribute_name,entity_name);
	IF is_entity( att_type) OR is_select_type ( att_type)THEN
		table_name := entity_name || '_2_' || attribute_name;
        ELSE
			table_name := 'array_value_' || entity_name || '_' || attribute_name;
        END IF;
ELSIF att_type_category = 'SELECT_TYPE' THEN
        table_name := entity_name || '_2_' || attribute_name;
ELSIF att_type_category = 'ENTITY_TYPE' THEN
        table_name := entity_name || '_2_' || attribute_name;
ELSE
        RAISE NOTICE 'Attribute "%" of entity "%" is not represented by table', attribute_name, entity_name;
END IF;
	RETURN table_name;
END;$_$;


ALTER FUNCTION public.attribute_table_name(character varying, character varying, character varying) OWNER TO postgres;

--
-- Name: caseof_imported_properties(bigint); Type: FUNCTION; Schema: public; Owner: postgres
--

CREATE FUNCTION caseof_imported_properties(bigint) RETURNS character varying[]
    LANGUAGE plpgsql
    AS $_$
-- Returns all the properties that a class imports from the classes of which it is case of

DECLARE
item_class_rid ALIAS FOR $1;
prop_ref varchar[]; --the properties references
result record;
query varchar;
value varchar;

BEGIN

query := 'SELECT rid_d, tablename_d FROM item_class_case_of_2_imported_properties WHERE rid_s = ' || item_class_rid;
-- selects all the imported properties rid's from the given item_class

 FOR result IN EXECUTE query LOOP
    value := result.rid_d || '#' || result.tablename_d;  -- builds the 'prop_rid#prop-table'
    prop_ref := prop_ref + value;  --adds to the array
 END LOOP;

RETURN prop_ref;

END

$_$;


ALTER FUNCTION public.caseof_imported_properties(bigint) OWNER TO postgres;

--
-- Name: casting(character varying[]); Type: FUNCTION; Schema: public; Owner: postgres
--

CREATE FUNCTION casting(character varying[]) RETURNS character varying
    LANGUAGE plpgsql
    AS $_$
DECLARE
 valeur   ALIAS FOR $1;
 Aux VARCHAR;
BEGIN
  Aux :=valeur;
   RETURN aux;
END;$_$;


ALTER FUNCTION public.casting(character varying[]) OWNER TO postgres;

--
-- Name: casting(bigint[]); Type: FUNCTION; Schema: public; Owner: postgres
--

CREATE FUNCTION casting(bigint[]) RETURNS character varying
    LANGUAGE plpgsql
    AS $_$
DECLARE
 valeur   ALIAS FOR $1;
 Aux VARCHAR ;
BEGIN
  Aux :=valeur;
   RETURN aux;
END;$_$;


ALTER FUNCTION public.casting(bigint[]) OWNER TO postgres;

--
-- Name: casting(character varying); Type: FUNCTION; Schema: public; Owner: postgres
--

CREATE FUNCTION casting(character varying) RETURNS character varying
    LANGUAGE plpgsql
    AS $_$
DECLARE
 valeur   ALIAS FOR $1;
BEGIN

   RETURN valeur;
END;$_$;


ALTER FUNCTION public.casting(character varying) OWNER TO postgres;

--
-- Name: casting(double precision); Type: FUNCTION; Schema: public; Owner: postgres
--

CREATE FUNCTION casting(double precision) RETURNS character varying
    LANGUAGE plpgsql
    AS $_$
DECLARE
 valeur   ALIAS FOR $1;
BEGIN

   RETURN float8(valeur);
END;$_$;


ALTER FUNCTION public.casting(double precision) OWNER TO postgres;

--
-- Name: casting(boolean); Type: FUNCTION; Schema: public; Owner: postgres
--

CREATE FUNCTION casting(boolean) RETURNS character varying
    LANGUAGE plpgsql
    AS $_$
DECLARE
 valeur   ALIAS FOR $1;
BEGIN
  IF valeur THEN
   RETURN 'TRUE';
  END IF ;

   RETURN 'FALSE';
END;$_$;


ALTER FUNCTION public.casting(boolean) OWNER TO postgres;

--
-- Name: concat_ridandtablename(character varying, character varying); Type: FUNCTION; Schema: public; Owner: postgres
--

CREATE FUNCTION concat_ridandtablename(character varying, character varying) RETURNS character varying
    LANGUAGE plpgsql
    AS $_$
 DECLARE
 val1 ALIAS FOR $1;
 val2 ALIAS FOR $2;
 BEGIN
  RETURN val1||'#'||val2;
 END;$_$;


ALTER FUNCTION public.concat_ridandtablename(character varying, character varying) OWNER TO postgres;

--
-- Name: delete_array_element_from_table(bigint[], character varying); Type: FUNCTION; Schema: public; Owner: postgres
--

CREATE FUNCTION delete_array_element_from_table(bigint[], character varying) RETURNS bigint
    LANGUAGE plpgsql
    AS $_$
DECLARE
ar        ALIAS FOR $1;       --la tableau des RIDs a supprimer
TableName ALIAS FOR $2;       --la table
Nbre1      INT;           --nbre element dans le tableau
Nbre2      INT;           --nbre element dans le tableau
sql       VARCHAR;
BEGIN

Nbre1:=Dim_(ar);

  IF Nbre1 is NULL THEN Nbre1 := 0;
  END IF;

    Nbre2:=Dim_Array_in(ar);
     IF Nbre2 is NULL THEN Nbre2 := 0;
     END IF;

  FOR i IN 1..Nbre1 LOOP

  FOR j IN 1..Nbre2 LOOP

       sql:=' DELETE FROM '||TableName ||' WHERE RID ='
                 ||ar[i][j]  ;
         RAISE NOTICE 'La chaine SQL %', sql;
   EXECUTE sql;

  END LOOP;
 END LOOP;
RETURN NULL;
END;$_$;


ALTER FUNCTION public.delete_array_element_from_table(bigint[], character varying) OWNER TO postgres;

--
-- Name: delete_array_element_from_table1(bigint[], character varying); Type: FUNCTION; Schema: public; Owner: postgres
--

CREATE FUNCTION delete_array_element_from_table1(bigint[], character varying) RETURNS bigint
    LANGUAGE plpgsql
    AS $_$
DECLARE
ar        ALIAS FOR $1;       --la tableau des RIDs a supprimer
TableName ALIAS FOR $2;       --la table
Nbre1      INT;           --nbre element dans le tableau
Nbre2      INT;           --nbre element dans le tableau
sql       VARCHAR;
BEGIN

Nbre1:=Dim_(ar);

  IF Nbre1 is NULL THEN Nbre1 := 0;
  END IF;

    Nbre2:=Dim_Array_in(ar);
     IF Nbre2 is NULL THEN Nbre2 := 0;
     END IF;

  FOR i IN 1..Nbre1 LOOP

  FOR j IN 1..Nbre2 LOOP

       sql:=' DELETE FROM '||TableName ||' WHERE RID ='
                 ||ar[i][j]  ;
         RAISE NOTICE 'La chaine SQL %', sql;
   EXECUTE sql;

  END LOOP;
 END LOOP;
RETURN NULL;
END;$_$;


ALTER FUNCTION public.delete_array_element_from_table1(bigint[], character varying) OWNER TO postgres;

--
-- Name: deleteinstanceclass_bsu_function(); Type: FUNCTION; Schema: public; Owner: postgres
--

CREATE FUNCTION deleteinstanceclass_bsu_function() RETURNS "trigger"
    LANGUAGE plpgsql
    AS $$
DECLARE
TableName     VARCHAR;
sql           VARCHAR;
BEGIN

 TableName := 'e'||OLD.rid;

 IF Exist_Table(TableName) THEN
  sql := 'DROP TABLE '|| TableName;
  RAISE NOTICE 'DeleteInstanceCLASS_BSU_Function : %',sql;
  EXECUTE sql;
 END IF;

RETURN OLD ;
END;
$$;


ALTER FUNCTION public.deleteinstanceclass_bsu_function() OWNER TO postgres;

--
-- Name: deleteinstanceproperty_bsu_function(); Type: FUNCTION; Schema: public; Owner: postgres
--

CREATE FUNCTION deleteinstanceproperty_bsu_function() RETURNS "trigger"
    LANGUAGE plpgsql
    AS $$
DECLARE
Table         VARCHAR;
 sql           VARCHAR;
 tuple RECORD;
BEGIN

 FOR tuple IN EXECUTE 'SELECT t.relname as table , a.attname as colonne FROM pg_class t, pg_attribute a WHERE a.attrelid = t.oid AND is_a_column_of_property_bsu('||OLD.rid||',a.attname)' LOOP
  sql := 'ALTER TABLE '|| tuple.table||' DROP COLUMN '|| tuple.colonne;
  RAISE NOTICE 'DeleteInstancePROPERTY_BSU_Function : %',sql;
  EXECUTE sql;
 END LOOP;

 UPDATE EXPLICIT_ITEM_CLASS_EXTENSION_E SET properties = purge_properties(OLD.rid,properties);

RETURN OLD ;
END;
$$;


ALTER FUNCTION public.deleteinstanceproperty_bsu_function() OWNER TO postgres;

--
-- Name: deleteinstancesupplier_bsu_function(); Type: FUNCTION; Schema: public; Owner: postgres
--

CREATE FUNCTION deleteinstancesupplier_bsu_function() RETURNS "trigger"
    LANGUAGE plpgsql
    AS $$
DECLARE
Table         VARCHAR;
sql           VARCHAR;
BEGIN

RAISE NOTICE 'DeleteInstanceSUPPLIER_BSU_Function : Ne pas oublier de Supprimer le dossier % cree pour les EXTERNAL-ITEMS !',OLD.rid;
RETURN OLD ;
END;
$$;


ALTER FUNCTION public.deleteinstancesupplier_bsu_function() OWNER TO postgres;

--
-- Name: dim(oid[]); Type: FUNCTION; Schema: public; Owner: postgres
--

CREATE FUNCTION dim(oid[]) RETURNS integer
    LANGUAGE plpgsql
    AS $_$
DECLARE
	l_array 	ALIAS FOR $1;
	la_chaine 	VARCHAR(400);
        la_taille 	INTEGER;
BEGIN

IF (l_array ISNULL) OR array_dims (l_array) ISNULL THEN
   la_taille := 0;
   RETURN la_taille;
END IF;


la_chaine :=SUBSTRING (array_dims (l_array) from 1 for (char_length (array_dims (l_array)) - 1));
la_chaine := SUBSTRING ( la_chaine FROM 4 FOR (char_length (la_chaine) - 3));
la_taille := to_number ( la_chaine, '99999999' ) ;

IF la_taille ISNULL THEN
   la_taille := 0;
END IF;

RETURN la_taille;
END;
$_$;


ALTER FUNCTION public.dim(oid[]) OWNER TO postgres;

--
-- Name: dim(integer[]); Type: FUNCTION; Schema: public; Owner: postgres
--

CREATE FUNCTION dim(integer[]) RETURNS integer
    LANGUAGE plpgsql
    AS $_$
DECLARE
	l_array 	ALIAS FOR $1;
	la_chaine 	VARCHAR(400);
        la_taille 	INTEGER;
BEGIN

  IF (l_array ISNULL) OR array_dims (l_array) ISNULL THEN
   la_taille := 0;
   RETURN la_taille;
END IF;


la_chaine :=SUBSTRING (array_dims (l_array) from 1 for (char_length (array_dims (l_array)) - 1));
la_chaine := SUBSTRING ( la_chaine FROM 4 FOR (char_length (la_chaine) - 3));
la_taille := to_number ( la_chaine, '99999999' ) ;

IF (la_taille ISNULL) THEN
   la_taille := 0;
END IF;

RETURN la_taille;
END;
$_$;


ALTER FUNCTION public.dim(integer[]) OWNER TO postgres;

--
-- Name: dim(bigint[]); Type: FUNCTION; Schema: public; Owner: postgres
--

CREATE FUNCTION dim(bigint[]) RETURNS integer
    LANGUAGE plpgsql
    AS $_$
DECLARE
	l_array 	ALIAS FOR $1;
	la_chaine 	VARCHAR(400);
        la_taille 	INTEGER;
BEGIN

IF (l_array ISNULL) OR array_dims (l_array) ISNULL THEN
   la_taille := 0;
   RETURN la_taille;
END IF;


la_chaine :=SUBSTRING (array_dims (l_array) from 1 for (char_length (array_dims (l_array)) - 1));
la_chaine := SUBSTRING ( la_chaine FROM 4 FOR (char_length (la_chaine) - 3));
la_taille := to_number ( la_chaine, '99999999' ) ;

IF la_taille ISNULL THEN
   la_taille := 0;
END IF;

RETURN la_taille;
END;
$_$;


ALTER FUNCTION public.dim(bigint[]) OWNER TO postgres;

--
-- Name: dim(character varying[]); Type: FUNCTION; Schema: public; Owner: postgres
--

CREATE FUNCTION dim(character varying[]) RETURNS integer
    LANGUAGE plpgsql
    AS $_$
DECLARE
	l_array 	ALIAS FOR $1;
	la_chaine 	VARCHAR(400);
        la_taille 	INTEGER;
BEGIN

IF (l_array ISNULL) OR array_dims (l_array) ISNULL THEN
   la_taille := 0;
   RETURN la_taille;
END IF;


la_chaine :=SUBSTRING (array_dims (l_array) from 1 for (char_length (array_dims (l_array)) - 1));
la_chaine := SUBSTRING ( la_chaine FROM 4 FOR (char_length (la_chaine) - 3));
la_taille := to_number ( la_chaine, '99999999' ) ;

IF la_taille ISNULL THEN
   la_taille := 0;
END IF;

RETURN la_taille;
END;
$_$;


ALTER FUNCTION public.dim(character varying[]) OWNER TO postgres;

--
-- Name: dim(double precision[]); Type: FUNCTION; Schema: public; Owner: postgres
--

CREATE FUNCTION dim(double precision[]) RETURNS integer
    LANGUAGE plpgsql
    AS $_$
DECLARE
	l_array 	ALIAS FOR $1;
	la_chaine 	VARCHAR(400);
        la_taille 	INTEGER;
BEGIN

IF (l_array ISNULL) OR (array_dims (l_array) ISNULL) THEN
   la_taille := 0;
   RETURN la_taille;
END IF;


la_chaine := SUBSTRING (array_dims (l_array) from 1 for (char_length (array_dims (l_array)) - 1));
la_chaine := SUBSTRING ( la_chaine FROM 4 FOR (char_length (la_chaine) - 3));
la_taille := to_number ( la_chaine, '99999999' ) ;

IF la_taille ISNULL THEN
   la_taille := 0;
END IF;

RETURN la_taille;
END;
$_$;


ALTER FUNCTION public.dim(double precision[]) OWNER TO postgres;

--
-- Name: dim_(character varying[]); Type: FUNCTION; Schema: public; Owner: postgres
--

CREATE FUNCTION dim_(character varying[]) RETURNS integer
    LANGUAGE plpgsql
    AS $_$
DECLARE
	l_array 	ALIAS FOR $1;
	la_chaine 	VARCHAR(400);
        la_taille 	INTEGER;
BEGIN

la_chaine :=array_dims (l_array);

la_chaine :=SUBSTRING (la_chaine from 1 for (strpos(la_chaine,']') - 1));
la_chaine :=SUBSTRING (la_chaine from (strpos(la_chaine,':') +1 )) ;
la_taille := to_number ( la_chaine, '99999999' ) ;

  RETURN la_taille;

END;
$_$;


ALTER FUNCTION public.dim_(character varying[]) OWNER TO postgres;

--
-- Name: dim_(bigint[]); Type: FUNCTION; Schema: public; Owner: postgres
--

CREATE FUNCTION dim_(bigint[]) RETURNS integer
    LANGUAGE plpgsql
    AS $_$
DECLARE
	l_array 	ALIAS FOR $1;
	la_chaine 	VARCHAR(400);
        la_taille 	INTEGER;
BEGIN

la_chaine :=array_dims (l_array);

la_chaine :=SUBSTRING (la_chaine from 1 for (strpos(la_chaine,']') - 1));
la_chaine :=SUBSTRING (la_chaine from (strpos(la_chaine,':') +1 )) ;
la_taille := to_number ( la_chaine, '99999999' ) ;

  RETURN la_taille;

END;
$_$;


ALTER FUNCTION public.dim_(bigint[]) OWNER TO postgres;

--
-- Name: dim_array_in(bigint[]); Type: FUNCTION; Schema: public; Owner: postgres
--

CREATE FUNCTION dim_array_in(bigint[]) RETURNS integer
    LANGUAGE plpgsql
    AS $_$
DECLARE
	l_array 	ALIAS FOR $1;
	la_chaine 	VARCHAR(400);
        la_taille 	INTEGER;
BEGIN

la_chaine :=array_dims (l_array);

la_chaine :=SUBSTRING (la_chaine from (strpos(la_chaine,']') + 1));

la_chaine :=SUBSTRING (la_chaine from 1 for (strpos(la_chaine,']') - 1));
la_chaine :=SUBSTRING (la_chaine from (strpos(la_chaine,':') +1 )) ;
la_taille := to_number ( la_chaine, '99999999' ) ;

  RETURN la_taille;

END;
$_$;


ALTER FUNCTION public.dim_array_in(bigint[]) OWNER TO postgres;

--
-- Name: dropdic_f_view_instanceinstance(character varying); Type: FUNCTION; Schema: public; Owner: postgres
--

CREATE FUNCTION dropdic_f_view_instanceinstance(character varying) RETURNS boolean
    LANGUAGE plpgsql
    AS $_$
DECLARE
ID ALIAS FOR $1;
RS    RECORD;
tuple RECORD;
sql VARCHAR;
TypeName VARCHAR;
rid  INT8;
vals INT8[];
Tables  VARCHAR[];
ref_TableName VARCHAR;
ref_ID VARCHAR;
refs VARCHAR[];
entityname VARCHAR;
attributename VARCHAR;
rid_BSU       VARCHAR;
le_rid        VARCHAR;
Ok BOOLEAN;
BEGIN
 TypeName := get_EntityNameFromTableName(get_TableName(ID));
 rid = get_Rid(ID);


   Tables := getReferencesTables(TypeName);
  FOR i IN 1..dim(Tables) LOOP
   entityname :=  get_entityNameByTableAiguillage(Tables[i]) ;
   attributename := get_attributeNameByTableAiguillage(Tables[i]);
--   RAISE NOTICE ' entityname = % attributename = %',entityname,attributename;
       FOR RS IN EXECUTE
                 'SELECT * from Relation_Semantique WHERE entity_name = '||quote_literal(entityname)||' AND attribute_name = '||quote_literal(attributename)
       LOOP
         IF FALSE THEN
           RETURN FALSE;
        ELSIF RS.is_predominant THEN
          refs := UsedIN(get_Rid(ID),entityname,attributename);
          FOR j IN 1..dim(refs) LOOP
            ref_TableName := getTable_NameByEntityName(entityname);
            ref_ID :=get_table_attribute(get_Rid(refs[j]),ref_TableName,attributename);
            Ok:=Delete_Instance_From_Table(get_Rid(ref_ID),Tables[i]);
            Ok:=set_table_attribute(get_Rid(refs[j]),ref_TableName,attributename,null);
            Ok:=MainDropInstance(refs[j]);
          END LOOP;

        ELSIF NOT RS.is_aggregate AND NOT RS.is_dependent THEN
          refs := UsedIN(get_Rid(ID),entityname,attributename);
          FOR j IN 1..dim(refs) LOOP
            ref_TableName := getTable_NameByEntityName(entityname);
            ref_ID := get_table_attribute(get_Rid(refs[j]),ref_TableName,attributename);
            Ok:= Delete_Instance_From_Table(get_Rid(ref_ID),Tables[i]);
            Ok:= set_table_attribute(get_Rid(refs[j]),ref_TableName,attributename,null);
          END LOOP;

         ELSIF RS.is_dependent AND NOT RS.is_predominant THEN
            --roolback
            --RAISE NOTICE '  DropDIC_F_VIEW_INSTANCEInstance : is_dependent entityname = % attributename = %',entityname,attributename;
            --RETURN FALSE;
         ELSIF RS.is_aggregate AND NOT RS.is_dependent THEN
          refs := UsedIN(get_Rid(ID),entityname,attributename);
          FOR j IN 1..dim(refs) LOOP
            ref_TableName := getTable_NameByEntityName(entityname);
            vals :=get_table_attribute(get_Rid(refs[j]),ref_TableName,attributename);
            FOR k IN 1..dim(vals) LOOP
              le_rid := get_table_attribute(vals[k],table_Association(get_EntityNameFromTableName(ref_TableName),attributename),'rid_d');
              IF (le_rid = get_Rid(ID))  THEN
               --RAISE NOTICE '  DropDIC_F_VIEW_INSTANCEInstance : Ok C bon';
               Ok:=Delete_Instance_From_Table(vals[k],Tables[i]);
               Ok:=set_table_attribute(get_Rid(refs[j]),ref_TableName,attributename,CastArrayInt_To_VARCHAR(RemoveFromArray(vals[k],vals)));
              END IF;
            END LOOP;
          END LOOP;
        END IF;
        END LOOP;
       END LOOP;

 sql :='SELECT * FROM DIC_F_VIEW_INSTANCE_E WHERE rid = ' || get_Rid(ID);
 FOR tuple IN EXECUTE sql LOOP --d1
    IF NOT (tuple.generated_by ISNULL) THEN  --d2
      sql :='SELECT * from Relation_Semantique WHERE entity_name = '|| quote_literal('DIC_F_VIEW_INSTANCE')||' AND attribute_name = '||quote_literal('generated_by');
       FOR RS IN EXECUTE sql LOOP
         --RAISE NOTICE ' ID = % attribute_name = generated_by attribute = % Exclusive = % Dependent = % predominant = % ',ID,tuple.generated_by,RS.is_exclusive,RS.is_dependent,RS.is_predominant;
        IF (RS.is_exclusive) AND (RS.is_dependent) AND (NOT RS.is_aggregate) THEN
         --RAISE NOTICE ' ID = % attribute_name = generated_by attribute = % Exclusive = % Dependent = % predominant = % ',ID,tuple.generated_by,RS.is_exclusive,RS.is_dependent,RS.is_predominant;
             ref_ID :=get_table_attribute(tuple.generated_by,'DIC_F_VIEW_INSTANCE_2_generated_by','rid_d');
             ref_TableName :=get_table_attribute(tuple.generated_by,'DIC_F_VIEW_INSTANCE_2_generated_by','TableName_d');
           Ok:=Delete_Instance_From_Table(tuple.generated_by,'DIC_F_VIEW_INSTANCE_2_generated_by');
           Ok:=MainDropInstance(ref_ID||'#'||ref_TableName);
	
	ELSIF (NOT RS.is_exclusive) AND (RS.is_dependent) AND (NOT RS.is_aggregate) THEN
             --RAISE NOTICE ' ID = % attribute_name = generated_by attribute = % Exclusive = % Dependent = % predominant = % ',ID,tuple.generated_by,RS.is_exclusive,RS.is_dependent,RS.is_predominant;
             ref_ID :=get_table_attribute(tuple.generated_by,'DIC_F_VIEW_INSTANCE_2_generated_by','rid_d');
             ref_TableName :=get_table_attribute(tuple.generated_by,'DIC_F_VIEW_INSTANCE_2_generated_by','TableName_d');
	 IF dim(get_referencing_entities(ref_ID||'#'||ref_TableName))= 1 THEN
           Ok:=set_table_attribute(get_Rid(ID),get_TableName(ID),'generated_by',NULL);
           Ok:=Delete_Instance_From_Table(tuple.generated_by,'DIC_F_VIEW_INSTANCE_2_generated_by');
           Ok:=MainDropInstance(ref_ID||'#'||ref_TableName);
	 ELSE   
            Ok:=set_table_attribute(get_Rid(ID),get_TableName(ID),'generated_by',NULL);
            Ok:=Delete_Instance_From_Table(tuple.generated_by,'DIC_F_VIEW_INSTANCE_2_generated_by');
         END IF;

	ELSIF (RS.is_exclusive) AND (NOT RS.is_dependent) AND (NOT RS.is_aggregate) THEN
--       RAISE NOTICE ' ELSIF (RS.is_exclusive) AND (NOT RS.is_dependent) AND (NOT RS.is_aggregate) ';
--       RAISE NOTICE ' ID = % attribute_name = generated_by attribute = % Exclusive = % Dependent = % predominant = % ',ID,tuple.generated_by,RS.is_exclusive,RS.is_dependent,RS.is_predominant;
          Ok:=set_table_attribute(get_Rid(ID),get_TableName(ID),'generated_by',NULL);
          Delete_Instance_From_Table(tuple.generated_by,'DIC_F_VIEW_INSTANCE_2_generated_by');

	ELSIF (NOT RS.is_exclusive) AND (NOT RS.is_dependent) AND (NOT RS.is_aggregate) THEN
          --RAISE NOTICE ' ELSIF (RS.is_exclusive) AND (NOT RS.is_dependent) AND (NOT RS.is_aggregate) ';
          --RAISE NOTICE ' ID = % attribute_name = generated_by attribute = % Exclusive = % Dependent = % predominant = % ',ID,tuple.generated_by,RS.is_exclusive,RS.is_dependent,RS.is_predominant;
                    
          Ok:=set_table_attribute(get_Rid(ID),get_TableName(ID),'generated_by',NULL);
          Ok:=Delete_Instance_From_Table(tuple.generated_by,'DIC_F_VIEW_INSTANCE_2_generated_by');
        END IF;

   END LOOP;--6
 END IF;--7

    IF NOT (tuple.case_of ISNULL) THEN  --d2
      sql :='SELECT * from Relation_Semantique WHERE entity_name = '|| quote_literal('DIC_CLASS_INSTANCE')||' AND attribute_name = '||quote_literal('case_of');
       FOR RS IN EXECUTE sql LOOP
         --RAISE NOTICE ' ID = % attribute_name = case_of attribute = % Exclusive = % Dependent = % predominant = % ',ID,tuple.case_of,RS.is_exclusive,RS.is_dependent,RS.is_predominant;
      IF (RS.is_exclusive) AND (RS.is_dependent) AND (RS.is_aggregate) THEN -- is aggregate
         vals := tuple.case_of;
         FOR i IN 1..dim(vals) LOOP
             ref_ID :=get_table_attribute(vals[i],'DIC_CLASS_INSTANCE_2_case_of','rid_d');
             ref_TableName :=get_table_attribute(vals[i],'DIC_CLASS_INSTANCE_2_case_of','TableName_d');
           IF is_entity (get_EntityNameFromTableName(ref_TableName))THEN 
            Ok:=Delete_Instance_From_Table(vals[i],'DIC_CLASS_INSTANCE_2_case_of');
            Ok:=MainDropInstance(ref_ID||'#'||ref_TableName);
           ELSE     
            Ok:=Delete_Instance_From_Table(Varchar_2_Int8(ref_ID),ref_TableName);
           END IF;    
         END LOOP;

        ELSIF ( NOT RS.is_exclusive) AND (RS.is_dependent) AND (RS.is_aggregate) THEN
         vals := tuple.case_of;
         FOR i IN 1..dim(vals) LOOP
           ref_ID :=get_table_attribute(vals[i],'DIC_CLASS_INSTANCE_2_case_of','rid_d');
           ref_TableName :=get_table_attribute(vals[i],'DIC_CLASS_INSTANCE_2_case_of','TableName_d');
  	   IF dim(get_referencing_entities(ref_ID||'#'||ref_TableName)= 1 ) THEN
           IF is_entity (get_EntityNameFromTableName(ref_TableName))THEN 
             Ok:=Delete_Instance_From_Table(vals[i],'DIC_CLASS_INSTANCE_2_case_of');
             Ok:=MainDropInstance(ref_ID||'#'||ref_TableName);
           ELSE     
             Ok:=Delete_Instance_From_Table(Varchar_2_Int8(ref_ID),ref_TableName);
           END IF;  --1  
          END IF;--2
      END LOOP;--3
    END IF;--5
   END LOOP;--6
 END IF;--7

    IF NOT (tuple.view_of ISNULL) THEN  --d2
      sql :='SELECT * from Relation_Semantique WHERE entity_name = '|| quote_literal('DIC_F_VIEW_INSTANCE')||' AND attribute_name = '||quote_literal('view_of');
       FOR RS IN EXECUTE sql LOOP
         --RAISE NOTICE ' ID = % attribute_name = view_of attribute = % Exclusive = % Dependent = % predominant = % ',ID,tuple.view_of,RS.is_exclusive,RS.is_dependent,RS.is_predominant;
        IF (RS.is_exclusive) AND (RS.is_dependent) AND (NOT RS.is_aggregate) THEN
         --RAISE NOTICE ' ID = % attribute_name = view_of attribute = % Exclusive = % Dependent = % predominant = % ',ID,tuple.view_of,RS.is_exclusive,RS.is_dependent,RS.is_predominant;
             ref_ID :=get_table_attribute(tuple.view_of,'DIC_F_VIEW_INSTANCE_2_view_of','rid_d');
             ref_TableName :=get_table_attribute(tuple.view_of,'DIC_F_VIEW_INSTANCE_2_view_of','TableName_d');
           Ok:=Delete_Instance_From_Table(tuple.view_of,'DIC_F_VIEW_INSTANCE_2_view_of');
           Ok:=MainDropInstance(ref_ID||'#'||ref_TableName);
	
	ELSIF (NOT RS.is_exclusive) AND (RS.is_dependent) AND (NOT RS.is_aggregate) THEN
             --RAISE NOTICE ' ID = % attribute_name = view_of attribute = % Exclusive = % Dependent = % predominant = % ',ID,tuple.view_of,RS.is_exclusive,RS.is_dependent,RS.is_predominant;
             ref_ID :=get_table_attribute(tuple.view_of,'DIC_F_VIEW_INSTANCE_2_view_of','rid_d');
             ref_TableName :=get_table_attribute(tuple.view_of,'DIC_F_VIEW_INSTANCE_2_view_of','TableName_d');
	 IF dim(get_referencing_entities(ref_ID||'#'||ref_TableName))= 1 THEN
           Ok:=set_table_attribute(get_Rid(ID),get_TableName(ID),'view_of',NULL);
           Ok:=Delete_Instance_From_Table(tuple.view_of,'DIC_F_VIEW_INSTANCE_2_view_of');
           Ok:=MainDropInstance(ref_ID||'#'||ref_TableName);
	 ELSE   
            Ok:=set_table_attribute(get_Rid(ID),get_TableName(ID),'view_of',NULL);
            Ok:=Delete_Instance_From_Table(tuple.view_of,'DIC_F_VIEW_INSTANCE_2_view_of');
         END IF;

	ELSIF (RS.is_exclusive) AND (NOT RS.is_dependent) AND (NOT RS.is_aggregate) THEN
--       RAISE NOTICE ' ELSIF (RS.is_exclusive) AND (NOT RS.is_dependent) AND (NOT RS.is_aggregate) ';
--       RAISE NOTICE ' ID = % attribute_name = view_of attribute = % Exclusive = % Dependent = % predominant = % ',ID,tuple.view_of,RS.is_exclusive,RS.is_dependent,RS.is_predominant;
          Ok:=set_table_attribute(get_Rid(ID),get_TableName(ID),'view_of',NULL);
          Delete_Instance_From_Table(tuple.view_of,'DIC_F_VIEW_INSTANCE_2_view_of');

	ELSIF (NOT RS.is_exclusive) AND (NOT RS.is_dependent) AND (NOT RS.is_aggregate) THEN
          --RAISE NOTICE ' ELSIF (RS.is_exclusive) AND (NOT RS.is_dependent) AND (NOT RS.is_aggregate) ';
          --RAISE NOTICE ' ID = % attribute_name = view_of attribute = % Exclusive = % Dependent = % predominant = % ',ID,tuple.view_of,RS.is_exclusive,RS.is_dependent,RS.is_predominant;
                    
          Ok:=set_table_attribute(get_Rid(ID),get_TableName(ID),'view_of',NULL);
          Ok:=Delete_Instance_From_Table(tuple.view_of,'DIC_F_VIEW_INSTANCE_2_view_of');
        END IF;

   END LOOP;--6
 END IF;--7

    IF NOT (tuple.class_def ISNULL) THEN  --d2
      sql :='SELECT * from Relation_Semantique WHERE entity_name = '|| quote_literal('DIC_CLASS_INSTANCE')||' AND attribute_name = '||quote_literal('class_def');
       FOR RS IN EXECUTE sql LOOP
         --RAISE NOTICE ' ID = % attribute_name = class_def attribute = % Exclusive = % Dependent = % predominant = % ',ID,tuple.class_def,RS.is_exclusive,RS.is_dependent,RS.is_predominant;
        IF (RS.is_exclusive) AND (RS.is_dependent) AND (NOT RS.is_aggregate) THEN
         --RAISE NOTICE ' ID = % attribute_name = class_def attribute = % Exclusive = % Dependent = % predominant = % ',ID,tuple.class_def,RS.is_exclusive,RS.is_dependent,RS.is_predominant;
             ref_ID :=get_table_attribute(tuple.class_def,'DIC_CLASS_INSTANCE_2_class_def','rid_d');
             ref_TableName :=get_table_attribute(tuple.class_def,'DIC_CLASS_INSTANCE_2_class_def','TableName_d');
           Ok:=Delete_Instance_From_Table(tuple.class_def,'DIC_CLASS_INSTANCE_2_class_def');
           Ok:=MainDropInstance(ref_ID||'#'||ref_TableName);
	
	ELSIF (NOT RS.is_exclusive) AND (RS.is_dependent) AND (NOT RS.is_aggregate) THEN
             --RAISE NOTICE ' ID = % attribute_name = class_def attribute = % Exclusive = % Dependent = % predominant = % ',ID,tuple.class_def,RS.is_exclusive,RS.is_dependent,RS.is_predominant;
             ref_ID :=get_table_attribute(tuple.class_def,'DIC_CLASS_INSTANCE_2_class_def','rid_d');
             ref_TableName :=get_table_attribute(tuple.class_def,'DIC_CLASS_INSTANCE_2_class_def','TableName_d');
	 IF dim(get_referencing_entities(ref_ID||'#'||ref_TableName))= 1 THEN
           Ok:=set_table_attribute(get_Rid(ID),get_TableName(ID),'class_def',NULL);
           Ok:=Delete_Instance_From_Table(tuple.class_def,'DIC_CLASS_INSTANCE_2_class_def');
           Ok:=MainDropInstance(ref_ID||'#'||ref_TableName);
	 ELSE   
            Ok:=set_table_attribute(get_Rid(ID),get_TableName(ID),'class_def',NULL);
            Ok:=Delete_Instance_From_Table(tuple.class_def,'DIC_CLASS_INSTANCE_2_class_def');
         END IF;

	ELSIF (RS.is_exclusive) AND (NOT RS.is_dependent) AND (NOT RS.is_aggregate) THEN
--       RAISE NOTICE ' ELSIF (RS.is_exclusive) AND (NOT RS.is_dependent) AND (NOT RS.is_aggregate) ';
--       RAISE NOTICE ' ID = % attribute_name = class_def attribute = % Exclusive = % Dependent = % predominant = % ',ID,tuple.class_def,RS.is_exclusive,RS.is_dependent,RS.is_predominant;
          Ok:=set_table_attribute(get_Rid(ID),get_TableName(ID),'class_def',NULL);
          Delete_Instance_From_Table(tuple.class_def,'DIC_CLASS_INSTANCE_2_class_def');

	ELSIF (NOT RS.is_exclusive) AND (NOT RS.is_dependent) AND (NOT RS.is_aggregate) THEN
          --RAISE NOTICE ' ELSIF (RS.is_exclusive) AND (NOT RS.is_dependent) AND (NOT RS.is_aggregate) ';
          --RAISE NOTICE ' ID = % attribute_name = class_def attribute = % Exclusive = % Dependent = % predominant = % ',ID,tuple.class_def,RS.is_exclusive,RS.is_dependent,RS.is_predominant;
                    
          Ok:=set_table_attribute(get_Rid(ID),get_TableName(ID),'class_def',NULL);
          Ok:=Delete_Instance_From_Table(tuple.class_def,'DIC_CLASS_INSTANCE_2_class_def');
        END IF;

   END LOOP;--6
 END IF;--7

    IF NOT (tuple.context_of_items ISNULL) THEN  --d2
      sql :='SELECT * from Relation_Semantique WHERE entity_name = '|| quote_literal('REPRESENTATION')||' AND attribute_name = '||quote_literal('context_of_items');
       FOR RS IN EXECUTE sql LOOP
         --RAISE NOTICE ' ID = % attribute_name = context_of_items attribute = % Exclusive = % Dependent = % predominant = % ',ID,tuple.context_of_items,RS.is_exclusive,RS.is_dependent,RS.is_predominant;
        IF (RS.is_exclusive) AND (RS.is_dependent) AND (NOT RS.is_aggregate) THEN
         --RAISE NOTICE ' ID = % attribute_name = context_of_items attribute = % Exclusive = % Dependent = % predominant = % ',ID,tuple.context_of_items,RS.is_exclusive,RS.is_dependent,RS.is_predominant;
             ref_ID :=get_table_attribute(tuple.context_of_items,'REPRESENTATION_2_context_of_items','rid_d');
             ref_TableName :=get_table_attribute(tuple.context_of_items,'REPRESENTATION_2_context_of_items','TableName_d');
           Ok:=Delete_Instance_From_Table(tuple.context_of_items,'REPRESENTATION_2_context_of_items');
           Ok:=MainDropInstance(ref_ID||'#'||ref_TableName);
	
	ELSIF (NOT RS.is_exclusive) AND (RS.is_dependent) AND (NOT RS.is_aggregate) THEN
             --RAISE NOTICE ' ID = % attribute_name = context_of_items attribute = % Exclusive = % Dependent = % predominant = % ',ID,tuple.context_of_items,RS.is_exclusive,RS.is_dependent,RS.is_predominant;
             ref_ID :=get_table_attribute(tuple.context_of_items,'REPRESENTATION_2_context_of_items','rid_d');
             ref_TableName :=get_table_attribute(tuple.context_of_items,'REPRESENTATION_2_context_of_items','TableName_d');
	 IF dim(get_referencing_entities(ref_ID||'#'||ref_TableName))= 1 THEN
           Ok:=set_table_attribute(get_Rid(ID),get_TableName(ID),'context_of_items',NULL);
           Ok:=Delete_Instance_From_Table(tuple.context_of_items,'REPRESENTATION_2_context_of_items');
           Ok:=MainDropInstance(ref_ID||'#'||ref_TableName);
	 ELSE   
            Ok:=set_table_attribute(get_Rid(ID),get_TableName(ID),'context_of_items',NULL);
            Ok:=Delete_Instance_From_Table(tuple.context_of_items,'REPRESENTATION_2_context_of_items');
         END IF;

	ELSIF (RS.is_exclusive) AND (NOT RS.is_dependent) AND (NOT RS.is_aggregate) THEN
--       RAISE NOTICE ' ELSIF (RS.is_exclusive) AND (NOT RS.is_dependent) AND (NOT RS.is_aggregate) ';
--       RAISE NOTICE ' ID = % attribute_name = context_of_items attribute = % Exclusive = % Dependent = % predominant = % ',ID,tuple.context_of_items,RS.is_exclusive,RS.is_dependent,RS.is_predominant;
          Ok:=set_table_attribute(get_Rid(ID),get_TableName(ID),'context_of_items',NULL);
          Delete_Instance_From_Table(tuple.context_of_items,'REPRESENTATION_2_context_of_items');

	ELSIF (NOT RS.is_exclusive) AND (NOT RS.is_dependent) AND (NOT RS.is_aggregate) THEN
          --RAISE NOTICE ' ELSIF (RS.is_exclusive) AND (NOT RS.is_dependent) AND (NOT RS.is_aggregate) ';
          --RAISE NOTICE ' ID = % attribute_name = context_of_items attribute = % Exclusive = % Dependent = % predominant = % ',ID,tuple.context_of_items,RS.is_exclusive,RS.is_dependent,RS.is_predominant;
                    
          Ok:=set_table_attribute(get_Rid(ID),get_TableName(ID),'context_of_items',NULL);
          Ok:=Delete_Instance_From_Table(tuple.context_of_items,'REPRESENTATION_2_context_of_items');
        END IF;

   END LOOP;--6
 END IF;--7

    IF NOT (tuple.items ISNULL) THEN  --d2
      sql :='SELECT * from Relation_Semantique WHERE entity_name = '|| quote_literal('REPRESENTATION')||' AND attribute_name = '||quote_literal('items');
       FOR RS IN EXECUTE sql LOOP
         --RAISE NOTICE ' ID = % attribute_name = items attribute = % Exclusive = % Dependent = % predominant = % ',ID,tuple.items,RS.is_exclusive,RS.is_dependent,RS.is_predominant;
      IF (RS.is_exclusive) AND (RS.is_dependent) AND (RS.is_aggregate) THEN -- is aggregate
         vals := tuple.items;
         FOR i IN 1..dim(vals) LOOP
             ref_ID :=get_table_attribute(vals[i],'REPRESENTATION_2_items','rid_d');
             ref_TableName :=get_table_attribute(vals[i],'REPRESENTATION_2_items','TableName_d');
           IF is_entity (get_EntityNameFromTableName(ref_TableName))THEN 
            Ok:=Delete_Instance_From_Table(vals[i],'REPRESENTATION_2_items');
            Ok:=MainDropInstance(ref_ID||'#'||ref_TableName);
           ELSE     
            Ok:=Delete_Instance_From_Table(Varchar_2_Int8(ref_ID),ref_TableName);
           END IF;    
         END LOOP;

        ELSIF ( NOT RS.is_exclusive) AND (RS.is_dependent) AND (RS.is_aggregate) THEN
         vals := tuple.items;
         FOR i IN 1..dim(vals) LOOP
           ref_ID :=get_table_attribute(vals[i],'REPRESENTATION_2_items','rid_d');
           ref_TableName :=get_table_attribute(vals[i],'REPRESENTATION_2_items','TableName_d');
  	   IF dim(get_referencing_entities(ref_ID||'#'||ref_TableName)= 1 ) THEN
           IF is_entity (get_EntityNameFromTableName(ref_TableName))THEN 
             Ok:=Delete_Instance_From_Table(vals[i],'REPRESENTATION_2_items');
             Ok:=MainDropInstance(ref_ID||'#'||ref_TableName);
           ELSE     
             Ok:=Delete_Instance_From_Table(Varchar_2_Int8(ref_ID),ref_TableName);
           END IF;  --1  
          END IF;--2
      END LOOP;--3
    END IF;--5
   END LOOP;--6
 END IF;--7

    IF NOT (tuple.properties ISNULL) THEN  --d2
      sql :='SELECT * from Relation_Semantique WHERE entity_name = '|| quote_literal('DIC_CLASS_INSTANCE')||' AND attribute_name = '||quote_literal('properties');
       FOR RS IN EXECUTE sql LOOP
         --RAISE NOTICE ' ID = % attribute_name = properties attribute = % Exclusive = % Dependent = % predominant = % ',ID,tuple.properties,RS.is_exclusive,RS.is_dependent,RS.is_predominant;
      IF (RS.is_exclusive) AND (RS.is_dependent) AND (RS.is_aggregate) THEN -- is aggregate
         vals := tuple.properties;
         FOR i IN 1..dim(vals) LOOP
             ref_ID :=get_table_attribute(vals[i],'DIC_CLASS_INSTANCE_2_properties','rid_d');
             ref_TableName :=get_table_attribute(vals[i],'DIC_CLASS_INSTANCE_2_properties','TableName_d');
           IF is_entity (get_EntityNameFromTableName(ref_TableName))THEN 
            Ok:=Delete_Instance_From_Table(vals[i],'DIC_CLASS_INSTANCE_2_properties');
            Ok:=MainDropInstance(ref_ID||'#'||ref_TableName);
           ELSE     
            Ok:=Delete_Instance_From_Table(Varchar_2_Int8(ref_ID),ref_TableName);
           END IF;    
         END LOOP;

        ELSIF ( NOT RS.is_exclusive) AND (RS.is_dependent) AND (RS.is_aggregate) THEN
         vals := tuple.properties;
         FOR i IN 1..dim(vals) LOOP
           ref_ID :=get_table_attribute(vals[i],'DIC_CLASS_INSTANCE_2_properties','rid_d');
           ref_TableName :=get_table_attribute(vals[i],'DIC_CLASS_INSTANCE_2_properties','TableName_d');
  	   IF dim(get_referencing_entities(ref_ID||'#'||ref_TableName)= 1 ) THEN
           IF is_entity (get_EntityNameFromTableName(ref_TableName))THEN 
             Ok:=Delete_Instance_From_Table(vals[i],'DIC_CLASS_INSTANCE_2_properties');
             Ok:=MainDropInstance(ref_ID||'#'||ref_TableName);
           ELSE     
             Ok:=Delete_Instance_From_Table(Varchar_2_Int8(ref_ID),ref_TableName);
           END IF;  --1  
          END IF;--2
      END LOOP;--3
    END IF;--5
   END LOOP;--6
 END IF;--7


END LOOP;
 Ok:=Delete_Instance_From_Table(get_Rid(ID),get_TableName(ID));
 RETURN TRUE;
END;
$_$;


ALTER FUNCTION public.dropdic_f_view_instanceinstance(character varying) OWNER TO postgres;

--
-- Name: entity_table_name(character varying); Type: FUNCTION; Schema: public; Owner: postgres
--

CREATE FUNCTION entity_table_name(character varying) RETURNS character varying
    LANGUAGE plpgsql
    AS $_$
DECLARE
entity_name ALIAS FOR $1;
the_record RECORD;
exist INT8;
BEGIN

SELECT * INTO the_record FROM entity_info_e WHERE name = upper(entity_name);
GET DIAGNOSTICS exist := ROW_COUNT;
IF exist = 0 THEN
        RAISE NOTICE 'ENTITY % DOES NOT EXIST', entity_name;
        RETURN NULL;
ELSE
        RETURN entity_name || '_E';
END IF;
END;$_$;


ALTER FUNCTION public.entity_table_name(character varying) OWNER TO postgres;

--
-- Name: equal_bigint_varchar(bigint, text); Type: FUNCTION; Schema: public; Owner: postgres
--

CREATE FUNCTION equal_bigint_varchar(bigint, text) RETURNS boolean
    LANGUAGE plpgsql
    AS $_$
DECLARE
p_bigint ALIAS FOR $1;
p_text  ALIAS FOR $2;
BEGIN
 RETURN p_bigint::text = p_text;
END;$_$;


ALTER FUNCTION public.equal_bigint_varchar(bigint, text) OWNER TO postgres;

--
-- Name: exist_table(character varying); Type: FUNCTION; Schema: public; Owner: postgres
--

CREATE FUNCTION exist_table(character varying) RETURNS boolean
    LANGUAGE plpgsql
    AS $_$
DECLARE
TableName ALIAS FOR $1; -- le nom de la table.
tuple record;
BEGIN

-- on fait la recherche dans la metabase de postgresql
SELECT INTO tuple relname
FROM pg_class
WHERE upper(relname) = upper(TableName);

IF NOT FOUND THEN
   RETURN FALSE;
END IF;


 RETURN TRUE;
END;$_$;


ALTER FUNCTION public.exist_table(character varying) OWNER TO postgres;

--
-- Name: formater(bigint, character varying); Type: FUNCTION; Schema: public; Owner: postgres
--

CREATE FUNCTION formater(bigint, character varying) RETURNS character varying
    LANGUAGE plpgsql
    AS $_$
DECLARE
RID          ALIAS FOR $1;
Entity_Name  ALIAS FOR $2;
BEGIN

  RETURN RID||'#'||Entity_Name;
END;$_$;


ALTER FUNCTION public.formater(bigint, character varying) OWNER TO postgres;

--
-- Name: formater1(character varying, character varying); Type: FUNCTION; Schema: public; Owner: postgres
--

CREATE FUNCTION formater1(character varying, character varying) RETURNS character varying
    LANGUAGE plpgsql
    AS $_$
DECLARE
Valeur       ALIAS FOR $1;
TypeName  ALIAS FOR $2;
BEGIN

  RETURN TypeName||'('||valeur||')';
END;$_$;


ALTER FUNCTION public.formater1(character varying, character varying) OWNER TO postgres;

--
-- Name: get_aggregate_base_type(character varying, character varying); Type: FUNCTION; Schema: public; Owner: postgres
--

CREATE FUNCTION get_aggregate_base_type(character varying, character varying) RETURNS character varying
    LANGUAGE plpgsql
    AS $_$
 DECLARE
   attribute_name ALIAS FOR $1;
   attribute_entity ALIAS FOR $2;
   sql_query VARCHAR;--string pour construire une commande sql.
   att_rid INT8;
   attr_type_rid INT8;
   aggregate_info_rid INT8;
   element_type INT8;
   tampon INT8;
   the_record RECORD; -- un enrigistrement indefini permettant de stocker le resultat d_une requette
   category_base_type VARCHAR; -- l_element d_un aggregat.
   element_type_rid INT8; -- le rid de l_element de l_aggregat (soit un aggregat si aggregat d_aggregat
                        -- soi un type de base pour un aggregat simple)
 BEGIN
 sql_query := 'SELECT A.rid, A.attr_type FROM attribute_E A, attribute_2_of_entity ASS, entity_info_e S WHERE A.name = ''' || attribute_name || '''
              AND  A.of_entity = ASS.RID AND S.rid = ASS.rid_d AND S.name ='''|| upper(attribute_entity) || ''';';

 	FOR the_record IN EXECUTE sql_query LOOP
        	att_rid := the_record.RID;
        	attr_type_rid := the_record.attr_type;
 	END LOOP;
 	IF NOT att_rid ISNULL AND  NOT attr_type_rid ISNULL THEN
		sql_query := 'SELECT A.RID, A.element_type FROM aggregate_info_e A, attribute_2_attr_type ASS WHERE ASS.RID_s = ' || att_rid || ' AND ASS.rid_d = A.rid AND ASS.RID = ' || attr_type_rid || ' ;';

		 FOR the_record IN EXECUTE sql_query LOOP
                	aggregate_info_rid := the_record.RID;
                        element_type := the_record.element_type;
 		END LOOP;
        END IF;
        LOOP
                sql_query := 'SELECT ASS.RID_d FROM aggregate_info_e A , aggregate_info_2_element_type Ass WHERE
				Ass.RID = ' || element_type || ' AND A.RID = ASS.RID_s;';

		FOR the_record IN EXECUTE sql_query LOOP
                        element_type_rid := the_record.rid_d;
                END LOOP;

                sql_query := ' SELECT element_type FROM aggregate_info_e A WHERE
				A.RID = ' || element_type_rid || ';';

		FOR the_record IN EXECUTE sql_query LOOP
        		tampon := the_record.element_type;
 		END LOOP;
                IF tampon ISNULL THEN
                        EXIT;
                ELSE
                        element_type := element_type_rid;
                END IF;
        END LOOP;
        sql_query := ' SELECT element FROM type_category_t A , type_info_e T WHERE T.RID = ' || element_type_rid || ' AND A.RID = T.category  ;';

	 FOR the_record IN EXECUTE sql_query LOOP
        	category_base_type := the_record.element;
 	END LOOP;

        IF category_base_type <* '{NO_TYPE, NUMBER_TYPE, REAL_TYPE, INTEGER_TYPE, STRING_TYPE, BINARY_TYPE, LOGICAL_TYPE, BOOLEAN_TYPE, GENERIC_TYPE}'  THEN
                RETURN category_base_type;
        ELSE
		sql_query := ' SELECT name FROM named_info_e E WHERE E.RID = ' || element_type_rid || ';';

 		FOR the_record IN EXECUTE sql_query LOOP
        		category_base_type := the_record.name;
 		END LOOP;
                RETURN category_base_type;
        END IF;
 END;$_$;


ALTER FUNCTION public.get_aggregate_base_type(character varying, character varying) OWNER TO postgres;

--
-- Name: get_attribute(bigint, character varying, character varying); Type: FUNCTION; Schema: public; Owner: postgres
--

CREATE FUNCTION get_attribute(bigint, character varying, character varying) RETURNS character varying[]
    LANGUAGE plpgsql
    AS $_$
 DECLARE
 instance_rid ALIAS FOR $1; -- l_identifient du tuple
 entity_name ALIAS FOR $2;    -- le nom de l_entity
 attribute_name ALIAS FOR $3;  --le nom de l_attribit
 sql_query VARCHAR; -- une chaine de caracteres qui contient une commande SQL
 the_record RECORD; -- un tuple indefini permettant de stocker le resultat d_une requete
 attribute_value VARCHAR[];
 attr_type VARCHAR;
 attr_category VARCHAR;
 table_name VARCHAR;
 val_ref INT8;
 value VARCHAR;
 assos_table  VARCHAR;
 exist_instance INT8;
 BEGIN

    table_name := entity_table_name (entity_name);
    attr_category := get_attribute_type_category (attribute_name, entity_name);

    sql_query := 'SELECT Count(*) FROM ' || entity_table_name(entity_name) || ' WHERE RID = ' || instance_rid || ';';
    FOR the_record IN EXECUTE sql_query LOOP

    IF attr_category <*  '{AGGREGATE_TYPE,  ARRAY_TYPE, LIST_TYPE, BAG_TYPE, SET_TYPE}' THEN
        attribute_value := Get_array_attribute (instance_rid, entity_name,attribute_name);
    ELSIF attr_category = 'SELECT_TYPE' THEN
        attribute_value := attribute_value + Get_select_type_value (instance_rid, entity_name,attribute_name);
    ELSIF attr_category = 'ENUM_TYPE' THEN
       val_ref := INT8(Get_table_attribute ( instance_rid , table_name , attribute_name));
       attr_type := get_attribute_type (attribute_name, entity_name);
       attribute_value := attribute_value + Get_enumeration_value (attr_type, val_ref);
    ELSIF attr_category = 'ENTITY_TYPE' THEN
    	val_ref := INT8(Get_table_attribute ( instance_rid , table_name , attribute_name));
        assos_table := attribute_table_name (attribute_name, entity_name);
	value := Get_table_attribute ( val_ref , assos_table , 'rid_d') || '#' || Get_table_attribute( val_ref, assos_table, 'tablename_d');
        attribute_value := attribute_value + value;
    ELSE
    	attribute_value := attribute_value + Get_table_attribute ( instance_rid , table_name , attribute_name);

    END IF;
    RETURN attribute_value;

 END LOOP;
         RAISE NOTICE 'The instance does not exists' ;
        RETURN NULL ;
 END;$_$;


ALTER FUNCTION public.get_attribute(bigint, character varying, character varying) OWNER TO postgres;

--
-- Name: get_attribute(bigint, character varying, character varying, character varying, character varying); Type: FUNCTION; Schema: public; Owner: postgres
--

CREATE FUNCTION get_attribute(bigint, character varying, character varying, character varying, character varying) RETURNS character varying[]
    LANGUAGE plpgsql
    AS $_$
 DECLARE
 instance_rid ALIAS FOR $1; -- l_identifient du tuple
 entity_name ALIAS FOR $2;    -- le nom de l_entite
 attribute_name ALIAS FOR $3;  --le nom de l_attribut
 attr_type ALIAS FOR $4;
 attr_category ALIAS FOR $5;
 sql_query VARCHAR; -- une chaine de caracteres qui contient une commande SQL
 the_record RECORD; -- un tuple indefini permettant de stocker le resultat d_une requete
 attribute_value VARCHAR[];
 table_name VARCHAR;
 val_ref INT8;
 value VARCHAR;
 assos_table  VARCHAR;
 exist_instance INT8;
 BEGIN
   --RAISE NOTICE 'Get_attribute : Par ICI entree';
   IF attr_category = 'ENTITY_TYPE' THEN --acces direct par la table d aiguillage !!
   BEGIN
    assos_table := table_Association (entity_name,attribute_name);
    sql_query := 'SELECT Concat_ridAndTableName(rid_d::VARCHAR,tablename_d) AS value  FROM ' || assos_table || ' WHERE RID_S = ' || instance_rid || ';';

    FOR the_record IN EXECUTE sql_query LOOP
     value:=the_record.value;
     attribute_value := attribute_value + value;
    END LOOP;
   RETURN  attribute_value;
   END;
   ELSIF attr_category = 'SELECT_TYPE' THEN
        attribute_value := attribute_value + Get_select_type_value (instance_rid, entity_name,attribute_name);
   RETURN  attribute_value;
   END IF;

  table_name := entity_table_name (entity_name);

  sql_query := 'SELECT '|| attribute_name ||' AS value FROM ' || table_name || ' WHERE RID = ' || instance_rid || ';';
  --RAISE NOTICE 'Get_attribute : attribute_name = % table_name= % instance_rid = %',attribute_name,table_name,instance_rid;
  FOR the_record IN EXECUTE sql_query LOOP
    IF attr_category <*  '{AGGREGATE_TYPE, ARRAY_TYPE, LIST_TYPE, BAG_TYPE, SET_TYPE}' THEN
        attribute_value := Get_array_attribute (instance_rid, entity_name,attribute_name,attr_type);
    ELSIF attr_category = 'ENUM_TYPE' THEN
       val_ref := the_record.value;
       attribute_value := attribute_value + Get_enumeration_value (attr_type, val_ref);
    ELSE
        value:= Get_table_attribute(instance_rid , table_name , attribute_name);
	IF NOT (value ISNULL) THEN
	 attribute_value := attribute_value + value;
        END IF;
    END IF;

    RETURN attribute_value;

  END LOOP;

  RETURN NULL ;
 END;$_$;


ALTER FUNCTION public.get_attribute(bigint, character varying, character varying, character varying, character varying) OWNER TO postgres;

--
-- Name: get_attribute_explicite(character varying); Type: FUNCTION; Schema: public; Owner: postgres
--

CREATE FUNCTION get_attribute_explicite(character varying) RETURNS bigint[]
    LANGUAGE plpgsql
    AS $_$
DECLARE
 Entity_name ALIAS FOR $1;     -- le nom de l entite
 The_record RECORD;            -- RECORD pour les requetes
 ar INT8[];                    -- Tableau de RID pour les rid des attributs de l entite
BEGIN

FOR  the_Record IN SELECT  ee.rid_d
FROM  entity_info_e e  , entity_info_2_explicit ee
WHERE e.name=upper(Entity_Name)
AND    ee.rid <* e.explicit
LOOP
     ar:= ar+ the_Record.rid_d;
END LOOP    ;

    RETURN ar;

END;$_$;


ALTER FUNCTION public.get_attribute_explicite(character varying) OWNER TO postgres;

--
-- Name: get_attribute_table(character varying, character varying); Type: FUNCTION; Schema: public; Owner: postgres
--

CREATE FUNCTION get_attribute_table(character varying, character varying) RETURNS character varying
    LANGUAGE plpgsql
    AS $_$
DECLARE
Entity_Name   ALIAS FOR $1; -- nom de l entite
Attribut_Name ALIAS FOR $2; -- nom de l attribut
Attributs     INT8[];       -- tableau de RID des attributs (dans la table attribute_E)
Supertypes    INT8[];       -- tableau de RID des entites(supertypes de l entite donne en parametre). (dans la table entity_info_e)
Nbre          INT4;
Nbre2         INT4;
tuple         RECORD;
tuple2        RECORD;
BEGIN

-- on recherche dabords dans la table de lentite donne en parametre
Attributs:=get_attribute_explicite(Entity_Name);

Nbre :=Dim(Attributs);-- on recupere tous ces attributs

IF Nbre IS NULL THEN
 Nbre:=0;
END IF;

FOR i IN 1..Nbre LOOP

SELECT INTO tuple name
FROM   attribute_E*
WHERE RID  = Attributs[i]
AND name = Attribut_Name;

  IF FOUND THEN    -- verification
     RETURN Entity_Name;          --on revoie lentity
  END IF;

END LOOP;

-- on recherche dans ses supertables

Supertypes:=get_Supertypes(Entity_Name) ;-- le RID de ses superclasses

Nbre2 :=Dim(Supertypes);

IF Nbre2 IS NULL  THEN
Nbre2:=0;
END IF;

FOR k in 1..Nbre2 LOOP -- pour chacun de ses superclasses

SELECT INTO tuple name
FROM Entity_info_E
WHERE RID = Supertypes[k];

IF FOUND THEN    -- on recupere le nom de l entite a partir de son RID

Attributs:=get_attribute_explicite(tuple.Name);  -- les rid de ses attributs

Nbre :=Dim(Attributs);

IF Nbre IS NULL  THEN Nbre:=0;
END IF;

FOR j in 1..Nbre LOOP

SELECT INTO tuple2 name
FROM   attribute_E*
WHERE RID  = Attributs[j] AND
      name = Attribut_Name;

  IF FOUND THEN
     RETURN tuple.Name;
  END IF;

END LOOP;

END IF;


END LOOP;


RETURN NULL;
END;$_$;


ALTER FUNCTION public.get_attribute_table(character varying, character varying) OWNER TO postgres;

--
-- Name: get_defined_type_base(character varying); Type: FUNCTION; Schema: public; Owner: postgres
--

CREATE FUNCTION get_defined_type_base(character varying) RETURNS character varying
    LANGUAGE plpgsql
    AS $_$
 DECLARE
 def_type_name ALIAS FOR $1;
 base_type VARCHAR;
 the_record RECORD;
 base_type_category VARCHAR;
 aggregate_rid INT8;
 elem_type INT8;
 elem_type_rid INT8;
 exist INT8;
 exist1 INT8;
 BEGIN
 SELECT *  INTO the_record FROM defined_info_e WHERE name = upper(def_type_name);
 GET DIAGNOSTICS exist:= ROW_COUNT;

 IF exist = 1 THEN
 exist := 0;
 SELECT T.element, Ass.rid_d INTO the_record FROM defined_info_e D, type_category_t T, defined_info_2_underlying Ass WHERE D.name = upper(def_type_name)
        AND D.category = T.rid AND Ass.rid = D.underlying;
        base_type_category := the_record.element;
        aggregate_rid := the_record.rid_d;
        IF base_type_category <* '{ARRAY_TYPE, LIST_TYPE, BAG_TYPE, SET_TYPE,AGGREGATE_TYPE}' THEN
		 SELECT element_type INTO the_record FROM AGGREGATE_INFO_E WHERE RID = aggregate_rid;
                 elem_type := the_record.element_type;
                 LOOP
                 	SELECT ASS.RID_d INTO the_record FROM aggregate_info_e A , aggregate_info_2_element_type Ass WHERE
				Ass.RID = elem_type AND A.RID = ASS.RID_s;
                        GET DIAGNOSTICS exist1 := ROW_COUNT;

			IF exist1 = 0 THEN
                                EXIT;
                        ELSE
                        	elem_type_rid := the_record.RID_d;
                  		SELECT element_type INTO the_record FROM AGGREGATE_INFO_E WHERE RID = elem_type_rid;
                  		GET DIAGNOSTICS exist := ROW_COUNT;
                  		IF exist = 0 THEN
                                        elem_type := elem_type_rid;
                        		EXIT;
                  		ELSE
                                	elem_type := the_record.element_type;
                  		END IF;
                        END IF;
                 END LOOP;
                       SELECT T.element  INTO the_record FROM type_info_e E , type_category_t T WHERE E.RID = elem_type AND E.category = T.RID;
                       base_type_category := the_record.element;
                       IF base_type_category <* '{NO_TYPE, NUMBER_TYPE, REAL_TYPE, INTEGER_TYPE, STRING_TYPE, BINARY_TYPE, LOGICAL_TYPE, BOOLEAN_TYPE, GENERIC_TYPE}'  THEN
                		base_type := base_type_category;
        		ELSE
				SELECT name INTO the_record FROM named_info_e E WHERE E.RID = elem_type ;
                       		base_type := the_record.name;
                        END IF;
        ELSE
                base_type := base_type_category;
	END IF;
 ELSE
 RAISE NOTICE 'The type "%" is not a defined type', def_type_name;
 END IF;
 RETURN base_type;
 END;$_$;


ALTER FUNCTION public.get_defined_type_base(character varying) OWNER TO postgres;

--
-- Name: get_entitynamefromtablename(character varying); Type: FUNCTION; Schema: public; Owner: postgres
--

CREATE FUNCTION get_entitynamefromtablename(character varying) RETURNS character varying
    LANGUAGE plpgsql
    AS $_$
 DECLARE
 chaine ALIAS FOR $1;
 str VARCHAR;
 pos  INT4;
 BEGIN
    str := SUBSTRING (chaine from 1 for (length(chaine)-2));
    RETURN str;
 END;$_$;


ALTER FUNCTION public.get_entitynamefromtablename(character varying) OWNER TO postgres;

--
-- Name: get_referencing_entities(bigint); Type: FUNCTION; Schema: public; Owner: postgres
--

CREATE FUNCTION get_referencing_entities(bigint) RETURNS character varying[]
    LANGUAGE plpgsql
    AS $_$
DECLARE
RID        ALIAS FOR $1;
Result     VARCHAR[];
tuple      RECORD ;
valeur     VARCHAR;
Entity_name VARCHAR;
BEGIN
RAISE NOTICE 'Schema_Name');
 FOR tuple IN SELECT rid_s,tablename_S
              FROM   root_table_association
              WHERE  rid_d=RID
  LOOP

   Entity_name:=SUBSTRING(tuple.tablename_S FROM 1 FOR char_length(tuple.tablename_s)-2);
   --valeur := tuple.rid_s||'#'||Entity_Name;
   valeur := formater(tuple.rid_s,Entity_Name);
   Result:=Result + valeur;

  END LOOP;

 FOR tuple IN SELECT rid_s,tablename_S
              FROM   root_table_select
              WHERE  rid_d=RID
  LOOP

   Entity_name:=SUBSTRING(tuple.tablename_S FROM 1 FOR char_length(tuple.tablename_s)-2);
   --valeur := tuple.rid_s||'#'||Entity_Name;
      valeur := formater(tuple.rid_s,Entity_Name);
   Result:=Result + valeur;

  END LOOP;

  RETURN Result;
END;$_$;


ALTER FUNCTION public.get_referencing_entities(bigint) OWNER TO postgres;

--
-- Name: get_referencing_entities(character varying); Type: FUNCTION; Schema: public; Owner: postgres
--

CREATE FUNCTION get_referencing_entities(character varying) RETURNS character varying[]
    LANGUAGE plpgsql
    AS $_$
DECLARE
ID        ALIAS FOR $1;
Result     VARCHAR[];
tuple      RECORD ;
Tables VARCHAR[];
sql VARCHAR;
BEGIN
 Tables :=  getReferencesTables(get_EntityNameFromTableName(get_TableName(ID)));
 FOR i IN 1..dim(Tables) LOOP
  sql := 'SELECT rid_s,tablename_S FROM '||Tables[i]||' WHERE  rid_d='|| get_Rid(ID);
  FOR tuple IN EXECUTE sql LOOP
   result := result +   (tuple.rid_s::VARCHAR||'#'|| tuple.tablename_s);
  END LOOP;

 END LOOP;
 RETURN Result;
END;$_$;


ALTER FUNCTION public.get_referencing_entities(character varying) OWNER TO postgres;

--
-- Name: get_referencing_entities(bigint, character varying); Type: FUNCTION; Schema: public; Owner: postgres
--

CREATE FUNCTION get_referencing_entities(bigint, character varying) RETURNS character varying[]
    LANGUAGE plpgsql
    AS $_$
DECLARE
RID          ALIAS FOR $1;
Role         ALIAS FOR $2;
Entity_Name  VARCHAR;
Schema_Name  VARCHAR;
Attribut_Name VARCHAR;
Result     VARCHAR[];
Aux        VARCHAR;
BEGIN
-- RAISE NOTICE ' get_referencing_entities RID = %  ROLE = %',Rid,Role;
-- Schema_Name:=SUBSTRING(Role FROM 1 FOR position('.' in Role)-1);    --on extrait le nom du schema
-- Aux :=SUBSTRING(Role FROM  position('.' in Role)+1);
 Aux := Role;
 Entity_Name:=SUBSTRING(Aux FROM 1 FOR position('.' in Aux)-1);      --on extrait le nom de l entite
 Aux :=SUBSTRING(Aux FROM  position('.' in Aux)+1);
 Attribut_Name:=Aux;                                                   --on extrait le nom de l attribut

--RAISE NOTICE 'Schema_Name = %  Entity_Name = % Attribut_Name = %',Schema_Name,Entity_Name,Attribut_Name;

 Result:=UsedIN(get_Rid(RID::VARCHAR),Entity_Name,Attribut_Name);                       -- la fonction usedin

 RETURN Result;

END;$_$;


ALTER FUNCTION public.get_referencing_entities(bigint, character varying) OWNER TO postgres;

--
-- Name: get_rid(character varying); Type: FUNCTION; Schema: public; Owner: postgres
--

CREATE FUNCTION get_rid(character varying) RETURNS bigint
    LANGUAGE plpgsql
    AS $_$
 DECLARE
 chaine ALIAS FOR $1;
 str VARCHAR;
 pos  INT4;
 BEGIN

  IF chaine ISNULL THEN
   RETURN NULL;
  END IF;
    str :=chaine;
    pos := strpos(chaine,'#');

    IF pos = 0 THEN
      RETURN INT8(str);
    END IF;

    str := SUBSTRING (chaine from 1 for (pos - 1));

    RETURN INT8(str);
 END;$_$;


ALTER FUNCTION public.get_rid(character varying) OWNER TO postgres;

--
-- Name: get_subtypes_recursive(character varying, bigint[]); Type: FUNCTION; Schema: public; Owner: postgres
--

CREATE FUNCTION get_subtypes_recursive(character varying, bigint[]) RETURNS bigint[]
    LANGUAGE plpgsql
    AS $_$
DECLARE
Entity_Name ALIAS FOR $1;   -- le nom de l entite
 The_record RECORD;
 ar ALIAS FOR $2;
 arr INT8[];
BEGIN
arr :=ar;
FOR the_record  IN SELECT e2.rid,e2.name
                   FROM   entity_info_e e ,entity_info_e e2, entity_info_2_subtypes es
                   WHERE  e.name=upper(Entity_name)
		   AND    es.rid <* e.subtypes
                   AND    es.rid_d=e2.rid
LOOP

arr:= the_record.rid+ arr;
arr:=get_Subtypes_recursive(the_record.name,arr);

END LOOP;

RETURN arr;
END;$_$;


ALTER FUNCTION public.get_subtypes_recursive(character varying, bigint[]) OWNER TO postgres;

--
-- Name: get_supertypes(character varying); Type: FUNCTION; Schema: public; Owner: postgres
--

CREATE FUNCTION get_supertypes(character varying) RETURNS bigint[]
    LANGUAGE plpgsql
    AS $_$
DECLARE
Entity_Name ALIAS FOR $1; -- le nom de l entite
The_record RECORD;
ar INT8[];
BEGIN

ar:=get_Supertypes_recursive(Entity_Name,ar);

RETURN ar;
END;$_$;


ALTER FUNCTION public.get_supertypes(character varying) OWNER TO postgres;

--
-- Name: get_supertypes_recursive(character varying, bigint[]); Type: FUNCTION; Schema: public; Owner: postgres
--

CREATE FUNCTION get_supertypes_recursive(character varying, bigint[]) RETURNS bigint[]
    LANGUAGE plpgsql
    AS $_$
DECLARE
Entity_Name ALIAS FOR $1;  --le nom de l entite
 The_record RECORD;
 ar ALIAS FOR $2;
 arr INT8[];
BEGIN
arr :=ar;
FOR the_record  IN SELECT e2.rid,e2.name
                   FROM   entity_info_e e ,entity_info_e e2, entity_info_2_supertypes es
                   WHERE  e.name=upper(Entity_name)
		   AND    es.rid <* e.supertypes
                   AND    es.rid_d=e2.rid
LOOP

arr:= the_record.rid+ arr;
arr:=get_Supertypes_recursive(the_record.name,arr);

END LOOP;

RETURN arr;
END;$_$;


ALTER FUNCTION public.get_supertypes_recursive(character varying, bigint[]) OWNER TO postgres;

--
-- Name: get_table_aiguillage(character varying, character varying); Type: FUNCTION; Schema: public; Owner: postgres
--

CREATE FUNCTION get_table_aiguillage(character varying, character varying) RETURNS character varying
    LANGUAGE plpgsql
    AS $_$
DECLARE
Entity_Name   ALIAS FOR $1;
Attribut_Name ALIAS FOR $2;
Name          VARCHAR;
sql           VARCHAR;
tuple        RECORD;
BEGIN
   sql:='SELECT e.name
          FROM attribute_E A,entity_info_2_explicit ASS, Attribute_2_of_entity At ,entity_info_e e ,entity_info_e e1
	  WHERE A.name ='||quote_literal(lower(Attribut_Name)) ||'
          AND upper(e1.name) = ' ||quote_literal(upper(Entity_Name)) ||'
	  AND e1.rid = ass.rid_s
          AND A.rid = ass.rid_d
          AND A.of_entity= At.rid
          AND At.rid_d = e.rid ;' ;

   FOR tuple IN EXECUTE sql LOOP
        RETURN tuple.name||'_2_'||Attribut_Name;
  END LOOP;

  RETURN '  ';

END;$_$;


ALTER FUNCTION public.get_table_aiguillage(character varying, character varying) OWNER TO postgres;

--
-- Name: get_table_attribute(bigint, character varying, character varying); Type: FUNCTION; Schema: public; Owner: postgres
--

CREATE FUNCTION get_table_attribute(bigint, character varying, character varying) RETURNS character varying
    LANGUAGE plpgsql
    AS $_$
 DECLARE
 instance_rid ALIAS FOR $1; -- l_identifient du tuple
 table_name ALIAS FOR $2;    -- le nom de la table contenant ce tuple
 attribute_name ALIAS FOR $3;  -- le nom de l_attribit dont on veut recuperer une valeur
 sql_query VARCHAR; -- une chaine de caracteres qui contient une commande SQL
 the_record RECORD; -- un tuple indefini permettant de stocker le resultat d_une requete
 attribute_value VARCHAR;
 att_type VARCHAR;
 valeur  VARCHAR;
 BEGIN
              	sql_query := 'SELECT  casting(' || attribute_name || ') AS valeur FROM ' || table_name || '
     		WHERE RID = ' || instance_rid || ' ;';
 		--RAISE NOTICE ' sql = %',sql_query;
		 FOR the_record IN EXECUTE sql_query LOOP
	                Valeur := the_record.valeur::VARCHAR;
                	RETURN valeur;
                END LOOP;
    RETURN attribute_value;
 END;$_$;


ALTER FUNCTION public.get_table_attribute(bigint, character varying, character varying) OWNER TO postgres;

--
-- Name: get_table_name_for_aggregate(character varying); Type: FUNCTION; Schema: public; Owner: postgres
--

CREATE FUNCTION get_table_name_for_aggregate(character varying) RETURNS character varying
    LANGUAGE plpgsql
    AS $_$
DECLARE
TypeName   ALIAS FOR $1; -- Nom du type utilisateur.
BEGIN
  RETURN 'Array_Value_'||TypeName;
END;$_$;


ALTER FUNCTION public.get_table_name_for_aggregate(character varying) OWNER TO postgres;

--
-- Name: get_table_name_for_aggregate(character varying, character varying); Type: FUNCTION; Schema: public; Owner: postgres
--

CREATE FUNCTION get_table_name_for_aggregate(character varying, character varying) RETURNS character varying
    LANGUAGE plpgsql
    AS $_$
DECLARE
Entity_Name   ALIAS FOR $1;
Attribut_Name ALIAS FOR $2;
Name          VARCHAR;
BEGIN
   Name :=get_Attribute_Table(Entity_Name,Attribut_Name);
  RETURN 'Array_Value_'||Name||'_'||Attribut_Name;
END;$_$;


ALTER FUNCTION public.get_table_name_for_aggregate(character varying, character varying) OWNER TO postgres;

--
-- Name: get_tablename(character varying); Type: FUNCTION; Schema: public; Owner: postgres
--

CREATE FUNCTION get_tablename(character varying) RETURNS character varying
    LANGUAGE plpgsql
    AS $_$
 DECLARE
 chaine ALIAS FOR $1;
 str VARCHAR;
 pos  INT4;
 BEGIN

  IF chaine ISNULL THEN
   RETURN NULL;
  END IF;
    str :=chaine;
    pos := strpos(chaine,'#');
    IF pos = 0 THEN
      RETURN NULL;
    END IF;

    str := SUBSTRING (chaine from (pos+1));

    RETURN str;
 END;$_$;


ALTER FUNCTION public.get_tablename(character varying) OWNER TO postgres;

--
-- Name: get_value_aggregate_type(bigint[], character varying); Type: FUNCTION; Schema: public; Owner: postgres
--

CREATE FUNCTION get_value_aggregate_type(bigint[], character varying) RETURNS character varying[]
    LANGUAGE plpgsql
    AS $_$
DECLARE
 Valeurs   ALIAS FOR $1;
 TypeName  ALIAS FOR $2;
 Type_Element VARCHAR;
 TableName    VARCHAR;
 Nbre         INT4;
 Result       VARCHAR[];
 valeur       VARCHAR;
 query        VARCHAR   ;
 tuple        RECORD;

BEGIN

 Type_element :=Get_defined_type_base(TypeName);

 Nbre:=Dim(Valeurs);
 IF Nbre ISNULL THEN
  Nbre:=0;
 END IF;

 TableName:=get_Table_Name_For_Aggregate(TypeName);
 IF Exist_Table(TableName) THEN
  BEGIN
    FOR i in 1..Nbre LOOP
    query:='SELECT value
              FROM  '|| TableName ||'
	      WHERE RID = '|| Valeurs[i];

   --  x:=valeurs[i];
   --  raise notice ' % valeurs : %t ablename : % -query : %',Valeurs,x,TableName,query;

     FOR tuple IN EXECUTE query LOOP
      valeur :=formater1(tuple.value::VARCHAR,TypeName);
      Result := Result + valeur;
     END LOOP;

    END LOOP;
  END;
 ELSIF is_Enumeration_Type(Type_Element) THEN    -- Si le type des elements est un type enumere
  BEGIN
   Tablename:=type_table_name(TypeName);
   FOR i IN 1..Nbre LOOP
   query:='SELECT element
            FROM '|| TableName ||'
	    WHERE Rid = '|| Valeurs[i];

    FOR tuple IN EXECUTE query LOOP
     valeur :=formater1(tuple.element,TypeName);
      Result := Result + valeur;
    END LOOP;
   END LOOP;
  END;

 END IF;

RETURN Result;
END;$_$;


ALTER FUNCTION public.get_value_aggregate_type(bigint[], character varying) OWNER TO postgres;

--
-- Name: get_value_select_type(character varying); Type: FUNCTION; Schema: public; Owner: postgres
--

CREATE FUNCTION get_value_select_type(character varying) RETURNS character varying
    LANGUAGE plpgsql
    AS $_$
DECLARE
Chaine ALIAS FOR $1;
Rid INT8;
TableName  VARCHAR;
TypeName   VARCHAR;
Aux        VARCHAR;
query      VARCHAR;
tuple      RECORD;
valeur     VARCHAR;
BEGIN

TableName:=SUBSTRING(Chaine FROM 1 FOR position('(' in Chaine)-1);   -- on recupere le nom de la table
Aux:=SUBSTRING(Chaine FROM  (position('(' in Chaine)+1));         -- on recupere le rid
Rid:=SUBSTRING(Aux FROM 1 FOR position(')' in Aux)-1);

TypeName :=SUBSTRING(TableName FROM 1 FOR char_length(TableName)-2);-- on extrait le nom du type (on hote les 2 derniers char)

IF is_Enumeration_Type(TypeName) THEN -- si le type est de type enumeration
  BEGIN
   query:='SELECT element
              FROM '|| TableName ||'
	      WHERE Rid = '|| Rid;

   FOR tuple IN EXECUTE query LOOP
     valeur := formater1(tuple.element,TypeName);
     RETURN  valeur;
   END LOOP;
  END ;

 ELSIF is_Defined_Type(TypeName) THEN -- si c est un type defini
  BEGIN

   IF NOT is_Aggregate_type(TypeName) THEN  -- non agregat
    BEGIN
     query:='SELECT value
              FROM '|| TableName ||'
	      WHERE Rid = '|| Rid;
     FOR tuple IN EXECUTE query LOOP
       valeur := formater1(tuple.value,TypeName);
      RETURN  valeur;
    END LOOP;

    END;
   ELSE -- si  c est un agregat
    BEGIN
         query:='SELECT value
              FROM '|| TableName ||'
	      WHERE Rid = '|| Rid;

     FOR tuple IN EXECUTE query LOOP
      RETURN get_value_aggregate_type(tuple.value,TypeName);
     END LOOP;
     RETURN NULL;
    END;
   END IF;
  END;
 ELSIF is_Entity(TypeName) THEN -- si c est une entite
  BEGIN
   --RETURN Rid||'#'||TypeName;
   RETURN formater(Rid,TypeName);
  END;
END IF;

END;$_$;


ALTER FUNCTION public.get_value_select_type(character varying) OWNER TO postgres;

--
-- Name: getposelement(character varying, character varying[]); Type: FUNCTION; Schema: public; Owner: postgres
--

CREATE FUNCTION getposelement(character varying, character varying[]) RETURNS bigint
    LANGUAGE plpgsql
    AS $_$
DECLARE
    elt ALIAS FOR $1;
    Tab   ALIAS FOR $2;
    Taille INT8;
   BEGIN
   taille = dim(Tab);
   FOR I IN 1..taille LOOP
	IF Tab[i] = elt THEN
                RETURN i;
                exit;
        END IF;
   END LOOP;

     RETURN -1;
    END;
$_$;


ALTER FUNCTION public.getposelement(character varying, character varying[]) OWNER TO postgres;

--
-- Name: getposelement(bigint, bigint[]); Type: FUNCTION; Schema: public; Owner: postgres
--

CREATE FUNCTION getposelement(bigint, bigint[]) RETURNS bigint
    LANGUAGE plpgsql
    AS $_$
DECLARE
    elt ALIAS FOR $1;
    Tab   ALIAS FOR $2;
    Taille INT8;
   BEGIN
     RETURN getPosElement(elt::VARCHAR,tableau_int_to_tableau_varchar(Tab));
    END;
$_$;


ALTER FUNCTION public.getposelement(bigint, bigint[]) OWNER TO postgres;

--
-- Name: getreference(character varying); Type: FUNCTION; Schema: public; Owner: postgres
--

CREATE FUNCTION getreference(character varying) RETURNS character varying[]
    LANGUAGE plpgsql
    AS $_$
DECLARE
rid          ALIAS FOR $1;
Tables       VARCHAR[];
sql          VARCHAR ;
the_record   RECORD  ;
result       VARCHAR[];
BEGIN

   sql := 'SELECT Tables FROM Reference WHERE Id = '||quote_literal(get_EntityNameFromTableName(get_TableName(rid)));
   FOR the_record IN EXECUTE sql LOOP
     Tables := the_record.Tables;
   END LOOP;

 result :=getReference(get_Rid(rid),Tables);
 RETURN(result);

END;
$_$;


ALTER FUNCTION public.getreference(character varying) OWNER TO postgres;

--
-- Name: getreference(bigint, character varying[]); Type: FUNCTION; Schema: public; Owner: postgres
--

CREATE FUNCTION getreference(bigint, character varying[]) RETURNS character varying[]
    LANGUAGE plpgsql
    AS $_$
DECLARE
rid          ALIAS FOR $1;
Tables       ALIAS FOR $2;
sql          VARCHAR ;
the_record   RECORD  ;
val          VARCHAR ;
result       VARCHAR[];
BEGIN

 FOR i IN 1..dim(Tables) LOOP
  sql := 'SELECT rid_s, tablename_s FROM '|| Tables[i] ||' WHERE rid_d = '||get_rid(rid::VARCHAR);
   FOR the_record IN EXECUTE sql LOOP
    val := the_record.rid_S ||'#'||the_record.tablename_S;
    result := result + val;
   END LOOP;
 END LOOP;

RETURN(result);
END;
$_$;


ALTER FUNCTION public.getreference(bigint, character varying[]) OWNER TO postgres;

--
-- Name: getreferencestables(character varying); Type: FUNCTION; Schema: public; Owner: postgres
--

CREATE FUNCTION getreferencestables(character varying) RETURNS character varying[]
    LANGUAGE plpgsql
    AS $_$
DECLARE
 TypeName ALIAS FOR $1;
 sql VARCHAR;
 tuple RECORD ;
BEGIN
 sql :='SELECT * FROM reference WHERE ID = '|| quote_literal(upper(TypeName));
 FOR tuple IN EXECUTE sql LOOP
  RETURN tuple.tables;
 END LOOP;
 RETURN NULL;
END;$_$;


ALTER FUNCTION public.getreferencestables(character varying) OWNER TO postgres;

--
-- Name: getrid_by_oid(character varying); Type: FUNCTION; Schema: public; Owner: postgres
--

CREATE FUNCTION getrid_by_oid(character varying) RETURNS bigint
    LANGUAGE plpgsql
    AS $_$
DECLARE
 Oid_v ALIAS FOR $1;
 tuple Oid_Rid%ROWTYPE;
BEGIN

  SELECT INTO tuple * FROM Oid_Rid  WHERE Oids=Oid_v;

  IF NOT FOUND THEN
     RETURN null;
  END IF;

  RETURN tuple.RID;

END;
$_$;


ALTER FUNCTION public.getrid_by_oid(character varying) OWNER TO postgres;

--
-- Name: getrid_enumeration(character varying, character varying); Type: FUNCTION; Schema: public; Owner: postgres
--

CREATE FUNCTION getrid_enumeration(character varying, character varying) RETURNS bigint
    LANGUAGE plpgsql
    AS $_$
DECLARE
 value            ALIAS FOR $1;
 TableEnumeration ALIAS FOR $2;
 RID              INT8;
 rowcount         INT8;
 sql              varchar;
 the_record       RECORD;
BEGIN

sql:='SELECT RID FROM  '||TableEnumeration|| '  WHERE Element = '||quote_literal(value)||' ; ';

RID:=NULL;

FOR the_record IN EXECUTE sql LOOP
 RID:=the_record.RID;
END LOOP;


RETURN RID;

END;
$_$;


ALTER FUNCTION public.getrid_enumeration(character varying, character varying) OWNER TO postgres;

--
-- Name: getrid_tableselect(character varying, character varying, character varying, character varying, character varying); Type: FUNCTION; Schema: public; Owner: postgres
--

CREATE FUNCTION getrid_tableselect(character varying, character varying, character varying, character varying, character varying) RETURNS bigint
    LANGUAGE plpgsql
    AS $_$
DECLARE
Table_Select ALIAS FOR $1;
TableName_S  ALIAS FOR $2;
Oid_A        ALIAS FOR $3;
Table_Type   ALIAS FOR $4;
Valeur       ALIAS FOR $5;
Rid_S             INT8;
 ID               INT8;
 rowcount         INT8;
 sql varchar;
BEGIN

  RID_S:=getRid_by_Oid(Oid_A);

  sql:=' INSERT INTO '||Table_Type  ||' (value) '||
       ' VALUES('|| quote_literal(Valeur) ||' )'  ;

   EXECUTE sql;

   GET DIAGNOSTICS rowcount=ROW_COUNT;

   IF rowcount>0 THEN

     ID:= currval('root_table_defined_type_rid_seq');

           sql:=' INSERT INTO '||Table_Select  ||' (Rid_S,TableName_S,TableName_D,RID_D) '||
                ' VALUES('|| RID_S ||' , '
                            ||quote_literal(TableName_S)  ||' , '
			    ||quote_literal(Table_Type)||' , '|| ID ||' )'  ;

           EXECUTE sql;

           GET DIAGNOSTICS rowcount=ROW_COUNT;

           IF rowcount>0 THEN

             ID:= currval('root_table_select_rid_seq');

             RETURN ID ;
           ELSE
             RETURN NULL;
           END IF;
     ELSE

      RETURN NULL;

    END IF;

END;
$_$;


ALTER FUNCTION public.getrid_tableselect(character varying, character varying, character varying, character varying, character varying) OWNER TO postgres;

--
-- Name: getrid_tableselect(character varying, character varying, bigint, character varying, character varying); Type: FUNCTION; Schema: public; Owner: postgres
--

CREATE FUNCTION getrid_tableselect(character varying, character varying, bigint, character varying, character varying) RETURNS bigint
    LANGUAGE plpgsql
    AS $_$
DECLARE
Table_Select ALIAS FOR $1;
TableName_S  ALIAS FOR $2;
Rid_S        ALIAS FOR $3;
Table_Type   ALIAS FOR $4;
Valeur       ALIAS FOR $5;
 ID               INT8;
 rowcount         INT8;
 sql varchar;
BEGIN

  sql:=' INSERT INTO '||Table_Type  ||' (value) '||
       ' VALUES('|| quote_literal(Valeur) ||' )'  ;

   EXECUTE sql;

   GET DIAGNOSTICS rowcount=ROW_COUNT;

   IF rowcount>0 THEN

     ID:= currval('root_table_defined_type_rid_seq');

           sql:=' INSERT INTO '||Table_Select  ||' (Rid_S , TableName_S , TableName_D , RID_D) '||
                ' VALUES('|| RID_S ||' , '
                            ||quote_literal(TableName_S)  ||' , '
			    ||quote_literal(Table_Type)||' , '|| ID ||' )'  ;

           EXECUTE sql;

           GET DIAGNOSTICS rowcount=ROW_COUNT;

           IF rowcount>0 THEN

             ID:= currval('root_table_select_rid_seq');

             RETURN ID ;
           ELSE
             RETURN NULL;
           END IF;
     ELSE

      RETURN NULL;

    END IF;

END;
$_$;


ALTER FUNCTION public.getrid_tableselect(character varying, character varying, bigint, character varying, character varying) OWNER TO postgres;

--
-- Name: getrid_tableselect_entity(character varying, character varying, character varying, character varying, character varying); Type: FUNCTION; Schema: public; Owner: postgres
--

CREATE FUNCTION getrid_tableselect_entity(character varying, character varying, character varying, character varying, character varying) RETURNS bigint
    LANGUAGE plpgsql
    AS $_$
DECLARE
Table_Select ALIAS FOR $1;
TableName_S  ALIAS FOR $2;
Oid_A        ALIAS FOR $3;
TableName_D  ALIAS FOR $4;
Oid_B        ALIAS FOR $5;
 ID               INT8;
 rowcount         INT8;
 sql              VARCHAR;
 RID_S            INT8;
 RID_D            INT8;

BEGIN
  RID_S:=getRid_by_Oid(Oid_A);
  RID_D:=getRid_by_Oid(Oid_B);

   IF (RID_S IS NOT NULL) and (RID_D IS NOT NULL)  THEN

         sql:=' INSERT INTO '||Table_Select ||' (RID_S,TableName_S,RID_D,TableName_D) '||
             ' VALUES('||RID_S ||' , '
                 ||quote_literal(TableName_S)  ||' , '
                 ||RID_D ||' , '
                 ||quote_literal(TableName_D) ||' )'  ;


           EXECUTE sql;

           GET DIAGNOSTICS rowcount=ROW_COUNT;

           IF rowcount>0 THEN

             ID:= currval('root_table_select_rid_seq');

             RETURN ID ;
           ELSE
             RETURN NULL;
           END IF;
     ELSE

      RETURN NULL;

    END IF;

END;
$_$;


ALTER FUNCTION public.getrid_tableselect_entity(character varying, character varying, character varying, character varying, character varying) OWNER TO postgres;

--
-- Name: getrid_tableselect_entity(character varying, character varying, bigint, character varying, bigint); Type: FUNCTION; Schema: public; Owner: postgres
--

CREATE FUNCTION getrid_tableselect_entity(character varying, character varying, bigint, character varying, bigint) RETURNS bigint
    LANGUAGE plpgsql
    AS $_$
DECLARE
Table_Select ALIAS FOR $1;
TableName_S  ALIAS FOR $2;
Rid_S        ALIAS FOR $3;
TableName_D  ALIAS FOR $4;
Rid_D        ALIAS FOR $5;
 ID               INT8;
 rowcount         INT8;
 sql              VARCHAR;

BEGIN

   IF (RID_S IS NOT NULL) and (RID_D IS NOT NULL)  THEN

         sql:=' INSERT INTO '||Table_Select ||' (RID_S,TableName_S,RID_D,TableName_D) '||
             ' VALUES('||RID_S ||' , '
                 ||quote_literal(TableName_S)  ||' , '
                 ||RID_D ||' , '
                 ||quote_literal(TableName_D) ||' )'  ;


           EXECUTE sql;

           GET DIAGNOSTICS rowcount=ROW_COUNT;

           IF rowcount>0 THEN

             ID:= currval('root_table_select_rid_seq');

             RETURN ID ;
           ELSE
             RETURN NULL;
           END IF;
     ELSE

      RETURN NULL;

    END IF;

END;
$_$;


ALTER FUNCTION public.getrid_tableselect_entity(character varying, character varying, bigint, character varying, bigint) OWNER TO postgres;

--
-- Name: getrid_tableselect_enum(character varying, character varying, character varying, character varying, character varying); Type: FUNCTION; Schema: public; Owner: postgres
--

CREATE FUNCTION getrid_tableselect_enum(character varying, character varying, character varying, character varying, character varying) RETURNS bigint
    LANGUAGE plpgsql
    AS $_$
DECLARE
Table_Select ALIAS FOR $1;
TableName_S  ALIAS FOR $2;
Oid_A        ALIAS FOR $3;
Table_Enumeration   ALIAS FOR $4;
Valeur              ALIAS FOR $5;
 Rid_S            INT8;
 ID               INT8;
 rowcount         INT8;
 sql              VARCHAR;
BEGIN

   RID_S:=getRid_by_Oid(Oid_A);

   ID:=getRID_Enumeration(Valeur,Table_Enumeration);
   IF ID IS NOT NULL  THEN

           sql:=' INSERT INTO '||Table_Select  ||' (RID_S,TableName_S,TableName_D,RID_D) '||
                ' VALUES('||RID_S ||' , '
                            ||quote_literal(TableName_S)  ||' , '
		            ||quote_literal(Table_Enumeration)||' , '|| ID ||' )'  ;

           EXECUTE sql;

           GET DIAGNOSTICS rowcount=ROW_COUNT;

           IF rowcount>0 THEN

             ID:= currval('root_table_select_rid_seq');

             RETURN ID ;
           ELSE
             RETURN NULL;
           END IF;
     ELSE

      RETURN NULL;

    END IF;

END;
$_$;


ALTER FUNCTION public.getrid_tableselect_enum(character varying, character varying, character varying, character varying, character varying) OWNER TO postgres;

--
-- Name: getrid_tableselect_enum(character varying, character varying, bigint, character varying, character varying); Type: FUNCTION; Schema: public; Owner: postgres
--

CREATE FUNCTION getrid_tableselect_enum(character varying, character varying, bigint, character varying, character varying) RETURNS bigint
    LANGUAGE plpgsql
    AS $_$
DECLARE
Table_Select ALIAS FOR $1;
TableName_S  ALIAS FOR $2;
Rid_S        ALIAS FOR $3;
Table_Enumeration   ALIAS FOR $4;
Valeur              ALIAS FOR $5;
 ID               INT8;
 rowcount         INT8;
 sql              VARCHAR;
BEGIN

   ID:=getRID_Enumeration(Valeur,Table_Enumeration);
   IF ID IS NOT NULL  THEN

           sql:=' INSERT INTO '||Table_Select  ||' (RID_S,TableName_S,TableName_D,RID_D) '||
                ' VALUES('||RID_S ||' , '
                            ||quote_literal(TableName_S)  ||' , '
		            ||quote_literal(Table_Enumeration)||' , '|| ID ||' )'  ;

           EXECUTE sql;

           GET DIAGNOSTICS rowcount=ROW_COUNT;

           IF rowcount>0 THEN

             ID:= currval('root_table_select_rid_seq');

             RETURN ID ;
           ELSE
             RETURN NULL;
           END IF;
     ELSE

      RETURN NULL;

    END IF;

END;
$_$;


ALTER FUNCTION public.getrid_tableselect_enum(character varying, character varying, bigint, character varying, character varying) OWNER TO postgres;

--
-- Name: init_column_class_bsu_function(); Type: FUNCTION; Schema: public; Owner: postgres
--

CREATE FUNCTION init_column_class_bsu_function() RETURNS "trigger"
    LANGUAGE plpgsql
    AS $$
DECLARE
TableName     VARCHAR;
Column_Rid    VARCHAR;
Column_Table  VARCHAR;
sql           VARCHAR;
BEGIN

TableName   :='Class_BSU_e';
Column_Rid  :='rid_supplier';
Column_Table:='TableName_Supplier';

sql :=' UPDATE ' || TableName ||' SET ' || column_rid  ||' =' || NEW.rid_D ||' , '|| column_Table ||' = ' || quote_literal(NEW.tablename_D) || ' WHERE Rid = ' ||NEW.rid_S ||';';

--RAISE NOTICE ' Update';

EXECUTE sql;

RETURN NEW ;
END;
$$;


ALTER FUNCTION public.init_column_class_bsu_function() OWNER TO postgres;

--
-- Name: init_column_class_bsu_related_content_function(); Type: FUNCTION; Schema: public; Owner: postgres
--

CREATE FUNCTION init_column_class_bsu_related_content_function() RETURNS "trigger"
    LANGUAGE plpgsql
    AS $$
DECLARE
Table         VARCHAR;
Column_Rid    VARCHAR;
Column_Table  VARCHAR;
sql           VARCHAR;
BEGIN
Table       :='CLASS_BSU_RELATED_CONTENT_e';
Column_Rid  :='rid_bsu';
Column_Table:='TableName_bsu';
sql :=' UPDATE ' || Table ||' SET ' || column_rid  ||' =' || NEW.rid_D ||' , '|| column_Table ||' = ' || quote_literal(NEW.tablename_D) || ' WHERE Rid = ' ||NEW.rid_S ||';';
 IF NOT sql ISNULL THEN
   EXECUTE sql;
 END IF;
RETURN NEW ;
END;
$$;


ALTER FUNCTION public.init_column_class_bsu_related_content_function() OWNER TO postgres;

--
-- Name: init_column_class_extension_function(); Type: FUNCTION; Schema: public; Owner: postgres
--

CREATE FUNCTION init_column_class_extension_function() RETURNS "trigger"
    LANGUAGE plpgsql
    AS $$
DECLARE
TableName     VARCHAR;
Column_Rid    VARCHAR;
Column_Table  VARCHAR;
sql           VARCHAR;
BEGIN
TableName   :='CLASS_EXTENSION_e';
Column_Rid  :='rid_bsu';
Column_Table:='TableName_bsu';
sql :=' UPDATE ' || TableName ||' SET ' || column_rid  ||' =' || NEW.rid_D ||' , '|| column_Table ||' = ' || quote_literal(NEW.tablename_D) || ' WHERE Rid = ' ||NEW.rid_S ||';';
 IF NOT sql ISNULL THEN
   EXECUTE sql;
 END IF;
RETURN NEW ;
END;
$$;


ALTER FUNCTION public.init_column_class_extension_function() OWNER TO postgres;

--
-- Name: init_column_class_function(); Type: FUNCTION; Schema: public; Owner: postgres
--

CREATE FUNCTION init_column_class_function() RETURNS "trigger"
    LANGUAGE plpgsql
    AS $$
DECLARE
TableName     VARCHAR;
Column_Rid    VARCHAR;
Column_Table  VARCHAR;
sql           VARCHAR;
BEGIN
TableName   :='CLASS_e';
Column_Rid  :='rid_bsu';
Column_Table:='TableName_bsu';
sql :=' UPDATE ' || TableName ||' SET ' || column_rid  ||' =' || NEW.rid_D ||' , '|| column_Table ||' = ' || quote_literal(NEW.tablename_D) || ' WHERE Rid = ' ||NEW.rid_S ||';';
 IF NOT sql ISNULL THEN
   EXECUTE sql;
 END IF;
RETURN NEW ;
END;
$$;


ALTER FUNCTION public.init_column_class_function() OWNER TO postgres;

--
-- Name: init_column_class_related_dictionary_element_function(); Type: FUNCTION; Schema: public; Owner: postgres
--

CREATE FUNCTION init_column_class_related_dictionary_element_function() RETURNS "trigger"
    LANGUAGE plpgsql
    AS $$
DECLARE
Table         VARCHAR;
Column_Rid    VARCHAR;
Column_Table  VARCHAR;
sql           VARCHAR;
BEGIN
Table       :='CLASS_RELATED_DICTIONARY_ELEMENT_e';
Column_Rid  :='rid_bsu';
Column_Table:='TableName_bsu';
sql :=' UPDATE ' || Table ||' SET ' || column_rid  ||' =' || NEW.rid_D ||' , '|| column_Table ||' = ' || quote_literal(NEW.tablename_D) || ' WHERE Rid = ' ||NEW.rid_S ||';';
 IF NOT sql ISNULL THEN
   EXECUTE sql;
 END IF;
RETURN NEW ;
END;
$$;


ALTER FUNCTION public.init_column_class_related_dictionary_element_function() OWNER TO postgres;

--
-- Name: init_column_content_item_function(); Type: FUNCTION; Schema: public; Owner: postgres
--

CREATE FUNCTION init_column_content_item_function() RETURNS "trigger"
    LANGUAGE plpgsql
    AS $$
DECLARE
Table         VARCHAR;
Column_Rid    VARCHAR;
Column_Table  VARCHAR;
sql           VARCHAR;
BEGIN
Table       :='CONTENT_ITEM_e';
Column_Rid  :='rid_bsu';
Column_Table:='TableName_bsu';
sql :=' UPDATE ' || Table ||' SET ' || column_rid  ||' =' || NEW.rid_D ||' , '|| column_Table ||' = ' || quote_literal(NEW.tablename_D) || ' WHERE Rid = ' ||NEW.rid_S ||';';
 IF NOT sql ISNULL THEN
   EXECUTE sql;
 END IF;
RETURN NEW ;
END;
$$;


ALTER FUNCTION public.init_column_content_item_function() OWNER TO postgres;

--
-- Name: init_column_data_type_bsu_function(); Type: FUNCTION; Schema: public; Owner: postgres
--

CREATE FUNCTION init_column_data_type_bsu_function() RETURNS "trigger"
    LANGUAGE plpgsql
    AS $$
DECLARE
Table         VARCHAR;
Column_Rid    VARCHAR;
Column_Table  VARCHAR;
sql           VARCHAR;
BEGIN

Table       :='Data_Type_BSU_e';
Column_Rid  :='rid_class';
Column_Table:='tablename_class';

sql :=' UPDATE ' || Table ||' SET ' || column_rid  ||' =' || NEW.rid_D ||' , '|| column_Table ||' = ' || quote_literal(NEW.tablename_D) || ' WHERE Rid = ' ||NEW.rid_S ||';';

--RAISE NOTICE ' Update';

EXECUTE sql;

RETURN NEW ;

END;
$$;


ALTER FUNCTION public.init_column_data_type_bsu_function() OWNER TO postgres;

--
-- Name: init_column_data_type_element_function(); Type: FUNCTION; Schema: public; Owner: postgres
--

CREATE FUNCTION init_column_data_type_element_function() RETURNS "trigger"
    LANGUAGE plpgsql
    AS $$
DECLARE
Table         VARCHAR;
Column_Rid    VARCHAR;
Column_Table  VARCHAR;
sql           VARCHAR;
BEGIN
Table       :='DATA_TYPE_ELEMENT_e';
Column_Rid  :='rid_bsu';
Column_Table:='TableName_bsu';
sql :=' UPDATE ' || Table ||' SET ' || column_rid  ||' =' || NEW.rid_D ||' , '|| column_Table ||' = ' || quote_literal(NEW.tablename_D) || ' WHERE Rid = ' ||NEW.rid_S ||';';
 IF NOT sql ISNULL THEN
   EXECUTE sql;
 END IF;
RETURN NEW ;
END;
$$;


ALTER FUNCTION public.init_column_data_type_element_function() OWNER TO postgres;

--
-- Name: init_column_dictionary_element_function(); Type: FUNCTION; Schema: public; Owner: postgres
--

CREATE FUNCTION init_column_dictionary_element_function() RETURNS "trigger"
    LANGUAGE plpgsql
    AS $$
DECLARE
Table         VARCHAR;
Column_Rid    VARCHAR;
Column_Table  VARCHAR;
sql           VARCHAR;
BEGIN
Table       :='DICTIONARY_ELEMENT_e';
Column_Rid  :='rid_bsu';
Column_Table:='TableName_bsu';
sql :=' UPDATE ' || Table ||' SET ' || column_rid  ||' =' || NEW.rid_D ||' , '|| column_Table ||' = ' || quote_literal(NEW.tablename_D) || ' WHERE Rid = ' ||NEW.rid_S ||';';
 IF NOT sql ISNULL THEN
   EXECUTE sql;
 END IF;
RETURN NEW ;
END;
$$;


ALTER FUNCTION public.init_column_dictionary_element_function() OWNER TO postgres;

--
-- Name: init_column_dictionary_function(); Type: FUNCTION; Schema: public; Owner: postgres
--

CREATE FUNCTION init_column_dictionary_function() RETURNS "trigger"
    LANGUAGE plpgsql
    AS $$
DECLARE
Table         VARCHAR;
Column_Rid    VARCHAR;
Column_Table  VARCHAR;
sql           VARCHAR;
BEGIN
Table       :='DICTIONARY_e';
Column_Rid  :='rid_bsu';
Column_Table:='TableName_bsu';
sql :=' UPDATE ' || Table ||' SET ' || column_rid  ||' =' || NEW.rid_D ||' , '|| column_Table ||' = ' || quote_literal(NEW.tablename_D) || ' WHERE Rid = ' ||NEW.rid_S ||';';
 IF NOT sql ISNULL THEN
   EXECUTE sql;
 END IF;
RETURN NEW ;
END;
$$;


ALTER FUNCTION public.init_column_dictionary_function() OWNER TO postgres;

--
-- Name: init_column_document_bsu_function(); Type: FUNCTION; Schema: public; Owner: postgres
--

CREATE FUNCTION init_column_document_bsu_function() RETURNS "trigger"
    LANGUAGE plpgsql
    AS $$
DECLARE
Table         VARCHAR;
Column_Rid    VARCHAR;
Column_Table  VARCHAR;
sql           VARCHAR;
BEGIN

Table       :='Document_BSU_e';
Column_Rid  :='rid_class';
Column_Table:='tablename_class';

sql :=' UPDATE ' || Table ||' SET ' || column_rid  ||' =' || NEW.rid_D ||' , '|| column_Table ||' = ' || quote_literal(NEW.tablename_D) || ' WHERE Rid = ' ||NEW.rid_S ||';';

--RAISE NOTICE ' Update';

EXECUTE sql;

RETURN NEW ;

END;
$$;


ALTER FUNCTION public.init_column_document_bsu_function() OWNER TO postgres;

--
-- Name: init_column_document_content_function(); Type: FUNCTION; Schema: public; Owner: postgres
--

CREATE FUNCTION init_column_document_content_function() RETURNS "trigger"
    LANGUAGE plpgsql
    AS $$
DECLARE
Table         VARCHAR;
Column_Rid    VARCHAR;
Column_Table  VARCHAR;
sql           VARCHAR;
BEGIN
Table       :='DOCUMENT_CONTENT_e';
Column_Rid  :='rid_bsu';
Column_Table:='TableName_bsu';
sql :=' UPDATE ' || Table ||' SET ' || column_rid  ||' =' || NEW.rid_D ||' , '|| column_Table ||' = ' || quote_literal(NEW.tablename_D) || ' WHERE Rid = ' ||NEW.rid_S ||';';
 IF NOT sql ISNULL THEN
   EXECUTE sql;
 END IF;
RETURN NEW ;
END;
$$;


ALTER FUNCTION public.init_column_document_content_function() OWNER TO postgres;

--
-- Name: init_column_document_element_function(); Type: FUNCTION; Schema: public; Owner: postgres
--

CREATE FUNCTION init_column_document_element_function() RETURNS "trigger"
    LANGUAGE plpgsql
    AS $$
DECLARE
Table         VARCHAR;
Column_Rid    VARCHAR;
Column_Table  VARCHAR;
sql           VARCHAR;
BEGIN
Table       :='DOCUMENT_ELEMENT_e';
Column_Rid  :='rid_bsu';
Column_Table:='TableName_bsu';
sql :=' UPDATE ' || Table ||' SET ' || column_rid  ||' =' || NEW.rid_D ||' , '|| column_Table ||' = ' || quote_literal(NEW.tablename_D) || ' WHERE Rid = ' ||NEW.rid_S ||';';
 IF NOT sql ISNULL THEN
   EXECUTE sql;
 END IF;
RETURN NEW ;
END;
$$;


ALTER FUNCTION public.init_column_document_element_function() OWNER TO postgres;

--
-- Name: init_column_program_library_content_function(); Type: FUNCTION; Schema: public; Owner: postgres
--

CREATE FUNCTION init_column_program_library_content_function() RETURNS "trigger"
    LANGUAGE plpgsql
    AS $$
DECLARE
Table         VARCHAR;
Column_Rid    VARCHAR;
Column_Table  VARCHAR;
sql           VARCHAR;
BEGIN
Table       :='PROGRAM_LIBRARY_CONTENT_e';
Column_Rid  :='rid_bsu';
Column_Table:='TableName_bsu';
sql :=' UPDATE ' || Table ||' SET ' || column_rid  ||' =' || NEW.rid_D ||' , '|| column_Table ||' = ' || quote_literal(NEW.tablename_D) || ' WHERE Rid = ' ||NEW.rid_S ||';';
 IF NOT sql ISNULL THEN
   EXECUTE sql;
 END IF;
RETURN NEW ;
END;
$$;


ALTER FUNCTION public.init_column_program_library_content_function() OWNER TO postgres;

--
-- Name: init_column_program_library_element_function(); Type: FUNCTION; Schema: public; Owner: postgres
--

CREATE FUNCTION init_column_program_library_element_function() RETURNS "trigger"
    LANGUAGE plpgsql
    AS $$
DECLARE
Table         VARCHAR;
Column_Rid    VARCHAR;
Column_Table  VARCHAR;
sql           VARCHAR;
BEGIN
Table       :='PROGRAM_LIBRARY_ELEMENT_e';
Column_Rid  :='rid_bsu';
Column_Table:='TableName_bsu';
sql :=' UPDATE ' || Table ||' SET ' || column_rid  ||' =' || NEW.rid_D ||' , '|| column_Table ||' = ' || quote_literal(NEW.tablename_D) || ' WHERE Rid = ' ||NEW.rid_S ||';';
 IF NOT sql ISNULL THEN
   EXECUTE sql;
 END IF;
RETURN NEW ;
END;
$$;


ALTER FUNCTION public.init_column_program_library_element_function() OWNER TO postgres;

--
-- Name: init_column_property_bsu_function(); Type: FUNCTION; Schema: public; Owner: postgres
--

CREATE FUNCTION init_column_property_bsu_function() RETURNS "trigger"
    LANGUAGE plpgsql
    AS $$
DECLARE
TableName     VARCHAR;
Column_Rid    VARCHAR;
Column_Table  VARCHAR;
sql           VARCHAR;
BEGIN

TableName       :='property_BSU_e';
Column_Rid  :='rid_class';
Column_Table:='tablename_class';

sql :=' UPDATE ' || TableName ||' SET ' || column_rid  ||' =' || NEW.rid_D ||' , '|| column_Table ||' = ' || quote_literal(NEW.tablename_D) || ' WHERE Rid = ' ||NEW.rid_S ||';';

--RAISE NOTICE ' Update % ',sql;
 IF NOT sql ISNULL THEN
   EXECUTE sql;
 END IF;

RETURN NEW ;

END;
$$;


ALTER FUNCTION public.init_column_property_bsu_function() OWNER TO postgres;

--
-- Name: init_column_property_det_function(); Type: FUNCTION; Schema: public; Owner: postgres
--

CREATE FUNCTION init_column_property_det_function() RETURNS "trigger"
    LANGUAGE plpgsql
    AS $$
DECLARE
TableName     VARCHAR;
Column_Rid    VARCHAR;
Column_Table  VARCHAR;
sql           VARCHAR;
BEGIN
TableName   :='PROPERTY_DET_e';
Column_Rid  :='rid_bsu';
Column_Table:='TableName_bsu';
sql :=' UPDATE ' || TableName ||' SET ' || column_rid  ||' =' || NEW.rid_D ||' , '|| column_Table ||' = ' || quote_literal(NEW.tablename_D) || ' WHERE Rid = ' ||NEW.rid_S ||';';
 IF NOT sql ISNULL THEN
   EXECUTE sql;
 END IF;
RETURN NEW ;
END;
$$;


ALTER FUNCTION public.init_column_property_det_function() OWNER TO postgres;

--
-- Name: init_column_supplier_bsu_related_content_function(); Type: FUNCTION; Schema: public; Owner: postgres
--

CREATE FUNCTION init_column_supplier_bsu_related_content_function() RETURNS "trigger"
    LANGUAGE plpgsql
    AS $$
DECLARE
Table         VARCHAR;
Column_Rid    VARCHAR;
Column_Table  VARCHAR;
sql           VARCHAR;
BEGIN
Table       :='SUPPLIER_BSU_RELATED_CONTENT_e';
Column_Rid  :='rid_bsu';
Column_Table:='TableName_bsu';
sql :=' UPDATE ' || Table ||' SET ' || column_rid  ||' =' || NEW.rid_D ||' , '|| column_Table ||' = ' || quote_literal(NEW.tablename_D) || ' WHERE Rid = ' ||NEW.rid_S ||';';
 IF NOT sql ISNULL THEN
   EXECUTE sql;
 END IF;
RETURN NEW ;
END;
$$;


ALTER FUNCTION public.init_column_supplier_bsu_related_content_function() OWNER TO postgres;

--
-- Name: init_column_supplier_element_function(); Type: FUNCTION; Schema: public; Owner: postgres
--

CREATE FUNCTION init_column_supplier_element_function() RETURNS "trigger"
    LANGUAGE plpgsql
    AS $$
DECLARE
TableName     VARCHAR;
Column_Rid    VARCHAR;
Column_Table  VARCHAR;
sql           VARCHAR;
BEGIN
TableName   :='SUPPLIER_ELEMENT_e';
Column_Rid  :='rid_bsu';
Column_Table:='TableName_bsu';
sql :=' UPDATE ' || TableName ||' SET ' || column_rid  ||' =' || NEW.rid_D ||' , '|| column_Table ||' = ' || quote_literal(NEW.tablename_D) || ' WHERE Rid = ' ||NEW.rid_S ||';';
 IF NOT sql ISNULL THEN
   EXECUTE sql;
 END IF;
RETURN NEW ;
END;
$$;


ALTER FUNCTION public.init_column_supplier_element_function() OWNER TO postgres;

--
-- Name: init_column_supplier_related_dictionary_element_function(); Type: FUNCTION; Schema: public; Owner: postgres
--

CREATE FUNCTION init_column_supplier_related_dictionary_element_function() RETURNS "trigger"
    LANGUAGE plpgsql
    AS $$
DECLARE
Table         VARCHAR;
Column_Rid    VARCHAR;
Column_Table  VARCHAR;
sql           VARCHAR;
BEGIN
Table       :='SUPPLIER_RELATED_DICTIONARY_ELEMENT_e';
Column_Rid  :='rid_bsu';
Column_Table:='TableName_bsu';
sql :=' UPDATE ' || Table ||' SET ' || column_rid  ||' =' || NEW.rid_D ||' , '|| column_Table ||' = ' || quote_literal(NEW.tablename_D) || ' WHERE Rid = ' ||NEW.rid_S ||';';
 IF NOT sql ISNULL THEN
   EXECUTE sql;
 END IF;
RETURN NEW ;
END;
$$;


ALTER FUNCTION public.init_column_supplier_related_dictionary_element_function() OWNER TO postgres;

--
-- Name: is_a_column_of_property_bsu(bigint, character varying); Type: FUNCTION; Schema: public; Owner: postgres
--

CREATE FUNCTION is_a_column_of_property_bsu(bigint, character varying) RETURNS boolean
    LANGUAGE plpgsql
    AS $_$
DECLARE
 BSU     ALIAS FOR $1;
 colname ALIAS FOR $2;
 result  BOOLEAN;
 pos  INT4;
BEGIN
  pos := strpos(upper(colname),'_'||BSU||'_');
  pos := pos + strpos(upper(colname),upper('p'||BSU||'_'))   ;

  IF (pos > 0) THEN
   RETURN TRUE;
  ELSE
   RETURN (upper(colname)=upper('p'||BSU));
  END IF;


 RETURN result;
END;$_$;


ALTER FUNCTION public.is_a_column_of_property_bsu(bigint, character varying) OWNER TO postgres;

--
-- Name: is_aggregate_type(character varying); Type: FUNCTION; Schema: public; Owner: postgres
--

CREATE FUNCTION is_aggregate_type(character varying) RETURNS boolean
    LANGUAGE plpgsql
    AS $_$
DECLARE
TypeName   ALIAS FOR $1;
tuple      Record;
BEGIN

  SELECT INTO tuple t.element
  FROM   defined_info_e d , type_category_t t
  WHERE  d.category = t.rid
  AND    upper(d.name)=upper(TypeName)   ;

  IF FOUND THEN
      IF (upper(tuple.element) <* '{ARRAY_TYPE,LIST_TYPE,BAG_TYPE,SET_TYPE,AGGREGATE_TYPE}') THEN
        RETURN TRUE;
      END IF;

     RETURN FALSE;
  END IF;

  RETURN FALSE;
END;$_$;


ALTER FUNCTION public.is_aggregate_type(character varying) OWNER TO postgres;

--
-- Name: is_defined_type(character varying); Type: FUNCTION; Schema: public; Owner: postgres
--

CREATE FUNCTION is_defined_type(character varying) RETURNS boolean
    LANGUAGE plpgsql
    AS $_$
 DECLARE
 le_type ALIAS FOR $1;
 result BOOLEAN;
 The_Name VARCHAR;
 Ok BOOLEAN;
 the_record RECORD;
 BEGIN
 The_Name:=upper(le_type);
 Ok:= FALSE;
 FOR the_record IN SELECT Name FROM defined_info_e WHERE name = The_Name LOOP
        Ok:=TRUE;
 END LOOP;
 RETURN Ok;
 END;$_$;


ALTER FUNCTION public.is_defined_type(character varying) OWNER TO postgres;

--
-- Name: is_entity(character varying); Type: FUNCTION; Schema: public; Owner: postgres
--

CREATE FUNCTION is_entity(character varying) RETURNS boolean
    LANGUAGE plpgsql
    AS $_$
DECLARE
entity_name ALIAS FOR $1;
result BOOLEAN;
the_record RECORD;
The_Name VARCHAR;
BEGIN
	The_Name := upper(entity_name);
        result := FALSE;
	FOR the_record IN SELECT name  FROM entity_info_e WHERE  name = The_Name LOOP
                	result := TRUE;
       END LOOP;
RETURN result;
END;$_$;


ALTER FUNCTION public.is_entity(character varying) OWNER TO postgres;

--
-- Name: is_enumeration_type(character varying); Type: FUNCTION; Schema: public; Owner: postgres
--

CREATE FUNCTION is_enumeration_type(character varying) RETURNS boolean
    LANGUAGE plpgsql
    AS $_$
 DECLARE
 le_type ALIAS FOR $1;
 result BOOLEAN;
 The_Name VARCHAR;
 Ok BOOLEAN;
 the_record RECORD;
 BEGIN
 The_Name:=upper(le_type);
 Ok:= FALSE;
 FOR the_record IN SELECT Name FROM enum_info_e WHERE name = The_Name LOOP
        Ok:=TRUE;
 END LOOP;
 RETURN Ok;
 END;$_$;


ALTER FUNCTION public.is_enumeration_type(character varying) OWNER TO postgres;

--
-- Name: is_select_type(character varying); Type: FUNCTION; Schema: public; Owner: postgres
--

CREATE FUNCTION is_select_type(character varying) RETURNS boolean
    LANGUAGE plpgsql
    AS $_$
 DECLARE
 le_type ALIAS FOR $1;
 result BOOLEAN;
 The_Name VARCHAR;
 Ok BOOLEAN;
 the_record RECORD;
 BEGIN
 The_Name:=upper(le_type);
 Ok:= FALSE;
 FOR the_record IN SELECT Name FROM select_info_e WHERE name = The_Name LOOP
        Ok:=TRUE;
 END LOOP;
 RETURN Ok;
 END;$_$;


ALTER FUNCTION public.is_select_type(character varying) OWNER TO postgres;

--
-- Name: is_xyz(bigint, character varying); Type: FUNCTION; Schema: public; Owner: postgres
--

CREATE FUNCTION is_xyz(bigint, character varying) RETURNS boolean
    LANGUAGE plpgsql
    AS $_$
DECLARE
 BSU     ALIAS FOR $1;
 colname ALIAS FOR $2;
 result  BOOLEAN;
 pos  INT4;
BEGIN
  pos := strpos(upper(colname),'_'||BSU);
  pos := pos + strpos(upper(colname),upper(BSU||'_'))   ;

  IF (pos > 0) THEN
   RETURN TRUE;
  ELSE
   RETURN (upper(colname)=upper(BSU));
  END IF;


 RETURN result;
END;$_$;


ALTER FUNCTION public.is_xyz(bigint, character varying) OWNER TO postgres;

--
-- Name: pglsql_class_bsu_known_visible_properties(bigint); Type: FUNCTION; Schema: public; Owner: postgres
--

CREATE FUNCTION pglsql_class_bsu_known_visible_properties(bigint) RETURNS character varying[]
    LANGUAGE plpgsql
    AS $_$
-- changed function to include imported properties (classes that are case_of other classes)

DECLARE
ID ALIAS FOR $1; -- rid class_BSU
The_record RECORD;
properties VARCHAR[];
def_properties VARCHAR[];
its_superclass _VARCHAR;
BEGIN

def_properties := UsedIn(ID,'PROPERTY_BSU','name_scope');

SELECT INTO the_Record c.rid FROM ITEM_CLASS_E c WHERE c.rid_BSU = Id;

IF FOUND THEN
 IF the_record.rid ISNULL THEN
  RETURN def_properties;
 ELSE
  its_superclass:=get_attribute(the_record.rid,'CLASS','its_superclass','CLASS_BSU','ENTITY_TYPE');

  IF NOT (its_superclass ISNULL) THEN
   def_properties := def_properties + pglsql_CLASS_BSU_known_visible_properties(get_rid(its_superclass[1])::INT8);
  END IF;

  properties := def_properties + caseof_imported_properties(the_record.rid); --included line that adds imported properties references

 END IF;

END IF;

 RETURN properties;
END;
$_$;


ALTER FUNCTION public.pglsql_class_bsu_known_visible_properties(bigint) OWNER TO postgres;

--
-- Name: pglsql_class_subclasses(bigint); Type: FUNCTION; Schema: public; Owner: postgres
--

CREATE FUNCTION pglsql_class_subclasses(bigint) RETURNS character varying[]
    LANGUAGE plpgsql
    AS $_$
DECLARE
ID ALIAS FOR $1;
The_record RECORD;
sql_query VARCHAR;
subclasses VARCHAR[];
BEGIN

SELECT INTO the_Record c.rid_bsu FROM CLASS_E c WHERE c.rid = Id;

IF FOUND THEN
 IF NOT (the_record.rid_bsu ISNULL) THEN
   subclasses := UsedIn(the_record.rid_bsu,'CLASS','its_superclass');
 END IF;

END IF;


 RETURN subclasses;
END;
$_$;


ALTER FUNCTION public.pglsql_class_subclasses(bigint) OWNER TO postgres;

--
-- Name: pglsql_class_subsomptionclasses(bigint); Type: FUNCTION; Schema: public; Owner: postgres
--

CREATE FUNCTION pglsql_class_subsomptionclasses(bigint) RETURNS character varying[]
    LANGUAGE plpgsql
    AS $_$
DECLARE
ID ALIAS FOR $1;
The_record RECORD;
sql_query VARCHAR;
subclasses VARCHAR[];
result_case_of_class VARCHAR[];
Aux VARCHAR[];
subclassesBSU VARCHAR[];
Nbre INT8;
BEGIN

 Aux := pglsql_class_subclasses(ID);
 subclasses := Aux;

 --RAISE NOTICE ' pglsql_class_subsomptionclasses :subclasses = %',subclasses;

SELECT INTO the_Record c.rid_bsu FROM CLASS_E c WHERE c.rid = Id;

  result_case_of_class := get_referencing_entities(get_Rid(the_Record.rid_bsu::VARCHAR),'ITEM_CLASS_CASE_OF.IS_CASE_OF');
  subclasses := subclasses + result_case_of_class;

-- RAISE NOTICE ' pglsql_class_subsomptionclasses :subclasses + result_case_of_class = %',subclasses;

 Nbre := dim(subclasses);
 FOR J IN 1..Nbre LOOP
   SELECT INTO the_Record c.rid_bsu FROM CLASS_E c WHERE c.rid = get_Rid(subclasses[J]);
  IF NOT (the_record.rid_bsu ISNULL) THEN
    subclassesBSU := subclassesBSU + the_record.rid_bsu::VARCHAR ;
  END IF;
 END LOOP;

 --RAISE NOTICE ' pglsql_class_subsomptionclasses :subclassesBSU  = %',subclassesBSU;

 RETURN subclassesBSU;
END;
$_$;


ALTER FUNCTION public.pglsql_class_subsomptionclasses(bigint) OWNER TO postgres;

--
-- Name: plpgsql_call_handler(); Type: FUNCTION; Schema: public; Owner: postgres
--

CREATE FUNCTION plpgsql_call_handler() RETURNS language_handler
    LANGUAGE c
    AS '$libdir/plpgsql', 'plpgsql_call_handler';


ALTER FUNCTION public.plpgsql_call_handler() OWNER TO postgres;

--
-- Name: plus_array_int8(bigint[], bigint[]); Type: FUNCTION; Schema: public; Owner: postgres
--

CREATE FUNCTION plus_array_int8(bigint[], bigint[]) RETURNS bigint[]
    LANGUAGE plpgsql
    AS $_$
DECLARE
ar1 ALIAS FOR $1;
ar2 ALIAS FOR $2;
ar   INT8[];
Nbre int4;
BEGIN

Nbre:=dim(ar1);

ar:=ar2;
IF Nbre IS NULL THEN Nbre :=0;
END IF;

FOR i IN 1..Nbre LOOP

ar:=ar+ar1[i];

END LOOP;

RETURN ar;

END;$_$;


ALTER FUNCTION public.plus_array_int8(bigint[], bigint[]) OWNER TO postgres;

--
-- Name: plus_array_varchar(character varying[], character varying[]); Type: FUNCTION; Schema: public; Owner: postgres
--

CREATE FUNCTION plus_array_varchar(character varying[], character varying[]) RETURNS character varying[]
    LANGUAGE plpgsql
    AS $_$
DECLARE
ar1 ALIAS FOR $1;
ar2 ALIAS FOR $2;
ar   VARCHAR[];
Nbre int4;
BEGIN

Nbre:=dim(ar2);

ar:=ar1;
IF Nbre IS NULL THEN Nbre :=0;
END IF;

FOR i IN 1..Nbre LOOP

ar:=ar+ar2[i];

END LOOP;

RETURN ar;

END;$_$;


ALTER FUNCTION public.plus_array_varchar(character varying[], character varying[]) OWNER TO postgres;

--
-- Name: plus_float8(double precision[], double precision); Type: FUNCTION; Schema: public; Owner: postgres
--

CREATE FUNCTION plus_float8(double precision[], double precision) RETURNS double precision[]
    LANGUAGE plpgsql
    AS $_$
DECLARE
 l_array ALIAS FOR $1;
 l_element  ALIAS FOR $2;
 AUX VARCHAR;
 TAB _VARCHAR;
BEGIN
 TAB := l_array;
 TAB:= plus_varchar(TAB,l_element::VARCHAR);
 AUX := TAB;
 RETURN AUX;
END;$_$;


ALTER FUNCTION public.plus_float8(double precision[], double precision) OWNER TO postgres;

--
-- Name: plus_int8(bigint[], bigint); Type: FUNCTION; Schema: public; Owner: postgres
--

CREATE FUNCTION plus_int8(bigint[], bigint) RETURNS bigint[]
    LANGUAGE plpgsql
    AS $_$
DECLARE
 l_array ALIAS FOR $1;
 l_element  ALIAS FOR $2;
 AUX VARCHAR;
 TAB _VARCHAR;
BEGIN
 TAB := l_array;
 TAB:= plus_varchar(TAB,l_element::VARCHAR);
 AUX := TAB;
 RETURN AUX;
END;$_$;


ALTER FUNCTION public.plus_int8(bigint[], bigint) OWNER TO postgres;

--
-- Name: plus_oid(oid[], oid); Type: FUNCTION; Schema: public; Owner: postgres
--

CREATE FUNCTION plus_oid(oid[], oid) RETURNS oid[]
    LANGUAGE plpgsql
    AS $_$
DECLARE
 l_array ALIAS FOR $1;
 l_element  ALIAS FOR $2;
 AUX VARCHAR;
 TAB _VARCHAR;
BEGIN
 TAB := l_array;
 TAB:= plus_varchar(TAB,l_element::VARCHAR);
 AUX := TAB;
 RETURN AUX;
 
END;$_$;


ALTER FUNCTION public.plus_oid(oid[], oid) OWNER TO postgres;

--
-- Name: plus_varchar(character varying[], character varying); Type: FUNCTION; Schema: public; Owner: postgres
--

CREATE FUNCTION plus_varchar(character varying[], character varying) RETURNS character varying[]
    LANGUAGE plpgsql
    AS $_$
DECLARE
l_array ALIAS FOR $1;
l_element  ALIAS FOR $2;
le_resultat _VARCHAR;
Aux  VARCHAR;
le_record RECORD;
Query VARCHAR;
BEGIN

 Aux := l_array;
 IF (char_length(AUX)<=2) AND NOT (l_element IS NULL) THEN
   AUX := '{'|| l_element||'}';
 ELSIF (AUX IS NULL) AND NOT (l_element IS NULL) THEN
   AUX := '{'|| l_element||'}';
 ELSE
   AUX :=substr(AUX,1, char_length(AUX) - 1) ||','||l_element||'}';
 END IF;


 RETURN AUX;
END;$_$;


ALTER FUNCTION public.plus_varchar(character varying[], character varying) OWNER TO postgres;

--
-- Name: plus_varchar_left(character varying, character varying[]); Type: FUNCTION; Schema: public; Owner: postgres
--

CREATE FUNCTION plus_varchar_left(character varying, character varying[]) RETURNS character varying[]
    LANGUAGE plpgsql
    AS $_$
DECLARE
l_element ALIAS FOR $1;
l_array  ALIAS FOR $2;
BEGIN
 RETURN plus_varchar(l_array,l_element);;
END;$_$;


ALTER FUNCTION public.plus_varchar_left(character varying, character varying[]) OWNER TO postgres;

--
-- Name: purge_properties(bigint, character varying[]); Type: FUNCTION; Schema: public; Owner: postgres
--

CREATE FUNCTION purge_properties(bigint, character varying[]) RETURNS character varying[]
    LANGUAGE plpgsql
    AS $_$
DECLARE
 p_bsu ALIAS FOR $1;
 properties     ALIAS FOR $2;
 result  VARCHAR[];
BEGIN

 FOR i IN 1..dim(properties) LOOP
  IF NOT is_xyz(p_bsu,properties[i]) THEN
    result := result + properties[i];
  END IF;
 END LOOP;
 --RAISE NOTICE 'purge_properties : result = %',result;
 RETURN result;
END;$_$;


ALTER FUNCTION public.purge_properties(bigint, character varying[]) OWNER TO postgres;

--
-- Name: removefromarray(character varying, character varying[]); Type: FUNCTION; Schema: public; Owner: postgres
--

CREATE FUNCTION removefromarray(character varying, character varying[]) RETURNS character varying[]
    LANGUAGE plpgsql
    AS $_$
DECLARE
l_element ALIAS FOR $1;
l_array ALIAS FOR $2;
la_reponse VARCHAR[];
Nbre INT8;
BEGIN
 Nbre := DIM(l_array);

    FOR I IN 1..Nbre LOOP
	IF l_array[i] <> l_element THEN
                la_reponse := la_reponse + l_array[i];
        END IF;
    END LOOP;

IF la_reponse ISNULL THEN
 la_reponse := '{}';
END IF;

RETURN la_reponse;
END; $_$;


ALTER FUNCTION public.removefromarray(character varying, character varying[]) OWNER TO postgres;

--
-- Name: removefromarray(bigint, bigint[]); Type: FUNCTION; Schema: public; Owner: postgres
--

CREATE FUNCTION removefromarray(bigint, bigint[]) RETURNS bigint[]
    LANGUAGE plpgsql
    AS $_$
DECLARE
l_element ALIAS FOR $1;
l_array ALIAS FOR $2;
Aux_Array VARCHAR[];
Aux_Varchar VARCHAR;
la_reponse INT8[];
Nbre INT8;
BEGIN
 Aux_Varchar := l_element;
 Aux_Array   := l_array;
 Aux_Array:= RemoveFromArray(Aux_Varchar,Aux_Array);
 la_reponse := Aux_Array;
RETURN la_reponse;
END; $_$;


ALTER FUNCTION public.removefromarray(bigint, bigint[]) OWNER TO postgres;

--
-- Name: removefromtable(character varying, character varying, character varying); Type: FUNCTION; Schema: public; Owner: postgres
--

CREATE FUNCTION removefromtable(character varying, character varying, character varying) RETURNS boolean
    LANGUAGE plpgsql
    AS $_$
DECLARE
Valeur       ALIAS FOR $1;
TableName  ALIAS FOR $2;
ColName  ALIAS FOR $3;
query VARCHAR;
BEGIN
 query :=' DELETE FROM '|| TableName||' WHERE '|| ColName || ' = '||valeur||';';

 EXECUTE query;

 RETURN TRUE;

END;$_$;


ALTER FUNCTION public.removefromtable(character varying, character varying, character varying) OWNER TO postgres;

--
-- Name: set_table_attribute(bigint, character varying, character varying, character varying); Type: FUNCTION; Schema: public; Owner: postgres
--

CREATE FUNCTION set_table_attribute(bigint, character varying, character varying, character varying) RETURNS boolean
    LANGUAGE plpgsql
    AS $_$
 DECLARE
 instance_rid ALIAS FOR $1; -- l_identifient du tuple dont on veut mettre a jour
 table_name ALIAS FOR $2;    -- le nom de la table
 attribute_name ALIAS FOR $3;  -- le nom de l_attribit a mettre a jour
 attribute_value ALIAS FOR $4; -- la valeur a inserer pour cet attribut
 sql_query VARCHAR; -- une chaine de caracteres qui contient une commande SQL
 the_record RECORD; -- un enrigistrement indefini permettant de stocker le resultat d_une requette
 exist INT4;
 BEGIN

       	IF attribute_value ISNULL THEN
		sql_query := 'UPDATE ' || table_name || ' SET ' || attribute_name || ' = null WHERE RID = ' || instance_rid || ' ;';
       	ELSE
		sql_query := 'UPDATE ' || table_name || ' SET ' || attribute_name || ' = '''|| attribute_value || '''
		WHERE RID = ' || instance_rid || ' ;';
	END IF;
--          RAISE NOTICE 'set_table_attribute :  instance_rid =  % table_name = %  attribute_name= % ',instance_rid,table_name,attribute_name;
--	  RAISE NOTICE 'set_table_attribute :  sql_query =  %',sql_query;
	  EXECUTE sql_query;
          GET DIAGNOSTICS exist:= ROW_COUNT;
          IF exist = 0 THEN
             RETURN FALSE;
          ELSE
             RETURN TRUE;
          END IF;

 END;$_$;


ALTER FUNCTION public.set_table_attribute(bigint, character varying, character varying, character varying) OWNER TO postgres;

--
-- Name: set_table_attribute(bigint, character varying, character varying, character varying[]); Type: FUNCTION; Schema: public; Owner: postgres
--

CREATE FUNCTION set_table_attribute(bigint, character varying, character varying, character varying[]) RETURNS boolean
    LANGUAGE plpgsql
    AS $_$
 DECLARE
 instance_rid ALIAS FOR $1; -- l_identifient du tuple dont on veut mettre a jour
 table_name ALIAS FOR $2;    -- le nom de la table
 attribute_name ALIAS FOR $3;  -- le nom de l_attribit a mettre a jour
 attribute_value ALIAS FOR $4; -- la valeur a inserer pour cet attribut
 sql_query VARCHAR; -- une chaine de caracteres qui contient une commande SQL
 the_record RECORD; -- un enrigistrement indefini permettant de stocker le resultat d_une requette
 exist INT4;
 BEGIN

       	IF attribute_value ISNULL THEN
		sql_query := 'UPDATE ' || table_name || ' SET ' || attribute_name || ' = null WHERE RID = ' || instance_rid || ' ;';
       	ELSE
		sql_query := 'UPDATE ' || table_name || ' SET ' || attribute_name || ' = ''|| attribute_value || ''
		WHERE RID = ' || instance_rid || ' ;';
	END IF;

	  EXECUTE sql_query;
          GET DIAGNOSTICS exist:= ROW_COUNT;
          IF exist = 0 THEN
             RETURN FALSE;
          ELSE
             RETURN TRUE;
          END IF;

 END;$_$;


ALTER FUNCTION public.set_table_attribute(bigint, character varying, character varying, character varying[]) OWNER TO postgres;

--
-- Name: table_association(character varying, character varying); Type: FUNCTION; Schema: public; Owner: postgres
--

CREATE FUNCTION table_association(character varying, character varying) RETURNS character varying
    LANGUAGE plpgsql
    AS $_$
DECLARE
entity_name ALIAS FOR $1;
attribute_name ALIAS FOR $2;
the_record RECORD;
BEGIN

 RETURN entity_name || '_2_'||attribute_name;

END;$_$;


ALTER FUNCTION public.table_association(character varying, character varying) OWNER TO postgres;

--
-- Name: tableau_int_to_tableau_varchar(bigint[]); Type: FUNCTION; Schema: public; Owner: postgres
--

CREATE FUNCTION tableau_int_to_tableau_varchar(bigint[]) RETURNS character varying[]
    LANGUAGE plpgsql
    AS $_$ DECLARE int_  ALIAS FOR $1;
	Tab _VARCHAR;
	BEGIN
	Tab:=int_;
 RETURN Tab;
 END; $_$;


ALTER FUNCTION public.tableau_int_to_tableau_varchar(bigint[]) OWNER TO postgres;

--
-- Name: type_table_name(character varying); Type: FUNCTION; Schema: public; Owner: postgres
--

CREATE FUNCTION type_table_name(character varying) RETURNS character varying
    LANGUAGE plpgsql
    AS $_$
DECLARE
type_name ALIAS FOR $1;
BEGIN
IF is_Entity(type_name) THEN
    RETURN type_name || '_e';
ELSIF is_Defined_type(type_name) THEN
    RETURN type_name || '_t';
ELSIF Is_enumeration_type(type_name)  THEN
    RETURN type_name || '_t';
ELSE
    RAISE NOTICE ' type_table_name TYPE % DOES NOT EXIST', type_name;
    RETURN NULL;
END IF;
END;$_$;


ALTER FUNCTION public.type_table_name(character varying) OWNER TO postgres;

--
-- Name: unset_value_attribute(bigint, character varying, character varying, character varying); Type: FUNCTION; Schema: public; Owner: postgres
--

CREATE FUNCTION unset_value_attribute(bigint, character varying, character varying, character varying) RETURNS boolean
    LANGUAGE plpgsql
    AS $_$
DECLARE
RID_          ALIAS FOR $1; -- le rid de l entite
EntityName   ALIAS FOR $2;  -- le nom de l entite
AttributName ALIAS FOR $3;  -- le nom de l attribut
val          ALIAS FOR $4;  -- la valeur a supprimer de l agregat .
TypeCategory VARCHAR;       -- type des elements de l agregat
res          BOOLEAN;
BEGIN
-- RAISE NOTICE 'unset_value_attribute';
TypeCategory := Get_aggregate_base_type(AttributName,EntityName);
IF is_Select_Type(TypeCategory) THEN
    res:=unset_value_attribute_vs_Type_Select(Rid_,EntityName,AttributName,val);
ELSIF ((is_Enumeration_Type(TypeCategory)) OR (TypeCategory <*'{ENUM_TYPE,NO_TYPE, NUMBER_TYPE, REAL_TYPE, INTEGER_TYPE, STRING_TYPE, BINARY_TYPE, LOGICAL_TYPE, BOOLEAN_TYPE, GENERIC_TYPE}')) THEN
  res:=unset_value_attribute_vs_Type_De_Base(Rid_,EntityName,AttributName,val);
ELSIF is_Entity(TypeCategory)THEN
  res:=unset_value_attribute_vs_Type_Entity(Rid_,EntityName,AttributName,val);
END IF;
RETURN res;
END;$_$;


ALTER FUNCTION public.unset_value_attribute(bigint, character varying, character varying, character varying) OWNER TO postgres;

--
-- Name: unset_value_attribute_vs_type_entity(bigint, character varying, character varying, character varying); Type: FUNCTION; Schema: public; Owner: postgres
--

CREATE FUNCTION unset_value_attribute_vs_type_entity(bigint, character varying, character varying, character varying) RETURNS boolean
    LANGUAGE plpgsql
    AS $_$
DECLARE
RID_          ALIAS FOR $1; -- le rid de l entite
EntityName   ALIAS FOR $2;  -- le nom de l entite
AttributName ALIAS FOR $3;  -- le nom de l attribut
val          ALIAS FOR $4;  -- la valeur a supprimer de l agregat .
RIDs         INT8[];        -- les rids a supprimer de la table des valeurs
TableValeur  VARCHAR;
TableName    VARCHAR;       -- le nom de la table de l entite
query        VARCHAR;       -- variable pour les requetes
Les_Rids     VARCHAR[];        --  l array de rids de l attribut
Ok BOOLEAN;
Le_rid     INT8;
tuple        RECORD;        -- variable pour recuperer les donnees des requetes
Aux VARCHAR;
BEGIN

   TableName := entity_table_name(EntityName);
   Les_Rids := Get_table_attribute(rid_,TableName, AttributName);

  TableValeur := get_Table_Aiguillage(EntityName, AttributName);
   query := 'SELECT rid AS valeur FROM ' || TableValeur || '
              WHERE rid_d = ' || get_Rid(val) || ' AND rid_s = '||RID_||';';

  --RAISE NOTICE 'query = % Les_Rids = %',query,Les_Rids;
  FOR tuple IN EXECUTE query LOOP
    le_rid := tuple.valeur;
  END LOOP;

   Les_Rids := RemoveFromArray(le_Rid::VARCHAR,Les_Rids);
   Aux := Les_Rids;

   Ok := UpdateTable(Aux,TableName,AttributName,Rid_);
   Ok := RemoveFromTable(get_Rid(val)::VARCHAR,TableValeur::VARCHAR,'rid_d');
   RETURN Ok;
  END; $_$;


ALTER FUNCTION public.unset_value_attribute_vs_type_entity(bigint, character varying, character varying, character varying) OWNER TO postgres;

--
-- Name: unset_value_attribute_vs_type_select(bigint, character varying, character varying, character varying); Type: FUNCTION; Schema: public; Owner: postgres
--

CREATE FUNCTION unset_value_attribute_vs_type_select(bigint, character varying, character varying, character varying) RETURNS boolean
    LANGUAGE plpgsql
    AS $_$
DECLARE
RID_          ALIAS FOR $1; -- le rid de l entite
EntityName   ALIAS FOR $2;  -- le nom de l entite
AttributName ALIAS FOR $3;  -- le nom de l attribut
val          ALIAS FOR $4;  -- la valeur a supprimer de l agregat .
TypeCategory VARCHAR;
RIDs         INT8[];        -- les rids a supprimer de la table des valeurs
Valeurs      VARCHAR[];     -- les valeurs effectives de l attribut
TableName    VARCHAR;       -- le nom de la table de l entite
TableValeur  VARCHAR;       -- le nom de la table de valeur de l agregat
query        VARCHAR;       -- variable pour les requetes
tuple        RECORD;        -- variable pour recuperer les donnees des requetes
Les_Rids     INT8[];        --  l array de rids de l attribut
Nbre         INT4;          --  variable pour les bornes max des boucles FOR
j            INT4;          --
Aux          INT8[];        -- tableau de rids pour sans les rids des valeurs a supprimer
query1       VARCHAR;
res          INT8;
value        VARCHAR;
TypeName     VARCHAR;
TypeNames    VARCHAR[];
BEGIN

   TableName := entity_table_name (EntityName);
   query := 'SELECT ' || AttributName || ' AS valeur FROM ' || TableName || '
              WHERE RID = ' || rid_ || ' ;';

  FOR tuple IN EXECUTE query LOOP
    Les_Rids := tuple.valeur;
  END LOOP;

 Valeurs :=get_attribute(RID_,EntityName,AttributName);
 j:=1;
 Aux:='{}';
 TypeNames:='{}';
 Nbre:=Dim(Les_Rids);

 IF Nbre IS NULL THEN
   Nbre:=0;
  END IF;

 FOR i IN 1..Nbre LOOP

  IF Les_Rids[i]=0 THEN
     Aux:=Aux + 0;
    ELSE
  BEGIN
  TypeName:=SUBSTRING(Valeurs[j] FROM 1 FOR position('(' in Valeurs[j])-1);
  value:=SUBSTRING(Valeurs[j] FROM  (position('(' in Valeurs[j])+1));         -- on recupere le rid
  Value:=SUBSTRING(Value FROM 1 FOR position(')' in Value)-1);

   IF val=Value THEN
     BEGIN
      Rids:=Rids+ Les_Rids[i];
      TypeNames:=TypeNames+TypeName;
      Aux:=Aux  + 0;
      j:=j+1;
     END;
    ELSE
     BEGIN
      Aux:=Aux + Les_Rids[i];
      j:=j+1;
     END;
   END IF;
  END;
  END IF;

 END LOOP;

 TableValeur:=get_Table_Aiguillage(EntityName,AttributName);
 IF Exist_Table(TableValeur) THEN

   Nbre:=Dim(Rids);
   IF Nbre IS NULL THEN
     Nbre:=0;
   END IF;

   -- on supprime les valeurs dans la tables de valeurs de types du select.
   -- sauf pour les types enumerations et types entites.
   FOR i IN 1..Nbre LOOP

    IF Not is_Enumeration_Type(TypeNames[i]) THEN  --si c est pas un typ enumeration.

     query:='SELECT Rid_D FROM '||TableValeur||' WHERE RID ='||Rids[i]||';' ; -- on recupere son rid dans la table d aiguillage

     FOR tuple IN EXECUTE query LOOP
      Query1:='DELETE FROM '||type_table_name(TypeNames[i])||' WHERE RID = '||tuple.Rid_D||';' ; -- on supprime !
      EXECUTE query1;
     END LOOP;

    END IF;

   END LOOP;

   res:=Delete_Array_Element_From_Table(Rids,TableValeur);-- on supprime les valeurs de la table d aiguillage

 END IF;


-- on met a jour l array de rid de la colonne de l attribut
query:='UPDATE '|| TableName|| '  SET '||AttributName ||' = '||quote_literal(To_varchar(Aux))||' WHERE RID ='||RID_||';';

IF query is NOT NULL THEN
  EXECUTE query;
 END IF;

RETURN NULL;
END;$_$;


ALTER FUNCTION public.unset_value_attribute_vs_type_select(bigint, character varying, character varying, character varying) OWNER TO postgres;

--
-- Name: updatetable(character varying, character varying, character varying, bigint); Type: FUNCTION; Schema: public; Owner: postgres
--

CREATE FUNCTION updatetable(character varying, character varying, character varying, bigint) RETURNS boolean
    LANGUAGE plpgsql
    AS $_$
DECLARE
 Valeur    ALIAS FOR $1;
 TableName ALIAS FOR $2;
 ColName   ALIAS FOR $3;
 RID       ALIAS FOR $4;
 Query VARCHAR;
BEGIN
--RAISE NOTICE 'Valeur = % TableName = % ColName = % RID = %',Valeur,TableName,ColName,RID;
 Query :='UPDATE '|| TableName||' SET '|| ColName || ' = '''||valeur||''' WHERE rid = '||rid||';';

 --RAISE NOTICE 'query = %',query;

 EXECUTE query;

 RETURN TRUE;

END;$_$;


ALTER FUNCTION public.updatetable(character varying, character varying, character varying, bigint) OWNER TO postgres;

--
-- Name: usedin(bigint, character varying, character varying); Type: FUNCTION; Schema: public; Owner: postgres
--

CREATE FUNCTION usedin(bigint, character varying, character varying) RETURNS character varying[]
    LANGUAGE plpgsql
    AS $_$
DECLARE
Rid            ALIAS FOR $1;   -- le rid de l entite
Entity_Name         ALIAS FOR $2;   -- le nom de l entite
Attribut_Name  ALIAS FOR $3;   -- le nom de l attribut
Table_Name     VARCHAR;
T_Ref          VARCHAR[];      -- tableau pour continir les noms des entites
the_record     record;
requete        VARCHAR;        -- var. pour les requetes sql.
valeur         VARCHAR;
BEGIN


Table_Name:=table_Association(Entity_Name,Attribut_Name);-- on recupere le nom de la table d aiguillage

 Requete:=' SELECT Rid_S,TableName_S FROM '|| Table_Name ||' WHERE  Rid_D ='|| Rid; -- la requete
 --raise notice ' La requete %',requete;
 FOR the_record IN EXECUTE Requete LOOP             -- on parcourt les resultats de la requete
    valeur:=the_record.Rid_S||'#'||the_Record.TableName_S;
     T_ref:=T_ref+valeur;                           -- on construit le tableau de nom des entites.
 END LOOP;

RETURN T_ref;


END;$_$;


ALTER FUNCTION public.usedin(bigint, character varying, character varying) OWNER TO postgres;

--
-- Name: varchar_2_int8(character varying); Type: FUNCTION; Schema: public; Owner: postgres
--

CREATE FUNCTION varchar_2_int8(character varying) RETURNS bigint
    LANGUAGE plpgsql
    AS $_$
DECLARE
 Valeur    ALIAS FOR $1;
 Aux       INT8;
BEGIN
 Aux := Valeur;
 RETURN Aux;
END;$_$;


ALTER FUNCTION public.varchar_2_int8(character varying) OWNER TO postgres;

--
-- Name: +; Type: OPERATOR; Schema: public; Owner: postgres
--

CREATE OPERATOR + (
    PROCEDURE = plus_oid,
    LEFTARG = oid[],
    RIGHTARG = oid,
    COMMUTATOR = +
);


ALTER OPERATOR public.+ (oid[], oid) OWNER TO postgres;

--
-- Name: +; Type: OPERATOR; Schema: public; Owner: postgres
--

CREATE OPERATOR + (
    PROCEDURE = plus_varchar,
    LEFTARG = character varying[],
    RIGHTARG = character varying,
    COMMUTATOR = +
);


ALTER OPERATOR public.+ (character varying[], character varying) OWNER TO postgres;

--
-- Name: +; Type: OPERATOR; Schema: public; Owner: postgres
--

CREATE OPERATOR + (
    PROCEDURE = plus_array_varchar,
    LEFTARG = character varying[],
    RIGHTARG = character varying[],
    COMMUTATOR = +
);


ALTER OPERATOR public.+ (character varying[], character varying[]) OWNER TO postgres;

--
-- Name: +; Type: OPERATOR; Schema: public; Owner: postgres
--

CREATE OPERATOR + (
    PROCEDURE = plus_int8,
    LEFTARG = bigint[],
    RIGHTARG = bigint,
    COMMUTATOR = +
);


ALTER OPERATOR public.+ (bigint[], bigint) OWNER TO postgres;

--
-- Name: +; Type: OPERATOR; Schema: public; Owner: postgres
--

CREATE OPERATOR + (
    PROCEDURE = plus_array_int8,
    LEFTARG = bigint[],
    RIGHTARG = bigint[],
    COMMUTATOR = +
);


ALTER OPERATOR public.+ (bigint[], bigint[]) OWNER TO postgres;

--
-- Name: +; Type: OPERATOR; Schema: public; Owner: postgres
--

CREATE OPERATOR + (
    PROCEDURE = plus_float8,
    LEFTARG = double precision[],
    RIGHTARG = double precision,
    COMMUTATOR = +
);


ALTER OPERATOR public.+ (double precision[], double precision) OWNER TO postgres;

--
-- Name: <*; Type: OPERATOR; Schema: public; Owner: postgres
--

CREATE OPERATOR <* (
    PROCEDURE = array_varchareq,
    LEFTARG = character varying,
    RIGHTARG = character varying[]
);


ALTER OPERATOR public.<* (character varying, character varying[]) OWNER TO postgres;

--
-- Name: <*; Type: OPERATOR; Schema: public; Owner: postgres
--

CREATE OPERATOR <* (
    PROCEDURE = array_oideq,
    LEFTARG = oid,
    RIGHTARG = oid[]
);


ALTER OPERATOR public.<* (oid, oid[]) OWNER TO postgres;

--
-- Name: <*; Type: OPERATOR; Schema: public; Owner: postgres
--

CREATE OPERATOR <* (
    PROCEDURE = array_int8eq,
    LEFTARG = bigint,
    RIGHTARG = bigint[]
);


ALTER OPERATOR public.<* (bigint, bigint[]) OWNER TO postgres;

--
-- Name: <*; Type: OPERATOR; Schema: public; Owner: postgres
--

CREATE OPERATOR <* (
    PROCEDURE = array_float8eq,
    LEFTARG = double precision,
    RIGHTARG = double precision[]
);


ALTER OPERATOR public.<* (double precision, double precision[]) OWNER TO postgres;

--
-- Name: =; Type: OPERATOR; Schema: public; Owner: postgres
--

CREATE OPERATOR = (
    PROCEDURE = equal_bigint_varchar,
    LEFTARG = bigint,
    RIGHTARG = text,
    COMMUTATOR = =,
    NEGATOR = <>
);


ALTER OPERATOR public.= (bigint, text) OWNER TO postgres;

SET default_tablespace = '';

SET default_with_oids = false;

--
-- Name: root_table_entity; Type: TABLE; Schema: public; Owner: postgres; Tablespace: 
--

CREATE TABLE root_table_entity (
    rid bigint NOT NULL
);


ALTER TABLE public.root_table_entity OWNER TO postgres;

--
-- Name: external_item_e; Type: TABLE; Schema: public; Owner: postgres; Tablespace: 
--

CREATE TABLE external_item_e (
    used_protocol bigint,
    content bigint,
    rid_bsu bigint,
    tablename_bsu character varying
)
INHERITS (root_table_entity);


ALTER TABLE public.external_item_e OWNER TO postgres;

--
-- Name: class_extension_external_item_e; Type: TABLE; Schema: public; Owner: postgres; Tablespace: 
--

CREATE TABLE class_extension_external_item_e (
    code character varying
)
INHERITS (external_item_e);


ALTER TABLE public.class_extension_external_item_e OWNER TO postgres;

--
-- Name: dialogue_resource_e; Type: TABLE; Schema: public; Owner: postgres; Tablespace: 
--

CREATE TABLE dialogue_resource_e (
)
INHERITS (class_extension_external_item_e);


ALTER TABLE public.dialogue_resource_e OWNER TO postgres;

--
-- Name: graphics_e; Type: TABLE; Schema: public; Owner: postgres; Tablespace: 
--

CREATE TABLE graphics_e (
)
INHERITS (root_table_entity);


ALTER TABLE public.graphics_e OWNER TO postgres;

--
-- Name: illustration_e; Type: TABLE; Schema: public; Owner: postgres; Tablespace: 
--

CREATE TABLE illustration_e (
    kind_of_content bigint,
    width bigint,
    height bigint
)
INHERITS (dialogue_resource_e, graphics_e);


ALTER TABLE public.illustration_e OWNER TO postgres;

--
-- Name: a6_illustration_e; Type: TABLE; Schema: public; Owner: postgres; Tablespace: 
--

CREATE TABLE a6_illustration_e (
)
INHERITS (illustration_e);


ALTER TABLE public.a6_illustration_e OWNER TO postgres;

--
-- Name: a9_illustration_e; Type: TABLE; Schema: public; Owner: postgres; Tablespace: 
--

CREATE TABLE a9_illustration_e (
)
INHERITS (illustration_e);


ALTER TABLE public.a9_illustration_e OWNER TO postgres;

--
-- Name: root_table_association; Type: TABLE; Schema: public; Owner: postgres; Tablespace: 
--

CREATE TABLE root_table_association (
    rid bigint NOT NULL,
    rid_s bigint,
    tablename_s character varying,
    rid_d bigint,
    tablename_d character varying
);


ALTER TABLE public.root_table_association OWNER TO postgres;

--
-- Name: a_posteriori_case_of_2_corresponding_properties; Type: TABLE; Schema: public; Owner: postgres; Tablespace: 
--

CREATE TABLE a_posteriori_case_of_2_corresponding_properties (
)
INHERITS (root_table_association);


ALTER TABLE public.a_posteriori_case_of_2_corresponding_properties OWNER TO postgres;

--
-- Name: a_posteriori_case_of_2_is_case_of; Type: TABLE; Schema: public; Owner: postgres; Tablespace: 
--

CREATE TABLE a_posteriori_case_of_2_is_case_of (
)
INHERITS (root_table_association);


ALTER TABLE public.a_posteriori_case_of_2_is_case_of OWNER TO postgres;

--
-- Name: a_posteriori_case_of_2_source; Type: TABLE; Schema: public; Owner: postgres; Tablespace: 
--

CREATE TABLE a_posteriori_case_of_2_source (
)
INHERITS (root_table_association);


ALTER TABLE public.a_posteriori_case_of_2_source OWNER TO postgres;

--
-- Name: a_posteriori_semantic_relationship_e; Type: TABLE; Schema: public; Owner: postgres; Tablespace: 
--

CREATE TABLE a_posteriori_semantic_relationship_e (
)
INHERITS (root_table_entity);


ALTER TABLE public.a_posteriori_semantic_relationship_e OWNER TO postgres;

--
-- Name: a_posteriori_case_of_e; Type: TABLE; Schema: public; Owner: postgres; Tablespace: 
--

CREATE TABLE a_posteriori_case_of_e (
    source bigint,
    is_case_of bigint,
    corresponding_properties bigint[]
)
INHERITS (a_posteriori_semantic_relationship_e);


ALTER TABLE public.a_posteriori_case_of_e OWNER TO postgres;

--
-- Name: a_posteriori_view_of_2_corresponding_properties; Type: TABLE; Schema: public; Owner: postgres; Tablespace: 
--

CREATE TABLE a_posteriori_view_of_2_corresponding_properties (
)
INHERITS (root_table_association);


ALTER TABLE public.a_posteriori_view_of_2_corresponding_properties OWNER TO postgres;

--
-- Name: a_posteriori_view_of_2_functional_model; Type: TABLE; Schema: public; Owner: postgres; Tablespace: 
--

CREATE TABLE a_posteriori_view_of_2_functional_model (
)
INHERITS (root_table_association);


ALTER TABLE public.a_posteriori_view_of_2_functional_model OWNER TO postgres;

--
-- Name: a_posteriori_view_of_2_is_view_of; Type: TABLE; Schema: public; Owner: postgres; Tablespace: 
--

CREATE TABLE a_posteriori_view_of_2_is_view_of (
)
INHERITS (root_table_association);


ALTER TABLE public.a_posteriori_view_of_2_is_view_of OWNER TO postgres;

--
-- Name: a_posteriori_view_of_e; Type: TABLE; Schema: public; Owner: postgres; Tablespace: 
--

CREATE TABLE a_posteriori_view_of_e (
    functional_model bigint,
    is_view_of bigint,
    corresponding_properties bigint[]
)
INHERITS (a_posteriori_semantic_relationship_e);


ALTER TABLE public.a_posteriori_view_of_e OWNER TO postgres;

--
-- Name: a_priori_semantic_relationship_2_referenced_classes; Type: TABLE; Schema: public; Owner: postgres; Tablespace: 
--

CREATE TABLE a_priori_semantic_relationship_2_referenced_classes (
)
INHERITS (root_table_association);


ALTER TABLE public.a_priori_semantic_relationship_2_referenced_classes OWNER TO postgres;

--
-- Name: a_priori_semantic_relationship_2_referenced_data_types; Type: TABLE; Schema: public; Owner: postgres; Tablespace: 
--

CREATE TABLE a_priori_semantic_relationship_2_referenced_data_types (
)
INHERITS (root_table_association);


ALTER TABLE public.a_priori_semantic_relationship_2_referenced_data_types OWNER TO postgres;

--
-- Name: a_priori_semantic_relationship_2_referenced_documents; Type: TABLE; Schema: public; Owner: postgres; Tablespace: 
--

CREATE TABLE a_priori_semantic_relationship_2_referenced_documents (
)
INHERITS (root_table_association);


ALTER TABLE public.a_priori_semantic_relationship_2_referenced_documents OWNER TO postgres;

--
-- Name: a_priori_semantic_relationship_2_referenced_properties; Type: TABLE; Schema: public; Owner: postgres; Tablespace: 
--

CREATE TABLE a_priori_semantic_relationship_2_referenced_properties (
)
INHERITS (root_table_association);


ALTER TABLE public.a_priori_semantic_relationship_2_referenced_properties OWNER TO postgres;

--
-- Name: a_priori_semantic_relationship_2_referenced_tables; Type: TABLE; Schema: public; Owner: postgres; Tablespace: 
--

CREATE TABLE a_priori_semantic_relationship_2_referenced_tables (
)
INHERITS (root_table_association);


ALTER TABLE public.a_priori_semantic_relationship_2_referenced_tables OWNER TO postgres;

--
-- Name: dictionary_element_e; Type: TABLE; Schema: public; Owner: postgres; Tablespace: 
--

CREATE TABLE dictionary_element_e (
    identified_by bigint,
    time_stamps bigint,
    revision character varying,
    rid_bsu bigint,
    tablename_bsu character varying
)
INHERITS (root_table_entity);


ALTER TABLE public.dictionary_element_e OWNER TO postgres;

--
-- Name: class_and_property_elements_e; Type: TABLE; Schema: public; Owner: postgres; Tablespace: 
--

CREATE TABLE class_and_property_elements_e (
    names bigint,
    definition bigint,
    source_doc_of_definition bigint,
    note bigint,
    remark bigint
)
INHERITS (dictionary_element_e);


ALTER TABLE public.class_and_property_elements_e OWNER TO postgres;

--
-- Name: class_e; Type: TABLE; Schema: public; Owner: postgres; Tablespace: 
--

CREATE TABLE class_e (
    its_superclass bigint,
    described_by bigint[],
    defined_types bigint[]
)
INHERITS (class_and_property_elements_e);


ALTER TABLE public.class_e OWNER TO postgres;

--
-- Name: a_priori_semantic_relationship_e; Type: TABLE; Schema: public; Owner: postgres; Tablespace: 
--

CREATE TABLE a_priori_semantic_relationship_e (
    referenced_classes bigint[],
    referenced_properties bigint[],
    referenced_data_types bigint[],
    referenced_tables bigint[],
    referenced_documents bigint[]
)
INHERITS (class_e);


ALTER TABLE public.a_priori_semantic_relationship_e OWNER TO postgres;

--
-- Name: root_table_defined_type; Type: TABLE; Schema: public; Owner: postgres; Tablespace: 
--

CREATE TABLE root_table_defined_type (
    rid bigint NOT NULL
);


ALTER TABLE public.root_table_defined_type OWNER TO postgres;

--
-- Name: absolute_url_type_t; Type: TABLE; Schema: public; Owner: postgres; Tablespace: 
--

CREATE TABLE absolute_url_type_t (
    value character varying
)
INHERITS (root_table_defined_type);


ALTER TABLE public.absolute_url_type_t OWNER TO postgres;

--
-- Name: abstract_functional_model_class_2_case_of; Type: TABLE; Schema: public; Owner: postgres; Tablespace: 
--

CREATE TABLE abstract_functional_model_class_2_case_of (
)
INHERITS (root_table_association);


ALTER TABLE public.abstract_functional_model_class_2_case_of OWNER TO postgres;

--
-- Name: abstract_functional_model_class_2_created_view; Type: TABLE; Schema: public; Owner: postgres; Tablespace: 
--

CREATE TABLE abstract_functional_model_class_2_created_view (
)
INHERITS (root_table_association);


ALTER TABLE public.abstract_functional_model_class_2_created_view OWNER TO postgres;

--
-- Name: abstract_functional_model_class_2_imported_documents_from_model; Type: TABLE; Schema: public; Owner: postgres; Tablespace: 
--

CREATE TABLE abstract_functional_model_class_2_imported_documents_from_model (
)
INHERITS (root_table_association);


ALTER TABLE public.abstract_functional_model_class_2_imported_documents_from_model OWNER TO postgres;

--
-- Name: abstract_functional_model_class_2_imported_documents_from_view; Type: TABLE; Schema: public; Owner: postgres; Tablespace: 
--

CREATE TABLE abstract_functional_model_class_2_imported_documents_from_view (
)
INHERITS (root_table_association);


ALTER TABLE public.abstract_functional_model_class_2_imported_documents_from_view OWNER TO postgres;

--
-- Name: abstract_functional_model_class_2_imported_properties_from_mode; Type: TABLE; Schema: public; Owner: postgres; Tablespace: 
--

CREATE TABLE abstract_functional_model_class_2_imported_properties_from_mode (
)
INHERITS (root_table_association);


ALTER TABLE public.abstract_functional_model_class_2_imported_properties_from_mode OWNER TO postgres;

--
-- Name: abstract_functional_model_class_2_imported_properties_from_view; Type: TABLE; Schema: public; Owner: postgres; Tablespace: 
--

CREATE TABLE abstract_functional_model_class_2_imported_properties_from_view (
)
INHERITS (root_table_association);


ALTER TABLE public.abstract_functional_model_class_2_imported_properties_from_view OWNER TO postgres;

--
-- Name: abstract_functional_model_class_2_imported_tables_from_models; Type: TABLE; Schema: public; Owner: postgres; Tablespace: 
--

CREATE TABLE abstract_functional_model_class_2_imported_tables_from_models (
)
INHERITS (root_table_association);


ALTER TABLE public.abstract_functional_model_class_2_imported_tables_from_models OWNER TO postgres;

--
-- Name: abstract_functional_model_class_2_imported_tables_from_view; Type: TABLE; Schema: public; Owner: postgres; Tablespace: 
--

CREATE TABLE abstract_functional_model_class_2_imported_tables_from_view (
)
INHERITS (root_table_association);


ALTER TABLE public.abstract_functional_model_class_2_imported_tables_from_view OWNER TO postgres;

--
-- Name: abstract_functional_model_class_2_imported_types_from_models; Type: TABLE; Schema: public; Owner: postgres; Tablespace: 
--

CREATE TABLE abstract_functional_model_class_2_imported_types_from_models (
)
INHERITS (root_table_association);


ALTER TABLE public.abstract_functional_model_class_2_imported_types_from_models OWNER TO postgres;

--
-- Name: abstract_functional_model_class_2_imported_types_from_view; Type: TABLE; Schema: public; Owner: postgres; Tablespace: 
--

CREATE TABLE abstract_functional_model_class_2_imported_types_from_view (
)
INHERITS (root_table_association);


ALTER TABLE public.abstract_functional_model_class_2_imported_types_from_view OWNER TO postgres;

--
-- Name: abstract_functional_model_class_2_v_c_v_range; Type: TABLE; Schema: public; Owner: postgres; Tablespace: 
--

CREATE TABLE abstract_functional_model_class_2_v_c_v_range (
)
INHERITS (root_table_association);


ALTER TABLE public.abstract_functional_model_class_2_v_c_v_range OWNER TO postgres;

--
-- Name: abstract_functional_model_class_e; Type: TABLE; Schema: public; Owner: postgres; Tablespace: 
--

CREATE TABLE abstract_functional_model_class_e (
    created_view bigint,
    v_c_v_range bigint[],
    imported_properties_from_view bigint[],
    imported_types_from_view bigint[],
    imported_tables_from_view bigint[],
    imported_documents_from_view bigint[],
    case_of bigint[],
    imported_properties_from_models bigint[],
    imported_types_from_models bigint[],
    imported_tables_from_models bigint[],
    imported_documents_from_models bigint[]
)
INHERITS (class_e);


ALTER TABLE public.abstract_functional_model_class_e OWNER TO postgres;

--
-- Name: address_e; Type: TABLE; Schema: public; Owner: postgres; Tablespace: 
--

CREATE TABLE address_e (
    internal_location character varying,
    street_number character varying,
    street character varying,
    postal_box character varying,
    town character varying,
    region character varying,
    postal_code character varying,
    country character varying,
    facsimile_number character varying,
    telephone_number character varying,
    electronic_mail_address character varying,
    telex_number character varying
)
INHERITS (root_table_entity);


ALTER TABLE public.address_e OWNER TO postgres;

--
-- Name: aggregate_entity_instance_value_2_the_value; Type: TABLE; Schema: public; Owner: postgres; Tablespace: 
--

CREATE TABLE aggregate_entity_instance_value_2_the_value (
)
INHERITS (root_table_association);


ALTER TABLE public.aggregate_entity_instance_value_2_the_value OWNER TO postgres;

--
-- Name: uncontrolled_entity_instance_value_e; Type: TABLE; Schema: public; Owner: postgres; Tablespace: 
--

CREATE TABLE uncontrolled_entity_instance_value_e (
)
INHERITS (root_table_entity);


ALTER TABLE public.uncontrolled_entity_instance_value_e OWNER TO postgres;

--
-- Name: aggregate_entity_instance_value_e; Type: TABLE; Schema: public; Owner: postgres; Tablespace: 
--

CREATE TABLE aggregate_entity_instance_value_e (
    the_value bigint
)
INHERITS (uncontrolled_entity_instance_value_e);


ALTER TABLE public.aggregate_entity_instance_value_e OWNER TO postgres;

--
-- Name: aggregate_info_2_element_type; Type: TABLE; Schema: public; Owner: postgres; Tablespace: 
--

CREATE TABLE aggregate_info_2_element_type (
)
INHERITS (root_table_association);


ALTER TABLE public.aggregate_info_2_element_type OWNER TO postgres;

--
-- Name: type_info_e; Type: TABLE; Schema: public; Owner: postgres; Tablespace: 
--

CREATE TABLE type_info_e (
    obj bigint,
    category bigint
)
INHERITS (root_table_entity);


ALTER TABLE public.type_info_e OWNER TO postgres;

--
-- Name: aggregate_info_e; Type: TABLE; Schema: public; Owner: postgres; Tablespace: 
--

CREATE TABLE aggregate_info_e (
    is_unique boolean,
    is_optional boolean,
    bound_1 bigint,
    bound_2 bigint,
    element_type bigint
)
INHERITS (type_info_e);


ALTER TABLE public.aggregate_info_e OWNER TO postgres;

--
-- Name: aggregate_type_2_value_type; Type: TABLE; Schema: public; Owner: postgres; Tablespace: 
--

CREATE TABLE aggregate_type_2_value_type (
)
INHERITS (root_table_association);


ALTER TABLE public.aggregate_type_2_value_type OWNER TO postgres;

--
-- Name: aggregate_type_e; Type: TABLE; Schema: public; Owner: postgres; Tablespace: 
--

CREATE TABLE aggregate_type_e (
    bound_1 bigint,
    bound_2 bigint,
    value_type bigint
)
INHERITS (root_table_entity);


ALTER TABLE public.aggregate_type_e OWNER TO postgres;

--
-- Name: root_table_select; Type: TABLE; Schema: public; Owner: postgres; Tablespace: 
--

CREATE TABLE root_table_select (
    rid bigint NOT NULL,
    rid_s bigint,
    tablename_s character varying,
    rid_d bigint,
    tablename_d character varying
);


ALTER TABLE public.root_table_select OWNER TO postgres;

--
-- Name: aggregate_value_2_values; Type: TABLE; Schema: public; Owner: postgres; Tablespace: 
--

CREATE TABLE aggregate_value_2_values (
)
INHERITS (root_table_select);


ALTER TABLE public.aggregate_value_2_values OWNER TO postgres;

--
-- Name: aggregate_value_e; Type: TABLE; Schema: public; Owner: postgres; Tablespace: 
--

CREATE TABLE aggregate_value_e (
    "values" bigint[]
)
INHERITS (root_table_entity);


ALTER TABLE public.aggregate_value_e OWNER TO postgres;

--
-- Name: ahead_or_behind_t; Type: TABLE; Schema: public; Owner: postgres; Tablespace: 
--

CREATE TABLE ahead_or_behind_t (
    element character varying,
    rang integer
)
INHERITS (root_table_defined_type);


ALTER TABLE public.ahead_or_behind_t OWNER TO postgres;

--
-- Name: amount_of_substance_measure_t; Type: TABLE; Schema: public; Owner: postgres; Tablespace: 
--

CREATE TABLE amount_of_substance_measure_t (
    value double precision
)
INHERITS (root_table_defined_type);


ALTER TABLE public.amount_of_substance_measure_t OWNER TO postgres;

--
-- Name: application_context_e; Type: TABLE; Schema: public; Owner: postgres; Tablespace: 
--

CREATE TABLE application_context_e (
    application character varying
)
INHERITS (root_table_entity);


ALTER TABLE public.application_context_e OWNER TO postgres;

--
-- Name: application_context_element_2_frame_of_reference; Type: TABLE; Schema: public; Owner: postgres; Tablespace: 
--

CREATE TABLE application_context_element_2_frame_of_reference (
)
INHERITS (root_table_association);


ALTER TABLE public.application_context_element_2_frame_of_reference OWNER TO postgres;

--
-- Name: application_context_element_e; Type: TABLE; Schema: public; Owner: postgres; Tablespace: 
--

CREATE TABLE application_context_element_e (
    name character varying,
    frame_of_reference bigint
)
INHERITS (root_table_entity);


ALTER TABLE public.application_context_element_e OWNER TO postgres;

--
-- Name: application_info_2_schemas; Type: TABLE; Schema: public; Owner: postgres; Tablespace: 
--

CREATE TABLE application_info_2_schemas (
)
INHERITS (root_table_association);


ALTER TABLE public.application_info_2_schemas OWNER TO postgres;

--
-- Name: application_info_e; Type: TABLE; Schema: public; Owner: postgres; Tablespace: 
--

CREATE TABLE application_info_e (
    name character varying,
    schemas bigint[]
)
INHERITS (root_table_entity);


ALTER TABLE public.application_info_e OWNER TO postgres;

--
-- Name: application_protocol_definition_2_application; Type: TABLE; Schema: public; Owner: postgres; Tablespace: 
--

CREATE TABLE application_protocol_definition_2_application (
)
INHERITS (root_table_association);


ALTER TABLE public.application_protocol_definition_2_application OWNER TO postgres;

--
-- Name: application_protocol_definition_e; Type: TABLE; Schema: public; Owner: postgres; Tablespace: 
--

CREATE TABLE application_protocol_definition_e (
    status character varying,
    application_interpreted_model_schema_name character varying,
    application_protocol_year bigint,
    application bigint
)
INHERITS (root_table_entity);


ALTER TABLE public.application_protocol_definition_e OWNER TO postgres;

--
-- Name: area_measure_t; Type: TABLE; Schema: public; Owner: postgres; Tablespace: 
--

CREATE TABLE area_measure_t (
    value double precision
)
INHERITS (root_table_defined_type);


ALTER TABLE public.area_measure_t OWNER TO postgres;

--
-- Name: array_type_e; Type: TABLE; Schema: public; Owner: postgres; Tablespace: 
--

CREATE TABLE array_type_e (
    uniqueness boolean,
    are_optional boolean
)
INHERITS (aggregate_type_e);


ALTER TABLE public.array_type_e OWNER TO postgres;

--
-- Name: array_value_cartesian_point_coordinates; Type: TABLE; Schema: public; Owner: postgres; Tablespace: 
--

CREATE TABLE array_value_cartesian_point_coordinates (
    rid bigint NOT NULL,
    value double precision
);


ALTER TABLE public.array_value_cartesian_point_coordinates OWNER TO postgres;

--
-- Name: array_value_cartesian_point_coordinates_rid_seq; Type: SEQUENCE; Schema: public; Owner: postgres
--

CREATE SEQUENCE array_value_cartesian_point_coordinates_rid_seq
    INCREMENT BY 1
    NO MINVALUE
    NO MAXVALUE
    CACHE 1;


ALTER TABLE public.array_value_cartesian_point_coordinates_rid_seq OWNER TO postgres;

--
-- Name: array_value_cartesian_point_coordinates_rid_seq; Type: SEQUENCE OWNED BY; Schema: public; Owner: postgres
--

ALTER SEQUENCE array_value_cartesian_point_coordinates_rid_seq OWNED BY array_value_cartesian_point_coordinates.rid;


--
-- Name: array_value_direction_direction_ratios; Type: TABLE; Schema: public; Owner: postgres; Tablespace: 
--

CREATE TABLE array_value_direction_direction_ratios (
    rid bigint NOT NULL,
    value double precision
);


ALTER TABLE public.array_value_direction_direction_ratios OWNER TO postgres;

--
-- Name: array_value_direction_direction_ratios_rid_seq; Type: SEQUENCE; Schema: public; Owner: postgres
--

CREATE SEQUENCE array_value_direction_direction_ratios_rid_seq
    INCREMENT BY 1
    NO MINVALUE
    NO MAXVALUE
    CACHE 1;


ALTER TABLE public.array_value_direction_direction_ratios_rid_seq OWNER TO postgres;

--
-- Name: array_value_direction_direction_ratios_rid_seq; Type: SEQUENCE OWNED BY; Schema: public; Owner: postgres
--

ALTER SEQUENCE array_value_direction_direction_ratios_rid_seq OWNED BY array_value_direction_direction_ratios.rid;


--
-- Name: array_value_document_element_with_translated_http_access_remote; Type: TABLE; Schema: public; Owner: postgres; Tablespace: 
--

CREATE TABLE array_value_document_element_with_translated_http_access_remote (
    rid bigint NOT NULL,
    value character varying
);


ALTER TABLE public.array_value_document_element_with_translated_http_access_remote OWNER TO postgres;

--
-- Name: array_value_document_element_with_translated_http_acces_rid_seq; Type: SEQUENCE; Schema: public; Owner: postgres
--

CREATE SEQUENCE array_value_document_element_with_translated_http_acces_rid_seq
    INCREMENT BY 1
    NO MINVALUE
    NO MAXVALUE
    CACHE 1;


ALTER TABLE public.array_value_document_element_with_translated_http_acces_rid_seq OWNER TO postgres;

--
-- Name: array_value_document_element_with_translated_http_acces_rid_seq; Type: SEQUENCE OWNED BY; Schema: public; Owner: postgres
--

ALTER SEQUENCE array_value_document_element_with_translated_http_acces_rid_seq OWNED BY array_value_document_element_with_translated_http_access_remote.rid;


--
-- Name: array_value_e; Type: TABLE; Schema: public; Owner: postgres; Tablespace: 
--

CREATE TABLE array_value_e (
    bound_1 bigint,
    bound_2 bigint
)
INHERITS (aggregate_value_e);


ALTER TABLE public.array_value_e OWNER TO postgres;

--
-- Name: array_value_entity_instance_type_type_name; Type: TABLE; Schema: public; Owner: postgres; Tablespace: 
--

CREATE TABLE array_value_entity_instance_type_type_name (
    rid bigint NOT NULL,
    value character varying
);


ALTER TABLE public.array_value_entity_instance_type_type_name OWNER TO postgres;

--
-- Name: array_value_entity_instance_type_type_name_rid_seq; Type: SEQUENCE; Schema: public; Owner: postgres
--

CREATE SEQUENCE array_value_entity_instance_type_type_name_rid_seq
    INCREMENT BY 1
    NO MINVALUE
    NO MAXVALUE
    CACHE 1;


ALTER TABLE public.array_value_entity_instance_type_type_name_rid_seq OWNER TO postgres;

--
-- Name: array_value_entity_instance_type_type_name_rid_seq; Type: SEQUENCE OWNED BY; Schema: public; Owner: postgres
--

ALTER SEQUENCE array_value_entity_instance_type_type_name_rid_seq OWNED BY array_value_entity_instance_type_type_name.rid;


--
-- Name: array_value_enum_info_literals; Type: TABLE; Schema: public; Owner: postgres; Tablespace: 
--

CREATE TABLE array_value_enum_info_literals (
    rid bigint NOT NULL,
    value character varying
);


ALTER TABLE public.array_value_enum_info_literals OWNER TO postgres;

--
-- Name: array_value_enum_info_literals_rid_seq; Type: SEQUENCE; Schema: public; Owner: postgres
--

CREATE SEQUENCE array_value_enum_info_literals_rid_seq
    INCREMENT BY 1
    NO MINVALUE
    NO MAXVALUE
    CACHE 1;


ALTER TABLE public.array_value_enum_info_literals_rid_seq OWNER TO postgres;

--
-- Name: array_value_enum_info_literals_rid_seq; Type: SEQUENCE OWNED BY; Schema: public; Owner: postgres
--

ALTER SEQUENCE array_value_enum_info_literals_rid_seq OWNED BY array_value_enum_info_literals.rid;


--
-- Name: array_value_int_level_spec_value_values; Type: TABLE; Schema: public; Owner: postgres; Tablespace: 
--

CREATE TABLE array_value_int_level_spec_value_values (
    rid bigint NOT NULL,
    value bigint
);


ALTER TABLE public.array_value_int_level_spec_value_values OWNER TO postgres;

--
-- Name: array_value_int_level_spec_value_values_rid_seq; Type: SEQUENCE; Schema: public; Owner: postgres
--

CREATE SEQUENCE array_value_int_level_spec_value_values_rid_seq
    INCREMENT BY 1
    NO MINVALUE
    NO MAXVALUE
    CACHE 1;


ALTER TABLE public.array_value_int_level_spec_value_values_rid_seq OWNER TO postgres;

--
-- Name: array_value_int_level_spec_value_values_rid_seq; Type: SEQUENCE OWNED BY; Schema: public; Owner: postgres
--

ALTER SEQUENCE array_value_int_level_spec_value_values_rid_seq OWNED BY array_value_int_level_spec_value_values.rid;


--
-- Name: array_value_level_spec_value_values; Type: TABLE; Schema: public; Owner: postgres; Tablespace: 
--

CREATE TABLE array_value_level_spec_value_values (
    rid bigint NOT NULL,
    value numeric
);


ALTER TABLE public.array_value_level_spec_value_values OWNER TO postgres;

--
-- Name: array_value_level_spec_value_values_rid_seq; Type: SEQUENCE; Schema: public; Owner: postgres
--

CREATE SEQUENCE array_value_level_spec_value_values_rid_seq
    INCREMENT BY 1
    NO MINVALUE
    NO MAXVALUE
    CACHE 1;


ALTER TABLE public.array_value_level_spec_value_values_rid_seq OWNER TO postgres;

--
-- Name: array_value_level_spec_value_values_rid_seq; Type: SEQUENCE OWNED BY; Schema: public; Owner: postgres
--

ALTER SEQUENCE array_value_level_spec_value_values_rid_seq OWNED BY array_value_level_spec_value_values.rid;


--
-- Name: array_value_person_middle_names; Type: TABLE; Schema: public; Owner: postgres; Tablespace: 
--

CREATE TABLE array_value_person_middle_names (
    rid bigint NOT NULL,
    value character varying
);


ALTER TABLE public.array_value_person_middle_names OWNER TO postgres;

--
-- Name: array_value_person_middle_names_rid_seq; Type: SEQUENCE; Schema: public; Owner: postgres
--

CREATE SEQUENCE array_value_person_middle_names_rid_seq
    INCREMENT BY 1
    NO MINVALUE
    NO MAXVALUE
    CACHE 1;


ALTER TABLE public.array_value_person_middle_names_rid_seq OWNER TO postgres;

--
-- Name: array_value_person_middle_names_rid_seq; Type: SEQUENCE OWNED BY; Schema: public; Owner: postgres
--

ALTER SEQUENCE array_value_person_middle_names_rid_seq OWNED BY array_value_person_middle_names.rid;


--
-- Name: array_value_person_prefix_titles; Type: TABLE; Schema: public; Owner: postgres; Tablespace: 
--

CREATE TABLE array_value_person_prefix_titles (
    rid bigint NOT NULL,
    value character varying
);


ALTER TABLE public.array_value_person_prefix_titles OWNER TO postgres;

--
-- Name: array_value_person_prefix_titles_rid_seq; Type: SEQUENCE; Schema: public; Owner: postgres
--

CREATE SEQUENCE array_value_person_prefix_titles_rid_seq
    INCREMENT BY 1
    NO MINVALUE
    NO MAXVALUE
    CACHE 1;


ALTER TABLE public.array_value_person_prefix_titles_rid_seq OWNER TO postgres;

--
-- Name: array_value_person_prefix_titles_rid_seq; Type: SEQUENCE OWNED BY; Schema: public; Owner: postgres
--

ALTER SEQUENCE array_value_person_prefix_titles_rid_seq OWNED BY array_value_person_prefix_titles.rid;


--
-- Name: array_value_person_suffix_titles; Type: TABLE; Schema: public; Owner: postgres; Tablespace: 
--

CREATE TABLE array_value_person_suffix_titles (
    rid bigint NOT NULL,
    value character varying
);


ALTER TABLE public.array_value_person_suffix_titles OWNER TO postgres;

--
-- Name: array_value_person_suffix_titles_rid_seq; Type: SEQUENCE; Schema: public; Owner: postgres
--

CREATE SEQUENCE array_value_person_suffix_titles_rid_seq
    INCREMENT BY 1
    NO MINVALUE
    NO MAXVALUE
    CACHE 1;


ALTER TABLE public.array_value_person_suffix_titles_rid_seq OWNER TO postgres;

--
-- Name: array_value_person_suffix_titles_rid_seq; Type: SEQUENCE OWNED BY; Schema: public; Owner: postgres
--

ALTER SEQUENCE array_value_person_suffix_titles_rid_seq OWNED BY array_value_person_suffix_titles.rid;


--
-- Name: array_value_present_translations_language_codes; Type: TABLE; Schema: public; Owner: postgres; Tablespace: 
--

CREATE TABLE array_value_present_translations_language_codes (
    rid bigint NOT NULL,
    value character varying
);


ALTER TABLE public.array_value_present_translations_language_codes OWNER TO postgres;

--
-- Name: array_value_present_translations_language_codes_rid_seq; Type: SEQUENCE; Schema: public; Owner: postgres
--

CREATE SEQUENCE array_value_present_translations_language_codes_rid_seq
    INCREMENT BY 1
    NO MINVALUE
    NO MAXVALUE
    CACHE 1;


ALTER TABLE public.array_value_present_translations_language_codes_rid_seq OWNER TO postgres;

--
-- Name: array_value_present_translations_language_codes_rid_seq; Type: SEQUENCE OWNED BY; Schema: public; Owner: postgres
--

ALTER SEQUENCE array_value_present_translations_language_codes_rid_seq OWNED BY array_value_present_translations_language_codes.rid;


--
-- Name: array_value_real_level_spec_value_values; Type: TABLE; Schema: public; Owner: postgres; Tablespace: 
--

CREATE TABLE array_value_real_level_spec_value_values (
    rid bigint NOT NULL,
    value double precision
);


ALTER TABLE public.array_value_real_level_spec_value_values OWNER TO postgres;

--
-- Name: array_value_real_level_spec_value_values_rid_seq; Type: SEQUENCE; Schema: public; Owner: postgres
--

CREATE SEQUENCE array_value_real_level_spec_value_values_rid_seq
    INCREMENT BY 1
    NO MINVALUE
    NO MAXVALUE
    CACHE 1;


ALTER TABLE public.array_value_real_level_spec_value_values_rid_seq OWNER TO postgres;

--
-- Name: array_value_real_level_spec_value_values_rid_seq; Type: SEQUENCE OWNED BY; Schema: public; Owner: postgres
--

ALTER SEQUENCE array_value_real_level_spec_value_values_rid_seq OWNED BY array_value_real_level_spec_value_values.rid;


--
-- Name: array_value_translated_label_labels; Type: TABLE; Schema: public; Owner: postgres; Tablespace: 
--

CREATE TABLE array_value_translated_label_labels (
    rid bigint NOT NULL,
    value character varying
);


ALTER TABLE public.array_value_translated_label_labels OWNER TO postgres;

--
-- Name: array_value_translated_label_labels_rid_seq; Type: SEQUENCE; Schema: public; Owner: postgres
--

CREATE SEQUENCE array_value_translated_label_labels_rid_seq
    INCREMENT BY 1
    NO MINVALUE
    NO MAXVALUE
    CACHE 1;


ALTER TABLE public.array_value_translated_label_labels_rid_seq OWNER TO postgres;

--
-- Name: array_value_translated_label_labels_rid_seq; Type: SEQUENCE OWNED BY; Schema: public; Owner: postgres
--

ALTER SEQUENCE array_value_translated_label_labels_rid_seq OWNED BY array_value_translated_label_labels.rid;


--
-- Name: array_value_translated_string_value_string_values; Type: TABLE; Schema: public; Owner: postgres; Tablespace: 
--

CREATE TABLE array_value_translated_string_value_string_values (
    rid bigint NOT NULL,
    value character varying
);


ALTER TABLE public.array_value_translated_string_value_string_values OWNER TO postgres;

--
-- Name: array_value_translated_string_value_string_values_rid_seq; Type: SEQUENCE; Schema: public; Owner: postgres
--

CREATE SEQUENCE array_value_translated_string_value_string_values_rid_seq
    INCREMENT BY 1
    NO MINVALUE
    NO MAXVALUE
    CACHE 1;


ALTER TABLE public.array_value_translated_string_value_string_values_rid_seq OWNER TO postgres;

--
-- Name: array_value_translated_string_value_string_values_rid_seq; Type: SEQUENCE OWNED BY; Schema: public; Owner: postgres
--

ALTER SEQUENCE array_value_translated_string_value_string_values_rid_seq OWNED BY array_value_translated_string_value_string_values.rid;


--
-- Name: array_value_translated_text_texts; Type: TABLE; Schema: public; Owner: postgres; Tablespace: 
--

CREATE TABLE array_value_translated_text_texts (
    rid bigint NOT NULL,
    value character varying
);


ALTER TABLE public.array_value_translated_text_texts OWNER TO postgres;

--
-- Name: array_value_translated_text_texts_rid_seq; Type: SEQUENCE; Schema: public; Owner: postgres
--

CREATE SEQUENCE array_value_translated_text_texts_rid_seq
    INCREMENT BY 1
    NO MINVALUE
    NO MAXVALUE
    CACHE 1;


ALTER TABLE public.array_value_translated_text_texts_rid_seq OWNER TO postgres;

--
-- Name: array_value_translated_text_texts_rid_seq; Type: SEQUENCE OWNED BY; Schema: public; Owner: postgres
--

ALTER SEQUENCE array_value_translated_text_texts_rid_seq OWNED BY array_value_translated_text_texts.rid;


--
-- Name: attribute_2_attr_type; Type: TABLE; Schema: public; Owner: postgres; Tablespace: 
--

CREATE TABLE attribute_2_attr_type (
)
INHERITS (root_table_association);


ALTER TABLE public.attribute_2_attr_type OWNER TO postgres;

--
-- Name: attribute_2_of_entity; Type: TABLE; Schema: public; Owner: postgres; Tablespace: 
--

CREATE TABLE attribute_2_of_entity (
)
INHERITS (root_table_association);


ALTER TABLE public.attribute_2_of_entity OWNER TO postgres;

--
-- Name: attribute_e; Type: TABLE; Schema: public; Owner: postgres; Tablespace: 
--

CREATE TABLE attribute_e (
    obj bigint,
    idx bigint,
    name character varying,
    is_optional boolean,
    attr_type bigint,
    of_entity bigint
)
INHERITS (root_table_entity);


ALTER TABLE public.attribute_e OWNER TO postgres;

--
-- Name: axis1_placement_2_axis; Type: TABLE; Schema: public; Owner: postgres; Tablespace: 
--

CREATE TABLE axis1_placement_2_axis (
)
INHERITS (root_table_association);


ALTER TABLE public.axis1_placement_2_axis OWNER TO postgres;

--
-- Name: representation_item_e; Type: TABLE; Schema: public; Owner: postgres; Tablespace: 
--

CREATE TABLE representation_item_e (
    name character varying
)
INHERITS (root_table_entity);


ALTER TABLE public.representation_item_e OWNER TO postgres;

--
-- Name: geometric_representation_item_e; Type: TABLE; Schema: public; Owner: postgres; Tablespace: 
--

CREATE TABLE geometric_representation_item_e (
)
INHERITS (representation_item_e);


ALTER TABLE public.geometric_representation_item_e OWNER TO postgres;

--
-- Name: placement_e; Type: TABLE; Schema: public; Owner: postgres; Tablespace: 
--

CREATE TABLE placement_e (
    location bigint
)
INHERITS (geometric_representation_item_e);


ALTER TABLE public.placement_e OWNER TO postgres;

--
-- Name: axis1_placement_e; Type: TABLE; Schema: public; Owner: postgres; Tablespace: 
--

CREATE TABLE axis1_placement_e (
    axis bigint
)
INHERITS (placement_e);


ALTER TABLE public.axis1_placement_e OWNER TO postgres;

--
-- Name: data_type_e; Type: TABLE; Schema: public; Owner: postgres; Tablespace: 
--

CREATE TABLE data_type_e (
)
INHERITS (root_table_entity);


ALTER TABLE public.data_type_e OWNER TO postgres;

--
-- Name: complex_type_e; Type: TABLE; Schema: public; Owner: postgres; Tablespace: 
--

CREATE TABLE complex_type_e (
)
INHERITS (data_type_e);


ALTER TABLE public.complex_type_e OWNER TO postgres;

--
-- Name: entity_instance_type_e; Type: TABLE; Schema: public; Owner: postgres; Tablespace: 
--

CREATE TABLE entity_instance_type_e (
    type_name bigint[]
)
INHERITS (complex_type_e);


ALTER TABLE public.entity_instance_type_e OWNER TO postgres;

--
-- Name: placement_type_e; Type: TABLE; Schema: public; Owner: postgres; Tablespace: 
--

CREATE TABLE placement_type_e (
)
INHERITS (entity_instance_type_e);


ALTER TABLE public.placement_type_e OWNER TO postgres;

--
-- Name: axis1_placement_type_e; Type: TABLE; Schema: public; Owner: postgres; Tablespace: 
--

CREATE TABLE axis1_placement_type_e (
)
INHERITS (placement_type_e);


ALTER TABLE public.axis1_placement_type_e OWNER TO postgres;

--
-- Name: axis2_placement_2d_2_ref_direction; Type: TABLE; Schema: public; Owner: postgres; Tablespace: 
--

CREATE TABLE axis2_placement_2d_2_ref_direction (
)
INHERITS (root_table_association);


ALTER TABLE public.axis2_placement_2d_2_ref_direction OWNER TO postgres;

--
-- Name: axis2_placement_2d_e; Type: TABLE; Schema: public; Owner: postgres; Tablespace: 
--

CREATE TABLE axis2_placement_2d_e (
    ref_direction bigint
)
INHERITS (placement_e);


ALTER TABLE public.axis2_placement_2d_e OWNER TO postgres;

--
-- Name: axis2_placement_2d_type_e; Type: TABLE; Schema: public; Owner: postgres; Tablespace: 
--

CREATE TABLE axis2_placement_2d_type_e (
)
INHERITS (placement_type_e);


ALTER TABLE public.axis2_placement_2d_type_e OWNER TO postgres;

--
-- Name: axis2_placement_3d_2_axis; Type: TABLE; Schema: public; Owner: postgres; Tablespace: 
--

CREATE TABLE axis2_placement_3d_2_axis (
)
INHERITS (root_table_association);


ALTER TABLE public.axis2_placement_3d_2_axis OWNER TO postgres;

--
-- Name: axis2_placement_3d_2_ref_direction; Type: TABLE; Schema: public; Owner: postgres; Tablespace: 
--

CREATE TABLE axis2_placement_3d_2_ref_direction (
)
INHERITS (root_table_association);


ALTER TABLE public.axis2_placement_3d_2_ref_direction OWNER TO postgres;

--
-- Name: axis2_placement_3d_e; Type: TABLE; Schema: public; Owner: postgres; Tablespace: 
--

CREATE TABLE axis2_placement_3d_e (
    axis bigint,
    ref_direction bigint
)
INHERITS (placement_e);


ALTER TABLE public.axis2_placement_3d_e OWNER TO postgres;

--
-- Name: axis2_placement_3d_type_e; Type: TABLE; Schema: public; Owner: postgres; Tablespace: 
--

CREATE TABLE axis2_placement_3d_type_e (
)
INHERITS (placement_type_e);


ALTER TABLE public.axis2_placement_3d_type_e OWNER TO postgres;

--
-- Name: bag_type_e; Type: TABLE; Schema: public; Owner: postgres; Tablespace: 
--

CREATE TABLE bag_type_e (
)
INHERITS (aggregate_type_e);


ALTER TABLE public.bag_type_e OWNER TO postgres;

--
-- Name: bag_value_2_values; Type: TABLE; Schema: public; Owner: postgres; Tablespace: 
--

CREATE TABLE bag_value_2_values (
)
INHERITS (root_table_select);


ALTER TABLE public.bag_value_2_values OWNER TO postgres;

--
-- Name: bag_value_e; Type: TABLE; Schema: public; Owner: postgres; Tablespace: 
--

CREATE TABLE bag_value_e (
)
INHERITS (aggregate_value_e);


ALTER TABLE public.bag_value_e OWNER TO postgres;

--
-- Name: basic_semantic_unit_e; Type: TABLE; Schema: public; Owner: postgres; Tablespace: 
--

CREATE TABLE basic_semantic_unit_e (
    code character varying,
    version character varying,
    is_version_current boolean DEFAULT true
)
INHERITS (root_table_entity);


ALTER TABLE public.basic_semantic_unit_e OWNER TO postgres;

--
-- Name: binary_info_e; Type: TABLE; Schema: public; Owner: postgres; Tablespace: 
--

CREATE TABLE binary_info_e (
    is_fixed boolean,
    bound bigint
)
INHERITS (type_info_e);


ALTER TABLE public.binary_info_e OWNER TO postgres;

--
-- Name: simple_type_e; Type: TABLE; Schema: public; Owner: postgres; Tablespace: 
--

CREATE TABLE simple_type_e (
    value_format character varying
)
INHERITS (data_type_e);


ALTER TABLE public.simple_type_e OWNER TO postgres;

--
-- Name: boolean_type_e; Type: TABLE; Schema: public; Owner: postgres; Tablespace: 
--

CREATE TABLE boolean_type_e (
)
INHERITS (simple_type_e);


ALTER TABLE public.boolean_type_e OWNER TO postgres;

--
-- Name: boolean_value_t; Type: TABLE; Schema: public; Owner: postgres; Tablespace: 
--

CREATE TABLE boolean_value_t (
    value boolean
)
INHERITS (root_table_defined_type);


ALTER TABLE public.boolean_value_t OWNER TO postgres;

--
-- Name: date_e; Type: TABLE; Schema: public; Owner: postgres; Tablespace: 
--

CREATE TABLE date_e (
    year_component bigint
)
INHERITS (root_table_entity);


ALTER TABLE public.date_e OWNER TO postgres;

--
-- Name: calendar_date_e; Type: TABLE; Schema: public; Owner: postgres; Tablespace: 
--

CREATE TABLE calendar_date_e (
    day_component bigint,
    month_component bigint
)
INHERITS (date_e);


ALTER TABLE public.calendar_date_e OWNER TO postgres;

--
-- Name: point_e; Type: TABLE; Schema: public; Owner: postgres; Tablespace: 
--

CREATE TABLE point_e (
)
INHERITS (geometric_representation_item_e);


ALTER TABLE public.point_e OWNER TO postgres;

--
-- Name: cartesian_point_e; Type: TABLE; Schema: public; Owner: postgres; Tablespace: 
--

CREATE TABLE cartesian_point_e (
    coordinates bigint[]
)
INHERITS (point_e);


ALTER TABLE public.cartesian_point_e OWNER TO postgres;

--
-- Name: character_set_type_t; Type: TABLE; Schema: public; Owner: postgres; Tablespace: 
--

CREATE TABLE character_set_type_t (
    value character varying
)
INHERITS (root_table_defined_type);


ALTER TABLE public.character_set_type_t OWNER TO postgres;

--
-- Name: class_2_defined_types; Type: TABLE; Schema: public; Owner: postgres; Tablespace: 
--

CREATE TABLE class_2_defined_types (
)
INHERITS (root_table_association);


ALTER TABLE public.class_2_defined_types OWNER TO postgres;

--
-- Name: class_2_described_by; Type: TABLE; Schema: public; Owner: postgres; Tablespace: 
--

CREATE TABLE class_2_described_by (
)
INHERITS (root_table_association);


ALTER TABLE public.class_2_described_by OWNER TO postgres;

--
-- Name: dictionary_element_2_identified_by; Type: TABLE; Schema: public; Owner: postgres; Tablespace: 
--

CREATE TABLE dictionary_element_2_identified_by (
)
INHERITS (root_table_association);


ALTER TABLE public.dictionary_element_2_identified_by OWNER TO postgres;

--
-- Name: class_2_identified_by; Type: TABLE; Schema: public; Owner: postgres; Tablespace: 
--

CREATE TABLE class_2_identified_by (
)
INHERITS (dictionary_element_2_identified_by);


ALTER TABLE public.class_2_identified_by OWNER TO postgres;

--
-- Name: class_2_its_superclass; Type: TABLE; Schema: public; Owner: postgres; Tablespace: 
--

CREATE TABLE class_2_its_superclass (
)
INHERITS (root_table_association);


ALTER TABLE public.class_2_its_superclass OWNER TO postgres;

--
-- Name: class_and_property_elements_2_definition; Type: TABLE; Schema: public; Owner: postgres; Tablespace: 
--

CREATE TABLE class_and_property_elements_2_definition (
)
INHERITS (root_table_select);


ALTER TABLE public.class_and_property_elements_2_definition OWNER TO postgres;

--
-- Name: class_and_property_elements_2_names; Type: TABLE; Schema: public; Owner: postgres; Tablespace: 
--

CREATE TABLE class_and_property_elements_2_names (
)
INHERITS (root_table_association);


ALTER TABLE public.class_and_property_elements_2_names OWNER TO postgres;

--
-- Name: class_and_property_elements_2_note; Type: TABLE; Schema: public; Owner: postgres; Tablespace: 
--

CREATE TABLE class_and_property_elements_2_note (
)
INHERITS (root_table_select);


ALTER TABLE public.class_and_property_elements_2_note OWNER TO postgres;

--
-- Name: class_and_property_elements_2_remark; Type: TABLE; Schema: public; Owner: postgres; Tablespace: 
--

CREATE TABLE class_and_property_elements_2_remark (
)
INHERITS (root_table_select);


ALTER TABLE public.class_and_property_elements_2_remark OWNER TO postgres;

--
-- Name: class_and_property_elements_2_source_doc_of_definition; Type: TABLE; Schema: public; Owner: postgres; Tablespace: 
--

CREATE TABLE class_and_property_elements_2_source_doc_of_definition (
)
INHERITS (root_table_association);


ALTER TABLE public.class_and_property_elements_2_source_doc_of_definition OWNER TO postgres;

--
-- Name: class_bsu_2_defined_by; Type: TABLE; Schema: public; Owner: postgres; Tablespace: 
--

CREATE TABLE class_bsu_2_defined_by (
)
INHERITS (root_table_association);


ALTER TABLE public.class_bsu_2_defined_by OWNER TO postgres;

--
-- Name: class_bsu_e; Type: TABLE; Schema: public; Owner: postgres; Tablespace: 
--

CREATE TABLE class_bsu_e (
    defined_by bigint,
    rid_supplier bigint,
    tablename_supplier character varying
)
INHERITS (basic_semantic_unit_e);


ALTER TABLE public.class_bsu_e OWNER TO postgres;

--
-- Name: content_item_2_dictionary_definition; Type: TABLE; Schema: public; Owner: postgres; Tablespace: 
--

CREATE TABLE content_item_2_dictionary_definition (
)
INHERITS (root_table_association);


ALTER TABLE public.content_item_2_dictionary_definition OWNER TO postgres;

--
-- Name: class_bsu_related_content_2_dictionary_definition; Type: TABLE; Schema: public; Owner: postgres; Tablespace: 
--

CREATE TABLE class_bsu_related_content_2_dictionary_definition (
)
INHERITS (content_item_2_dictionary_definition);


ALTER TABLE public.class_bsu_related_content_2_dictionary_definition OWNER TO postgres;

--
-- Name: content_item_e; Type: TABLE; Schema: public; Owner: postgres; Tablespace: 
--

CREATE TABLE content_item_e (
    dictionary_definition bigint,
    rid_bsu bigint,
    tablename_bsu character varying
)
INHERITS (root_table_entity);


ALTER TABLE public.content_item_e OWNER TO postgres;

--
-- Name: dictionary_external_item_e; Type: TABLE; Schema: public; Owner: postgres; Tablespace: 
--

CREATE TABLE dictionary_external_item_e (
    revision character varying
)
INHERITS (content_item_e, external_item_e);


ALTER TABLE public.dictionary_external_item_e OWNER TO postgres;

--
-- Name: class_bsu_related_content_e; Type: TABLE; Schema: public; Owner: postgres; Tablespace: 
--

CREATE TABLE class_bsu_related_content_e (
)
INHERITS (dictionary_external_item_e);


ALTER TABLE public.class_bsu_related_content_e OWNER TO postgres;

--
-- Name: class_bsu_relationship_2_related_tokens; Type: TABLE; Schema: public; Owner: postgres; Tablespace: 
--

CREATE TABLE class_bsu_relationship_2_related_tokens (
)
INHERITS (root_table_association);


ALTER TABLE public.class_bsu_relationship_2_related_tokens OWNER TO postgres;

--
-- Name: class_bsu_relationship_2_relating_class; Type: TABLE; Schema: public; Owner: postgres; Tablespace: 
--

CREATE TABLE class_bsu_relationship_2_relating_class (
)
INHERITS (root_table_association);


ALTER TABLE public.class_bsu_relationship_2_relating_class OWNER TO postgres;

--
-- Name: class_bsu_relationship_e; Type: TABLE; Schema: public; Owner: postgres; Tablespace: 
--

CREATE TABLE class_bsu_relationship_e (
    relating_class bigint,
    related_tokens bigint[]
)
INHERITS (root_table_entity);


ALTER TABLE public.class_bsu_relationship_e OWNER TO postgres;

--
-- Name: class_code_type_t; Type: TABLE; Schema: public; Owner: postgres; Tablespace: 
--

CREATE TABLE class_code_type_t (
    value character varying
)
INHERITS (root_table_defined_type);


ALTER TABLE public.class_code_type_t OWNER TO postgres;

--
-- Name: class_document_relationship_2_related_tokens; Type: TABLE; Schema: public; Owner: postgres; Tablespace: 
--

CREATE TABLE class_document_relationship_2_related_tokens (
)
INHERITS (class_bsu_relationship_2_related_tokens);


ALTER TABLE public.class_document_relationship_2_related_tokens OWNER TO postgres;

--
-- Name: class_document_relationship_e; Type: TABLE; Schema: public; Owner: postgres; Tablespace: 
--

CREATE TABLE class_document_relationship_e (
)
INHERITS (class_bsu_relationship_e);


ALTER TABLE public.class_document_relationship_e OWNER TO postgres;

--
-- Name: class_extension_2_dictionary_definition; Type: TABLE; Schema: public; Owner: postgres; Tablespace: 
--

CREATE TABLE class_extension_2_dictionary_definition (
)
INHERITS (content_item_2_dictionary_definition);


ALTER TABLE public.class_extension_2_dictionary_definition OWNER TO postgres;

--
-- Name: class_extension_e; Type: TABLE; Schema: public; Owner: postgres; Tablespace: 
--

CREATE TABLE class_extension_e (
    properties character varying[]
)
INHERITS (content_item_e);


ALTER TABLE public.class_extension_e OWNER TO postgres;

--
-- Name: class_instance_type_2_domain; Type: TABLE; Schema: public; Owner: postgres; Tablespace: 
--

CREATE TABLE class_instance_type_2_domain (
)
INHERITS (root_table_association);


ALTER TABLE public.class_instance_type_2_domain OWNER TO postgres;

--
-- Name: class_instance_type_e; Type: TABLE; Schema: public; Owner: postgres; Tablespace: 
--

CREATE TABLE class_instance_type_e (
    domain bigint
)
INHERITS (complex_type_e);


ALTER TABLE public.class_instance_type_e OWNER TO postgres;

--
-- Name: class_related_bsu_e; Type: TABLE; Schema: public; Owner: postgres; Tablespace: 
--

CREATE TABLE class_related_bsu_e (
)
INHERITS (basic_semantic_unit_e);


ALTER TABLE public.class_related_bsu_e OWNER TO postgres;

--
-- Name: class_related_dictionary_element_2_definition; Type: TABLE; Schema: public; Owner: postgres; Tablespace: 
--

CREATE TABLE class_related_dictionary_element_2_definition (
)
INHERITS (root_table_select);


ALTER TABLE public.class_related_dictionary_element_2_definition OWNER TO postgres;

--
-- Name: class_related_dictionary_element_2_identified_by; Type: TABLE; Schema: public; Owner: postgres; Tablespace: 
--

CREATE TABLE class_related_dictionary_element_2_identified_by (
)
INHERITS (dictionary_element_2_identified_by);


ALTER TABLE public.class_related_dictionary_element_2_identified_by OWNER TO postgres;

--
-- Name: class_related_dictionary_element_2_names; Type: TABLE; Schema: public; Owner: postgres; Tablespace: 
--

CREATE TABLE class_related_dictionary_element_2_names (
)
INHERITS (root_table_association);


ALTER TABLE public.class_related_dictionary_element_2_names OWNER TO postgres;

--
-- Name: class_related_dictionary_element_2_note; Type: TABLE; Schema: public; Owner: postgres; Tablespace: 
--

CREATE TABLE class_related_dictionary_element_2_note (
)
INHERITS (root_table_select);


ALTER TABLE public.class_related_dictionary_element_2_note OWNER TO postgres;

--
-- Name: class_related_dictionary_element_2_remark; Type: TABLE; Schema: public; Owner: postgres; Tablespace: 
--

CREATE TABLE class_related_dictionary_element_2_remark (
)
INHERITS (root_table_select);


ALTER TABLE public.class_related_dictionary_element_2_remark OWNER TO postgres;

--
-- Name: class_related_dictionary_element_e; Type: TABLE; Schema: public; Owner: postgres; Tablespace: 
--

CREATE TABLE class_related_dictionary_element_e (
    names bigint,
    definition bigint,
    note bigint,
    remark bigint
)
INHERITS (dictionary_element_e);


ALTER TABLE public.class_related_dictionary_element_e OWNER TO postgres;

--
-- Name: class_value_assignment_2_super_class_defined_property; Type: TABLE; Schema: public; Owner: postgres; Tablespace: 
--

CREATE TABLE class_value_assignment_2_super_class_defined_property (
)
INHERITS (root_table_association);


ALTER TABLE public.class_value_assignment_2_super_class_defined_property OWNER TO postgres;

--
-- Name: class_value_assignment_e; Type: TABLE; Schema: public; Owner: postgres; Tablespace: 
--

CREATE TABLE class_value_assignment_e (
    super_class_defined_property bigint,
    assigned_value character varying
)
INHERITS (root_table_entity);


ALTER TABLE public.class_value_assignment_e OWNER TO postgres;

--
-- Name: classification_value_t; Type: TABLE; Schema: public; Owner: postgres; Tablespace: 
--

CREATE TABLE classification_value_t (
    value bigint
)
INHERITS (root_table_defined_type);


ALTER TABLE public.classification_value_t OWNER TO postgres;

--
-- Name: code_type_t; Type: TABLE; Schema: public; Owner: postgres; Tablespace: 
--

CREATE TABLE code_type_t (
    value character varying
)
INHERITS (root_table_defined_type);


ALTER TABLE public.code_type_t OWNER TO postgres;

--
-- Name: compiler_version_type_t; Type: TABLE; Schema: public; Owner: postgres; Tablespace: 
--

CREATE TABLE compiler_version_type_t (
    value character varying
)
INHERITS (root_table_defined_type);


ALTER TABLE public.compiler_version_type_t OWNER TO postgres;

--
-- Name: complex_entity_info_2_partial; Type: TABLE; Schema: public; Owner: postgres; Tablespace: 
--

CREATE TABLE complex_entity_info_2_partial (
)
INHERITS (root_table_association);


ALTER TABLE public.complex_entity_info_2_partial OWNER TO postgres;

--
-- Name: complex_entity_info_e; Type: TABLE; Schema: public; Owner: postgres; Tablespace: 
--

CREATE TABLE complex_entity_info_e (
    partial bigint[]
)
INHERITS (type_info_e);


ALTER TABLE public.complex_entity_info_e OWNER TO postgres;

--
-- Name: item_class_e; Type: TABLE; Schema: public; Owner: postgres; Tablespace: 
--

CREATE TABLE item_class_e (
    simplified_drawing bigint,
    sub_class_properties bigint[],
    class_constant_values bigint[],
    coded_name character varying
)
INHERITS (class_e);


ALTER TABLE public.item_class_e OWNER TO postgres;

--
-- Name: component_class_e; Type: TABLE; Schema: public; Owner: postgres; Tablespace: 
--

CREATE TABLE component_class_e (
)
INHERITS (item_class_e);


ALTER TABLE public.component_class_e OWNER TO postgres;

--
-- Name: item_class_case_of_e; Type: TABLE; Schema: public; Owner: postgres; Tablespace: 
--

CREATE TABLE item_class_case_of_e (
    is_case_of bigint[],
    imported_properties bigint[],
    imported_types bigint[],
    imported_tables bigint[],
    imported_documents bigint[]
)
INHERITS (item_class_e, a_priori_semantic_relationship_e);


ALTER TABLE public.item_class_case_of_e OWNER TO postgres;

--
-- Name: component_class_case_of_e; Type: TABLE; Schema: public; Owner: postgres; Tablespace: 
--

CREATE TABLE component_class_case_of_e (
)
INHERITS (item_class_case_of_e, component_class_e);


ALTER TABLE public.component_class_case_of_e OWNER TO postgres;

--
-- Name: property_det_e; Type: TABLE; Schema: public; Owner: postgres; Tablespace: 
--

CREATE TABLE property_det_e (
    preferred_symbol bigint,
    synonymous_symbols bigint[],
    figure bigint,
    det_classification character varying,
    domain bigint,
    formula bigint
)
INHERITS (class_and_property_elements_e);


ALTER TABLE public.property_det_e OWNER TO postgres;

--
-- Name: condition_det_e; Type: TABLE; Schema: public; Owner: postgres; Tablespace: 
--

CREATE TABLE condition_det_e (
)
INHERITS (property_det_e);


ALTER TABLE public.condition_det_e OWNER TO postgres;

--
-- Name: content_encoding_type_t; Type: TABLE; Schema: public; Owner: postgres; Tablespace: 
--

CREATE TABLE content_encoding_type_t (
    value character varying
)
INHERITS (root_table_defined_type);


ALTER TABLE public.content_encoding_type_t OWNER TO postgres;

--
-- Name: context_dependent_measure_t; Type: TABLE; Schema: public; Owner: postgres; Tablespace: 
--

CREATE TABLE context_dependent_measure_t (
    value double precision
)
INHERITS (root_table_defined_type);


ALTER TABLE public.context_dependent_measure_t OWNER TO postgres;

--
-- Name: context_dependent_property_value_2_the_context; Type: TABLE; Schema: public; Owner: postgres; Tablespace: 
--

CREATE TABLE context_dependent_property_value_2_the_context (
)
INHERITS (root_table_association);


ALTER TABLE public.context_dependent_property_value_2_the_context OWNER TO postgres;

--
-- Name: property_value_e; Type: TABLE; Schema: public; Owner: postgres; Tablespace: 
--

CREATE TABLE property_value_e (
    its_value bigint,
    prop_def bigint
)
INHERITS (root_table_entity);


ALTER TABLE public.property_value_e OWNER TO postgres;

--
-- Name: context_dependent_property_value_e; Type: TABLE; Schema: public; Owner: postgres; Tablespace: 
--

CREATE TABLE context_dependent_property_value_e (
    the_context bigint[]
)
INHERITS (property_value_e);


ALTER TABLE public.context_dependent_property_value_e OWNER TO postgres;

--
-- Name: named_unit_e; Type: TABLE; Schema: public; Owner: postgres; Tablespace: 
--

CREATE TABLE named_unit_e (
    dimensions bigint
)
INHERITS (root_table_entity);


ALTER TABLE public.named_unit_e OWNER TO postgres;

--
-- Name: context_dependent_unit_e; Type: TABLE; Schema: public; Owner: postgres; Tablespace: 
--

CREATE TABLE context_dependent_unit_e (
    name character varying
)
INHERITS (named_unit_e);


ALTER TABLE public.context_dependent_unit_e OWNER TO postgres;

--
-- Name: conversion_based_unit_2_conversion_factor; Type: TABLE; Schema: public; Owner: postgres; Tablespace: 
--

CREATE TABLE conversion_based_unit_2_conversion_factor (
)
INHERITS (root_table_association);


ALTER TABLE public.conversion_based_unit_2_conversion_factor OWNER TO postgres;

--
-- Name: conversion_based_unit_e; Type: TABLE; Schema: public; Owner: postgres; Tablespace: 
--

CREATE TABLE conversion_based_unit_e (
    name character varying,
    conversion_factor bigint
)
INHERITS (named_unit_e);


ALTER TABLE public.conversion_based_unit_e OWNER TO postgres;

--
-- Name: coordinated_universal_time_offset_e; Type: TABLE; Schema: public; Owner: postgres; Tablespace: 
--

CREATE TABLE coordinated_universal_time_offset_e (
    hour_offset bigint,
    minute_offset bigint,
    sense bigint
)
INHERITS (root_table_entity);


ALTER TABLE public.coordinated_universal_time_offset_e OWNER TO postgres;

--
-- Name: count_measure_t; Type: TABLE; Schema: public; Owner: postgres; Tablespace: 
--

CREATE TABLE count_measure_t (
    value numeric
)
INHERITS (root_table_defined_type);


ALTER TABLE public.count_measure_t OWNER TO postgres;

--
-- Name: currency_code_t; Type: TABLE; Schema: public; Owner: postgres; Tablespace: 
--

CREATE TABLE currency_code_t (
    value character varying
)
INHERITS (root_table_defined_type);


ALTER TABLE public.currency_code_t OWNER TO postgres;

--
-- Name: data_exchange_specification_identification_2_external_file_prot; Type: TABLE; Schema: public; Owner: postgres; Tablespace: 
--

CREATE TABLE data_exchange_specification_identification_2_external_file_prot (
)
INHERITS (root_table_association);


ALTER TABLE public.data_exchange_specification_identification_2_external_file_prot OWNER TO postgres;

--
-- Name: data_exchange_specification_identification_e; Type: TABLE; Schema: public; Owner: postgres; Tablespace: 
--

CREATE TABLE data_exchange_specification_identification_e (
    source_document_identifier character varying,
    status character varying,
    name character varying,
    date bigint,
    application character varying,
    level character varying,
    external_file_protocols bigint[]
)
INHERITS (root_table_entity);


ALTER TABLE public.data_exchange_specification_identification_e OWNER TO postgres;

--
-- Name: external_file_protocol_e; Type: TABLE; Schema: public; Owner: postgres; Tablespace: 
--

CREATE TABLE external_file_protocol_e (
    organisation bigint,
    country character varying,
    protocol_name character varying,
    protocol_version character varying,
    level character varying,
    designation bigint,
    base_protocol bigint
)
INHERITS (root_table_entity);


ALTER TABLE public.external_file_protocol_e OWNER TO postgres;

--
-- Name: data_protocol_e; Type: TABLE; Schema: public; Owner: postgres; Tablespace: 
--

CREATE TABLE data_protocol_e (
)
INHERITS (external_file_protocol_e);


ALTER TABLE public.data_protocol_e OWNER TO postgres;

--
-- Name: data_type_bsu_2_name_scope; Type: TABLE; Schema: public; Owner: postgres; Tablespace: 
--

CREATE TABLE data_type_bsu_2_name_scope (
)
INHERITS (root_table_association);


ALTER TABLE public.data_type_bsu_2_name_scope OWNER TO postgres;

--
-- Name: data_type_bsu_e; Type: TABLE; Schema: public; Owner: postgres; Tablespace: 
--

CREATE TABLE data_type_bsu_e (
    name_scope bigint,
    rid_class bigint,
    tablename_class character varying
)
INHERITS (basic_semantic_unit_e);


ALTER TABLE public.data_type_bsu_e OWNER TO postgres;

--
-- Name: data_type_code_type_t; Type: TABLE; Schema: public; Owner: postgres; Tablespace: 
--

CREATE TABLE data_type_code_type_t (
    value character varying
)
INHERITS (root_table_defined_type);


ALTER TABLE public.data_type_code_type_t OWNER TO postgres;

--
-- Name: data_type_element_2_identified_by; Type: TABLE; Schema: public; Owner: postgres; Tablespace: 
--

CREATE TABLE data_type_element_2_identified_by (
)
INHERITS (dictionary_element_2_identified_by);


ALTER TABLE public.data_type_element_2_identified_by OWNER TO postgres;

--
-- Name: data_type_element_2_names; Type: TABLE; Schema: public; Owner: postgres; Tablespace: 
--

CREATE TABLE data_type_element_2_names (
)
INHERITS (root_table_association);


ALTER TABLE public.data_type_element_2_names OWNER TO postgres;

--
-- Name: data_type_element_2_type_definition; Type: TABLE; Schema: public; Owner: postgres; Tablespace: 
--

CREATE TABLE data_type_element_2_type_definition (
)
INHERITS (root_table_association);


ALTER TABLE public.data_type_element_2_type_definition OWNER TO postgres;

--
-- Name: data_type_element_e; Type: TABLE; Schema: public; Owner: postgres; Tablespace: 
--

CREATE TABLE data_type_element_e (
    names bigint,
    type_definition bigint
)
INHERITS (dictionary_element_e);


ALTER TABLE public.data_type_element_e OWNER TO postgres;

--
-- Name: date_and_time_2_date_component; Type: TABLE; Schema: public; Owner: postgres; Tablespace: 
--

CREATE TABLE date_and_time_2_date_component (
)
INHERITS (root_table_association);


ALTER TABLE public.date_and_time_2_date_component OWNER TO postgres;

--
-- Name: date_and_time_2_time_component; Type: TABLE; Schema: public; Owner: postgres; Tablespace: 
--

CREATE TABLE date_and_time_2_time_component (
)
INHERITS (root_table_association);


ALTER TABLE public.date_and_time_2_time_component OWNER TO postgres;

--
-- Name: date_and_time_e; Type: TABLE; Schema: public; Owner: postgres; Tablespace: 
--

CREATE TABLE date_and_time_e (
    date_component bigint,
    time_component bigint
)
INHERITS (root_table_entity);


ALTER TABLE public.date_and_time_e OWNER TO postgres;

--
-- Name: date_type_t; Type: TABLE; Schema: public; Owner: postgres; Tablespace: 
--

CREATE TABLE date_type_t (
    value character varying
)
INHERITS (root_table_defined_type);


ALTER TABLE public.date_type_t OWNER TO postgres;

--
-- Name: dates_e; Type: TABLE; Schema: public; Owner: postgres; Tablespace: 
--

CREATE TABLE dates_e (
    date_of_original_definition character varying,
    date_of_current_version character varying,
    date_of_current_revision character varying
)
INHERITS (root_table_entity);


ALTER TABLE public.dates_e OWNER TO postgres;

--
-- Name: day_in_month_number_t; Type: TABLE; Schema: public; Owner: postgres; Tablespace: 
--

CREATE TABLE day_in_month_number_t (
    value bigint
)
INHERITS (root_table_defined_type);


ALTER TABLE public.day_in_month_number_t OWNER TO postgres;

--
-- Name: day_in_week_number_t; Type: TABLE; Schema: public; Owner: postgres; Tablespace: 
--

CREATE TABLE day_in_week_number_t (
    value bigint
)
INHERITS (root_table_defined_type);


ALTER TABLE public.day_in_week_number_t OWNER TO postgres;

--
-- Name: day_in_year_number_t; Type: TABLE; Schema: public; Owner: postgres; Tablespace: 
--

CREATE TABLE day_in_year_number_t (
    value bigint
)
INHERITS (root_table_defined_type);


ALTER TABLE public.day_in_year_number_t OWNER TO postgres;

--
-- Name: defined_info_2_underlying; Type: TABLE; Schema: public; Owner: postgres; Tablespace: 
--

CREATE TABLE defined_info_2_underlying (
)
INHERITS (root_table_association);


ALTER TABLE public.defined_info_2_underlying OWNER TO postgres;

--
-- Name: named_info_e; Type: TABLE; Schema: public; Owner: postgres; Tablespace: 
--

CREATE TABLE named_info_e (
    name character varying,
    of_schema character varying
)
INHERITS (type_info_e);


ALTER TABLE public.named_info_e OWNER TO postgres;

--
-- Name: defined_info_e; Type: TABLE; Schema: public; Owner: postgres; Tablespace: 
--

CREATE TABLE defined_info_e (
    underlying bigint
)
INHERITS (named_info_e);


ALTER TABLE public.defined_info_e OWNER TO postgres;

--
-- Name: dependent_p_det_2_depends_on; Type: TABLE; Schema: public; Owner: postgres; Tablespace: 
--

CREATE TABLE dependent_p_det_2_depends_on (
)
INHERITS (root_table_association);


ALTER TABLE public.dependent_p_det_2_depends_on OWNER TO postgres;

--
-- Name: dependent_p_det_e; Type: TABLE; Schema: public; Owner: postgres; Tablespace: 
--

CREATE TABLE dependent_p_det_e (
    depends_on bigint[]
)
INHERITS (property_det_e);


ALTER TABLE public.dependent_p_det_e OWNER TO postgres;

--
-- Name: der_attribute_e; Type: TABLE; Schema: public; Owner: postgres; Tablespace: 
--

CREATE TABLE der_attribute_e (
)
INHERITS (attribute_e);


ALTER TABLE public.der_attribute_e OWNER TO postgres;

--
-- Name: derived_unit_2_elements; Type: TABLE; Schema: public; Owner: postgres; Tablespace: 
--

CREATE TABLE derived_unit_2_elements (
)
INHERITS (root_table_association);


ALTER TABLE public.derived_unit_2_elements OWNER TO postgres;

--
-- Name: derived_unit_e; Type: TABLE; Schema: public; Owner: postgres; Tablespace: 
--

CREATE TABLE derived_unit_e (
    elements bigint[]
)
INHERITS (root_table_entity);


ALTER TABLE public.derived_unit_e OWNER TO postgres;

--
-- Name: derived_unit_element_2_unit; Type: TABLE; Schema: public; Owner: postgres; Tablespace: 
--

CREATE TABLE derived_unit_element_2_unit (
)
INHERITS (root_table_association);


ALTER TABLE public.derived_unit_element_2_unit OWNER TO postgres;

--
-- Name: derived_unit_element_e; Type: TABLE; Schema: public; Owner: postgres; Tablespace: 
--

CREATE TABLE derived_unit_element_e (
    unit bigint,
    exponent double precision
)
INHERITS (root_table_entity);


ALTER TABLE public.derived_unit_element_e OWNER TO postgres;

--
-- Name: description_attribute_2_described_item; Type: TABLE; Schema: public; Owner: postgres; Tablespace: 
--

CREATE TABLE description_attribute_2_described_item (
)
INHERITS (root_table_select);


ALTER TABLE public.description_attribute_2_described_item OWNER TO postgres;

--
-- Name: description_attribute_e; Type: TABLE; Schema: public; Owner: postgres; Tablespace: 
--

CREATE TABLE description_attribute_e (
    attribute_value character varying,
    described_item bigint
)
INHERITS (root_table_entity);


ALTER TABLE public.description_attribute_e OWNER TO postgres;

--
-- Name: det_classification_type_t; Type: TABLE; Schema: public; Owner: postgres; Tablespace: 
--

CREATE TABLE det_classification_type_t (
    value character varying
)
INHERITS (root_table_defined_type);


ALTER TABLE public.det_classification_type_t OWNER TO postgres;

--
-- Name: external_item_2_used_protocol; Type: TABLE; Schema: public; Owner: postgres; Tablespace: 
--

CREATE TABLE external_item_2_used_protocol (
)
INHERITS (root_table_association);


ALTER TABLE public.external_item_2_used_protocol OWNER TO postgres;

--
-- Name: dialogue_resource_2_used_protocol; Type: TABLE; Schema: public; Owner: postgres; Tablespace: 
--

CREATE TABLE dialogue_resource_2_used_protocol (
)
INHERITS (external_item_2_used_protocol);


ALTER TABLE public.dialogue_resource_2_used_protocol OWNER TO postgres;

--
-- Name: dic_class_instance_2_case_of; Type: TABLE; Schema: public; Owner: postgres; Tablespace: 
--

CREATE TABLE dic_class_instance_2_case_of (
)
INHERITS (root_table_association);


ALTER TABLE public.dic_class_instance_2_case_of OWNER TO postgres;

--
-- Name: dic_class_instance_2_class_def; Type: TABLE; Schema: public; Owner: postgres; Tablespace: 
--

CREATE TABLE dic_class_instance_2_class_def (
)
INHERITS (root_table_association);


ALTER TABLE public.dic_class_instance_2_class_def OWNER TO postgres;

--
-- Name: dic_class_instance_2_properties; Type: TABLE; Schema: public; Owner: postgres; Tablespace: 
--

CREATE TABLE dic_class_instance_2_properties (
)
INHERITS (root_table_association);


ALTER TABLE public.dic_class_instance_2_properties OWNER TO postgres;

--
-- Name: dic_class_instance_e; Type: TABLE; Schema: public; Owner: postgres; Tablespace: 
--

CREATE TABLE dic_class_instance_e (
    class_def bigint,
    properties bigint[],
    case_of bigint[]
)
INHERITS (root_table_entity);


ALTER TABLE public.dic_class_instance_e OWNER TO postgres;

--
-- Name: dic_item_instance_e; Type: TABLE; Schema: public; Owner: postgres; Tablespace: 
--

CREATE TABLE dic_item_instance_e (
)
INHERITS (dic_class_instance_e);


ALTER TABLE public.dic_item_instance_e OWNER TO postgres;

--
-- Name: dic_component_instance_e; Type: TABLE; Schema: public; Owner: postgres; Tablespace: 
--

CREATE TABLE dic_component_instance_e (
)
INHERITS (dic_item_instance_e);


ALTER TABLE public.dic_component_instance_e OWNER TO postgres;

--
-- Name: dic_f_model_instance_e; Type: TABLE; Schema: public; Owner: postgres; Tablespace: 
--

CREATE TABLE dic_f_model_instance_e (
)
INHERITS (dic_class_instance_e);


ALTER TABLE public.dic_f_model_instance_e OWNER TO postgres;

--
-- Name: dic_f_view_instance_2_generated_by; Type: TABLE; Schema: public; Owner: postgres; Tablespace: 
--

CREATE TABLE dic_f_view_instance_2_generated_by (
)
INHERITS (root_table_association);


ALTER TABLE public.dic_f_view_instance_2_generated_by OWNER TO postgres;

--
-- Name: dic_f_view_instance_2_view_of; Type: TABLE; Schema: public; Owner: postgres; Tablespace: 
--

CREATE TABLE dic_f_view_instance_2_view_of (
)
INHERITS (root_table_association);


ALTER TABLE public.dic_f_view_instance_2_view_of OWNER TO postgres;

--
-- Name: representation_e; Type: TABLE; Schema: public; Owner: postgres; Tablespace: 
--

CREATE TABLE representation_e (
    name character varying,
    items bigint[],
    context_of_items bigint
)
INHERITS (root_table_entity);


ALTER TABLE public.representation_e OWNER TO postgres;

--
-- Name: dic_f_view_instance_e; Type: TABLE; Schema: public; Owner: postgres; Tablespace: 
--

CREATE TABLE dic_f_view_instance_e (
    generated_by bigint,
    view_of bigint
)
INHERITS (dic_class_instance_e, representation_e);


ALTER TABLE public.dic_f_view_instance_e OWNER TO postgres;

--
-- Name: dic_feature_instance_e; Type: TABLE; Schema: public; Owner: postgres; Tablespace: 
--

CREATE TABLE dic_feature_instance_e (
)
INHERITS (dic_item_instance_e);


ALTER TABLE public.dic_feature_instance_e OWNER TO postgres;

--
-- Name: dic_material_instance_e; Type: TABLE; Schema: public; Owner: postgres; Tablespace: 
--

CREATE TABLE dic_material_instance_e (
)
INHERITS (dic_item_instance_e);


ALTER TABLE public.dic_material_instance_e OWNER TO postgres;

--
-- Name: dic_unit_2_string_representation; Type: TABLE; Schema: public; Owner: postgres; Tablespace: 
--

CREATE TABLE dic_unit_2_string_representation (
)
INHERITS (root_table_association);


ALTER TABLE public.dic_unit_2_string_representation OWNER TO postgres;

--
-- Name: dic_unit_2_structured_representation; Type: TABLE; Schema: public; Owner: postgres; Tablespace: 
--

CREATE TABLE dic_unit_2_structured_representation (
)
INHERITS (root_table_select);


ALTER TABLE public.dic_unit_2_structured_representation OWNER TO postgres;

--
-- Name: dic_unit_e; Type: TABLE; Schema: public; Owner: postgres; Tablespace: 
--

CREATE TABLE dic_unit_e (
    structured_representation bigint,
    string_representation bigint
)
INHERITS (root_table_entity);


ALTER TABLE public.dic_unit_e OWNER TO postgres;

--
-- Name: dic_value_2_meaning; Type: TABLE; Schema: public; Owner: postgres; Tablespace: 
--

CREATE TABLE dic_value_2_meaning (
)
INHERITS (root_table_association);


ALTER TABLE public.dic_value_2_meaning OWNER TO postgres;

--
-- Name: dic_value_2_source_doc_of_value; Type: TABLE; Schema: public; Owner: postgres; Tablespace: 
--

CREATE TABLE dic_value_2_source_doc_of_value (
)
INHERITS (root_table_association);


ALTER TABLE public.dic_value_2_source_doc_of_value OWNER TO postgres;

--
-- Name: dic_value_2_value_code; Type: TABLE; Schema: public; Owner: postgres; Tablespace: 
--

CREATE TABLE dic_value_2_value_code (
)
INHERITS (root_table_select);


ALTER TABLE public.dic_value_2_value_code OWNER TO postgres;

--
-- Name: dic_value_e; Type: TABLE; Schema: public; Owner: postgres; Tablespace: 
--

CREATE TABLE dic_value_e (
    value_code bigint,
    meaning bigint,
    source_doc_of_value bigint
)
INHERITS (root_table_entity);


ALTER TABLE public.dic_value_e OWNER TO postgres;

--
-- Name: dictionary_2_a_posteriori_semantic_relationships; Type: TABLE; Schema: public; Owner: postgres; Tablespace: 
--

CREATE TABLE dictionary_2_a_posteriori_semantic_relationships (
)
INHERITS (root_table_association);


ALTER TABLE public.dictionary_2_a_posteriori_semantic_relationships OWNER TO postgres;

--
-- Name: dictionary_2_base_protocols; Type: TABLE; Schema: public; Owner: postgres; Tablespace: 
--

CREATE TABLE dictionary_2_base_protocols (
)
INHERITS (root_table_association);


ALTER TABLE public.dictionary_2_base_protocols OWNER TO postgres;

--
-- Name: dictionary_2_contained_classes; Type: TABLE; Schema: public; Owner: postgres; Tablespace: 
--

CREATE TABLE dictionary_2_contained_classes (
)
INHERITS (root_table_association);


ALTER TABLE public.dictionary_2_contained_classes OWNER TO postgres;

--
-- Name: dictionary_2_identified_by; Type: TABLE; Schema: public; Owner: postgres; Tablespace: 
--

CREATE TABLE dictionary_2_identified_by (
)
INHERITS (root_table_association);


ALTER TABLE public.dictionary_2_identified_by OWNER TO postgres;

--
-- Name: dictionary_2_library_structure; Type: TABLE; Schema: public; Owner: postgres; Tablespace: 
--

CREATE TABLE dictionary_2_library_structure (
)
INHERITS (root_table_association);


ALTER TABLE public.dictionary_2_library_structure OWNER TO postgres;

--
-- Name: dictionary_2_names; Type: TABLE; Schema: public; Owner: postgres; Tablespace: 
--

CREATE TABLE dictionary_2_names (
)
INHERITS (root_table_association);


ALTER TABLE public.dictionary_2_names OWNER TO postgres;

--
-- Name: dictionary_2_note; Type: TABLE; Schema: public; Owner: postgres; Tablespace: 
--

CREATE TABLE dictionary_2_note (
)
INHERITS (root_table_select);


ALTER TABLE public.dictionary_2_note OWNER TO postgres;

--
-- Name: dictionary_2_referenced_dictionaries; Type: TABLE; Schema: public; Owner: postgres; Tablespace: 
--

CREATE TABLE dictionary_2_referenced_dictionaries (
)
INHERITS (root_table_association);


ALTER TABLE public.dictionary_2_referenced_dictionaries OWNER TO postgres;

--
-- Name: dictionary_2_referred_suppliers; Type: TABLE; Schema: public; Owner: postgres; Tablespace: 
--

CREATE TABLE dictionary_2_referred_suppliers (
)
INHERITS (root_table_association);


ALTER TABLE public.dictionary_2_referred_suppliers OWNER TO postgres;

--
-- Name: dictionary_2_remark; Type: TABLE; Schema: public; Owner: postgres; Tablespace: 
--

CREATE TABLE dictionary_2_remark (
)
INHERITS (root_table_select);


ALTER TABLE public.dictionary_2_remark OWNER TO postgres;

--
-- Name: dictionary_2_responsible_supplier; Type: TABLE; Schema: public; Owner: postgres; Tablespace: 
--

CREATE TABLE dictionary_2_responsible_supplier (
)
INHERITS (root_table_association);


ALTER TABLE public.dictionary_2_responsible_supplier OWNER TO postgres;

--
-- Name: dictionary_2_supported_vep; Type: TABLE; Schema: public; Owner: postgres; Tablespace: 
--

CREATE TABLE dictionary_2_supported_vep (
)
INHERITS (root_table_association);


ALTER TABLE public.dictionary_2_supported_vep OWNER TO postgres;

--
-- Name: dictionary_2_updates; Type: TABLE; Schema: public; Owner: postgres; Tablespace: 
--

CREATE TABLE dictionary_2_updates (
)
INHERITS (root_table_association);


ALTER TABLE public.dictionary_2_updates OWNER TO postgres;

--
-- Name: dictionary_code_type_t; Type: TABLE; Schema: public; Owner: postgres; Tablespace: 
--

CREATE TABLE dictionary_code_type_t (
    value character varying
)
INHERITS (root_table_defined_type);


ALTER TABLE public.dictionary_code_type_t OWNER TO postgres;

--
-- Name: dictionary_e; Type: TABLE; Schema: public; Owner: postgres; Tablespace: 
--

CREATE TABLE dictionary_e (
    identified_by bigint,
    is_complete boolean,
    updates bigint,
    update_agreement character varying,
    referenced_dictionaries bigint[],
    responsible_supplier bigint,
    library_structure bigint,
    base_protocols bigint[],
    supported_vep bigint[],
    referred_suppliers bigint[],
    contained_classes bigint[],
    a_posteriori_semantic_relationships bigint[],
    names bigint,
    note bigint,
    remark bigint
)
INHERITS (root_table_entity);


ALTER TABLE public.dictionary_e OWNER TO postgres;

--
-- Name: dictionary_element_2_time_stamps; Type: TABLE; Schema: public; Owner: postgres; Tablespace: 
--

CREATE TABLE dictionary_element_2_time_stamps (
)
INHERITS (root_table_association);


ALTER TABLE public.dictionary_element_2_time_stamps OWNER TO postgres;

--
-- Name: dictionary_identification_2_defined_by; Type: TABLE; Schema: public; Owner: postgres; Tablespace: 
--

CREATE TABLE dictionary_identification_2_defined_by (
)
INHERITS (root_table_association);


ALTER TABLE public.dictionary_identification_2_defined_by OWNER TO postgres;

--
-- Name: dictionary_identification_e; Type: TABLE; Schema: public; Owner: postgres; Tablespace: 
--

CREATE TABLE dictionary_identification_e (
    code character varying,
    version character varying,
    revision character varying,
    defined_by bigint,
    is_version_current boolean DEFAULT false
)
INHERITS (root_table_entity);


ALTER TABLE public.dictionary_identification_e OWNER TO postgres;

--
-- Name: dictionary_in_standard_format_e; Type: TABLE; Schema: public; Owner: postgres; Tablespace: 
--

CREATE TABLE dictionary_in_standard_format_e (
)
INHERITS (dictionary_e);


ALTER TABLE public.dictionary_in_standard_format_e OWNER TO postgres;

--
-- Name: dimension_count_t; Type: TABLE; Schema: public; Owner: postgres; Tablespace: 
--

CREATE TABLE dimension_count_t (
    value bigint
)
INHERITS (root_table_defined_type);


ALTER TABLE public.dimension_count_t OWNER TO postgres;

--
-- Name: dimensional_exponents_e; Type: TABLE; Schema: public; Owner: postgres; Tablespace: 
--

CREATE TABLE dimensional_exponents_e (
    length_exponent double precision,
    mass_exponent double precision,
    time_exponent double precision,
    electric_current_exponent double precision,
    thermodynamic_temperature_exponent double precision,
    amount_of_substance_exponent double precision,
    luminous_intensity_exponent double precision
)
INHERITS (root_table_entity);


ALTER TABLE public.dimensional_exponents_e OWNER TO postgres;

--
-- Name: direction_e; Type: TABLE; Schema: public; Owner: postgres; Tablespace: 
--

CREATE TABLE direction_e (
    direction_ratios bigint[]
)
INHERITS (geometric_representation_item_e);


ALTER TABLE public.direction_e OWNER TO postgres;

--
-- Name: document_bsu_2_name_scope; Type: TABLE; Schema: public; Owner: postgres; Tablespace: 
--

CREATE TABLE document_bsu_2_name_scope (
)
INHERITS (root_table_association);


ALTER TABLE public.document_bsu_2_name_scope OWNER TO postgres;

--
-- Name: document_bsu_e; Type: TABLE; Schema: public; Owner: postgres; Tablespace: 
--

CREATE TABLE document_bsu_e (
    name_scope bigint,
    rid_class bigint,
    tablename_class character varying
)
INHERITS (class_related_bsu_e);


ALTER TABLE public.document_bsu_e OWNER TO postgres;

--
-- Name: document_code_type_t; Type: TABLE; Schema: public; Owner: postgres; Tablespace: 
--

CREATE TABLE document_code_type_t (
    value character varying
)
INHERITS (root_table_defined_type);


ALTER TABLE public.document_code_type_t OWNER TO postgres;

--
-- Name: document_content_2_dictionary_definition; Type: TABLE; Schema: public; Owner: postgres; Tablespace: 
--

CREATE TABLE document_content_2_dictionary_definition (
)
INHERITS (content_item_2_dictionary_definition);


ALTER TABLE public.document_content_2_dictionary_definition OWNER TO postgres;

--
-- Name: document_content_2_used_protocol; Type: TABLE; Schema: public; Owner: postgres; Tablespace: 
--

CREATE TABLE document_content_2_used_protocol (
)
INHERITS (external_item_2_used_protocol);


ALTER TABLE public.document_content_2_used_protocol OWNER TO postgres;

--
-- Name: document_content_e; Type: TABLE; Schema: public; Owner: postgres; Tablespace: 
--

CREATE TABLE document_content_e (
)
INHERITS (class_bsu_related_content_e);


ALTER TABLE public.document_content_e OWNER TO postgres;

--
-- Name: document_e; Type: TABLE; Schema: public; Owner: postgres; Tablespace: 
--

CREATE TABLE document_e (
)
INHERITS (root_table_entity);


ALTER TABLE public.document_e OWNER TO postgres;

--
-- Name: document_element_2_authors; Type: TABLE; Schema: public; Owner: postgres; Tablespace: 
--

CREATE TABLE document_element_2_authors (
)
INHERITS (root_table_association);


ALTER TABLE public.document_element_2_authors OWNER TO postgres;

--
-- Name: document_element_2_identified_by; Type: TABLE; Schema: public; Owner: postgres; Tablespace: 
--

CREATE TABLE document_element_2_identified_by (
)
INHERITS (dictionary_element_2_identified_by);


ALTER TABLE public.document_element_2_identified_by OWNER TO postgres;

--
-- Name: document_element_2_publishing_organisation; Type: TABLE; Schema: public; Owner: postgres; Tablespace: 
--

CREATE TABLE document_element_2_publishing_organisation (
)
INHERITS (root_table_association);


ALTER TABLE public.document_element_2_publishing_organisation OWNER TO postgres;

--
-- Name: document_element_e; Type: TABLE; Schema: public; Owner: postgres; Tablespace: 
--

CREATE TABLE document_element_e (
    authors bigint[],
    publishing_organisation bigint
)
INHERITS (class_related_dictionary_element_e);


ALTER TABLE public.document_element_e OWNER TO postgres;

--
-- Name: document_element_with_http_access_e; Type: TABLE; Schema: public; Owner: postgres; Tablespace: 
--

CREATE TABLE document_element_with_http_access_e (
    remote_location character varying
)
INHERITS (document_element_e);


ALTER TABLE public.document_element_with_http_access_e OWNER TO postgres;

--
-- Name: document_element_with_translated_http_access_2_languages; Type: TABLE; Schema: public; Owner: postgres; Tablespace: 
--

CREATE TABLE document_element_with_translated_http_access_2_languages (
)
INHERITS (root_table_association);


ALTER TABLE public.document_element_with_translated_http_access_2_languages OWNER TO postgres;

--
-- Name: document_element_with_translated_http_access_e; Type: TABLE; Schema: public; Owner: postgres; Tablespace: 
--

CREATE TABLE document_element_with_translated_http_access_e (
    remote_locations bigint[],
    languages bigint
)
INHERITS (document_element_e);


ALTER TABLE public.document_element_with_translated_http_access_e OWNER TO postgres;

--
-- Name: root_table_extension; Type: TABLE; Schema: public; Owner: postgres; Tablespace: 
--

CREATE TABLE root_table_extension (
    rid bigint NOT NULL,
    version_min bigint NOT NULL,
    version_max bigint
);


ALTER TABLE public.root_table_extension OWNER TO postgres;

--
-- Name: e1017; Type: TABLE; Schema: public; Owner: postgres; Tablespace: 
--

CREATE TABLE e1017 (
    p1057 character varying,
    p1663 character varying,
    p1667 character varying,
    p1671 character varying,
    p1675 character varying,
    p1679 character varying,
    p1683 character varying,
    p1687 character varying,
    p1056 character varying,
    p1054 character varying,
    p1053 character varying,
    p1635 character varying,
    p1699 character varying,
    p1699_1695 character varying,
    p1691 character varying,
    p1695 character varying
)
INHERITS (root_table_extension);


ALTER TABLE public.e1017 OWNER TO postgres;

--
-- Name: e1021; Type: TABLE; Schema: public; Owner: postgres; Tablespace: 
--

CREATE TABLE e1021 (
    p1053 character varying,
    p1054 character varying,
    p1055 character varying,
    p1056 character varying,
    p1057 character varying,
    p1058 double precision,
    p1059 character varying,
    p1060 character varying,
    p1061 bigint,
    p1062 double precision,
    p1063 double precision,
    p1064 bigint,
    p1065_max double precision,
    p1065_min double precision,
    p1066 boolean,
    p1067_max double precision,
    p1067_min double precision,
    p1068 character varying,
    p1069 double precision,
    p1070 double precision,
    p1071 boolean,
    p1072 double precision,
    p1073_max double precision,
    p1073_min double precision,
    p1074_max double precision,
    p1074_min double precision,
    p1075_max double precision,
    p1075_min double precision
)
INHERITS (root_table_extension);


ALTER TABLE public.e1021 OWNER TO postgres;

--
-- Name: e1023; Type: TABLE; Schema: public; Owner: postgres; Tablespace: 
--

CREATE TABLE e1023 (
    p1053 character varying,
    p1054 character varying,
    p1055 character varying,
    p1056 character varying,
    p1057 character varying,
    p1058 double precision,
    p1059 character varying,
    p1060 character varying,
    p1061 bigint,
    p1062 double precision,
    p1063 double precision,
    p1064 bigint,
    p1065_max double precision,
    p1065_min double precision,
    p1066 boolean,
    p1067_max double precision,
    p1067_min double precision,
    p1068 character varying,
    p1069 double precision,
    p1070 double precision,
    p1071 boolean,
    p1072 double precision,
    p1073_max double precision,
    p1073_min double precision,
    p1074_max double precision,
    p1074_min double precision,
    p1075_max double precision,
    p1075_min double precision
)
INHERITS (root_table_extension);


ALTER TABLE public.e1023 OWNER TO postgres;

--
-- Name: e1024; Type: TABLE; Schema: public; Owner: postgres; Tablespace: 
--

CREATE TABLE e1024 (
    p1053 character varying,
    p1054 character varying,
    p1055 character varying,
    p1056 character varying,
    p1057 character varying,
    p1058 double precision,
    p1061 bigint,
    p1062 double precision,
    p1063 double precision,
    p1064 bigint,
    p1065_max double precision,
    p1065_min double precision,
    p1067_max double precision,
    p1067_min double precision,
    p1068 character varying,
    p1069 double precision
)
INHERITS (root_table_extension);


ALTER TABLE public.e1024 OWNER TO postgres;

--
-- Name: e1025; Type: TABLE; Schema: public; Owner: postgres; Tablespace: 
--

CREATE TABLE e1025 (
    p1053 character varying,
    p1054 character varying,
    p1055 character varying,
    p1056 character varying,
    p1057 character varying,
    p1058 double precision,
    p1061 bigint,
    p1062 double precision,
    p1063 double precision,
    p1064 bigint,
    p1065_max double precision,
    p1065_min double precision,
    p1067_max double precision,
    p1067_min double precision,
    p1068 character varying,
    p1069 double precision
)
INHERITS (root_table_extension);


ALTER TABLE public.e1025 OWNER TO postgres;

--
-- Name: e1026; Type: TABLE; Schema: public; Owner: postgres; Tablespace: 
--

CREATE TABLE e1026 (
    p1053 character varying,
    p1054 character varying,
    p1055 character varying,
    p1056 character varying,
    p1057 character varying,
    p1058 double precision,
    p1059 character varying,
    p1060 character varying,
    p1061 bigint,
    p1062 double precision,
    p1063 double precision,
    p1064 bigint,
    p1065_max double precision,
    p1065_min double precision,
    p1066 boolean,
    p1067_max double precision,
    p1067_min double precision,
    p1068 character varying,
    p1069 double precision,
    p1070 double precision,
    p1071 boolean,
    p1072 double precision,
    p1073_max double precision,
    p1073_min double precision,
    p1074_max double precision,
    p1074_min double precision,
    p1075_max double precision,
    p1075_min double precision
)
INHERITS (root_table_extension);


ALTER TABLE public.e1026 OWNER TO postgres;

--
-- Name: e1027; Type: TABLE; Schema: public; Owner: postgres; Tablespace: 
--

CREATE TABLE e1027 (
    p1053 character varying,
    p1054 character varying,
    p1055 character varying,
    p1056 character varying,
    p1057 character varying,
    p1058 double precision,
    p1061 bigint,
    p1062 double precision,
    p1063 double precision,
    p1064 bigint,
    p1065_max double precision,
    p1065_min double precision,
    p1067_max double precision,
    p1067_min double precision,
    p1068 character varying,
    p1069 double precision
)
INHERITS (root_table_extension);


ALTER TABLE public.e1027 OWNER TO postgres;

--
-- Name: e1028; Type: TABLE; Schema: public; Owner: postgres; Tablespace: 
--

CREATE TABLE e1028 (
    p1053 character varying,
    p1054 character varying,
    p1055 character varying,
    p1056 character varying,
    p1057 character varying,
    p1058 double precision,
    p1059 character varying,
    p1060 character varying,
    p1061 bigint,
    p1062 double precision,
    p1063 double precision,
    p1064 bigint,
    p1065_max double precision,
    p1065_min double precision,
    p1066 boolean,
    p1067_max double precision,
    p1067_min double precision,
    p1068 character varying,
    p1069 double precision,
    p1070 double precision,
    p1071 boolean,
    p1072 double precision,
    p1073_max double precision,
    p1073_min double precision,
    p1074_max double precision,
    p1074_min double precision,
    p1075_max double precision,
    p1075_min double precision
)
INHERITS (root_table_extension);


ALTER TABLE public.e1028 OWNER TO postgres;

--
-- Name: e1029; Type: TABLE; Schema: public; Owner: postgres; Tablespace: 
--

CREATE TABLE e1029 (
    p1053 character varying,
    p1054 character varying,
    p1055 character varying,
    p1056 character varying,
    p1057 character varying,
    p1058 double precision,
    p1061 bigint,
    p1062 double precision,
    p1063 double precision,
    p1064 bigint,
    p1065_max double precision,
    p1065_min double precision,
    p1067_max double precision,
    p1067_min double precision,
    p1068 character varying,
    p1069 double precision
)
INHERITS (root_table_extension);


ALTER TABLE public.e1029 OWNER TO postgres;

--
-- Name: e1030; Type: TABLE; Schema: public; Owner: postgres; Tablespace: 
--

CREATE TABLE e1030 (
    p1054 character varying,
    p1055 character varying,
    p1056 character varying,
    p1057 character varying,
    p1058 double precision,
    p1061 bigint,
    p1062 double precision,
    p1063 double precision,
    p1064 bigint,
    p1065_max double precision,
    p1065_min double precision,
    p1067_max double precision,
    p1067_min double precision,
    p1068 character varying,
    p1069 double precision
)
INHERITS (root_table_extension);


ALTER TABLE public.e1030 OWNER TO postgres;

--
-- Name: e1031; Type: TABLE; Schema: public; Owner: postgres; Tablespace: 
--

CREATE TABLE e1031 (
    p1053 character varying,
    p1054 character varying,
    p1055 character varying,
    p1056 character varying,
    p1057 character varying,
    p1058 double precision,
    p1061 bigint,
    p1062 double precision,
    p1063 double precision,
    p1064 bigint,
    p1065_max double precision,
    p1065_min double precision,
    p1067_max double precision,
    p1067_min double precision,
    p1068 character varying,
    p1069 double precision
)
INHERITS (root_table_extension);


ALTER TABLE public.e1031 OWNER TO postgres;

--
-- Name: e1032; Type: TABLE; Schema: public; Owner: postgres; Tablespace: 
--

CREATE TABLE e1032 (
    p1053 character varying,
    p1054 character varying,
    p1055 character varying,
    p1056 character varying,
    p1057 character varying,
    p1058 double precision,
    p1061 bigint,
    p1062 double precision,
    p1063 double precision,
    p1064 bigint,
    p1065_max double precision,
    p1065_min double precision,
    p1067_max double precision,
    p1067_min double precision,
    p1068 character varying,
    p1069 double precision
)
INHERITS (root_table_extension);


ALTER TABLE public.e1032 OWNER TO postgres;

--
-- Name: e1033; Type: TABLE; Schema: public; Owner: postgres; Tablespace: 
--

CREATE TABLE e1033 (
    p1053 character varying,
    p1054 character varying,
    p1055 character varying,
    p1056 character varying,
    p1057 character varying,
    p1058 double precision,
    p1061 bigint,
    p1062 double precision,
    p1063 double precision,
    p1064 bigint,
    p1065_max double precision,
    p1065_min double precision,
    p1067_max double precision,
    p1067_min double precision,
    p1068 character varying,
    p1069 double precision
)
INHERITS (root_table_extension);


ALTER TABLE public.e1033 OWNER TO postgres;

--
-- Name: e1034; Type: TABLE; Schema: public; Owner: postgres; Tablespace: 
--

CREATE TABLE e1034 (
    p1053 character varying,
    p1054 character varying,
    p1055 character varying,
    p1056 character varying,
    p1057 character varying,
    p1058 double precision,
    p1059 character varying,
    p1060 character varying,
    p1061 bigint,
    p1062 double precision,
    p1063 double precision,
    p1064 bigint,
    p1065_max double precision,
    p1065_min double precision,
    p1066 boolean,
    p1067_max double precision,
    p1067_min double precision,
    p1068 character varying,
    p1069 double precision,
    p1070 double precision,
    p1071 boolean,
    p1072 double precision,
    p1073_max double precision,
    p1073_min double precision,
    p1074_max double precision,
    p1074_min double precision,
    p1075_max double precision,
    p1075_min double precision
)
INHERITS (root_table_extension);


ALTER TABLE public.e1034 OWNER TO postgres;

--
-- Name: e1035; Type: TABLE; Schema: public; Owner: postgres; Tablespace: 
--

CREATE TABLE e1035 (
    p1053 character varying,
    p1054 character varying,
    p1055 character varying,
    p1056 character varying,
    p1057 character varying,
    p1058 double precision,
    p1059 character varying,
    p1060 character varying,
    p1061 bigint,
    p1062 double precision,
    p1063 double precision,
    p1064 bigint,
    p1065_max double precision,
    p1065_min double precision,
    p1066 boolean,
    p1067_max double precision,
    p1067_min double precision,
    p1068 character varying,
    p1069 double precision,
    p1070 double precision,
    p1071 boolean,
    p1072 double precision,
    p1073_max double precision,
    p1073_min double precision,
    p1074_max double precision,
    p1074_min double precision,
    p1075_max double precision,
    p1075_min double precision
)
INHERITS (root_table_extension);


ALTER TABLE public.e1035 OWNER TO postgres;

--
-- Name: e1036; Type: TABLE; Schema: public; Owner: postgres; Tablespace: 
--

CREATE TABLE e1036 (
    p1053 character varying,
    p1054 character varying,
    p1055 character varying,
    p1056 character varying,
    p1057 character varying,
    p1058 double precision,
    p1059 character varying,
    p1060 character varying,
    p1061 bigint,
    p1062 double precision,
    p1063 double precision,
    p1064 bigint,
    p1065_max double precision,
    p1065_min double precision,
    p1066 boolean,
    p1067_max double precision,
    p1067_min double precision,
    p1068 character varying,
    p1069 double precision,
    p1070 double precision,
    p1071 boolean,
    p1072 double precision,
    p1073_max double precision,
    p1073_min double precision,
    p1074_max double precision,
    p1074_min double precision,
    p1075_max double precision,
    p1075_min double precision
)
INHERITS (root_table_extension);


ALTER TABLE public.e1036 OWNER TO postgres;

--
-- Name: e1038; Type: TABLE; Schema: public; Owner: postgres; Tablespace: 
--

CREATE TABLE e1038 (
    p1053 character varying,
    p1054 character varying,
    p1055 character varying,
    p1056 character varying,
    p1057 character varying,
    p1058 double precision,
    p1059 character varying,
    p1060 character varying,
    p1061 bigint,
    p1062 double precision,
    p1063 double precision,
    p1064 bigint,
    p1065_max double precision,
    p1065_min double precision,
    p1066 boolean,
    p1067_max double precision,
    p1067_min double precision,
    p1068 character varying,
    p1069 double precision,
    p1070 double precision,
    p1071 boolean,
    p1072 double precision,
    p1073_max double precision,
    p1073_min double precision,
    p1074_max double precision,
    p1074_min double precision,
    p1075_max double precision,
    p1075_min double precision
)
INHERITS (root_table_extension);


ALTER TABLE public.e1038 OWNER TO postgres;

--
-- Name: e1039; Type: TABLE; Schema: public; Owner: postgres; Tablespace: 
--

CREATE TABLE e1039 (
    p1053 character varying,
    p1054 character varying,
    p1055 character varying,
    p1056 character varying,
    p1057 character varying,
    p1058 double precision,
    p1059 character varying,
    p1060 character varying,
    p1061 bigint,
    p1062 double precision,
    p1063 double precision,
    p1064 bigint,
    p1065_max double precision,
    p1065_min double precision,
    p1066 boolean,
    p1067_max double precision,
    p1067_min double precision,
    p1068 character varying,
    p1069 double precision,
    p1070 double precision,
    p1071 boolean,
    p1072 double precision,
    p1073_max double precision,
    p1073_min double precision,
    p1074_max double precision,
    p1074_min double precision,
    p1075_max double precision,
    p1075_min double precision
)
INHERITS (root_table_extension);


ALTER TABLE public.e1039 OWNER TO postgres;

--
-- Name: e1040; Type: TABLE; Schema: public; Owner: postgres; Tablespace: 
--

CREATE TABLE e1040 (
    p1053 character varying,
    p1054 character varying,
    p1055 character varying,
    p1056 character varying,
    p1057 character varying,
    p1058 double precision,
    p1061 bigint,
    p1062 double precision,
    p1063 double precision,
    p1064 bigint,
    p1065_max double precision,
    p1065_min double precision,
    p1067_max double precision,
    p1067_min double precision,
    p1068 character varying,
    p1069 double precision
)
INHERITS (root_table_extension);


ALTER TABLE public.e1040 OWNER TO postgres;

--
-- Name: e1041; Type: TABLE; Schema: public; Owner: postgres; Tablespace: 
--

CREATE TABLE e1041 (
    p1053 character varying,
    p1054 character varying,
    p1055 character varying,
    p1056 character varying,
    p1057 character varying,
    p1058 double precision,
    p1061 bigint,
    p1062 double precision,
    p1063 double precision,
    p1064 bigint,
    p1065_max double precision,
    p1065_min double precision,
    p1067_max double precision,
    p1067_min double precision,
    p1068 character varying,
    p1069 double precision
)
INHERITS (root_table_extension);


ALTER TABLE public.e1041 OWNER TO postgres;

--
-- Name: e1042; Type: TABLE; Schema: public; Owner: postgres; Tablespace: 
--

CREATE TABLE e1042 (
    p1053 character varying,
    p1054 character varying,
    p1055 character varying,
    p1056 character varying,
    p1057 character varying,
    p1058 double precision,
    p1061 bigint,
    p1062 double precision,
    p1063 double precision,
    p1064 bigint,
    p1065_max double precision,
    p1065_min double precision,
    p1067_max double precision,
    p1067_min double precision,
    p1068 character varying,
    p1069 double precision
)
INHERITS (root_table_extension);


ALTER TABLE public.e1042 OWNER TO postgres;

--
-- Name: e1043; Type: TABLE; Schema: public; Owner: postgres; Tablespace: 
--

CREATE TABLE e1043 (
    p1053 character varying,
    p1054 character varying,
    p1055 character varying,
    p1056 character varying,
    p1057 character varying,
    p1058 double precision,
    p1059 character varying,
    p1060 character varying,
    p1061 bigint,
    p1062 double precision,
    p1063 double precision,
    p1064 bigint,
    p1065_max double precision,
    p1065_min double precision,
    p1066 boolean,
    p1067_max double precision,
    p1067_min double precision,
    p1068 character varying,
    p1069 double precision,
    p1070 double precision,
    p1071 boolean,
    p1072 double precision,
    p1073_max double precision,
    p1073_min double precision,
    p1074_max double precision,
    p1074_min double precision,
    p1075_max double precision,
    p1075_min double precision
)
INHERITS (root_table_extension);


ALTER TABLE public.e1043 OWNER TO postgres;

--
-- Name: e1044; Type: TABLE; Schema: public; Owner: postgres; Tablespace: 
--

CREATE TABLE e1044 (
    p1053 character varying,
    p1054 character varying,
    p1055 character varying,
    p1056 character varying,
    p1057 character varying,
    p1058 double precision,
    p1059 character varying,
    p1060 character varying,
    p1061 bigint,
    p1062 double precision,
    p1063 double precision,
    p1064 bigint,
    p1065_max double precision,
    p1065_min double precision,
    p1066 boolean,
    p1067_max double precision,
    p1067_min double precision,
    p1068 character varying,
    p1069 double precision,
    p1070 double precision,
    p1071 boolean,
    p1072 double precision,
    p1073_max double precision,
    p1073_min double precision,
    p1074_max double precision,
    p1074_min double precision,
    p1075_max double precision,
    p1075_min double precision
)
INHERITS (root_table_extension);


ALTER TABLE public.e1044 OWNER TO postgres;

--
-- Name: e1046; Type: TABLE; Schema: public; Owner: postgres; Tablespace: 
--

CREATE TABLE e1046 (
    p1053 character varying,
    p1054 character varying,
    p1055 character varying,
    p1056 character varying,
    p1057 character varying,
    p1058 double precision,
    p1059 character varying,
    p1060 character varying,
    p1061 bigint,
    p1062 double precision,
    p1063 double precision,
    p1064 bigint,
    p1065_max double precision,
    p1065_min double precision,
    p1066 boolean,
    p1067_max double precision,
    p1067_min double precision,
    p1068 character varying,
    p1069 double precision,
    p1070 double precision,
    p1071 boolean,
    p1072 double precision,
    p1073_max double precision,
    p1073_min double precision,
    p1074_max double precision,
    p1074_min double precision,
    p1075_max double precision,
    p1075_min double precision
)
INHERITS (root_table_extension);


ALTER TABLE public.e1046 OWNER TO postgres;

--
-- Name: e1049; Type: TABLE; Schema: public; Owner: postgres; Tablespace: 
--

CREATE TABLE e1049 (
    p1053 character varying,
    p1054 character varying,
    p1055 character varying,
    p1056 character varying,
    p1057 character varying,
    p1058 double precision,
    p1059 character varying,
    p1060 character varying,
    p1061 bigint,
    p1062 double precision,
    p1063 double precision,
    p1064 bigint,
    p1065_max double precision,
    p1065_min double precision,
    p1066 boolean,
    p1067_max double precision,
    p1067_min double precision,
    p1068 character varying,
    p1069 double precision,
    p1070 double precision,
    p1071 boolean,
    p1072 double precision,
    p1073_max double precision,
    p1073_min double precision,
    p1074_max double precision,
    p1074_min double precision,
    p1075_max double precision,
    p1075_min double precision
)
INHERITS (root_table_extension);


ALTER TABLE public.e1049 OWNER TO postgres;

--
-- Name: e1050; Type: TABLE; Schema: public; Owner: postgres; Tablespace: 
--

CREATE TABLE e1050 (
    p1053 character varying,
    p1054 character varying,
    p1055 character varying,
    p1056 character varying,
    p1057 character varying,
    p1058 double precision,
    p1059 character varying,
    p1060 character varying,
    p1061 bigint,
    p1062 double precision,
    p1063 double precision,
    p1064 bigint,
    p1065_max double precision,
    p1065_min double precision,
    p1066 boolean,
    p1067_max double precision,
    p1067_min double precision,
    p1068 character varying,
    p1069 double precision,
    p1070 double precision,
    p1071 boolean,
    p1072 double precision,
    p1073_max double precision,
    p1073_min double precision,
    p1074_max double precision,
    p1074_min double precision,
    p1075_max double precision,
    p1075_min double precision
)
INHERITS (root_table_extension);


ALTER TABLE public.e1050 OWNER TO postgres;

--
-- Name: e1051; Type: TABLE; Schema: public; Owner: postgres; Tablespace: 
--

CREATE TABLE e1051 (
    p1053 character varying,
    p1054 character varying,
    p1055 character varying,
    p1056 character varying,
    p1057 character varying,
    p1058 double precision,
    p1059 character varying,
    p1060 character varying,
    p1061 bigint,
    p1062 double precision,
    p1063 double precision,
    p1064 bigint,
    p1065_max double precision,
    p1065_min double precision,
    p1066 boolean,
    p1067_max double precision,
    p1067_min double precision,
    p1068 character varying,
    p1069 double precision,
    p1070 double precision,
    p1071 boolean,
    p1072 double precision,
    p1073_max double precision,
    p1073_min double precision,
    p1074_max double precision,
    p1074_min double precision,
    p1075_max double precision,
    p1075_min double precision
)
INHERITS (root_table_extension);


ALTER TABLE public.e1051 OWNER TO postgres;

--
-- Name: e1052; Type: TABLE; Schema: public; Owner: postgres; Tablespace: 
--

CREATE TABLE e1052 (
    p1053 character varying,
    p1054 character varying,
    p1055 character varying,
    p1056 character varying,
    p1057 character varying,
    p1058 double precision,
    p1061 bigint,
    p1062 double precision,
    p1063 double precision,
    p1064 bigint,
    p1065_max double precision,
    p1065_min double precision,
    p1067_max double precision,
    p1067_min double precision,
    p1068 character varying,
    p1069 double precision
)
INHERITS (root_table_extension);


ALTER TABLE public.e1052 OWNER TO postgres;

--
-- Name: e1703; Type: TABLE; Schema: public; Owner: postgres; Tablespace: 
--

CREATE TABLE e1703 (
    p1663 character varying,
    p1667 character varying,
    p1671 character varying,
    p1675 character varying,
    p1679 character varying,
    p1057 character varying,
    p1054 character varying,
    p1056 character varying,
    p1695 character varying,
    p1691 character varying,
    p1707_rid bigint,
    p1707_tablename character varying
)
INHERITS (root_table_extension);


ALTER TABLE public.e1703 OWNER TO postgres;

--
-- Name: electric_current_measure_t; Type: TABLE; Schema: public; Owner: postgres; Tablespace: 
--

CREATE TABLE electric_current_measure_t (
    value double precision
)
INHERITS (root_table_defined_type);


ALTER TABLE public.electric_current_measure_t OWNER TO postgres;

--
-- Name: entity_info_2_derived; Type: TABLE; Schema: public; Owner: postgres; Tablespace: 
--

CREATE TABLE entity_info_2_derived (
)
INHERITS (root_table_association);


ALTER TABLE public.entity_info_2_derived OWNER TO postgres;

--
-- Name: entity_info_2_explicit; Type: TABLE; Schema: public; Owner: postgres; Tablespace: 
--

CREATE TABLE entity_info_2_explicit (
)
INHERITS (root_table_association);


ALTER TABLE public.entity_info_2_explicit OWNER TO postgres;

--
-- Name: entity_info_2_inv; Type: TABLE; Schema: public; Owner: postgres; Tablespace: 
--

CREATE TABLE entity_info_2_inv (
)
INHERITS (root_table_association);


ALTER TABLE public.entity_info_2_inv OWNER TO postgres;

--
-- Name: entity_info_2_subtypes; Type: TABLE; Schema: public; Owner: postgres; Tablespace: 
--

CREATE TABLE entity_info_2_subtypes (
)
INHERITS (root_table_association);


ALTER TABLE public.entity_info_2_subtypes OWNER TO postgres;

--
-- Name: entity_info_2_supertypes; Type: TABLE; Schema: public; Owner: postgres; Tablespace: 
--

CREATE TABLE entity_info_2_supertypes (
)
INHERITS (root_table_association);


ALTER TABLE public.entity_info_2_supertypes OWNER TO postgres;

--
-- Name: entity_info_e; Type: TABLE; Schema: public; Owner: postgres; Tablespace: 
--

CREATE TABLE entity_info_e (
    is_abstract boolean,
    supertypes bigint[],
    subtypes bigint[],
    explicit bigint[],
    derived bigint[],
    inv bigint[]
)
INHERITS (named_info_e);


ALTER TABLE public.entity_info_e OWNER TO postgres;

--
-- Name: entity_instance_type_for_aggregate_2_type_structure; Type: TABLE; Schema: public; Owner: postgres; Tablespace: 
--

CREATE TABLE entity_instance_type_for_aggregate_2_type_structure (
)
INHERITS (root_table_association);


ALTER TABLE public.entity_instance_type_for_aggregate_2_type_structure OWNER TO postgres;

--
-- Name: entity_instance_type_for_aggregate_e; Type: TABLE; Schema: public; Owner: postgres; Tablespace: 
--

CREATE TABLE entity_instance_type_for_aggregate_e (
    type_structure bigint
)
INHERITS (entity_instance_type_e);


ALTER TABLE public.entity_instance_type_for_aggregate_e OWNER TO postgres;

--
-- Name: enum_info_e; Type: TABLE; Schema: public; Owner: postgres; Tablespace: 
--

CREATE TABLE enum_info_e (
    literals bigint[]
)
INHERITS (named_info_e);


ALTER TABLE public.enum_info_e OWNER TO postgres;

--
-- Name: explicit_functional_model_class_extension_2_available_views_ico; Type: TABLE; Schema: public; Owner: postgres; Tablespace: 
--

CREATE TABLE explicit_functional_model_class_extension_2_available_views_ico (
)
INHERITS (root_table_association);


ALTER TABLE public.explicit_functional_model_class_extension_2_available_views_ico OWNER TO postgres;

--
-- Name: explicit_functional_model_class_extension_2_available_views_msg; Type: TABLE; Schema: public; Owner: postgres; Tablespace: 
--

CREATE TABLE explicit_functional_model_class_extension_2_available_views_msg (
)
INHERITS (root_table_association);


ALTER TABLE public.explicit_functional_model_class_extension_2_available_views_msg OWNER TO postgres;

--
-- Name: explicit_functional_model_class_extension_2_context_param_icon; Type: TABLE; Schema: public; Owner: postgres; Tablespace: 
--

CREATE TABLE explicit_functional_model_class_extension_2_context_param_icon (
)
INHERITS (root_table_association);


ALTER TABLE public.explicit_functional_model_class_extension_2_context_param_icon OWNER TO postgres;

--
-- Name: explicit_functional_model_class_extension_2_context_param_msg; Type: TABLE; Schema: public; Owner: postgres; Tablespace: 
--

CREATE TABLE explicit_functional_model_class_extension_2_context_param_msg (
)
INHERITS (root_table_association);


ALTER TABLE public.explicit_functional_model_class_extension_2_context_param_msg OWNER TO postgres;

--
-- Name: explicit_functional_model_class_extension_2_measure_unit; Type: TABLE; Schema: public; Owner: postgres; Tablespace: 
--

CREATE TABLE explicit_functional_model_class_extension_2_measure_unit (
)
INHERITS (root_table_association);


ALTER TABLE public.explicit_functional_model_class_extension_2_measure_unit OWNER TO postgres;

--
-- Name: explicit_functional_model_class_extension_2_referenced_represen; Type: TABLE; Schema: public; Owner: postgres; Tablespace: 
--

CREATE TABLE explicit_functional_model_class_extension_2_referenced_represen (
)
INHERITS (root_table_association);


ALTER TABLE public.explicit_functional_model_class_extension_2_referenced_represen OWNER TO postgres;

--
-- Name: explicit_functional_model_class_extension_2_required_item_value; Type: TABLE; Schema: public; Owner: postgres; Tablespace: 
--

CREATE TABLE explicit_functional_model_class_extension_2_required_item_value (
)
INHERITS (root_table_association);


ALTER TABLE public.explicit_functional_model_class_extension_2_required_item_value OWNER TO postgres;

--
-- Name: model_class_extension_e; Type: TABLE; Schema: public; Owner: postgres; Tablespace: 
--

CREATE TABLE model_class_extension_e (
    referenced_external_items bigint[],
    used_protocols bigint[],
    referenced_view_exchange_protocol bigint[],
    content_version character varying,
    content_revision character varying,
    recommended_presentation bigint[],
    classification bigint[]
)
INHERITS (class_extension_e);


ALTER TABLE public.model_class_extension_e OWNER TO postgres;

--
-- Name: explicit_model_class_extension_e; Type: TABLE; Schema: public; Owner: postgres; Tablespace: 
--

CREATE TABLE explicit_model_class_extension_e (
    instance_identification bigint[],
    population bigint[],
    table_like boolean
)
INHERITS (model_class_extension_e);


ALTER TABLE public.explicit_model_class_extension_e OWNER TO postgres;

--
-- Name: explicit_functional_model_class_extension_e; Type: TABLE; Schema: public; Owner: postgres; Tablespace: 
--

CREATE TABLE explicit_functional_model_class_extension_e (
    measure_unit bigint,
    required_item_values bigint[],
    referenced_representation bigint,
    available_views_icon bigint,
    available_views_msg bigint,
    context_param_icon bigint[],
    context_param_msg bigint
)
INHERITS (explicit_model_class_extension_e);


ALTER TABLE public.explicit_functional_model_class_extension_e OWNER TO postgres;

--
-- Name: explicit_item_class_extension_2_access_icon; Type: TABLE; Schema: public; Owner: postgres; Tablespace: 
--

CREATE TABLE explicit_item_class_extension_2_access_icon (
)
INHERITS (root_table_association);


ALTER TABLE public.explicit_item_class_extension_2_access_icon OWNER TO postgres;

--
-- Name: explicit_item_class_extension_2_class_presentation_on_paper; Type: TABLE; Schema: public; Owner: postgres; Tablespace: 
--

CREATE TABLE explicit_item_class_extension_2_class_presentation_on_paper (
)
INHERITS (root_table_association);


ALTER TABLE public.explicit_item_class_extension_2_class_presentation_on_paper OWNER TO postgres;

--
-- Name: explicit_item_class_extension_2_class_presentation_on_screen; Type: TABLE; Schema: public; Owner: postgres; Tablespace: 
--

CREATE TABLE explicit_item_class_extension_2_class_presentation_on_screen (
)
INHERITS (root_table_association);


ALTER TABLE public.explicit_item_class_extension_2_class_presentation_on_screen OWNER TO postgres;

--
-- Name: explicit_item_class_extension_2_content_msg; Type: TABLE; Schema: public; Owner: postgres; Tablespace: 
--

CREATE TABLE explicit_item_class_extension_2_content_msg (
)
INHERITS (root_table_association);


ALTER TABLE public.explicit_item_class_extension_2_content_msg OWNER TO postgres;

--
-- Name: explicit_item_class_extension_2_create_icon; Type: TABLE; Schema: public; Owner: postgres; Tablespace: 
--

CREATE TABLE explicit_item_class_extension_2_create_icon (
)
INHERITS (root_table_association);


ALTER TABLE public.explicit_item_class_extension_2_create_icon OWNER TO postgres;

--
-- Name: explicit_item_class_extension_2_create_msg; Type: TABLE; Schema: public; Owner: postgres; Tablespace: 
--

CREATE TABLE explicit_item_class_extension_2_create_msg (
)
INHERITS (root_table_association);


ALTER TABLE public.explicit_item_class_extension_2_create_msg OWNER TO postgres;

--
-- Name: explicit_item_class_extension_e; Type: TABLE; Schema: public; Owner: postgres; Tablespace: 
--

CREATE TABLE explicit_item_class_extension_e (
    access_icon bigint,
    content_msg bigint,
    create_icon bigint[],
    create_msg bigint,
    class_presentation_on_paper bigint[],
    class_presentation_on_screen bigint[]
)
INHERITS (explicit_model_class_extension_e);


ALTER TABLE public.explicit_item_class_extension_e OWNER TO postgres;

--
-- Name: explicit_model_class_extension_2_instance_identification; Type: TABLE; Schema: public; Owner: postgres; Tablespace: 
--

CREATE TABLE explicit_model_class_extension_2_instance_identification (
)
INHERITS (root_table_association);


ALTER TABLE public.explicit_model_class_extension_2_instance_identification OWNER TO postgres;

--
-- Name: explicit_model_class_extension_2_population; Type: TABLE; Schema: public; Owner: postgres; Tablespace: 
--

CREATE TABLE explicit_model_class_extension_2_population (
)
INHERITS (root_table_association);


ALTER TABLE public.explicit_model_class_extension_2_population OWNER TO postgres;

--
-- Name: external_content_2_consists_of; Type: TABLE; Schema: public; Owner: postgres; Tablespace: 
--

CREATE TABLE external_content_2_consists_of (
)
INHERITS (root_table_association);


ALTER TABLE public.external_content_2_consists_of OWNER TO postgres;

--
-- Name: external_content_e; Type: TABLE; Schema: public; Owner: postgres; Tablespace: 
--

CREATE TABLE external_content_e (
    consists_of bigint[]
)
INHERITS (root_table_entity);


ALTER TABLE public.external_content_e OWNER TO postgres;

--
-- Name: external_file_address_t; Type: TABLE; Schema: public; Owner: postgres; Tablespace: 
--

CREATE TABLE external_file_address_t (
    value character varying
)
INHERITS (root_table_defined_type);


ALTER TABLE public.external_file_address_t OWNER TO postgres;

--
-- Name: external_file_protocol_2_base_protocol; Type: TABLE; Schema: public; Owner: postgres; Tablespace: 
--

CREATE TABLE external_file_protocol_2_base_protocol (
)
INHERITS (root_table_association);


ALTER TABLE public.external_file_protocol_2_base_protocol OWNER TO postgres;

--
-- Name: external_file_protocol_2_designation; Type: TABLE; Schema: public; Owner: postgres; Tablespace: 
--

CREATE TABLE external_file_protocol_2_designation (
)
INHERITS (root_table_association);


ALTER TABLE public.external_file_protocol_2_designation OWNER TO postgres;

--
-- Name: external_file_protocol_2_organisation; Type: TABLE; Schema: public; Owner: postgres; Tablespace: 
--

CREATE TABLE external_file_protocol_2_organisation (
)
INHERITS (root_table_association);


ALTER TABLE public.external_file_protocol_2_organisation OWNER TO postgres;

--
-- Name: external_file_unit_e; Type: TABLE; Schema: public; Owner: postgres; Tablespace: 
--

CREATE TABLE external_file_unit_e (
    file character varying,
    content_encoding character varying
)
INHERITS (root_table_entity);


ALTER TABLE public.external_file_unit_e OWNER TO postgres;

--
-- Name: external_item_2_content; Type: TABLE; Schema: public; Owner: postgres; Tablespace: 
--

CREATE TABLE external_item_2_content (
)
INHERITS (root_table_association);


ALTER TABLE public.external_item_2_content OWNER TO postgres;

--
-- Name: external_item_code_type_t; Type: TABLE; Schema: public; Owner: postgres; Tablespace: 
--

CREATE TABLE external_item_code_type_t (
    value character varying
)
INHERITS (root_table_defined_type);


ALTER TABLE public.external_item_code_type_t OWNER TO postgres;

--
-- Name: feature_class_e; Type: TABLE; Schema: public; Owner: postgres; Tablespace: 
--

CREATE TABLE feature_class_e (
)
INHERITS (item_class_e);


ALTER TABLE public.feature_class_e OWNER TO postgres;

--
-- Name: feature_class_case_of_e; Type: TABLE; Schema: public; Owner: postgres; Tablespace: 
--

CREATE TABLE feature_class_case_of_e (
)
INHERITS (item_class_case_of_e, feature_class_e);


ALTER TABLE public.feature_class_case_of_e OWNER TO postgres;

--
-- Name: fm_class_view_of_2_imported_documents_from_item; Type: TABLE; Schema: public; Owner: postgres; Tablespace: 
--

CREATE TABLE fm_class_view_of_2_imported_documents_from_item (
)
INHERITS (root_table_association);


ALTER TABLE public.fm_class_view_of_2_imported_documents_from_item OWNER TO postgres;

--
-- Name: fm_class_view_of_2_imported_properties_from_item; Type: TABLE; Schema: public; Owner: postgres; Tablespace: 
--

CREATE TABLE fm_class_view_of_2_imported_properties_from_item (
)
INHERITS (root_table_association);


ALTER TABLE public.fm_class_view_of_2_imported_properties_from_item OWNER TO postgres;

--
-- Name: fm_class_view_of_2_imported_tables_from_item; Type: TABLE; Schema: public; Owner: postgres; Tablespace: 
--

CREATE TABLE fm_class_view_of_2_imported_tables_from_item (
)
INHERITS (root_table_association);


ALTER TABLE public.fm_class_view_of_2_imported_tables_from_item OWNER TO postgres;

--
-- Name: fm_class_view_of_2_imported_types_from_item; Type: TABLE; Schema: public; Owner: postgres; Tablespace: 
--

CREATE TABLE fm_class_view_of_2_imported_types_from_item (
)
INHERITS (root_table_association);


ALTER TABLE public.fm_class_view_of_2_imported_types_from_item OWNER TO postgres;

--
-- Name: fm_class_view_of_2_view_of; Type: TABLE; Schema: public; Owner: postgres; Tablespace: 
--

CREATE TABLE fm_class_view_of_2_view_of (
)
INHERITS (root_table_association);


ALTER TABLE public.fm_class_view_of_2_view_of OWNER TO postgres;

--
-- Name: fm_class_view_of_e; Type: TABLE; Schema: public; Owner: postgres; Tablespace: 
--

CREATE TABLE fm_class_view_of_e (
    view_of bigint,
    imported_properties_from_item bigint[],
    imported_types_from_item bigint[],
    imported_tables_from_item bigint[],
    imported_documents_from_item bigint[]
)
INHERITS (a_priori_semantic_relationship_e, abstract_functional_model_class_e);


ALTER TABLE public.fm_class_view_of_e OWNER TO postgres;

--
-- Name: functional_model_class_e; Type: TABLE; Schema: public; Owner: postgres; Tablespace: 
--

CREATE TABLE functional_model_class_e (
)
INHERITS (a_priori_semantic_relationship_e, abstract_functional_model_class_e);


ALTER TABLE public.functional_model_class_e OWNER TO postgres;

--
-- Name: functional_view_class_2_view_control_variables; Type: TABLE; Schema: public; Owner: postgres; Tablespace: 
--

CREATE TABLE functional_view_class_2_view_control_variables (
)
INHERITS (root_table_association);


ALTER TABLE public.functional_view_class_2_view_control_variables OWNER TO postgres;

--
-- Name: functional_view_class_2_view_properties; Type: TABLE; Schema: public; Owner: postgres; Tablespace: 
--

CREATE TABLE functional_view_class_2_view_properties (
)
INHERITS (root_table_association);


ALTER TABLE public.functional_view_class_2_view_properties OWNER TO postgres;

--
-- Name: functional_view_class_e; Type: TABLE; Schema: public; Owner: postgres; Tablespace: 
--

CREATE TABLE functional_view_class_e (
    representation_type character varying,
    view_control_variables bigint[],
    view_properties bigint[]
)
INHERITS (class_e);


ALTER TABLE public.functional_view_class_e OWNER TO postgres;

--
-- Name: representation_context_e; Type: TABLE; Schema: public; Owner: postgres; Tablespace: 
--

CREATE TABLE representation_context_e (
    context_identifier character varying,
    context_type character varying
)
INHERITS (root_table_entity);


ALTER TABLE public.representation_context_e OWNER TO postgres;

--
-- Name: geometric_representation_context_e; Type: TABLE; Schema: public; Owner: postgres; Tablespace: 
--

CREATE TABLE geometric_representation_context_e (
    coordinate_space_dimension bigint
)
INHERITS (representation_context_e);


ALTER TABLE public.geometric_representation_context_e OWNER TO postgres;

--
-- Name: geometric_representation_context_type_e; Type: TABLE; Schema: public; Owner: postgres; Tablespace: 
--

CREATE TABLE geometric_representation_context_type_e (
)
INHERITS (entity_instance_type_e);


ALTER TABLE public.geometric_representation_context_type_e OWNER TO postgres;

--
-- Name: global_language_assignment_e; Type: TABLE; Schema: public; Owner: postgres; Tablespace: 
--

CREATE TABLE global_language_assignment_e (
    language character varying
)
INHERITS (root_table_entity);


ALTER TABLE public.global_language_assignment_e OWNER TO postgres;

--
-- Name: global_unit_assigned_context_2_units; Type: TABLE; Schema: public; Owner: postgres; Tablespace: 
--

CREATE TABLE global_unit_assigned_context_2_units (
)
INHERITS (root_table_select);


ALTER TABLE public.global_unit_assigned_context_2_units OWNER TO postgres;

--
-- Name: global_unit_assigned_context_e; Type: TABLE; Schema: public; Owner: postgres; Tablespace: 
--

CREATE TABLE global_unit_assigned_context_e (
    units bigint[]
)
INHERITS (representation_context_e);


ALTER TABLE public.global_unit_assigned_context_e OWNER TO postgres;

--
-- Name: hour_in_day_t; Type: TABLE; Schema: public; Owner: postgres; Tablespace: 
--

CREATE TABLE hour_in_day_t (
    value bigint
)
INHERITS (root_table_defined_type);


ALTER TABLE public.hour_in_day_t OWNER TO postgres;

--
-- Name: http_class_directory_2_class; Type: TABLE; Schema: public; Owner: postgres; Tablespace: 
--

CREATE TABLE http_class_directory_2_class (
)
INHERITS (root_table_association);


ALTER TABLE public.http_class_directory_2_class OWNER TO postgres;

--
-- Name: http_class_directory_e; Type: TABLE; Schema: public; Owner: postgres; Tablespace: 
--

CREATE TABLE http_class_directory_e (
    name character varying,
    class bigint
)
INHERITS (root_table_entity);


ALTER TABLE public.http_class_directory_e OWNER TO postgres;

--
-- Name: http_directory_name_type_t; Type: TABLE; Schema: public; Owner: postgres; Tablespace: 
--

CREATE TABLE http_directory_name_type_t (
    value character varying
)
INHERITS (root_table_defined_type);


ALTER TABLE public.http_directory_name_type_t OWNER TO postgres;

--
-- Name: http_file_2_http_directory; Type: TABLE; Schema: public; Owner: postgres; Tablespace: 
--

CREATE TABLE http_file_2_http_directory (
)
INHERITS (root_table_association);


ALTER TABLE public.http_file_2_http_directory OWNER TO postgres;

--
-- Name: http_file_e; Type: TABLE; Schema: public; Owner: postgres; Tablespace: 
--

CREATE TABLE http_file_e (
    mime character varying,
    exchange_format character varying,
    format_rfc bigint,
    http_file_name character varying,
    http_directory bigint,
    remote_access character varying
)
INHERITS (external_file_unit_e);


ALTER TABLE public.http_file_e OWNER TO postgres;

--
-- Name: http_file_name_type_t; Type: TABLE; Schema: public; Owner: postgres; Tablespace: 
--

CREATE TABLE http_file_name_type_t (
    value character varying
)
INHERITS (root_table_defined_type);


ALTER TABLE public.http_file_name_type_t OWNER TO postgres;

--
-- Name: standard_protocol_e; Type: TABLE; Schema: public; Owner: postgres; Tablespace: 
--

CREATE TABLE standard_protocol_e (
)
INHERITS (external_file_protocol_e);


ALTER TABLE public.standard_protocol_e OWNER TO postgres;

--
-- Name: standard_data_protocol_e; Type: TABLE; Schema: public; Owner: postgres; Tablespace: 
--

CREATE TABLE standard_data_protocol_e (
)
INHERITS (data_protocol_e, standard_protocol_e);


ALTER TABLE public.standard_data_protocol_e OWNER TO postgres;

--
-- Name: http_protocol_e; Type: TABLE; Schema: public; Owner: postgres; Tablespace: 
--

CREATE TABLE http_protocol_e (
    http_rfc bigint
)
INHERITS (standard_data_protocol_e);


ALTER TABLE public.http_protocol_e OWNER TO postgres;

--
-- Name: iab_rfc_t; Type: TABLE; Schema: public; Owner: postgres; Tablespace: 
--

CREATE TABLE iab_rfc_t (
    value bigint
)
INHERITS (root_table_defined_type);


ALTER TABLE public.iab_rfc_t OWNER TO postgres;

--
-- Name: id_attribute_2_identified_item; Type: TABLE; Schema: public; Owner: postgres; Tablespace: 
--

CREATE TABLE id_attribute_2_identified_item (
)
INHERITS (root_table_select);


ALTER TABLE public.id_attribute_2_identified_item OWNER TO postgres;

--
-- Name: id_attribute_e; Type: TABLE; Schema: public; Owner: postgres; Tablespace: 
--

CREATE TABLE id_attribute_e (
    attribute_value character varying,
    identified_item bigint
)
INHERITS (root_table_entity);


ALTER TABLE public.id_attribute_e OWNER TO postgres;

--
-- Name: identified_document_e; Type: TABLE; Schema: public; Owner: postgres; Tablespace: 
--

CREATE TABLE identified_document_e (
    document_identifier character varying
)
INHERITS (document_e);


ALTER TABLE public.identified_document_e OWNER TO postgres;

--
-- Name: identifier_t; Type: TABLE; Schema: public; Owner: postgres; Tablespace: 
--

CREATE TABLE identifier_t (
    value character varying
)
INHERITS (root_table_defined_type);


ALTER TABLE public.identifier_t OWNER TO postgres;

--
-- Name: illustration_2_height; Type: TABLE; Schema: public; Owner: postgres; Tablespace: 
--

CREATE TABLE illustration_2_height (
)
INHERITS (root_table_association);


ALTER TABLE public.illustration_2_height OWNER TO postgres;

--
-- Name: illustration_2_width; Type: TABLE; Schema: public; Owner: postgres; Tablespace: 
--

CREATE TABLE illustration_2_width (
)
INHERITS (root_table_association);


ALTER TABLE public.illustration_2_width OWNER TO postgres;

--
-- Name: illustration_type_t; Type: TABLE; Schema: public; Owner: postgres; Tablespace: 
--

CREATE TABLE illustration_type_t (
    element character varying,
    rang integer
)
INHERITS (root_table_defined_type);


ALTER TABLE public.illustration_type_t OWNER TO postgres;

--
-- Name: number_type_e; Type: TABLE; Schema: public; Owner: postgres; Tablespace: 
--

CREATE TABLE number_type_e (
)
INHERITS (simple_type_e);


ALTER TABLE public.number_type_e OWNER TO postgres;

--
-- Name: int_type_e; Type: TABLE; Schema: public; Owner: postgres; Tablespace: 
--

CREATE TABLE int_type_e (
)
INHERITS (number_type_e);


ALTER TABLE public.int_type_e OWNER TO postgres;

--
-- Name: int_currency_type_e; Type: TABLE; Schema: public; Owner: postgres; Tablespace: 
--

CREATE TABLE int_currency_type_e (
    currency character varying
)
INHERITS (int_type_e);


ALTER TABLE public.int_currency_type_e OWNER TO postgres;

--
-- Name: level_spec_value_e; Type: TABLE; Schema: public; Owner: postgres; Tablespace: 
--

CREATE TABLE level_spec_value_e (
    "values" bigint[]
)
INHERITS (root_table_entity);


ALTER TABLE public.level_spec_value_e OWNER TO postgres;

--
-- Name: int_level_spec_value_e; Type: TABLE; Schema: public; Owner: postgres; Tablespace: 
--

CREATE TABLE int_level_spec_value_e (
)
INHERITS (level_spec_value_e);


ALTER TABLE public.int_level_spec_value_e OWNER TO postgres;

--
-- Name: int_measure_type_2_unit; Type: TABLE; Schema: public; Owner: postgres; Tablespace: 
--

CREATE TABLE int_measure_type_2_unit (
)
INHERITS (root_table_association);


ALTER TABLE public.int_measure_type_2_unit OWNER TO postgres;

--
-- Name: int_measure_type_e; Type: TABLE; Schema: public; Owner: postgres; Tablespace: 
--

CREATE TABLE int_measure_type_e (
    unit bigint
)
INHERITS (int_type_e);


ALTER TABLE public.int_measure_type_e OWNER TO postgres;

--
-- Name: integer_type_t; Type: TABLE; Schema: public; Owner: postgres; Tablespace: 
--

CREATE TABLE integer_type_t (
    value bigint
)
INHERITS (root_table_defined_type);


ALTER TABLE public.integer_type_t OWNER TO postgres;

--
-- Name: integer_value_t; Type: TABLE; Schema: public; Owner: postgres; Tablespace: 
--

CREATE TABLE integer_value_t (
    value bigint
)
INHERITS (root_table_defined_type);


ALTER TABLE public.integer_value_t OWNER TO postgres;

--
-- Name: inv_attribute_2_for_attribute; Type: TABLE; Schema: public; Owner: postgres; Tablespace: 
--

CREATE TABLE inv_attribute_2_for_attribute (
)
INHERITS (root_table_association);


ALTER TABLE public.inv_attribute_2_for_attribute OWNER TO postgres;

--
-- Name: inv_attribute_e; Type: TABLE; Schema: public; Owner: postgres; Tablespace: 
--

CREATE TABLE inv_attribute_e (
    for_attribute bigint
)
INHERITS (attribute_e);


ALTER TABLE public.inv_attribute_e OWNER TO postgres;

--
-- Name: item_class_2_class_constant_values; Type: TABLE; Schema: public; Owner: postgres; Tablespace: 
--

CREATE TABLE item_class_2_class_constant_values (
)
INHERITS (root_table_association);


ALTER TABLE public.item_class_2_class_constant_values OWNER TO postgres;

--
-- Name: item_class_2_simplified_drawing; Type: TABLE; Schema: public; Owner: postgres; Tablespace: 
--

CREATE TABLE item_class_2_simplified_drawing (
)
INHERITS (root_table_association);


ALTER TABLE public.item_class_2_simplified_drawing OWNER TO postgres;

--
-- Name: item_class_2_sub_class_properties; Type: TABLE; Schema: public; Owner: postgres; Tablespace: 
--

CREATE TABLE item_class_2_sub_class_properties (
)
INHERITS (root_table_association);


ALTER TABLE public.item_class_2_sub_class_properties OWNER TO postgres;

--
-- Name: item_class_case_of_2_imported_documents; Type: TABLE; Schema: public; Owner: postgres; Tablespace: 
--

CREATE TABLE item_class_case_of_2_imported_documents (
)
INHERITS (root_table_association);


ALTER TABLE public.item_class_case_of_2_imported_documents OWNER TO postgres;

--
-- Name: item_class_case_of_2_imported_properties; Type: TABLE; Schema: public; Owner: postgres; Tablespace: 
--

CREATE TABLE item_class_case_of_2_imported_properties (
)
INHERITS (root_table_association);


ALTER TABLE public.item_class_case_of_2_imported_properties OWNER TO postgres;

--
-- Name: item_class_case_of_2_imported_tables; Type: TABLE; Schema: public; Owner: postgres; Tablespace: 
--

CREATE TABLE item_class_case_of_2_imported_tables (
)
INHERITS (root_table_association);


ALTER TABLE public.item_class_case_of_2_imported_tables OWNER TO postgres;

--
-- Name: item_class_case_of_2_imported_types; Type: TABLE; Schema: public; Owner: postgres; Tablespace: 
--

CREATE TABLE item_class_case_of_2_imported_types (
)
INHERITS (root_table_association);


ALTER TABLE public.item_class_case_of_2_imported_types OWNER TO postgres;

--
-- Name: item_class_case_of_2_is_case_of; Type: TABLE; Schema: public; Owner: postgres; Tablespace: 
--

CREATE TABLE item_class_case_of_2_is_case_of (
)
INHERITS (root_table_association);


ALTER TABLE public.item_class_case_of_2_is_case_of OWNER TO postgres;

--
-- Name: item_names_2_icon; Type: TABLE; Schema: public; Owner: postgres; Tablespace: 
--

CREATE TABLE item_names_2_icon (
)
INHERITS (root_table_association);


ALTER TABLE public.item_names_2_icon OWNER TO postgres;

--
-- Name: item_names_2_languages; Type: TABLE; Schema: public; Owner: postgres; Tablespace: 
--

CREATE TABLE item_names_2_languages (
)
INHERITS (root_table_association);


ALTER TABLE public.item_names_2_languages OWNER TO postgres;

--
-- Name: item_names_2_preferred_name; Type: TABLE; Schema: public; Owner: postgres; Tablespace: 
--

CREATE TABLE item_names_2_preferred_name (
)
INHERITS (root_table_select);


ALTER TABLE public.item_names_2_preferred_name OWNER TO postgres;

--
-- Name: item_names_2_short_name; Type: TABLE; Schema: public; Owner: postgres; Tablespace: 
--

CREATE TABLE item_names_2_short_name (
)
INHERITS (root_table_select);


ALTER TABLE public.item_names_2_short_name OWNER TO postgres;

--
-- Name: item_names_2_synonymous_names; Type: TABLE; Schema: public; Owner: postgres; Tablespace: 
--

CREATE TABLE item_names_2_synonymous_names (
)
INHERITS (root_table_select);


ALTER TABLE public.item_names_2_synonymous_names OWNER TO postgres;

--
-- Name: item_names_e; Type: TABLE; Schema: public; Owner: postgres; Tablespace: 
--

CREATE TABLE item_names_e (
    preferred_name bigint,
    synonymous_names bigint[],
    short_name bigint,
    languages bigint,
    icon bigint
)
INHERITS (root_table_entity);


ALTER TABLE public.item_names_e OWNER TO postgres;

--
-- Name: label_t; Type: TABLE; Schema: public; Owner: postgres; Tablespace: 
--

CREATE TABLE label_t (
    value character varying
)
INHERITS (root_table_defined_type);


ALTER TABLE public.label_t OWNER TO postgres;

--
-- Name: label_with_language_e; Type: TABLE; Schema: public; Owner: postgres; Tablespace: 
--

CREATE TABLE label_with_language_e (
    l character varying,
    language character varying
)
INHERITS (root_table_entity);


ALTER TABLE public.label_with_language_e OWNER TO postgres;

--
-- Name: language_code_t; Type: TABLE; Schema: public; Owner: postgres; Tablespace: 
--

CREATE TABLE language_code_t (
    value character varying
)
INHERITS (root_table_defined_type);


ALTER TABLE public.language_code_t OWNER TO postgres;

--
-- Name: language_specific_content_2_content_files; Type: TABLE; Schema: public; Owner: postgres; Tablespace: 
--

CREATE TABLE language_specific_content_2_content_files (
)
INHERITS (root_table_association);


ALTER TABLE public.language_specific_content_2_content_files OWNER TO postgres;

--
-- Name: language_specific_content_2_main_file; Type: TABLE; Schema: public; Owner: postgres; Tablespace: 
--

CREATE TABLE language_specific_content_2_main_file (
)
INHERITS (root_table_association);


ALTER TABLE public.language_specific_content_2_main_file OWNER TO postgres;

--
-- Name: language_specific_content_e; Type: TABLE; Schema: public; Owner: postgres; Tablespace: 
--

CREATE TABLE language_specific_content_e (
    content_files bigint[],
    main_file bigint,
    character_encoding character varying
)
INHERITS (root_table_entity);


ALTER TABLE public.language_specific_content_e OWNER TO postgres;

--
-- Name: length_measure_t; Type: TABLE; Schema: public; Owner: postgres; Tablespace: 
--

CREATE TABLE length_measure_t (
    value double precision
)
INHERITS (root_table_defined_type);


ALTER TABLE public.length_measure_t OWNER TO postgres;

--
-- Name: measure_with_unit_e; Type: TABLE; Schema: public; Owner: postgres; Tablespace: 
--

CREATE TABLE measure_with_unit_e (
    value_component bigint,
    unit_component bigint
)
INHERITS (root_table_entity);


ALTER TABLE public.measure_with_unit_e OWNER TO postgres;

--
-- Name: length_measure_with_unit_e; Type: TABLE; Schema: public; Owner: postgres; Tablespace: 
--

CREATE TABLE length_measure_with_unit_e (
)
INHERITS (measure_with_unit_e);


ALTER TABLE public.length_measure_with_unit_e OWNER TO postgres;

--
-- Name: length_unit_e; Type: TABLE; Schema: public; Owner: postgres; Tablespace: 
--

CREATE TABLE length_unit_e (
)
INHERITS (named_unit_e);


ALTER TABLE public.length_unit_e OWNER TO postgres;

--
-- Name: level_t; Type: TABLE; Schema: public; Owner: postgres; Tablespace: 
--

CREATE TABLE level_t (
    element character varying,
    rang integer
)
INHERITS (root_table_defined_type);


ALTER TABLE public.level_t OWNER TO postgres;

--
-- Name: level_type_2_value_type; Type: TABLE; Schema: public; Owner: postgres; Tablespace: 
--

CREATE TABLE level_type_2_value_type (
)
INHERITS (root_table_association);


ALTER TABLE public.level_type_2_value_type OWNER TO postgres;

--
-- Name: level_type_e; Type: TABLE; Schema: public; Owner: postgres; Tablespace: 
--

CREATE TABLE level_type_e (
    levels bigint[],
    value_type bigint
)
INHERITS (complex_type_e);


ALTER TABLE public.level_type_e OWNER TO postgres;

--
-- Name: lib_item_instance_e; Type: TABLE; Schema: public; Owner: postgres; Tablespace: 
--

CREATE TABLE lib_item_instance_e (
    supplier_identification character varying,
    supplier_designation bigint,
    user_identification character varying,
    user_designation bigint,
    is_global_id boolean,
    source_class_content character varying
)
INHERITS (dic_item_instance_e);


ALTER TABLE public.lib_item_instance_e OWNER TO postgres;

--
-- Name: lib_component_instance_e; Type: TABLE; Schema: public; Owner: postgres; Tablespace: 
--

CREATE TABLE lib_component_instance_e (
)
INHERITS (dic_component_instance_e, lib_item_instance_e);


ALTER TABLE public.lib_component_instance_e OWNER TO postgres;

--
-- Name: lib_f_model_instance_e; Type: TABLE; Schema: public; Owner: postgres; Tablespace: 
--

CREATE TABLE lib_f_model_instance_e (
)
INHERITS (dic_f_model_instance_e);


ALTER TABLE public.lib_f_model_instance_e OWNER TO postgres;

--
-- Name: lib_feature_instance_e; Type: TABLE; Schema: public; Owner: postgres; Tablespace: 
--

CREATE TABLE lib_feature_instance_e (
)
INHERITS (dic_feature_instance_e, lib_item_instance_e);


ALTER TABLE public.lib_feature_instance_e OWNER TO postgres;

--
-- Name: lib_item_instance_2_supplier_designation; Type: TABLE; Schema: public; Owner: postgres; Tablespace: 
--

CREATE TABLE lib_item_instance_2_supplier_designation (
)
INHERITS (root_table_select);


ALTER TABLE public.lib_item_instance_2_supplier_designation OWNER TO postgres;

--
-- Name: lib_item_instance_2_user_designation; Type: TABLE; Schema: public; Owner: postgres; Tablespace: 
--

CREATE TABLE lib_item_instance_2_user_designation (
)
INHERITS (root_table_select);


ALTER TABLE public.lib_item_instance_2_user_designation OWNER TO postgres;

--
-- Name: lib_material_instance_e; Type: TABLE; Schema: public; Owner: postgres; Tablespace: 
--

CREATE TABLE lib_material_instance_e (
)
INHERITS (dic_material_instance_e, lib_item_instance_e);


ALTER TABLE public.lib_material_instance_e OWNER TO postgres;

--
-- Name: library_2_linked_interfaces; Type: TABLE; Schema: public; Owner: postgres; Tablespace: 
--

CREATE TABLE library_2_linked_interfaces (
)
INHERITS (root_table_association);


ALTER TABLE public.library_2_linked_interfaces OWNER TO postgres;

--
-- Name: library_e; Type: TABLE; Schema: public; Owner: postgres; Tablespace: 
--

CREATE TABLE library_e (
    linked_interfaces bigint[]
)
INHERITS (dictionary_e);


ALTER TABLE public.library_e OWNER TO postgres;

--
-- Name: library_iim_identification_e; Type: TABLE; Schema: public; Owner: postgres; Tablespace: 
--

CREATE TABLE library_iim_identification_e (
)
INHERITS (data_exchange_specification_identification_e);


ALTER TABLE public.library_iim_identification_e OWNER TO postgres;

--
-- Name: library_in_standard_format_e; Type: TABLE; Schema: public; Owner: postgres; Tablespace: 
--

CREATE TABLE library_in_standard_format_e (
)
INHERITS (library_e, dictionary_in_standard_format_e);


ALTER TABLE public.library_in_standard_format_e OWNER TO postgres;

--
-- Name: linked_interface_program_protocol_2_link_libraries; Type: TABLE; Schema: public; Owner: postgres; Tablespace: 
--

CREATE TABLE linked_interface_program_protocol_2_link_libraries (
)
INHERITS (root_table_association);


ALTER TABLE public.linked_interface_program_protocol_2_link_libraries OWNER TO postgres;

--
-- Name: program_protocol_e; Type: TABLE; Schema: public; Owner: postgres; Tablespace: 
--

CREATE TABLE program_protocol_e (
)
INHERITS (external_file_protocol_e);


ALTER TABLE public.program_protocol_e OWNER TO postgres;

--
-- Name: linked_interface_program_protocol_e; Type: TABLE; Schema: public; Owner: postgres; Tablespace: 
--

CREATE TABLE linked_interface_program_protocol_e (
    link_libraries bigint[]
)
INHERITS (program_protocol_e);


ALTER TABLE public.linked_interface_program_protocol_e OWNER TO postgres;

--
-- Name: list_type_e; Type: TABLE; Schema: public; Owner: postgres; Tablespace: 
--

CREATE TABLE list_type_e (
    uniqueness boolean
)
INHERITS (aggregate_type_e);


ALTER TABLE public.list_type_e OWNER TO postgres;

--
-- Name: list_value_2_values; Type: TABLE; Schema: public; Owner: postgres; Tablespace: 
--

CREATE TABLE list_value_2_values (
)
INHERITS (root_table_select);


ALTER TABLE public.list_value_2_values OWNER TO postgres;

--
-- Name: list_value_e; Type: TABLE; Schema: public; Owner: postgres; Tablespace: 
--

CREATE TABLE list_value_e (
)
INHERITS (aggregate_value_e);


ALTER TABLE public.list_value_e OWNER TO postgres;

--
-- Name: local_time_2_zone; Type: TABLE; Schema: public; Owner: postgres; Tablespace: 
--

CREATE TABLE local_time_2_zone (
)
INHERITS (root_table_association);


ALTER TABLE public.local_time_2_zone OWNER TO postgres;

--
-- Name: local_time_e; Type: TABLE; Schema: public; Owner: postgres; Tablespace: 
--

CREATE TABLE local_time_e (
    hour_component bigint,
    minute_component bigint,
    second_component double precision,
    zone bigint
)
INHERITS (root_table_entity);


ALTER TABLE public.local_time_e OWNER TO postgres;

--
-- Name: luminous_intensity_measure_t; Type: TABLE; Schema: public; Owner: postgres; Tablespace: 
--

CREATE TABLE luminous_intensity_measure_t (
    value double precision
)
INHERITS (root_table_defined_type);


ALTER TABLE public.luminous_intensity_measure_t OWNER TO postgres;

--
-- Name: mass_measure_t; Type: TABLE; Schema: public; Owner: postgres; Tablespace: 
--

CREATE TABLE mass_measure_t (
    value double precision
)
INHERITS (root_table_defined_type);


ALTER TABLE public.mass_measure_t OWNER TO postgres;

--
-- Name: material_class_e; Type: TABLE; Schema: public; Owner: postgres; Tablespace: 
--

CREATE TABLE material_class_e (
)
INHERITS (item_class_e);


ALTER TABLE public.material_class_e OWNER TO postgres;

--
-- Name: material_class_case_of_e; Type: TABLE; Schema: public; Owner: postgres; Tablespace: 
--

CREATE TABLE material_class_case_of_e (
)
INHERITS (item_class_case_of_e, material_class_e);


ALTER TABLE public.material_class_case_of_e OWNER TO postgres;

--
-- Name: mathematical_string_e; Type: TABLE; Schema: public; Owner: postgres; Tablespace: 
--

CREATE TABLE mathematical_string_e (
    text_representation character varying,
    sgml_representation character varying
)
INHERITS (root_table_entity);


ALTER TABLE public.mathematical_string_e OWNER TO postgres;

--
-- Name: measure_with_unit_2_unit_component; Type: TABLE; Schema: public; Owner: postgres; Tablespace: 
--

CREATE TABLE measure_with_unit_2_unit_component (
)
INHERITS (root_table_select);


ALTER TABLE public.measure_with_unit_2_unit_component OWNER TO postgres;

--
-- Name: measure_with_unit_2_value_component; Type: TABLE; Schema: public; Owner: postgres; Tablespace: 
--

CREATE TABLE measure_with_unit_2_value_component (
)
INHERITS (root_table_select);


ALTER TABLE public.measure_with_unit_2_value_component OWNER TO postgres;

--
-- Name: message_e; Type: TABLE; Schema: public; Owner: postgres; Tablespace: 
--

CREATE TABLE message_e (
)
INHERITS (dialogue_resource_e);


ALTER TABLE public.message_e OWNER TO postgres;

--
-- Name: mime_subtype_t; Type: TABLE; Schema: public; Owner: postgres; Tablespace: 
--

CREATE TABLE mime_subtype_t (
    value character varying
)
INHERITS (root_table_defined_type);


ALTER TABLE public.mime_subtype_t OWNER TO postgres;

--
-- Name: mime_type_t; Type: TABLE; Schema: public; Owner: postgres; Tablespace: 
--

CREATE TABLE mime_type_t (
    value character varying
)
INHERITS (root_table_defined_type);


ALTER TABLE public.mime_type_t OWNER TO postgres;

--
-- Name: minute_in_hour_t; Type: TABLE; Schema: public; Owner: postgres; Tablespace: 
--

CREATE TABLE minute_in_hour_t (
    value bigint
)
INHERITS (root_table_defined_type);


ALTER TABLE public.minute_in_hour_t OWNER TO postgres;

--
-- Name: model_class_extension_2_classification; Type: TABLE; Schema: public; Owner: postgres; Tablespace: 
--

CREATE TABLE model_class_extension_2_classification (
)
INHERITS (root_table_association);


ALTER TABLE public.model_class_extension_2_classification OWNER TO postgres;

--
-- Name: model_class_extension_2_recommended_presentation; Type: TABLE; Schema: public; Owner: postgres; Tablespace: 
--

CREATE TABLE model_class_extension_2_recommended_presentation (
)
INHERITS (root_table_association);


ALTER TABLE public.model_class_extension_2_recommended_presentation OWNER TO postgres;

--
-- Name: model_class_extension_2_referenced_external_items; Type: TABLE; Schema: public; Owner: postgres; Tablespace: 
--

CREATE TABLE model_class_extension_2_referenced_external_items (
)
INHERITS (root_table_association);


ALTER TABLE public.model_class_extension_2_referenced_external_items OWNER TO postgres;

--
-- Name: model_class_extension_2_referenced_view_exchange_protocol; Type: TABLE; Schema: public; Owner: postgres; Tablespace: 
--

CREATE TABLE model_class_extension_2_referenced_view_exchange_protocol (
)
INHERITS (root_table_association);


ALTER TABLE public.model_class_extension_2_referenced_view_exchange_protocol OWNER TO postgres;

--
-- Name: model_class_extension_2_used_protocols; Type: TABLE; Schema: public; Owner: postgres; Tablespace: 
--

CREATE TABLE model_class_extension_2_used_protocols (
)
INHERITS (root_table_association);


ALTER TABLE public.model_class_extension_2_used_protocols OWNER TO postgres;

--
-- Name: month_in_year_number_t; Type: TABLE; Schema: public; Owner: postgres; Tablespace: 
--

CREATE TABLE month_in_year_number_t (
    value bigint
)
INHERITS (root_table_defined_type);


ALTER TABLE public.month_in_year_number_t OWNER TO postgres;

--
-- Name: name_attribute_2_named_item; Type: TABLE; Schema: public; Owner: postgres; Tablespace: 
--

CREATE TABLE name_attribute_2_named_item (
)
INHERITS (root_table_select);


ALTER TABLE public.name_attribute_2_named_item OWNER TO postgres;

--
-- Name: name_attribute_e; Type: TABLE; Schema: public; Owner: postgres; Tablespace: 
--

CREATE TABLE name_attribute_e (
    attribute_value character varying,
    named_item bigint
)
INHERITS (root_table_entity);


ALTER TABLE public.name_attribute_e OWNER TO postgres;

--
-- Name: named_type_2_referred_type; Type: TABLE; Schema: public; Owner: postgres; Tablespace: 
--

CREATE TABLE named_type_2_referred_type (
)
INHERITS (root_table_association);


ALTER TABLE public.named_type_2_referred_type OWNER TO postgres;

--
-- Name: named_type_e; Type: TABLE; Schema: public; Owner: postgres; Tablespace: 
--

CREATE TABLE named_type_e (
    referred_type bigint
)
INHERITS (data_type_e);


ALTER TABLE public.named_type_e OWNER TO postgres;

--
-- Name: named_unit_2_dimensions; Type: TABLE; Schema: public; Owner: postgres; Tablespace: 
--

CREATE TABLE named_unit_2_dimensions (
)
INHERITS (root_table_association);


ALTER TABLE public.named_unit_2_dimensions OWNER TO postgres;

--
-- Name: non_dependent_p_det_e; Type: TABLE; Schema: public; Owner: postgres; Tablespace: 
--

CREATE TABLE non_dependent_p_det_e (
)
INHERITS (property_det_e);


ALTER TABLE public.non_dependent_p_det_e OWNER TO postgres;

--
-- Name: non_instantiable_functional_view_class_e; Type: TABLE; Schema: public; Owner: postgres; Tablespace: 
--

CREATE TABLE non_instantiable_functional_view_class_e (
)
INHERITS (functional_view_class_e);


ALTER TABLE public.non_instantiable_functional_view_class_e OWNER TO postgres;

--
-- Name: non_quantitative_code_type_2_domain; Type: TABLE; Schema: public; Owner: postgres; Tablespace: 
--

CREATE TABLE non_quantitative_code_type_2_domain (
)
INHERITS (root_table_association);


ALTER TABLE public.non_quantitative_code_type_2_domain OWNER TO postgres;

--
-- Name: string_type_e; Type: TABLE; Schema: public; Owner: postgres; Tablespace: 
--

CREATE TABLE string_type_e (
)
INHERITS (simple_type_e);


ALTER TABLE public.string_type_e OWNER TO postgres;

--
-- Name: non_quantitative_code_type_e; Type: TABLE; Schema: public; Owner: postgres; Tablespace: 
--

CREATE TABLE non_quantitative_code_type_e (
    domain bigint
)
INHERITS (string_type_e);


ALTER TABLE public.non_quantitative_code_type_e OWNER TO postgres;

--
-- Name: non_quantitative_int_type_2_domain; Type: TABLE; Schema: public; Owner: postgres; Tablespace: 
--

CREATE TABLE non_quantitative_int_type_2_domain (
)
INHERITS (root_table_association);


ALTER TABLE public.non_quantitative_int_type_2_domain OWNER TO postgres;

--
-- Name: non_quantitative_int_type_e; Type: TABLE; Schema: public; Owner: postgres; Tablespace: 
--

CREATE TABLE non_quantitative_int_type_e (
    domain bigint
)
INHERITS (int_type_e);


ALTER TABLE public.non_quantitative_int_type_e OWNER TO postgres;

--
-- Name: non_si_unit_e; Type: TABLE; Schema: public; Owner: postgres; Tablespace: 
--

CREATE TABLE non_si_unit_e (
    name character varying
)
INHERITS (named_unit_e);


ALTER TABLE public.non_si_unit_e OWNER TO postgres;

--
-- Name: non_standard_protocol_e; Type: TABLE; Schema: public; Owner: postgres; Tablespace: 
--

CREATE TABLE non_standard_protocol_e (
)
INHERITS (external_file_protocol_e);


ALTER TABLE public.non_standard_protocol_e OWNER TO postgres;

--
-- Name: non_standard_data_protocol_e; Type: TABLE; Schema: public; Owner: postgres; Tablespace: 
--

CREATE TABLE non_standard_data_protocol_e (
)
INHERITS (data_protocol_e, non_standard_protocol_e);


ALTER TABLE public.non_standard_data_protocol_e OWNER TO postgres;

--
-- Name: simple_program_protocol_e; Type: TABLE; Schema: public; Owner: postgres; Tablespace: 
--

CREATE TABLE simple_program_protocol_e (
    language character varying,
    status bigint,
    compiler_supplier bigint,
    compiler_name character varying,
    compiler_version character varying
)
INHERITS (program_protocol_e);


ALTER TABLE public.simple_program_protocol_e OWNER TO postgres;

--
-- Name: non_standard_simple_program_protocol_e; Type: TABLE; Schema: public; Owner: postgres; Tablespace: 
--

CREATE TABLE non_standard_simple_program_protocol_e (
)
INHERITS (non_standard_protocol_e, simple_program_protocol_e);


ALTER TABLE public.non_standard_simple_program_protocol_e OWNER TO postgres;

--
-- Name: not_translatable_external_content_e; Type: TABLE; Schema: public; Owner: postgres; Tablespace: 
--

CREATE TABLE not_translatable_external_content_e (
)
INHERITS (external_content_e);


ALTER TABLE public.not_translatable_external_content_e OWNER TO postgres;

--
-- Name: not_translated_external_content_e; Type: TABLE; Schema: public; Owner: postgres; Tablespace: 
--

CREATE TABLE not_translated_external_content_e (
)
INHERITS (external_content_e);


ALTER TABLE public.not_translated_external_content_e OWNER TO postgres;

--
-- Name: null_value_e; Type: TABLE; Schema: public; Owner: postgres; Tablespace: 
--

CREATE TABLE null_value_e (
)
INHERITS (root_table_entity);


ALTER TABLE public.null_value_e OWNER TO postgres;

--
-- Name: numeric_measure_t; Type: TABLE; Schema: public; Owner: postgres; Tablespace: 
--

CREATE TABLE numeric_measure_t (
    value numeric
)
INHERITS (root_table_defined_type);


ALTER TABLE public.numeric_measure_t OWNER TO postgres;

--
-- Name: oid_rid; Type: TABLE; Schema: public; Owner: postgres; Tablespace: 
--

CREATE TABLE oid_rid (
    oids character varying NOT NULL,
    rid bigint
);


ALTER TABLE public.oid_rid OWNER TO postgres;

--
-- Name: oid_rid_version; Type: TABLE; Schema: public; Owner: postgres; Tablespace: 
--

CREATE TABLE oid_rid_version (
    oids character varying NOT NULL,
    rid bigint
);


ALTER TABLE public.oid_rid_version OWNER TO postgres;

--
-- Name: ordinal_date_e; Type: TABLE; Schema: public; Owner: postgres; Tablespace: 
--

CREATE TABLE ordinal_date_e (
    day_component bigint
)
INHERITS (date_e);


ALTER TABLE public.ordinal_date_e OWNER TO postgres;

--
-- Name: organization_e; Type: TABLE; Schema: public; Owner: postgres; Tablespace: 
--

CREATE TABLE organization_e (
    id character varying,
    name character varying,
    description character varying
)
INHERITS (root_table_entity);


ALTER TABLE public.organization_e OWNER TO postgres;

--
-- Name: parameter_value_t; Type: TABLE; Schema: public; Owner: postgres; Tablespace: 
--

CREATE TABLE parameter_value_t (
    value double precision
)
INHERITS (root_table_defined_type);


ALTER TABLE public.parameter_value_t OWNER TO postgres;

--
-- Name: person_e; Type: TABLE; Schema: public; Owner: postgres; Tablespace: 
--

CREATE TABLE person_e (
    id character varying,
    last_name character varying,
    first_name character varying,
    middle_names bigint[],
    prefix_titles bigint[],
    suffix_titles bigint[]
)
INHERITS (root_table_entity);


ALTER TABLE public.person_e OWNER TO postgres;

--
-- Name: placement_2_location; Type: TABLE; Schema: public; Owner: postgres; Tablespace: 
--

CREATE TABLE placement_2_location (
)
INHERITS (root_table_association);


ALTER TABLE public.placement_2_location OWNER TO postgres;

--
-- Name: plane_angle_measure_t; Type: TABLE; Schema: public; Owner: postgres; Tablespace: 
--

CREATE TABLE plane_angle_measure_t (
    value double precision
)
INHERITS (root_table_defined_type);


ALTER TABLE public.plane_angle_measure_t OWNER TO postgres;

--
-- Name: positive_length_measure_t; Type: TABLE; Schema: public; Owner: postgres; Tablespace: 
--

CREATE TABLE positive_length_measure_t (
    value double precision
)
INHERITS (root_table_defined_type);


ALTER TABLE public.positive_length_measure_t OWNER TO postgres;

--
-- Name: positive_plane_angle_measure_t; Type: TABLE; Schema: public; Owner: postgres; Tablespace: 
--

CREATE TABLE positive_plane_angle_measure_t (
    value double precision
)
INHERITS (root_table_defined_type);


ALTER TABLE public.positive_plane_angle_measure_t OWNER TO postgres;

--
-- Name: present_translations_e; Type: TABLE; Schema: public; Owner: postgres; Tablespace: 
--

CREATE TABLE present_translations_e (
    language_codes bigint[]
)
INHERITS (root_table_entity);


ALTER TABLE public.present_translations_e OWNER TO postgres;

--
-- Name: program_library_bsu_2_defined_by; Type: TABLE; Schema: public; Owner: postgres; Tablespace: 
--

CREATE TABLE program_library_bsu_2_defined_by (
)
INHERITS (root_table_association);


ALTER TABLE public.program_library_bsu_2_defined_by OWNER TO postgres;

--
-- Name: supplier_related_bsu_e; Type: TABLE; Schema: public; Owner: postgres; Tablespace: 
--

CREATE TABLE supplier_related_bsu_e (
)
INHERITS (basic_semantic_unit_e);


ALTER TABLE public.supplier_related_bsu_e OWNER TO postgres;

--
-- Name: program_library_bsu_e; Type: TABLE; Schema: public; Owner: postgres; Tablespace: 
--

CREATE TABLE program_library_bsu_e (
    defined_by bigint
)
INHERITS (supplier_related_bsu_e);


ALTER TABLE public.program_library_bsu_e OWNER TO postgres;

--
-- Name: program_library_code_type_t; Type: TABLE; Schema: public; Owner: postgres; Tablespace: 
--

CREATE TABLE program_library_code_type_t (
    value character varying
)
INHERITS (root_table_defined_type);


ALTER TABLE public.program_library_code_type_t OWNER TO postgres;

--
-- Name: program_library_content_2_dictionary_definition; Type: TABLE; Schema: public; Owner: postgres; Tablespace: 
--

CREATE TABLE program_library_content_2_dictionary_definition (
)
INHERITS (content_item_2_dictionary_definition);


ALTER TABLE public.program_library_content_2_dictionary_definition OWNER TO postgres;

--
-- Name: program_library_content_2_used_protocol; Type: TABLE; Schema: public; Owner: postgres; Tablespace: 
--

CREATE TABLE program_library_content_2_used_protocol (
)
INHERITS (external_item_2_used_protocol);


ALTER TABLE public.program_library_content_2_used_protocol OWNER TO postgres;

--
-- Name: supplier_bsu_related_content_e; Type: TABLE; Schema: public; Owner: postgres; Tablespace: 
--

CREATE TABLE supplier_bsu_related_content_e (
)
INHERITS (dictionary_external_item_e);


ALTER TABLE public.supplier_bsu_related_content_e OWNER TO postgres;

--
-- Name: program_library_content_e; Type: TABLE; Schema: public; Owner: postgres; Tablespace: 
--

CREATE TABLE program_library_content_e (
)
INHERITS (supplier_bsu_related_content_e);


ALTER TABLE public.program_library_content_e OWNER TO postgres;

--
-- Name: program_library_element_2_identified_by; Type: TABLE; Schema: public; Owner: postgres; Tablespace: 
--

CREATE TABLE program_library_element_2_identified_by (
)
INHERITS (dictionary_element_2_identified_by);


ALTER TABLE public.program_library_element_2_identified_by OWNER TO postgres;

--
-- Name: supplier_related_dictionary_element_e; Type: TABLE; Schema: public; Owner: postgres; Tablespace: 
--

CREATE TABLE supplier_related_dictionary_element_e (
    names bigint,
    definition bigint,
    note bigint,
    remark bigint
)
INHERITS (dictionary_element_e);


ALTER TABLE public.supplier_related_dictionary_element_e OWNER TO postgres;

--
-- Name: program_library_element_e; Type: TABLE; Schema: public; Owner: postgres; Tablespace: 
--

CREATE TABLE program_library_element_e (
)
INHERITS (supplier_related_dictionary_element_e);


ALTER TABLE public.program_library_element_e OWNER TO postgres;

--
-- Name: program_reference_2_in_parameters; Type: TABLE; Schema: public; Owner: postgres; Tablespace: 
--

CREATE TABLE program_reference_2_in_parameters (
)
INHERITS (root_table_select);


ALTER TABLE public.program_reference_2_in_parameters OWNER TO postgres;

--
-- Name: program_reference_2_inout_parameters; Type: TABLE; Schema: public; Owner: postgres; Tablespace: 
--

CREATE TABLE program_reference_2_inout_parameters (
)
INHERITS (root_table_select);


ALTER TABLE public.program_reference_2_inout_parameters OWNER TO postgres;

--
-- Name: program_reference_2_out_parameters; Type: TABLE; Schema: public; Owner: postgres; Tablespace: 
--

CREATE TABLE program_reference_2_out_parameters (
)
INHERITS (root_table_select);


ALTER TABLE public.program_reference_2_out_parameters OWNER TO postgres;

--
-- Name: program_reference_2_used_protocol; Type: TABLE; Schema: public; Owner: postgres; Tablespace: 
--

CREATE TABLE program_reference_2_used_protocol (
)
INHERITS (external_item_2_used_protocol);


ALTER TABLE public.program_reference_2_used_protocol OWNER TO postgres;

--
-- Name: program_reference_e; Type: TABLE; Schema: public; Owner: postgres; Tablespace: 
--

CREATE TABLE program_reference_e (
    syntactical_name character varying,
    in_parameters bigint[],
    out_parameters bigint[],
    inout_parameters bigint[]
)
INHERITS (class_extension_external_item_e);


ALTER TABLE public.program_reference_e OWNER TO postgres;

--
-- Name: program_reference_name_type_t; Type: TABLE; Schema: public; Owner: postgres; Tablespace: 
--

CREATE TABLE program_reference_name_type_t (
    value character varying
)
INHERITS (root_table_defined_type);


ALTER TABLE public.program_reference_name_type_t OWNER TO postgres;

--
-- Name: program_reference_type_e; Type: TABLE; Schema: public; Owner: postgres; Tablespace: 
--

CREATE TABLE program_reference_type_e (
)
INHERITS (entity_instance_type_e);


ALTER TABLE public.program_reference_type_e OWNER TO postgres;

--
-- Name: program_status_t; Type: TABLE; Schema: public; Owner: postgres; Tablespace: 
--

CREATE TABLE program_status_t (
    element character varying,
    rang integer
)
INHERITS (root_table_defined_type);


ALTER TABLE public.program_status_t OWNER TO postgres;

--
-- Name: property_bsu_2_name_scope; Type: TABLE; Schema: public; Owner: postgres; Tablespace: 
--

CREATE TABLE property_bsu_2_name_scope (
)
INHERITS (root_table_association);


ALTER TABLE public.property_bsu_2_name_scope OWNER TO postgres;

--
-- Name: property_bsu_e; Type: TABLE; Schema: public; Owner: postgres; Tablespace: 
--

CREATE TABLE property_bsu_e (
    name_scope bigint,
    rid_class bigint,
    tablename_class character varying
)
INHERITS (basic_semantic_unit_e);


ALTER TABLE public.property_bsu_e OWNER TO postgres;

--
-- Name: property_classification_2_prop_def; Type: TABLE; Schema: public; Owner: postgres; Tablespace: 
--

CREATE TABLE property_classification_2_prop_def (
)
INHERITS (root_table_association);


ALTER TABLE public.property_classification_2_prop_def OWNER TO postgres;

--
-- Name: property_classification_e; Type: TABLE; Schema: public; Owner: postgres; Tablespace: 
--

CREATE TABLE property_classification_e (
    its_value bigint,
    prop_def bigint
)
INHERITS (root_table_entity);


ALTER TABLE public.property_classification_e OWNER TO postgres;

--
-- Name: property_code_type_t; Type: TABLE; Schema: public; Owner: postgres; Tablespace: 
--

CREATE TABLE property_code_type_t (
    value character varying
)
INHERITS (root_table_defined_type);


ALTER TABLE public.property_code_type_t OWNER TO postgres;

--
-- Name: property_det_2_domain; Type: TABLE; Schema: public; Owner: postgres; Tablespace: 
--

CREATE TABLE property_det_2_domain (
)
INHERITS (root_table_association);


ALTER TABLE public.property_det_2_domain OWNER TO postgres;

--
-- Name: property_det_2_figure; Type: TABLE; Schema: public; Owner: postgres; Tablespace: 
--

CREATE TABLE property_det_2_figure (
)
INHERITS (root_table_association);


ALTER TABLE public.property_det_2_figure OWNER TO postgres;

--
-- Name: property_det_2_formula; Type: TABLE; Schema: public; Owner: postgres; Tablespace: 
--

CREATE TABLE property_det_2_formula (
)
INHERITS (root_table_association);


ALTER TABLE public.property_det_2_formula OWNER TO postgres;

--
-- Name: property_det_2_identified_by; Type: TABLE; Schema: public; Owner: postgres; Tablespace: 
--

CREATE TABLE property_det_2_identified_by (
)
INHERITS (dictionary_element_2_identified_by);


ALTER TABLE public.property_det_2_identified_by OWNER TO postgres;

--
-- Name: property_det_2_preferred_symbol; Type: TABLE; Schema: public; Owner: postgres; Tablespace: 
--

CREATE TABLE property_det_2_preferred_symbol (
)
INHERITS (root_table_association);


ALTER TABLE public.property_det_2_preferred_symbol OWNER TO postgres;

--
-- Name: property_det_2_synonymous_symbols; Type: TABLE; Schema: public; Owner: postgres; Tablespace: 
--

CREATE TABLE property_det_2_synonymous_symbols (
)
INHERITS (root_table_association);


ALTER TABLE public.property_det_2_synonymous_symbols OWNER TO postgres;

--
-- Name: property_value_2_its_value; Type: TABLE; Schema: public; Owner: postgres; Tablespace: 
--

CREATE TABLE property_value_2_its_value (
)
INHERITS (root_table_select);


ALTER TABLE public.property_value_2_its_value OWNER TO postgres;

--
-- Name: property_value_2_prop_def; Type: TABLE; Schema: public; Owner: postgres; Tablespace: 
--

CREATE TABLE property_value_2_prop_def (
)
INHERITS (root_table_association);


ALTER TABLE public.property_value_2_prop_def OWNER TO postgres;

--
-- Name: property_value_external_item_e; Type: TABLE; Schema: public; Owner: postgres; Tablespace: 
--

CREATE TABLE property_value_external_item_e (
)
INHERITS (external_item_e);


ALTER TABLE public.property_value_external_item_e OWNER TO postgres;

--
-- Name: property_value_recommended_presentation_2_prop_def; Type: TABLE; Schema: public; Owner: postgres; Tablespace: 
--

CREATE TABLE property_value_recommended_presentation_2_prop_def (
)
INHERITS (root_table_association);


ALTER TABLE public.property_value_recommended_presentation_2_prop_def OWNER TO postgres;

--
-- Name: property_value_recommended_presentation_2_recommended_presentat; Type: TABLE; Schema: public; Owner: postgres; Tablespace: 
--

CREATE TABLE property_value_recommended_presentation_2_recommended_presentat (
)
INHERITS (root_table_select);


ALTER TABLE public.property_value_recommended_presentation_2_recommended_presentat OWNER TO postgres;

--
-- Name: property_value_recommended_presentation_e; Type: TABLE; Schema: public; Owner: postgres; Tablespace: 
--

CREATE TABLE property_value_recommended_presentation_e (
    prop_def bigint,
    recommended_presentation_unit bigint,
    recommended_presentation_format character varying
)
INHERITS (root_table_entity);


ALTER TABLE public.property_value_recommended_presentation_e OWNER TO postgres;

--
-- Name: ratio_measure_t; Type: TABLE; Schema: public; Owner: postgres; Tablespace: 
--

CREATE TABLE ratio_measure_t (
    value double precision
)
INHERITS (root_table_defined_type);


ALTER TABLE public.ratio_measure_t OWNER TO postgres;

--
-- Name: real_type_e; Type: TABLE; Schema: public; Owner: postgres; Tablespace: 
--

CREATE TABLE real_type_e (
)
INHERITS (number_type_e);


ALTER TABLE public.real_type_e OWNER TO postgres;

--
-- Name: real_currency_type_e; Type: TABLE; Schema: public; Owner: postgres; Tablespace: 
--

CREATE TABLE real_currency_type_e (
    currency character varying
)
INHERITS (real_type_e);


ALTER TABLE public.real_currency_type_e OWNER TO postgres;

--
-- Name: real_level_spec_value_e; Type: TABLE; Schema: public; Owner: postgres; Tablespace: 
--

CREATE TABLE real_level_spec_value_e (
)
INHERITS (level_spec_value_e);


ALTER TABLE public.real_level_spec_value_e OWNER TO postgres;

--
-- Name: real_measure_type_2_unit; Type: TABLE; Schema: public; Owner: postgres; Tablespace: 
--

CREATE TABLE real_measure_type_2_unit (
)
INHERITS (root_table_association);


ALTER TABLE public.real_measure_type_2_unit OWNER TO postgres;

--
-- Name: real_measure_type_e; Type: TABLE; Schema: public; Owner: postgres; Tablespace: 
--

CREATE TABLE real_measure_type_e (
    unit bigint
)
INHERITS (real_type_e);


ALTER TABLE public.real_measure_type_e OWNER TO postgres;

--
-- Name: real_value_t; Type: TABLE; Schema: public; Owner: postgres; Tablespace: 
--

CREATE TABLE real_value_t (
    value double precision
)
INHERITS (root_table_defined_type);


ALTER TABLE public.real_value_t OWNER TO postgres;

--
-- Name: redef_attribute_2_redefines; Type: TABLE; Schema: public; Owner: postgres; Tablespace: 
--

CREATE TABLE redef_attribute_2_redefines (
)
INHERITS (root_table_association);


ALTER TABLE public.redef_attribute_2_redefines OWNER TO postgres;

--
-- Name: redef_attribute_e; Type: TABLE; Schema: public; Owner: postgres; Tablespace: 
--

CREATE TABLE redef_attribute_e (
    redefines bigint
)
INHERITS (attribute_e);


ALTER TABLE public.redef_attribute_e OWNER TO postgres;

--
-- Name: reference; Type: TABLE; Schema: public; Owner: postgres; Tablespace: 
--

CREATE TABLE reference (
    id character varying NOT NULL,
    tables character varying[]
);


ALTER TABLE public.reference OWNER TO postgres;

--
-- Name: referenced_document_2_document_reference; Type: TABLE; Schema: public; Owner: postgres; Tablespace: 
--

CREATE TABLE referenced_document_2_document_reference (
)
INHERITS (root_table_association);


ALTER TABLE public.referenced_document_2_document_reference OWNER TO postgres;

--
-- Name: referenced_document_e; Type: TABLE; Schema: public; Owner: postgres; Tablespace: 
--

CREATE TABLE referenced_document_e (
    document_reference bigint
)
INHERITS (document_e);


ALTER TABLE public.referenced_document_e OWNER TO postgres;

--
-- Name: referenced_graphics_2_graphics_reference; Type: TABLE; Schema: public; Owner: postgres; Tablespace: 
--

CREATE TABLE referenced_graphics_2_graphics_reference (
)
INHERITS (root_table_association);


ALTER TABLE public.referenced_graphics_2_graphics_reference OWNER TO postgres;

--
-- Name: referenced_graphics_e; Type: TABLE; Schema: public; Owner: postgres; Tablespace: 
--

CREATE TABLE referenced_graphics_e (
    graphics_reference bigint
)
INHERITS (graphics_e);


ALTER TABLE public.referenced_graphics_e OWNER TO postgres;

--
-- Name: relation_semantique; Type: TABLE; Schema: public; Owner: postgres; Tablespace: 
--

CREATE TABLE relation_semantique (
    entity_name character varying NOT NULL,
    attribute_name character varying NOT NULL,
    typename character varying,
    is_aggregate boolean DEFAULT false,
    is_exclusive boolean DEFAULT true,
    is_dependent boolean DEFAULT true,
    is_predominant boolean DEFAULT false
);


ALTER TABLE public.relation_semantique OWNER TO postgres;

--
-- Name: representation_2_context_of_items; Type: TABLE; Schema: public; Owner: postgres; Tablespace: 
--

CREATE TABLE representation_2_context_of_items (
)
INHERITS (root_table_association);


ALTER TABLE public.representation_2_context_of_items OWNER TO postgres;

--
-- Name: representation_2_items; Type: TABLE; Schema: public; Owner: postgres; Tablespace: 
--

CREATE TABLE representation_2_items (
)
INHERITS (root_table_association);


ALTER TABLE public.representation_2_items OWNER TO postgres;

--
-- Name: representation_p_det_e; Type: TABLE; Schema: public; Owner: postgres; Tablespace: 
--

CREATE TABLE representation_p_det_e (
)
INHERITS (property_det_e);


ALTER TABLE public.representation_p_det_e OWNER TO postgres;

--
-- Name: representation_reference_2_used_protocol; Type: TABLE; Schema: public; Owner: postgres; Tablespace: 
--

CREATE TABLE representation_reference_2_used_protocol (
)
INHERITS (external_item_2_used_protocol);


ALTER TABLE public.representation_reference_2_used_protocol OWNER TO postgres;

--
-- Name: representation_reference_e; Type: TABLE; Schema: public; Owner: postgres; Tablespace: 
--

CREATE TABLE representation_reference_e (
    representation_id character varying
)
INHERITS (class_extension_external_item_e);


ALTER TABLE public.representation_reference_e OWNER TO postgres;

--
-- Name: representation_reference_type_e; Type: TABLE; Schema: public; Owner: postgres; Tablespace: 
--

CREATE TABLE representation_reference_type_e (
)
INHERITS (entity_instance_type_e);


ALTER TABLE public.representation_reference_type_e OWNER TO postgres;

--
-- Name: representation_type_e; Type: TABLE; Schema: public; Owner: postgres; Tablespace: 
--

CREATE TABLE representation_type_e (
)
INHERITS (entity_instance_type_e);


ALTER TABLE public.representation_type_e OWNER TO postgres;

--
-- Name: revision_type_t; Type: TABLE; Schema: public; Owner: postgres; Tablespace: 
--

CREATE TABLE revision_type_t (
    value character varying
)
INHERITS (root_table_defined_type);


ALTER TABLE public.revision_type_t OWNER TO postgres;

--
-- Name: rid_oid; Type: TABLE; Schema: public; Owner: postgres; Tablespace: 
--

CREATE TABLE rid_oid (
    oids character varying,
    rid bigint
);


ALTER TABLE public.rid_oid OWNER TO postgres;

--
-- Name: root_table_association_rid_seq; Type: SEQUENCE; Schema: public; Owner: postgres
--

CREATE SEQUENCE root_table_association_rid_seq
    INCREMENT BY 1
    NO MINVALUE
    NO MAXVALUE
    CACHE 1;


ALTER TABLE public.root_table_association_rid_seq OWNER TO postgres;

--
-- Name: root_table_association_rid_seq; Type: SEQUENCE OWNED BY; Schema: public; Owner: postgres
--

ALTER SEQUENCE root_table_association_rid_seq OWNED BY root_table_association.rid;


--
-- Name: root_table_defined_type_rid_seq; Type: SEQUENCE; Schema: public; Owner: postgres
--

CREATE SEQUENCE root_table_defined_type_rid_seq
    INCREMENT BY 1
    NO MINVALUE
    NO MAXVALUE
    CACHE 1;


ALTER TABLE public.root_table_defined_type_rid_seq OWNER TO postgres;

--
-- Name: root_table_defined_type_rid_seq; Type: SEQUENCE OWNED BY; Schema: public; Owner: postgres
--

ALTER SEQUENCE root_table_defined_type_rid_seq OWNED BY root_table_defined_type.rid;


--
-- Name: root_table_entity_rid_seq; Type: SEQUENCE; Schema: public; Owner: postgres
--

CREATE SEQUENCE root_table_entity_rid_seq
    INCREMENT BY 1
    NO MINVALUE
    NO MAXVALUE
    CACHE 1;


ALTER TABLE public.root_table_entity_rid_seq OWNER TO postgres;

--
-- Name: root_table_entity_rid_seq; Type: SEQUENCE OWNED BY; Schema: public; Owner: postgres
--

ALTER SEQUENCE root_table_entity_rid_seq OWNED BY root_table_entity.rid;


--
-- Name: root_table_extension_rid_seq; Type: SEQUENCE; Schema: public; Owner: postgres
--

CREATE SEQUENCE root_table_extension_rid_seq
    INCREMENT BY 1
    NO MINVALUE
    NO MAXVALUE
    CACHE 1;


ALTER TABLE public.root_table_extension_rid_seq OWNER TO postgres;

--
-- Name: root_table_extension_rid_seq; Type: SEQUENCE OWNED BY; Schema: public; Owner: postgres
--

ALTER SEQUENCE root_table_extension_rid_seq OWNED BY root_table_extension.rid;


--
-- Name: root_table_select_rid_seq; Type: SEQUENCE; Schema: public; Owner: postgres
--

CREATE SEQUENCE root_table_select_rid_seq
    INCREMENT BY 1
    NO MINVALUE
    NO MAXVALUE
    CACHE 1;


ALTER TABLE public.root_table_select_rid_seq OWNER TO postgres;

--
-- Name: root_table_select_rid_seq; Type: SEQUENCE OWNED BY; Schema: public; Owner: postgres
--

ALTER SEQUENCE root_table_select_rid_seq OWNED BY root_table_select.rid;


--
-- Name: schema_info_2_defined_types; Type: TABLE; Schema: public; Owner: postgres; Tablespace: 
--

CREATE TABLE schema_info_2_defined_types (
)
INHERITS (root_table_association);


ALTER TABLE public.schema_info_2_defined_types OWNER TO postgres;

--
-- Name: schema_info_2_entity_types; Type: TABLE; Schema: public; Owner: postgres; Tablespace: 
--

CREATE TABLE schema_info_2_entity_types (
)
INHERITS (root_table_association);


ALTER TABLE public.schema_info_2_entity_types OWNER TO postgres;

--
-- Name: schema_info_e; Type: TABLE; Schema: public; Owner: postgres; Tablespace: 
--

CREATE TABLE schema_info_e (
    name character varying,
    entity_types bigint[],
    defined_types bigint[]
)
INHERITS (root_table_entity);


ALTER TABLE public.schema_info_e OWNER TO postgres;

--
-- Name: second_in_minute_t; Type: TABLE; Schema: public; Owner: postgres; Tablespace: 
--

CREATE TABLE second_in_minute_t (
    value double precision
)
INHERITS (root_table_defined_type);


ALTER TABLE public.second_in_minute_t OWNER TO postgres;

--
-- Name: select_info_2_select_list; Type: TABLE; Schema: public; Owner: postgres; Tablespace: 
--

CREATE TABLE select_info_2_select_list (
)
INHERITS (root_table_association);


ALTER TABLE public.select_info_2_select_list OWNER TO postgres;

--
-- Name: select_info_e; Type: TABLE; Schema: public; Owner: postgres; Tablespace: 
--

CREATE TABLE select_info_e (
    select_list bigint[]
)
INHERITS (named_info_e);


ALTER TABLE public.select_info_e OWNER TO postgres;

--
-- Name: set_type_e; Type: TABLE; Schema: public; Owner: postgres; Tablespace: 
--

CREATE TABLE set_type_e (
)
INHERITS (aggregate_type_e);


ALTER TABLE public.set_type_e OWNER TO postgres;

--
-- Name: set_value_2_values; Type: TABLE; Schema: public; Owner: postgres; Tablespace: 
--

CREATE TABLE set_value_2_values (
)
INHERITS (root_table_select);


ALTER TABLE public.set_value_2_values OWNER TO postgres;

--
-- Name: set_value_e; Type: TABLE; Schema: public; Owner: postgres; Tablespace: 
--

CREATE TABLE set_value_e (
)
INHERITS (aggregate_value_e);


ALTER TABLE public.set_value_e OWNER TO postgres;

--
-- Name: set_with_subset_constraint_type_e; Type: TABLE; Schema: public; Owner: postgres; Tablespace: 
--

CREATE TABLE set_with_subset_constraint_type_e (
    cardinal_min bigint,
    cardinal_max bigint
)
INHERITS (aggregate_type_e);


ALTER TABLE public.set_with_subset_constraint_type_e OWNER TO postgres;

--
-- Name: set_with_subset_constraint_value_2_values; Type: TABLE; Schema: public; Owner: postgres; Tablespace: 
--

CREATE TABLE set_with_subset_constraint_value_2_values (
)
INHERITS (root_table_select);


ALTER TABLE public.set_with_subset_constraint_value_2_values OWNER TO postgres;

--
-- Name: set_with_subset_constraint_value_e; Type: TABLE; Schema: public; Owner: postgres; Tablespace: 
--

CREATE TABLE set_with_subset_constraint_value_e (
    min bigint,
    max bigint
)
INHERITS (aggregate_value_e);


ALTER TABLE public.set_with_subset_constraint_value_e OWNER TO postgres;

--
-- Name: si_prefix_t; Type: TABLE; Schema: public; Owner: postgres; Tablespace: 
--

CREATE TABLE si_prefix_t (
    element character varying,
    rang integer
)
INHERITS (root_table_defined_type);


ALTER TABLE public.si_prefix_t OWNER TO postgres;

--
-- Name: si_unit_e; Type: TABLE; Schema: public; Owner: postgres; Tablespace: 
--

CREATE TABLE si_unit_e (
    prefix bigint,
    name bigint
)
INHERITS (named_unit_e);


ALTER TABLE public.si_unit_e OWNER TO postgres;

--
-- Name: si_unit_name_t; Type: TABLE; Schema: public; Owner: postgres; Tablespace: 
--

CREATE TABLE si_unit_name_t (
    element character varying,
    rang integer
)
INHERITS (root_table_defined_type);


ALTER TABLE public.si_unit_name_t OWNER TO postgres;

--
-- Name: simple_program_protocol_2_compiler_supplier; Type: TABLE; Schema: public; Owner: postgres; Tablespace: 
--

CREATE TABLE simple_program_protocol_2_compiler_supplier (
)
INHERITS (root_table_association);


ALTER TABLE public.simple_program_protocol_2_compiler_supplier OWNER TO postgres;

--
-- Name: solid_angle_measure_t; Type: TABLE; Schema: public; Owner: postgres; Tablespace: 
--

CREATE TABLE solid_angle_measure_t (
    value double precision
)
INHERITS (root_table_defined_type);


ALTER TABLE public.solid_angle_measure_t OWNER TO postgres;

--
-- Name: source_doc_type_t; Type: TABLE; Schema: public; Owner: postgres; Tablespace: 
--

CREATE TABLE source_doc_type_t (
    value character varying
)
INHERITS (root_table_defined_type);


ALTER TABLE public.source_doc_type_t OWNER TO postgres;

--
-- Name: standard_simple_program_protocol_e; Type: TABLE; Schema: public; Owner: postgres; Tablespace: 
--

CREATE TABLE standard_simple_program_protocol_e (
)
INHERITS (standard_protocol_e, simple_program_protocol_e);


ALTER TABLE public.standard_simple_program_protocol_e OWNER TO postgres;

--
-- Name: string_info_e; Type: TABLE; Schema: public; Owner: postgres; Tablespace: 
--

CREATE TABLE string_info_e (
    is_fixed boolean,
    bound bigint
)
INHERITS (type_info_e);


ALTER TABLE public.string_info_e OWNER TO postgres;

--
-- Name: string_value_t; Type: TABLE; Schema: public; Owner: postgres; Tablespace: 
--

CREATE TABLE string_value_t (
    value character varying
)
INHERITS (root_table_defined_type);


ALTER TABLE public.string_value_t OWNER TO postgres;

--
-- Name: supplier_bsu_e; Type: TABLE; Schema: public; Owner: postgres; Tablespace: 
--

CREATE TABLE supplier_bsu_e (
)
INHERITS (basic_semantic_unit_e);


ALTER TABLE public.supplier_bsu_e OWNER TO postgres;

--
-- Name: supplier_bsu_related_content_2_dictionary_definition; Type: TABLE; Schema: public; Owner: postgres; Tablespace: 
--

CREATE TABLE supplier_bsu_related_content_2_dictionary_definition (
)
INHERITS (content_item_2_dictionary_definition);


ALTER TABLE public.supplier_bsu_related_content_2_dictionary_definition OWNER TO postgres;

--
-- Name: supplier_bsu_relationship_2_related_tokens; Type: TABLE; Schema: public; Owner: postgres; Tablespace: 
--

CREATE TABLE supplier_bsu_relationship_2_related_tokens (
)
INHERITS (root_table_association);


ALTER TABLE public.supplier_bsu_relationship_2_related_tokens OWNER TO postgres;

--
-- Name: supplier_bsu_relationship_2_relating_supplier; Type: TABLE; Schema: public; Owner: postgres; Tablespace: 
--

CREATE TABLE supplier_bsu_relationship_2_relating_supplier (
)
INHERITS (root_table_association);


ALTER TABLE public.supplier_bsu_relationship_2_relating_supplier OWNER TO postgres;

--
-- Name: supplier_bsu_relationship_e; Type: TABLE; Schema: public; Owner: postgres; Tablespace: 
--

CREATE TABLE supplier_bsu_relationship_e (
    relating_supplier bigint,
    related_tokens bigint[]
)
INHERITS (root_table_entity);


ALTER TABLE public.supplier_bsu_relationship_e OWNER TO postgres;

--
-- Name: supplier_code_type_t; Type: TABLE; Schema: public; Owner: postgres; Tablespace: 
--

CREATE TABLE supplier_code_type_t (
    value character varying
)
INHERITS (root_table_defined_type);


ALTER TABLE public.supplier_code_type_t OWNER TO postgres;

--
-- Name: supplier_element_2_addr; Type: TABLE; Schema: public; Owner: postgres; Tablespace: 
--

CREATE TABLE supplier_element_2_addr (
)
INHERITS (root_table_association);


ALTER TABLE public.supplier_element_2_addr OWNER TO postgres;

--
-- Name: supplier_element_2_identified_by; Type: TABLE; Schema: public; Owner: postgres; Tablespace: 
--

CREATE TABLE supplier_element_2_identified_by (
)
INHERITS (dictionary_element_2_identified_by);


ALTER TABLE public.supplier_element_2_identified_by OWNER TO postgres;

--
-- Name: supplier_element_2_org; Type: TABLE; Schema: public; Owner: postgres; Tablespace: 
--

CREATE TABLE supplier_element_2_org (
)
INHERITS (root_table_association);


ALTER TABLE public.supplier_element_2_org OWNER TO postgres;

--
-- Name: supplier_element_e; Type: TABLE; Schema: public; Owner: postgres; Tablespace: 
--

CREATE TABLE supplier_element_e (
    org bigint,
    addr bigint
)
INHERITS (dictionary_element_e);


ALTER TABLE public.supplier_element_e OWNER TO postgres;

--
-- Name: supplier_program_library_relationship_2_related_tokens; Type: TABLE; Schema: public; Owner: postgres; Tablespace: 
--

CREATE TABLE supplier_program_library_relationship_2_related_tokens (
)
INHERITS (supplier_bsu_relationship_2_related_tokens);


ALTER TABLE public.supplier_program_library_relationship_2_related_tokens OWNER TO postgres;

--
-- Name: supplier_program_library_relationship_e; Type: TABLE; Schema: public; Owner: postgres; Tablespace: 
--

CREATE TABLE supplier_program_library_relationship_e (
)
INHERITS (supplier_bsu_relationship_e);


ALTER TABLE public.supplier_program_library_relationship_e OWNER TO postgres;

--
-- Name: supplier_related_dictionary_element_2_definition; Type: TABLE; Schema: public; Owner: postgres; Tablespace: 
--

CREATE TABLE supplier_related_dictionary_element_2_definition (
)
INHERITS (root_table_select);


ALTER TABLE public.supplier_related_dictionary_element_2_definition OWNER TO postgres;

--
-- Name: supplier_related_dictionary_element_2_identified_by; Type: TABLE; Schema: public; Owner: postgres; Tablespace: 
--

CREATE TABLE supplier_related_dictionary_element_2_identified_by (
)
INHERITS (dictionary_element_2_identified_by);


ALTER TABLE public.supplier_related_dictionary_element_2_identified_by OWNER TO postgres;

--
-- Name: supplier_related_dictionary_element_2_names; Type: TABLE; Schema: public; Owner: postgres; Tablespace: 
--

CREATE TABLE supplier_related_dictionary_element_2_names (
)
INHERITS (root_table_association);


ALTER TABLE public.supplier_related_dictionary_element_2_names OWNER TO postgres;

--
-- Name: supplier_related_dictionary_element_2_note; Type: TABLE; Schema: public; Owner: postgres; Tablespace: 
--

CREATE TABLE supplier_related_dictionary_element_2_note (
)
INHERITS (root_table_select);


ALTER TABLE public.supplier_related_dictionary_element_2_note OWNER TO postgres;

--
-- Name: supplier_related_dictionary_element_2_remark; Type: TABLE; Schema: public; Owner: postgres; Tablespace: 
--

CREATE TABLE supplier_related_dictionary_element_2_remark (
)
INHERITS (root_table_select);


ALTER TABLE public.supplier_related_dictionary_element_2_remark OWNER TO postgres;

--
-- Name: table_bsu_2_name_scope; Type: TABLE; Schema: public; Owner: postgres; Tablespace: 
--

CREATE TABLE table_bsu_2_name_scope (
)
INHERITS (root_table_association);


ALTER TABLE public.table_bsu_2_name_scope OWNER TO postgres;

--
-- Name: table_identification_e; Type: TABLE; Schema: public; Owner: postgres; Tablespace: 
--

CREATE TABLE table_identification_e (
)
INHERITS (root_table_entity);


ALTER TABLE public.table_identification_e OWNER TO postgres;

--
-- Name: table_bsu_e; Type: TABLE; Schema: public; Owner: postgres; Tablespace: 
--

CREATE TABLE table_bsu_e (
    name_scope bigint
)
INHERITS (class_related_bsu_e, table_identification_e);


ALTER TABLE public.table_bsu_e OWNER TO postgres;

--
-- Name: table_code_type_t; Type: TABLE; Schema: public; Owner: postgres; Tablespace: 
--

CREATE TABLE table_code_type_t (
    value character varying
)
INHERITS (root_table_defined_type);


ALTER TABLE public.table_code_type_t OWNER TO postgres;

--
-- Name: temptableoffloatarray; Type: TABLE; Schema: public; Owner: postgres; Tablespace: 
--

CREATE TABLE temptableoffloatarray (
    son_contenu double precision[]
);


ALTER TABLE public.temptableoffloatarray OWNER TO postgres;

--
-- Name: temptableofintarray; Type: TABLE; Schema: public; Owner: postgres; Tablespace: 
--

CREATE TABLE temptableofintarray (
    son_contenu bigint[]
);


ALTER TABLE public.temptableofintarray OWNER TO postgres;

--
-- Name: text_t; Type: TABLE; Schema: public; Owner: postgres; Tablespace: 
--

CREATE TABLE text_t (
    value character varying
)
INHERITS (root_table_defined_type);


ALTER TABLE public.text_t OWNER TO postgres;

--
-- Name: thermodynamic_temperature_measure_t; Type: TABLE; Schema: public; Owner: postgres; Tablespace: 
--

CREATE TABLE thermodynamic_temperature_measure_t (
    value double precision
)
INHERITS (root_table_defined_type);


ALTER TABLE public.thermodynamic_temperature_measure_t OWNER TO postgres;

--
-- Name: time_measure_t; Type: TABLE; Schema: public; Owner: postgres; Tablespace: 
--

CREATE TABLE time_measure_t (
    value double precision
)
INHERITS (root_table_defined_type);


ALTER TABLE public.time_measure_t OWNER TO postgres;

--
-- Name: translated_external_content_2_languages; Type: TABLE; Schema: public; Owner: postgres; Tablespace: 
--

CREATE TABLE translated_external_content_2_languages (
)
INHERITS (root_table_association);


ALTER TABLE public.translated_external_content_2_languages OWNER TO postgres;

--
-- Name: translated_external_content_e; Type: TABLE; Schema: public; Owner: postgres; Tablespace: 
--

CREATE TABLE translated_external_content_e (
    languages bigint
)
INHERITS (external_content_e);


ALTER TABLE public.translated_external_content_e OWNER TO postgres;

--
-- Name: translated_label_2_languages; Type: TABLE; Schema: public; Owner: postgres; Tablespace: 
--

CREATE TABLE translated_label_2_languages (
)
INHERITS (root_table_association);


ALTER TABLE public.translated_label_2_languages OWNER TO postgres;

--
-- Name: translated_label_e; Type: TABLE; Schema: public; Owner: postgres; Tablespace: 
--

CREATE TABLE translated_label_e (
    labels bigint[],
    languages bigint
)
INHERITS (root_table_entity);


ALTER TABLE public.translated_label_e OWNER TO postgres;

--
-- Name: translated_string_value_2_languages; Type: TABLE; Schema: public; Owner: postgres; Tablespace: 
--

CREATE TABLE translated_string_value_2_languages (
)
INHERITS (root_table_association);


ALTER TABLE public.translated_string_value_2_languages OWNER TO postgres;

--
-- Name: translated_string_value_e; Type: TABLE; Schema: public; Owner: postgres; Tablespace: 
--

CREATE TABLE translated_string_value_e (
    string_values bigint[],
    languages bigint
)
INHERITS (root_table_entity);


ALTER TABLE public.translated_string_value_e OWNER TO postgres;

--
-- Name: translated_text_2_languages; Type: TABLE; Schema: public; Owner: postgres; Tablespace: 
--

CREATE TABLE translated_text_2_languages (
)
INHERITS (root_table_association);


ALTER TABLE public.translated_text_2_languages OWNER TO postgres;

--
-- Name: translated_text_e; Type: TABLE; Schema: public; Owner: postgres; Tablespace: 
--

CREATE TABLE translated_text_e (
    texts bigint[],
    languages bigint
)
INHERITS (root_table_entity);


ALTER TABLE public.translated_text_e OWNER TO postgres;

--
-- Name: type_category_t; Type: TABLE; Schema: public; Owner: postgres; Tablespace: 
--

CREATE TABLE type_category_t (
    element character varying,
    rang integer
)
INHERITS (root_table_defined_type);


ALTER TABLE public.type_category_t OWNER TO postgres;

--
-- Name: value_code_type_t; Type: TABLE; Schema: public; Owner: postgres; Tablespace: 
--

CREATE TABLE value_code_type_t (
    value character varying
)
INHERITS (root_table_defined_type);


ALTER TABLE public.value_code_type_t OWNER TO postgres;

--
-- Name: value_domain_2_its_values; Type: TABLE; Schema: public; Owner: postgres; Tablespace: 
--

CREATE TABLE value_domain_2_its_values (
)
INHERITS (root_table_association);


ALTER TABLE public.value_domain_2_its_values OWNER TO postgres;

--
-- Name: value_domain_2_languages; Type: TABLE; Schema: public; Owner: postgres; Tablespace: 
--

CREATE TABLE value_domain_2_languages (
)
INHERITS (root_table_association);


ALTER TABLE public.value_domain_2_languages OWNER TO postgres;

--
-- Name: value_domain_2_source_doc_of_value_domain; Type: TABLE; Schema: public; Owner: postgres; Tablespace: 
--

CREATE TABLE value_domain_2_source_doc_of_value_domain (
)
INHERITS (root_table_association);


ALTER TABLE public.value_domain_2_source_doc_of_value_domain OWNER TO postgres;

--
-- Name: value_domain_2_terms; Type: TABLE; Schema: public; Owner: postgres; Tablespace: 
--

CREATE TABLE value_domain_2_terms (
)
INHERITS (root_table_association);


ALTER TABLE public.value_domain_2_terms OWNER TO postgres;

--
-- Name: value_domain_e; Type: TABLE; Schema: public; Owner: postgres; Tablespace: 
--

CREATE TABLE value_domain_e (
    its_values bigint[],
    source_doc_of_value_domain bigint,
    languages bigint,
    terms bigint[]
)
INHERITS (root_table_entity);


ALTER TABLE public.value_domain_e OWNER TO postgres;

--
-- Name: value_format_type_t; Type: TABLE; Schema: public; Owner: postgres; Tablespace: 
--

CREATE TABLE value_format_type_t (
    value character varying
)
INHERITS (root_table_defined_type);


ALTER TABLE public.value_format_type_t OWNER TO postgres;

--
-- Name: vector_2_orientation; Type: TABLE; Schema: public; Owner: postgres; Tablespace: 
--

CREATE TABLE vector_2_orientation (
)
INHERITS (root_table_association);


ALTER TABLE public.vector_2_orientation OWNER TO postgres;

--
-- Name: vector_e; Type: TABLE; Schema: public; Owner: postgres; Tablespace: 
--

CREATE TABLE vector_e (
    orientation bigint,
    magnitude double precision
)
INHERITS (geometric_representation_item_e);


ALTER TABLE public.vector_e OWNER TO postgres;

--
-- Name: version_type_t; Type: TABLE; Schema: public; Owner: postgres; Tablespace: 
--

CREATE TABLE version_type_t (
    value character varying
)
INHERITS (root_table_defined_type);


ALTER TABLE public.version_type_t OWNER TO postgres;

--
-- Name: view_control_variable_range_2_parameter_type; Type: TABLE; Schema: public; Owner: postgres; Tablespace: 
--

CREATE TABLE view_control_variable_range_2_parameter_type (
)
INHERITS (root_table_association);


ALTER TABLE public.view_control_variable_range_2_parameter_type OWNER TO postgres;

--
-- Name: view_control_variable_range_e; Type: TABLE; Schema: public; Owner: postgres; Tablespace: 
--

CREATE TABLE view_control_variable_range_e (
    parameter_type bigint,
    range_lobound bigint,
    range_hibound bigint
)
INHERITS (root_table_entity);


ALTER TABLE public.view_control_variable_range_e OWNER TO postgres;

--
-- Name: view_exchange_protocol_identification_2_referenced_iso10303_ap; Type: TABLE; Schema: public; Owner: postgres; Tablespace: 
--

CREATE TABLE view_exchange_protocol_identification_2_referenced_iso10303_ap (
)
INHERITS (root_table_association);


ALTER TABLE public.view_exchange_protocol_identification_2_referenced_iso10303_ap OWNER TO postgres;

--
-- Name: view_exchange_protocol_identification_e; Type: TABLE; Schema: public; Owner: postgres; Tablespace: 
--

CREATE TABLE view_exchange_protocol_identification_e (
    referenced_iso10303_ap bigint
)
INHERITS (data_exchange_specification_identification_e);


ALTER TABLE public.view_exchange_protocol_identification_e OWNER TO postgres;

--
-- Name: volume_measure_t; Type: TABLE; Schema: public; Owner: postgres; Tablespace: 
--

CREATE TABLE volume_measure_t (
    value double precision
)
INHERITS (root_table_defined_type);


ALTER TABLE public.volume_measure_t OWNER TO postgres;

--
-- Name: week_in_year_number_t; Type: TABLE; Schema: public; Owner: postgres; Tablespace: 
--

CREATE TABLE week_in_year_number_t (
    value bigint
)
INHERITS (root_table_defined_type);


ALTER TABLE public.week_in_year_number_t OWNER TO postgres;

--
-- Name: week_of_year_and_day_date_e; Type: TABLE; Schema: public; Owner: postgres; Tablespace: 
--

CREATE TABLE week_of_year_and_day_date_e (
    week_component bigint,
    day_component bigint
)
INHERITS (date_e);


ALTER TABLE public.week_of_year_and_day_date_e OWNER TO postgres;

--
-- Name: year_number_t; Type: TABLE; Schema: public; Owner: postgres; Tablespace: 
--

CREATE TABLE year_number_t (
    value bigint
)
INHERITS (root_table_defined_type);


ALTER TABLE public.year_number_t OWNER TO postgres;

--
-- Name: rid; Type: DEFAULT; Schema: public; Owner: postgres
--

ALTER TABLE ONLY a6_illustration_e ALTER COLUMN rid SET DEFAULT nextval('root_table_entity_rid_seq'::regclass);


--
-- Name: rid; Type: DEFAULT; Schema: public; Owner: postgres
--

ALTER TABLE ONLY a9_illustration_e ALTER COLUMN rid SET DEFAULT nextval('root_table_entity_rid_seq'::regclass);


--
-- Name: rid; Type: DEFAULT; Schema: public; Owner: postgres
--

ALTER TABLE ONLY a_posteriori_case_of_2_corresponding_properties ALTER COLUMN rid SET DEFAULT nextval('root_table_association_rid_seq'::regclass);


--
-- Name: rid; Type: DEFAULT; Schema: public; Owner: postgres
--

ALTER TABLE ONLY a_posteriori_case_of_2_is_case_of ALTER COLUMN rid SET DEFAULT nextval('root_table_association_rid_seq'::regclass);


--
-- Name: rid; Type: DEFAULT; Schema: public; Owner: postgres
--

ALTER TABLE ONLY a_posteriori_case_of_2_source ALTER COLUMN rid SET DEFAULT nextval('root_table_association_rid_seq'::regclass);


--
-- Name: rid; Type: DEFAULT; Schema: public; Owner: postgres
--

ALTER TABLE ONLY a_posteriori_case_of_e ALTER COLUMN rid SET DEFAULT nextval('root_table_entity_rid_seq'::regclass);


--
-- Name: rid; Type: DEFAULT; Schema: public; Owner: postgres
--

ALTER TABLE ONLY a_posteriori_semantic_relationship_e ALTER COLUMN rid SET DEFAULT nextval('root_table_entity_rid_seq'::regclass);


--
-- Name: rid; Type: DEFAULT; Schema: public; Owner: postgres
--

ALTER TABLE ONLY a_posteriori_view_of_2_corresponding_properties ALTER COLUMN rid SET DEFAULT nextval('root_table_association_rid_seq'::regclass);


--
-- Name: rid; Type: DEFAULT; Schema: public; Owner: postgres
--

ALTER TABLE ONLY a_posteriori_view_of_2_functional_model ALTER COLUMN rid SET DEFAULT nextval('root_table_association_rid_seq'::regclass);


--
-- Name: rid; Type: DEFAULT; Schema: public; Owner: postgres
--

ALTER TABLE ONLY a_posteriori_view_of_2_is_view_of ALTER COLUMN rid SET DEFAULT nextval('root_table_association_rid_seq'::regclass);


--
-- Name: rid; Type: DEFAULT; Schema: public; Owner: postgres
--

ALTER TABLE ONLY a_posteriori_view_of_e ALTER COLUMN rid SET DEFAULT nextval('root_table_entity_rid_seq'::regclass);


--
-- Name: rid; Type: DEFAULT; Schema: public; Owner: postgres
--

ALTER TABLE ONLY a_priori_semantic_relationship_2_referenced_classes ALTER COLUMN rid SET DEFAULT nextval('root_table_association_rid_seq'::regclass);


--
-- Name: rid; Type: DEFAULT; Schema: public; Owner: postgres
--

ALTER TABLE ONLY a_priori_semantic_relationship_2_referenced_data_types ALTER COLUMN rid SET DEFAULT nextval('root_table_association_rid_seq'::regclass);


--
-- Name: rid; Type: DEFAULT; Schema: public; Owner: postgres
--

ALTER TABLE ONLY a_priori_semantic_relationship_2_referenced_documents ALTER COLUMN rid SET DEFAULT nextval('root_table_association_rid_seq'::regclass);


--
-- Name: rid; Type: DEFAULT; Schema: public; Owner: postgres
--

ALTER TABLE ONLY a_priori_semantic_relationship_2_referenced_properties ALTER COLUMN rid SET DEFAULT nextval('root_table_association_rid_seq'::regclass);


--
-- Name: rid; Type: DEFAULT; Schema: public; Owner: postgres
--

ALTER TABLE ONLY a_priori_semantic_relationship_2_referenced_tables ALTER COLUMN rid SET DEFAULT nextval('root_table_association_rid_seq'::regclass);


--
-- Name: rid; Type: DEFAULT; Schema: public; Owner: postgres
--

ALTER TABLE ONLY a_priori_semantic_relationship_e ALTER COLUMN rid SET DEFAULT nextval('root_table_entity_rid_seq'::regclass);


--
-- Name: rid; Type: DEFAULT; Schema: public; Owner: postgres
--

ALTER TABLE ONLY absolute_url_type_t ALTER COLUMN rid SET DEFAULT nextval('root_table_defined_type_rid_seq'::regclass);


--
-- Name: rid; Type: DEFAULT; Schema: public; Owner: postgres
--

ALTER TABLE ONLY abstract_functional_model_class_2_case_of ALTER COLUMN rid SET DEFAULT nextval('root_table_association_rid_seq'::regclass);


--
-- Name: rid; Type: DEFAULT; Schema: public; Owner: postgres
--

ALTER TABLE ONLY abstract_functional_model_class_2_created_view ALTER COLUMN rid SET DEFAULT nextval('root_table_association_rid_seq'::regclass);


--
-- Name: rid; Type: DEFAULT; Schema: public; Owner: postgres
--

ALTER TABLE ONLY abstract_functional_model_class_2_imported_documents_from_model ALTER COLUMN rid SET DEFAULT nextval('root_table_association_rid_seq'::regclass);


--
-- Name: rid; Type: DEFAULT; Schema: public; Owner: postgres
--

ALTER TABLE ONLY abstract_functional_model_class_2_imported_documents_from_view ALTER COLUMN rid SET DEFAULT nextval('root_table_association_rid_seq'::regclass);


--
-- Name: rid; Type: DEFAULT; Schema: public; Owner: postgres
--

ALTER TABLE ONLY abstract_functional_model_class_2_imported_properties_from_mode ALTER COLUMN rid SET DEFAULT nextval('root_table_association_rid_seq'::regclass);


--
-- Name: rid; Type: DEFAULT; Schema: public; Owner: postgres
--

ALTER TABLE ONLY abstract_functional_model_class_2_imported_properties_from_view ALTER COLUMN rid SET DEFAULT nextval('root_table_association_rid_seq'::regclass);


--
-- Name: rid; Type: DEFAULT; Schema: public; Owner: postgres
--

ALTER TABLE ONLY abstract_functional_model_class_2_imported_tables_from_models ALTER COLUMN rid SET DEFAULT nextval('root_table_association_rid_seq'::regclass);


--
-- Name: rid; Type: DEFAULT; Schema: public; Owner: postgres
--

ALTER TABLE ONLY abstract_functional_model_class_2_imported_tables_from_view ALTER COLUMN rid SET DEFAULT nextval('root_table_association_rid_seq'::regclass);


--
-- Name: rid; Type: DEFAULT; Schema: public; Owner: postgres
--

ALTER TABLE ONLY abstract_functional_model_class_2_imported_types_from_models ALTER COLUMN rid SET DEFAULT nextval('root_table_association_rid_seq'::regclass);


--
-- Name: rid; Type: DEFAULT; Schema: public; Owner: postgres
--

ALTER TABLE ONLY abstract_functional_model_class_2_imported_types_from_view ALTER COLUMN rid SET DEFAULT nextval('root_table_association_rid_seq'::regclass);


--
-- Name: rid; Type: DEFAULT; Schema: public; Owner: postgres
--

ALTER TABLE ONLY abstract_functional_model_class_2_v_c_v_range ALTER COLUMN rid SET DEFAULT nextval('root_table_association_rid_seq'::regclass);


--
-- Name: rid; Type: DEFAULT; Schema: public; Owner: postgres
--

ALTER TABLE ONLY abstract_functional_model_class_e ALTER COLUMN rid SET DEFAULT nextval('root_table_entity_rid_seq'::regclass);


--
-- Name: rid; Type: DEFAULT; Schema: public; Owner: postgres
--

ALTER TABLE ONLY address_e ALTER COLUMN rid SET DEFAULT nextval('root_table_entity_rid_seq'::regclass);


--
-- Name: rid; Type: DEFAULT; Schema: public; Owner: postgres
--

ALTER TABLE ONLY aggregate_entity_instance_value_2_the_value ALTER COLUMN rid SET DEFAULT nextval('root_table_association_rid_seq'::regclass);


--
-- Name: rid; Type: DEFAULT; Schema: public; Owner: postgres
--

ALTER TABLE ONLY aggregate_entity_instance_value_e ALTER COLUMN rid SET DEFAULT nextval('root_table_entity_rid_seq'::regclass);


--
-- Name: rid; Type: DEFAULT; Schema: public; Owner: postgres
--

ALTER TABLE ONLY aggregate_info_2_element_type ALTER COLUMN rid SET DEFAULT nextval('root_table_association_rid_seq'::regclass);


--
-- Name: rid; Type: DEFAULT; Schema: public; Owner: postgres
--

ALTER TABLE ONLY aggregate_info_e ALTER COLUMN rid SET DEFAULT nextval('root_table_entity_rid_seq'::regclass);


--
-- Name: rid; Type: DEFAULT; Schema: public; Owner: postgres
--

ALTER TABLE ONLY aggregate_type_2_value_type ALTER COLUMN rid SET DEFAULT nextval('root_table_association_rid_seq'::regclass);


--
-- Name: rid; Type: DEFAULT; Schema: public; Owner: postgres
--

ALTER TABLE ONLY aggregate_type_e ALTER COLUMN rid SET DEFAULT nextval('root_table_entity_rid_seq'::regclass);


--
-- Name: rid; Type: DEFAULT; Schema: public; Owner: postgres
--

ALTER TABLE ONLY aggregate_value_2_values ALTER COLUMN rid SET DEFAULT nextval('root_table_select_rid_seq'::regclass);


--
-- Name: rid; Type: DEFAULT; Schema: public; Owner: postgres
--

ALTER TABLE ONLY aggregate_value_e ALTER COLUMN rid SET DEFAULT nextval('root_table_entity_rid_seq'::regclass);


--
-- Name: rid; Type: DEFAULT; Schema: public; Owner: postgres
--

ALTER TABLE ONLY ahead_or_behind_t ALTER COLUMN rid SET DEFAULT nextval('root_table_defined_type_rid_seq'::regclass);


--
-- Name: rid; Type: DEFAULT; Schema: public; Owner: postgres
--

ALTER TABLE ONLY amount_of_substance_measure_t ALTER COLUMN rid SET DEFAULT nextval('root_table_defined_type_rid_seq'::regclass);


--
-- Name: rid; Type: DEFAULT; Schema: public; Owner: postgres
--

ALTER TABLE ONLY application_context_e ALTER COLUMN rid SET DEFAULT nextval('root_table_entity_rid_seq'::regclass);


--
-- Name: rid; Type: DEFAULT; Schema: public; Owner: postgres
--

ALTER TABLE ONLY application_context_element_2_frame_of_reference ALTER COLUMN rid SET DEFAULT nextval('root_table_association_rid_seq'::regclass);


--
-- Name: rid; Type: DEFAULT; Schema: public; Owner: postgres
--

ALTER TABLE ONLY application_context_element_e ALTER COLUMN rid SET DEFAULT nextval('root_table_entity_rid_seq'::regclass);


--
-- Name: rid; Type: DEFAULT; Schema: public; Owner: postgres
--

ALTER TABLE ONLY application_info_2_schemas ALTER COLUMN rid SET DEFAULT nextval('root_table_association_rid_seq'::regclass);


--
-- Name: rid; Type: DEFAULT; Schema: public; Owner: postgres
--

ALTER TABLE ONLY application_info_e ALTER COLUMN rid SET DEFAULT nextval('root_table_entity_rid_seq'::regclass);


--
-- Name: rid; Type: DEFAULT; Schema: public; Owner: postgres
--

ALTER TABLE ONLY application_protocol_definition_2_application ALTER COLUMN rid SET DEFAULT nextval('root_table_association_rid_seq'::regclass);


--
-- Name: rid; Type: DEFAULT; Schema: public; Owner: postgres
--

ALTER TABLE ONLY application_protocol_definition_e ALTER COLUMN rid SET DEFAULT nextval('root_table_entity_rid_seq'::regclass);


--
-- Name: rid; Type: DEFAULT; Schema: public; Owner: postgres
--

ALTER TABLE ONLY area_measure_t ALTER COLUMN rid SET DEFAULT nextval('root_table_defined_type_rid_seq'::regclass);


--
-- Name: rid; Type: DEFAULT; Schema: public; Owner: postgres
--

ALTER TABLE ONLY array_type_e ALTER COLUMN rid SET DEFAULT nextval('root_table_entity_rid_seq'::regclass);


--
-- Name: rid; Type: DEFAULT; Schema: public; Owner: postgres
--

ALTER TABLE ONLY array_value_cartesian_point_coordinates ALTER COLUMN rid SET DEFAULT nextval('array_value_cartesian_point_coordinates_rid_seq'::regclass);


--
-- Name: rid; Type: DEFAULT; Schema: public; Owner: postgres
--

ALTER TABLE ONLY array_value_direction_direction_ratios ALTER COLUMN rid SET DEFAULT nextval('array_value_direction_direction_ratios_rid_seq'::regclass);


--
-- Name: rid; Type: DEFAULT; Schema: public; Owner: postgres
--

ALTER TABLE ONLY array_value_document_element_with_translated_http_access_remote ALTER COLUMN rid SET DEFAULT nextval('array_value_document_element_with_translated_http_acces_rid_seq'::regclass);


--
-- Name: rid; Type: DEFAULT; Schema: public; Owner: postgres
--

ALTER TABLE ONLY array_value_e ALTER COLUMN rid SET DEFAULT nextval('root_table_entity_rid_seq'::regclass);


--
-- Name: rid; Type: DEFAULT; Schema: public; Owner: postgres
--

ALTER TABLE ONLY array_value_entity_instance_type_type_name ALTER COLUMN rid SET DEFAULT nextval('array_value_entity_instance_type_type_name_rid_seq'::regclass);


--
-- Name: rid; Type: DEFAULT; Schema: public; Owner: postgres
--

ALTER TABLE ONLY array_value_enum_info_literals ALTER COLUMN rid SET DEFAULT nextval('array_value_enum_info_literals_rid_seq'::regclass);


--
-- Name: rid; Type: DEFAULT; Schema: public; Owner: postgres
--

ALTER TABLE ONLY array_value_int_level_spec_value_values ALTER COLUMN rid SET DEFAULT nextval('array_value_int_level_spec_value_values_rid_seq'::regclass);


--
-- Name: rid; Type: DEFAULT; Schema: public; Owner: postgres
--

ALTER TABLE ONLY array_value_level_spec_value_values ALTER COLUMN rid SET DEFAULT nextval('array_value_level_spec_value_values_rid_seq'::regclass);


--
-- Name: rid; Type: DEFAULT; Schema: public; Owner: postgres
--

ALTER TABLE ONLY array_value_person_middle_names ALTER COLUMN rid SET DEFAULT nextval('array_value_person_middle_names_rid_seq'::regclass);


--
-- Name: rid; Type: DEFAULT; Schema: public; Owner: postgres
--

ALTER TABLE ONLY array_value_person_prefix_titles ALTER COLUMN rid SET DEFAULT nextval('array_value_person_prefix_titles_rid_seq'::regclass);


--
-- Name: rid; Type: DEFAULT; Schema: public; Owner: postgres
--

ALTER TABLE ONLY array_value_person_suffix_titles ALTER COLUMN rid SET DEFAULT nextval('array_value_person_suffix_titles_rid_seq'::regclass);


--
-- Name: rid; Type: DEFAULT; Schema: public; Owner: postgres
--

ALTER TABLE ONLY array_value_present_translations_language_codes ALTER COLUMN rid SET DEFAULT nextval('array_value_present_translations_language_codes_rid_seq'::regclass);


--
-- Name: rid; Type: DEFAULT; Schema: public; Owner: postgres
--

ALTER TABLE ONLY array_value_real_level_spec_value_values ALTER COLUMN rid SET DEFAULT nextval('array_value_real_level_spec_value_values_rid_seq'::regclass);


--
-- Name: rid; Type: DEFAULT; Schema: public; Owner: postgres
--

ALTER TABLE ONLY array_value_translated_label_labels ALTER COLUMN rid SET DEFAULT nextval('array_value_translated_label_labels_rid_seq'::regclass);


--
-- Name: rid; Type: DEFAULT; Schema: public; Owner: postgres
--

ALTER TABLE ONLY array_value_translated_string_value_string_values ALTER COLUMN rid SET DEFAULT nextval('array_value_translated_string_value_string_values_rid_seq'::regclass);


--
-- Name: rid; Type: DEFAULT; Schema: public; Owner: postgres
--

ALTER TABLE ONLY array_value_translated_text_texts ALTER COLUMN rid SET DEFAULT nextval('array_value_translated_text_texts_rid_seq'::regclass);


--
-- Name: rid; Type: DEFAULT; Schema: public; Owner: postgres
--

ALTER TABLE ONLY attribute_2_attr_type ALTER COLUMN rid SET DEFAULT nextval('root_table_association_rid_seq'::regclass);


--
-- Name: rid; Type: DEFAULT; Schema: public; Owner: postgres
--

ALTER TABLE ONLY attribute_2_of_entity ALTER COLUMN rid SET DEFAULT nextval('root_table_association_rid_seq'::regclass);


--
-- Name: rid; Type: DEFAULT; Schema: public; Owner: postgres
--

ALTER TABLE ONLY attribute_e ALTER COLUMN rid SET DEFAULT nextval('root_table_entity_rid_seq'::regclass);


--
-- Name: rid; Type: DEFAULT; Schema: public; Owner: postgres
--

ALTER TABLE ONLY axis1_placement_2_axis ALTER COLUMN rid SET DEFAULT nextval('root_table_association_rid_seq'::regclass);


--
-- Name: rid; Type: DEFAULT; Schema: public; Owner: postgres
--

ALTER TABLE ONLY axis1_placement_e ALTER COLUMN rid SET DEFAULT nextval('root_table_entity_rid_seq'::regclass);


--
-- Name: rid; Type: DEFAULT; Schema: public; Owner: postgres
--

ALTER TABLE ONLY axis1_placement_type_e ALTER COLUMN rid SET DEFAULT nextval('root_table_entity_rid_seq'::regclass);


--
-- Name: rid; Type: DEFAULT; Schema: public; Owner: postgres
--

ALTER TABLE ONLY axis2_placement_2d_2_ref_direction ALTER COLUMN rid SET DEFAULT nextval('root_table_association_rid_seq'::regclass);


--
-- Name: rid; Type: DEFAULT; Schema: public; Owner: postgres
--

ALTER TABLE ONLY axis2_placement_2d_e ALTER COLUMN rid SET DEFAULT nextval('root_table_entity_rid_seq'::regclass);


--
-- Name: rid; Type: DEFAULT; Schema: public; Owner: postgres
--

ALTER TABLE ONLY axis2_placement_2d_type_e ALTER COLUMN rid SET DEFAULT nextval('root_table_entity_rid_seq'::regclass);


--
-- Name: rid; Type: DEFAULT; Schema: public; Owner: postgres
--

ALTER TABLE ONLY axis2_placement_3d_2_axis ALTER COLUMN rid SET DEFAULT nextval('root_table_association_rid_seq'::regclass);


--
-- Name: rid; Type: DEFAULT; Schema: public; Owner: postgres
--

ALTER TABLE ONLY axis2_placement_3d_2_ref_direction ALTER COLUMN rid SET DEFAULT nextval('root_table_association_rid_seq'::regclass);


--
-- Name: rid; Type: DEFAULT; Schema: public; Owner: postgres
--

ALTER TABLE ONLY axis2_placement_3d_e ALTER COLUMN rid SET DEFAULT nextval('root_table_entity_rid_seq'::regclass);


--
-- Name: rid; Type: DEFAULT; Schema: public; Owner: postgres
--

ALTER TABLE ONLY axis2_placement_3d_type_e ALTER COLUMN rid SET DEFAULT nextval('root_table_entity_rid_seq'::regclass);


--
-- Name: rid; Type: DEFAULT; Schema: public; Owner: postgres
--

ALTER TABLE ONLY bag_type_e ALTER COLUMN rid SET DEFAULT nextval('root_table_entity_rid_seq'::regclass);


--
-- Name: rid; Type: DEFAULT; Schema: public; Owner: postgres
--

ALTER TABLE ONLY bag_value_2_values ALTER COLUMN rid SET DEFAULT nextval('root_table_select_rid_seq'::regclass);


--
-- Name: rid; Type: DEFAULT; Schema: public; Owner: postgres
--

ALTER TABLE ONLY bag_value_e ALTER COLUMN rid SET DEFAULT nextval('root_table_entity_rid_seq'::regclass);


--
-- Name: rid; Type: DEFAULT; Schema: public; Owner: postgres
--

ALTER TABLE ONLY basic_semantic_unit_e ALTER COLUMN rid SET DEFAULT nextval('root_table_entity_rid_seq'::regclass);


--
-- Name: rid; Type: DEFAULT; Schema: public; Owner: postgres
--

ALTER TABLE ONLY binary_info_e ALTER COLUMN rid SET DEFAULT nextval('root_table_entity_rid_seq'::regclass);


--
-- Name: rid; Type: DEFAULT; Schema: public; Owner: postgres
--

ALTER TABLE ONLY boolean_type_e ALTER COLUMN rid SET DEFAULT nextval('root_table_entity_rid_seq'::regclass);


--
-- Name: rid; Type: DEFAULT; Schema: public; Owner: postgres
--

ALTER TABLE ONLY boolean_value_t ALTER COLUMN rid SET DEFAULT nextval('root_table_defined_type_rid_seq'::regclass);


--
-- Name: rid; Type: DEFAULT; Schema: public; Owner: postgres
--

ALTER TABLE ONLY calendar_date_e ALTER COLUMN rid SET DEFAULT nextval('root_table_entity_rid_seq'::regclass);


--
-- Name: rid; Type: DEFAULT; Schema: public; Owner: postgres
--

ALTER TABLE ONLY cartesian_point_e ALTER COLUMN rid SET DEFAULT nextval('root_table_entity_rid_seq'::regclass);


--
-- Name: rid; Type: DEFAULT; Schema: public; Owner: postgres
--

ALTER TABLE ONLY character_set_type_t ALTER COLUMN rid SET DEFAULT nextval('root_table_defined_type_rid_seq'::regclass);


--
-- Name: rid; Type: DEFAULT; Schema: public; Owner: postgres
--

ALTER TABLE ONLY class_2_defined_types ALTER COLUMN rid SET DEFAULT nextval('root_table_association_rid_seq'::regclass);


--
-- Name: rid; Type: DEFAULT; Schema: public; Owner: postgres
--

ALTER TABLE ONLY class_2_described_by ALTER COLUMN rid SET DEFAULT nextval('root_table_association_rid_seq'::regclass);


--
-- Name: rid; Type: DEFAULT; Schema: public; Owner: postgres
--

ALTER TABLE ONLY class_2_identified_by ALTER COLUMN rid SET DEFAULT nextval('root_table_association_rid_seq'::regclass);


--
-- Name: rid; Type: DEFAULT; Schema: public; Owner: postgres
--

ALTER TABLE ONLY class_2_its_superclass ALTER COLUMN rid SET DEFAULT nextval('root_table_association_rid_seq'::regclass);


--
-- Name: rid; Type: DEFAULT; Schema: public; Owner: postgres
--

ALTER TABLE ONLY class_and_property_elements_2_definition ALTER COLUMN rid SET DEFAULT nextval('root_table_select_rid_seq'::regclass);


--
-- Name: rid; Type: DEFAULT; Schema: public; Owner: postgres
--

ALTER TABLE ONLY class_and_property_elements_2_names ALTER COLUMN rid SET DEFAULT nextval('root_table_association_rid_seq'::regclass);


--
-- Name: rid; Type: DEFAULT; Schema: public; Owner: postgres
--

ALTER TABLE ONLY class_and_property_elements_2_note ALTER COLUMN rid SET DEFAULT nextval('root_table_select_rid_seq'::regclass);


--
-- Name: rid; Type: DEFAULT; Schema: public; Owner: postgres
--

ALTER TABLE ONLY class_and_property_elements_2_remark ALTER COLUMN rid SET DEFAULT nextval('root_table_select_rid_seq'::regclass);


--
-- Name: rid; Type: DEFAULT; Schema: public; Owner: postgres
--

ALTER TABLE ONLY class_and_property_elements_2_source_doc_of_definition ALTER COLUMN rid SET DEFAULT nextval('root_table_association_rid_seq'::regclass);


--
-- Name: rid; Type: DEFAULT; Schema: public; Owner: postgres
--

ALTER TABLE ONLY class_and_property_elements_e ALTER COLUMN rid SET DEFAULT nextval('root_table_entity_rid_seq'::regclass);


--
-- Name: rid; Type: DEFAULT; Schema: public; Owner: postgres
--

ALTER TABLE ONLY class_bsu_2_defined_by ALTER COLUMN rid SET DEFAULT nextval('root_table_association_rid_seq'::regclass);


--
-- Name: rid; Type: DEFAULT; Schema: public; Owner: postgres
--

ALTER TABLE ONLY class_bsu_e ALTER COLUMN rid SET DEFAULT nextval('root_table_entity_rid_seq'::regclass);


--
-- Name: is_version_current; Type: DEFAULT; Schema: public; Owner: postgres
--

ALTER TABLE ONLY class_bsu_e ALTER COLUMN is_version_current SET DEFAULT true;


--
-- Name: rid; Type: DEFAULT; Schema: public; Owner: postgres
--

ALTER TABLE ONLY class_bsu_related_content_2_dictionary_definition ALTER COLUMN rid SET DEFAULT nextval('root_table_association_rid_seq'::regclass);


--
-- Name: rid; Type: DEFAULT; Schema: public; Owner: postgres
--

ALTER TABLE ONLY class_bsu_related_content_e ALTER COLUMN rid SET DEFAULT nextval('root_table_entity_rid_seq'::regclass);


--
-- Name: rid; Type: DEFAULT; Schema: public; Owner: postgres
--

ALTER TABLE ONLY class_bsu_relationship_2_related_tokens ALTER COLUMN rid SET DEFAULT nextval('root_table_association_rid_seq'::regclass);


--
-- Name: rid; Type: DEFAULT; Schema: public; Owner: postgres
--

ALTER TABLE ONLY class_bsu_relationship_2_relating_class ALTER COLUMN rid SET DEFAULT nextval('root_table_association_rid_seq'::regclass);


--
-- Name: rid; Type: DEFAULT; Schema: public; Owner: postgres
--

ALTER TABLE ONLY class_bsu_relationship_e ALTER COLUMN rid SET DEFAULT nextval('root_table_entity_rid_seq'::regclass);


--
-- Name: rid; Type: DEFAULT; Schema: public; Owner: postgres
--

ALTER TABLE ONLY class_code_type_t ALTER COLUMN rid SET DEFAULT nextval('root_table_defined_type_rid_seq'::regclass);


--
-- Name: rid; Type: DEFAULT; Schema: public; Owner: postgres
--

ALTER TABLE ONLY class_document_relationship_2_related_tokens ALTER COLUMN rid SET DEFAULT nextval('root_table_association_rid_seq'::regclass);


--
-- Name: rid; Type: DEFAULT; Schema: public; Owner: postgres
--

ALTER TABLE ONLY class_document_relationship_e ALTER COLUMN rid SET DEFAULT nextval('root_table_entity_rid_seq'::regclass);


--
-- Name: rid; Type: DEFAULT; Schema: public; Owner: postgres
--

ALTER TABLE ONLY class_e ALTER COLUMN rid SET DEFAULT nextval('root_table_entity_rid_seq'::regclass);


--
-- Name: rid; Type: DEFAULT; Schema: public; Owner: postgres
--

ALTER TABLE ONLY class_extension_2_dictionary_definition ALTER COLUMN rid SET DEFAULT nextval('root_table_association_rid_seq'::regclass);


--
-- Name: rid; Type: DEFAULT; Schema: public; Owner: postgres
--

ALTER TABLE ONLY class_extension_e ALTER COLUMN rid SET DEFAULT nextval('root_table_entity_rid_seq'::regclass);


--
-- Name: rid; Type: DEFAULT; Schema: public; Owner: postgres
--

ALTER TABLE ONLY class_extension_external_item_e ALTER COLUMN rid SET DEFAULT nextval('root_table_entity_rid_seq'::regclass);


--
-- Name: rid; Type: DEFAULT; Schema: public; Owner: postgres
--

ALTER TABLE ONLY class_instance_type_2_domain ALTER COLUMN rid SET DEFAULT nextval('root_table_association_rid_seq'::regclass);


--
-- Name: rid; Type: DEFAULT; Schema: public; Owner: postgres
--

ALTER TABLE ONLY class_instance_type_e ALTER COLUMN rid SET DEFAULT nextval('root_table_entity_rid_seq'::regclass);


--
-- Name: rid; Type: DEFAULT; Schema: public; Owner: postgres
--

ALTER TABLE ONLY class_related_bsu_e ALTER COLUMN rid SET DEFAULT nextval('root_table_entity_rid_seq'::regclass);


--
-- Name: is_version_current; Type: DEFAULT; Schema: public; Owner: postgres
--

ALTER TABLE ONLY class_related_bsu_e ALTER COLUMN is_version_current SET DEFAULT true;


--
-- Name: rid; Type: DEFAULT; Schema: public; Owner: postgres
--

ALTER TABLE ONLY class_related_dictionary_element_2_definition ALTER COLUMN rid SET DEFAULT nextval('root_table_select_rid_seq'::regclass);


--
-- Name: rid; Type: DEFAULT; Schema: public; Owner: postgres
--

ALTER TABLE ONLY class_related_dictionary_element_2_identified_by ALTER COLUMN rid SET DEFAULT nextval('root_table_association_rid_seq'::regclass);


--
-- Name: rid; Type: DEFAULT; Schema: public; Owner: postgres
--

ALTER TABLE ONLY class_related_dictionary_element_2_names ALTER COLUMN rid SET DEFAULT nextval('root_table_association_rid_seq'::regclass);


--
-- Name: rid; Type: DEFAULT; Schema: public; Owner: postgres
--

ALTER TABLE ONLY class_related_dictionary_element_2_note ALTER COLUMN rid SET DEFAULT nextval('root_table_select_rid_seq'::regclass);


--
-- Name: rid; Type: DEFAULT; Schema: public; Owner: postgres
--

ALTER TABLE ONLY class_related_dictionary_element_2_remark ALTER COLUMN rid SET DEFAULT nextval('root_table_select_rid_seq'::regclass);


--
-- Name: rid; Type: DEFAULT; Schema: public; Owner: postgres
--

ALTER TABLE ONLY class_related_dictionary_element_e ALTER COLUMN rid SET DEFAULT nextval('root_table_entity_rid_seq'::regclass);


--
-- Name: rid; Type: DEFAULT; Schema: public; Owner: postgres
--

ALTER TABLE ONLY class_value_assignment_2_super_class_defined_property ALTER COLUMN rid SET DEFAULT nextval('root_table_association_rid_seq'::regclass);


--
-- Name: rid; Type: DEFAULT; Schema: public; Owner: postgres
--

ALTER TABLE ONLY class_value_assignment_e ALTER COLUMN rid SET DEFAULT nextval('root_table_entity_rid_seq'::regclass);


--
-- Name: rid; Type: DEFAULT; Schema: public; Owner: postgres
--

ALTER TABLE ONLY classification_value_t ALTER COLUMN rid SET DEFAULT nextval('root_table_defined_type_rid_seq'::regclass);


--
-- Name: rid; Type: DEFAULT; Schema: public; Owner: postgres
--

ALTER TABLE ONLY code_type_t ALTER COLUMN rid SET DEFAULT nextval('root_table_defined_type_rid_seq'::regclass);


--
-- Name: rid; Type: DEFAULT; Schema: public; Owner: postgres
--

ALTER TABLE ONLY compiler_version_type_t ALTER COLUMN rid SET DEFAULT nextval('root_table_defined_type_rid_seq'::regclass);


--
-- Name: rid; Type: DEFAULT; Schema: public; Owner: postgres
--

ALTER TABLE ONLY complex_entity_info_2_partial ALTER COLUMN rid SET DEFAULT nextval('root_table_association_rid_seq'::regclass);


--
-- Name: rid; Type: DEFAULT; Schema: public; Owner: postgres
--

ALTER TABLE ONLY complex_entity_info_e ALTER COLUMN rid SET DEFAULT nextval('root_table_entity_rid_seq'::regclass);


--
-- Name: rid; Type: DEFAULT; Schema: public; Owner: postgres
--

ALTER TABLE ONLY complex_type_e ALTER COLUMN rid SET DEFAULT nextval('root_table_entity_rid_seq'::regclass);


--
-- Name: rid; Type: DEFAULT; Schema: public; Owner: postgres
--

ALTER TABLE ONLY component_class_case_of_e ALTER COLUMN rid SET DEFAULT nextval('root_table_entity_rid_seq'::regclass);


--
-- Name: rid; Type: DEFAULT; Schema: public; Owner: postgres
--

ALTER TABLE ONLY component_class_e ALTER COLUMN rid SET DEFAULT nextval('root_table_entity_rid_seq'::regclass);


--
-- Name: rid; Type: DEFAULT; Schema: public; Owner: postgres
--

ALTER TABLE ONLY condition_det_e ALTER COLUMN rid SET DEFAULT nextval('root_table_entity_rid_seq'::regclass);


--
-- Name: rid; Type: DEFAULT; Schema: public; Owner: postgres
--

ALTER TABLE ONLY content_encoding_type_t ALTER COLUMN rid SET DEFAULT nextval('root_table_defined_type_rid_seq'::regclass);


--
-- Name: rid; Type: DEFAULT; Schema: public; Owner: postgres
--

ALTER TABLE ONLY content_item_2_dictionary_definition ALTER COLUMN rid SET DEFAULT nextval('root_table_association_rid_seq'::regclass);


--
-- Name: rid; Type: DEFAULT; Schema: public; Owner: postgres
--

ALTER TABLE ONLY content_item_e ALTER COLUMN rid SET DEFAULT nextval('root_table_entity_rid_seq'::regclass);


--
-- Name: rid; Type: DEFAULT; Schema: public; Owner: postgres
--

ALTER TABLE ONLY context_dependent_measure_t ALTER COLUMN rid SET DEFAULT nextval('root_table_defined_type_rid_seq'::regclass);


--
-- Name: rid; Type: DEFAULT; Schema: public; Owner: postgres
--

ALTER TABLE ONLY context_dependent_property_value_2_the_context ALTER COLUMN rid SET DEFAULT nextval('root_table_association_rid_seq'::regclass);


--
-- Name: rid; Type: DEFAULT; Schema: public; Owner: postgres
--

ALTER TABLE ONLY context_dependent_property_value_e ALTER COLUMN rid SET DEFAULT nextval('root_table_entity_rid_seq'::regclass);


--
-- Name: rid; Type: DEFAULT; Schema: public; Owner: postgres
--

ALTER TABLE ONLY context_dependent_unit_e ALTER COLUMN rid SET DEFAULT nextval('root_table_entity_rid_seq'::regclass);


--
-- Name: rid; Type: DEFAULT; Schema: public; Owner: postgres
--

ALTER TABLE ONLY conversion_based_unit_2_conversion_factor ALTER COLUMN rid SET DEFAULT nextval('root_table_association_rid_seq'::regclass);


--
-- Name: rid; Type: DEFAULT; Schema: public; Owner: postgres
--

ALTER TABLE ONLY conversion_based_unit_e ALTER COLUMN rid SET DEFAULT nextval('root_table_entity_rid_seq'::regclass);


--
-- Name: rid; Type: DEFAULT; Schema: public; Owner: postgres
--

ALTER TABLE ONLY coordinated_universal_time_offset_e ALTER COLUMN rid SET DEFAULT nextval('root_table_entity_rid_seq'::regclass);


--
-- Name: rid; Type: DEFAULT; Schema: public; Owner: postgres
--

ALTER TABLE ONLY count_measure_t ALTER COLUMN rid SET DEFAULT nextval('root_table_defined_type_rid_seq'::regclass);


--
-- Name: rid; Type: DEFAULT; Schema: public; Owner: postgres
--

ALTER TABLE ONLY currency_code_t ALTER COLUMN rid SET DEFAULT nextval('root_table_defined_type_rid_seq'::regclass);


--
-- Name: rid; Type: DEFAULT; Schema: public; Owner: postgres
--

ALTER TABLE ONLY data_exchange_specification_identification_2_external_file_prot ALTER COLUMN rid SET DEFAULT nextval('root_table_association_rid_seq'::regclass);


--
-- Name: rid; Type: DEFAULT; Schema: public; Owner: postgres
--

ALTER TABLE ONLY data_exchange_specification_identification_e ALTER COLUMN rid SET DEFAULT nextval('root_table_entity_rid_seq'::regclass);


--
-- Name: rid; Type: DEFAULT; Schema: public; Owner: postgres
--

ALTER TABLE ONLY data_protocol_e ALTER COLUMN rid SET DEFAULT nextval('root_table_entity_rid_seq'::regclass);


--
-- Name: rid; Type: DEFAULT; Schema: public; Owner: postgres
--

ALTER TABLE ONLY data_type_bsu_2_name_scope ALTER COLUMN rid SET DEFAULT nextval('root_table_association_rid_seq'::regclass);


--
-- Name: rid; Type: DEFAULT; Schema: public; Owner: postgres
--

ALTER TABLE ONLY data_type_bsu_e ALTER COLUMN rid SET DEFAULT nextval('root_table_entity_rid_seq'::regclass);


--
-- Name: is_version_current; Type: DEFAULT; Schema: public; Owner: postgres
--

ALTER TABLE ONLY data_type_bsu_e ALTER COLUMN is_version_current SET DEFAULT true;


--
-- Name: rid; Type: DEFAULT; Schema: public; Owner: postgres
--

ALTER TABLE ONLY data_type_code_type_t ALTER COLUMN rid SET DEFAULT nextval('root_table_defined_type_rid_seq'::regclass);


--
-- Name: rid; Type: DEFAULT; Schema: public; Owner: postgres
--

ALTER TABLE ONLY data_type_e ALTER COLUMN rid SET DEFAULT nextval('root_table_entity_rid_seq'::regclass);


--
-- Name: rid; Type: DEFAULT; Schema: public; Owner: postgres
--

ALTER TABLE ONLY data_type_element_2_identified_by ALTER COLUMN rid SET DEFAULT nextval('root_table_association_rid_seq'::regclass);


--
-- Name: rid; Type: DEFAULT; Schema: public; Owner: postgres
--

ALTER TABLE ONLY data_type_element_2_names ALTER COLUMN rid SET DEFAULT nextval('root_table_association_rid_seq'::regclass);


--
-- Name: rid; Type: DEFAULT; Schema: public; Owner: postgres
--

ALTER TABLE ONLY data_type_element_2_type_definition ALTER COLUMN rid SET DEFAULT nextval('root_table_association_rid_seq'::regclass);


--
-- Name: rid; Type: DEFAULT; Schema: public; Owner: postgres
--

ALTER TABLE ONLY data_type_element_e ALTER COLUMN rid SET DEFAULT nextval('root_table_entity_rid_seq'::regclass);


--
-- Name: rid; Type: DEFAULT; Schema: public; Owner: postgres
--

ALTER TABLE ONLY date_and_time_2_date_component ALTER COLUMN rid SET DEFAULT nextval('root_table_association_rid_seq'::regclass);


--
-- Name: rid; Type: DEFAULT; Schema: public; Owner: postgres
--

ALTER TABLE ONLY date_and_time_2_time_component ALTER COLUMN rid SET DEFAULT nextval('root_table_association_rid_seq'::regclass);


--
-- Name: rid; Type: DEFAULT; Schema: public; Owner: postgres
--

ALTER TABLE ONLY date_and_time_e ALTER COLUMN rid SET DEFAULT nextval('root_table_entity_rid_seq'::regclass);


--
-- Name: rid; Type: DEFAULT; Schema: public; Owner: postgres
--

ALTER TABLE ONLY date_e ALTER COLUMN rid SET DEFAULT nextval('root_table_entity_rid_seq'::regclass);


--
-- Name: rid; Type: DEFAULT; Schema: public; Owner: postgres
--

ALTER TABLE ONLY date_type_t ALTER COLUMN rid SET DEFAULT nextval('root_table_defined_type_rid_seq'::regclass);


--
-- Name: rid; Type: DEFAULT; Schema: public; Owner: postgres
--

ALTER TABLE ONLY dates_e ALTER COLUMN rid SET DEFAULT nextval('root_table_entity_rid_seq'::regclass);


--
-- Name: rid; Type: DEFAULT; Schema: public; Owner: postgres
--

ALTER TABLE ONLY day_in_month_number_t ALTER COLUMN rid SET DEFAULT nextval('root_table_defined_type_rid_seq'::regclass);


--
-- Name: rid; Type: DEFAULT; Schema: public; Owner: postgres
--

ALTER TABLE ONLY day_in_week_number_t ALTER COLUMN rid SET DEFAULT nextval('root_table_defined_type_rid_seq'::regclass);


--
-- Name: rid; Type: DEFAULT; Schema: public; Owner: postgres
--

ALTER TABLE ONLY day_in_year_number_t ALTER COLUMN rid SET DEFAULT nextval('root_table_defined_type_rid_seq'::regclass);


--
-- Name: rid; Type: DEFAULT; Schema: public; Owner: postgres
--

ALTER TABLE ONLY defined_info_2_underlying ALTER COLUMN rid SET DEFAULT nextval('root_table_association_rid_seq'::regclass);


--
-- Name: rid; Type: DEFAULT; Schema: public; Owner: postgres
--

ALTER TABLE ONLY defined_info_e ALTER COLUMN rid SET DEFAULT nextval('root_table_entity_rid_seq'::regclass);


--
-- Name: rid; Type: DEFAULT; Schema: public; Owner: postgres
--

ALTER TABLE ONLY dependent_p_det_2_depends_on ALTER COLUMN rid SET DEFAULT nextval('root_table_association_rid_seq'::regclass);


--
-- Name: rid; Type: DEFAULT; Schema: public; Owner: postgres
--

ALTER TABLE ONLY dependent_p_det_e ALTER COLUMN rid SET DEFAULT nextval('root_table_entity_rid_seq'::regclass);


--
-- Name: rid; Type: DEFAULT; Schema: public; Owner: postgres
--

ALTER TABLE ONLY der_attribute_e ALTER COLUMN rid SET DEFAULT nextval('root_table_entity_rid_seq'::regclass);


--
-- Name: rid; Type: DEFAULT; Schema: public; Owner: postgres
--

ALTER TABLE ONLY derived_unit_2_elements ALTER COLUMN rid SET DEFAULT nextval('root_table_association_rid_seq'::regclass);


--
-- Name: rid; Type: DEFAULT; Schema: public; Owner: postgres
--

ALTER TABLE ONLY derived_unit_e ALTER COLUMN rid SET DEFAULT nextval('root_table_entity_rid_seq'::regclass);


--
-- Name: rid; Type: DEFAULT; Schema: public; Owner: postgres
--

ALTER TABLE ONLY derived_unit_element_2_unit ALTER COLUMN rid SET DEFAULT nextval('root_table_association_rid_seq'::regclass);


--
-- Name: rid; Type: DEFAULT; Schema: public; Owner: postgres
--

ALTER TABLE ONLY derived_unit_element_e ALTER COLUMN rid SET DEFAULT nextval('root_table_entity_rid_seq'::regclass);


--
-- Name: rid; Type: DEFAULT; Schema: public; Owner: postgres
--

ALTER TABLE ONLY description_attribute_2_described_item ALTER COLUMN rid SET DEFAULT nextval('root_table_select_rid_seq'::regclass);


--
-- Name: rid; Type: DEFAULT; Schema: public; Owner: postgres
--

ALTER TABLE ONLY description_attribute_e ALTER COLUMN rid SET DEFAULT nextval('root_table_entity_rid_seq'::regclass);


--
-- Name: rid; Type: DEFAULT; Schema: public; Owner: postgres
--

ALTER TABLE ONLY det_classification_type_t ALTER COLUMN rid SET DEFAULT nextval('root_table_defined_type_rid_seq'::regclass);


--
-- Name: rid; Type: DEFAULT; Schema: public; Owner: postgres
--

ALTER TABLE ONLY dialogue_resource_2_used_protocol ALTER COLUMN rid SET DEFAULT nextval('root_table_association_rid_seq'::regclass);


--
-- Name: rid; Type: DEFAULT; Schema: public; Owner: postgres
--

ALTER TABLE ONLY dialogue_resource_e ALTER COLUMN rid SET DEFAULT nextval('root_table_entity_rid_seq'::regclass);


--
-- Name: rid; Type: DEFAULT; Schema: public; Owner: postgres
--

ALTER TABLE ONLY dic_class_instance_2_case_of ALTER COLUMN rid SET DEFAULT nextval('root_table_association_rid_seq'::regclass);


--
-- Name: rid; Type: DEFAULT; Schema: public; Owner: postgres
--

ALTER TABLE ONLY dic_class_instance_2_class_def ALTER COLUMN rid SET DEFAULT nextval('root_table_association_rid_seq'::regclass);


--
-- Name: rid; Type: DEFAULT; Schema: public; Owner: postgres
--

ALTER TABLE ONLY dic_class_instance_2_properties ALTER COLUMN rid SET DEFAULT nextval('root_table_association_rid_seq'::regclass);


--
-- Name: rid; Type: DEFAULT; Schema: public; Owner: postgres
--

ALTER TABLE ONLY dic_class_instance_e ALTER COLUMN rid SET DEFAULT nextval('root_table_entity_rid_seq'::regclass);


--
-- Name: rid; Type: DEFAULT; Schema: public; Owner: postgres
--

ALTER TABLE ONLY dic_component_instance_e ALTER COLUMN rid SET DEFAULT nextval('root_table_entity_rid_seq'::regclass);


--
-- Name: rid; Type: DEFAULT; Schema: public; Owner: postgres
--

ALTER TABLE ONLY dic_f_model_instance_e ALTER COLUMN rid SET DEFAULT nextval('root_table_entity_rid_seq'::regclass);


--
-- Name: rid; Type: DEFAULT; Schema: public; Owner: postgres
--

ALTER TABLE ONLY dic_f_view_instance_2_generated_by ALTER COLUMN rid SET DEFAULT nextval('root_table_association_rid_seq'::regclass);


--
-- Name: rid; Type: DEFAULT; Schema: public; Owner: postgres
--

ALTER TABLE ONLY dic_f_view_instance_2_view_of ALTER COLUMN rid SET DEFAULT nextval('root_table_association_rid_seq'::regclass);


--
-- Name: rid; Type: DEFAULT; Schema: public; Owner: postgres
--

ALTER TABLE ONLY dic_f_view_instance_e ALTER COLUMN rid SET DEFAULT nextval('root_table_entity_rid_seq'::regclass);


--
-- Name: rid; Type: DEFAULT; Schema: public; Owner: postgres
--

ALTER TABLE ONLY dic_feature_instance_e ALTER COLUMN rid SET DEFAULT nextval('root_table_entity_rid_seq'::regclass);


--
-- Name: rid; Type: DEFAULT; Schema: public; Owner: postgres
--

ALTER TABLE ONLY dic_item_instance_e ALTER COLUMN rid SET DEFAULT nextval('root_table_entity_rid_seq'::regclass);


--
-- Name: rid; Type: DEFAULT; Schema: public; Owner: postgres
--

ALTER TABLE ONLY dic_material_instance_e ALTER COLUMN rid SET DEFAULT nextval('root_table_entity_rid_seq'::regclass);


--
-- Name: rid; Type: DEFAULT; Schema: public; Owner: postgres
--

ALTER TABLE ONLY dic_unit_2_string_representation ALTER COLUMN rid SET DEFAULT nextval('root_table_association_rid_seq'::regclass);


--
-- Name: rid; Type: DEFAULT; Schema: public; Owner: postgres
--

ALTER TABLE ONLY dic_unit_2_structured_representation ALTER COLUMN rid SET DEFAULT nextval('root_table_select_rid_seq'::regclass);


--
-- Name: rid; Type: DEFAULT; Schema: public; Owner: postgres
--

ALTER TABLE ONLY dic_unit_e ALTER COLUMN rid SET DEFAULT nextval('root_table_entity_rid_seq'::regclass);


--
-- Name: rid; Type: DEFAULT; Schema: public; Owner: postgres
--

ALTER TABLE ONLY dic_value_2_meaning ALTER COLUMN rid SET DEFAULT nextval('root_table_association_rid_seq'::regclass);


--
-- Name: rid; Type: DEFAULT; Schema: public; Owner: postgres
--

ALTER TABLE ONLY dic_value_2_source_doc_of_value ALTER COLUMN rid SET DEFAULT nextval('root_table_association_rid_seq'::regclass);


--
-- Name: rid; Type: DEFAULT; Schema: public; Owner: postgres
--

ALTER TABLE ONLY dic_value_2_value_code ALTER COLUMN rid SET DEFAULT nextval('root_table_select_rid_seq'::regclass);


--
-- Name: rid; Type: DEFAULT; Schema: public; Owner: postgres
--

ALTER TABLE ONLY dic_value_e ALTER COLUMN rid SET DEFAULT nextval('root_table_entity_rid_seq'::regclass);


--
-- Name: rid; Type: DEFAULT; Schema: public; Owner: postgres
--

ALTER TABLE ONLY dictionary_2_a_posteriori_semantic_relationships ALTER COLUMN rid SET DEFAULT nextval('root_table_association_rid_seq'::regclass);


--
-- Name: rid; Type: DEFAULT; Schema: public; Owner: postgres
--

ALTER TABLE ONLY dictionary_2_base_protocols ALTER COLUMN rid SET DEFAULT nextval('root_table_association_rid_seq'::regclass);


--
-- Name: rid; Type: DEFAULT; Schema: public; Owner: postgres
--

ALTER TABLE ONLY dictionary_2_contained_classes ALTER COLUMN rid SET DEFAULT nextval('root_table_association_rid_seq'::regclass);


--
-- Name: rid; Type: DEFAULT; Schema: public; Owner: postgres
--

ALTER TABLE ONLY dictionary_2_identified_by ALTER COLUMN rid SET DEFAULT nextval('root_table_association_rid_seq'::regclass);


--
-- Name: rid; Type: DEFAULT; Schema: public; Owner: postgres
--

ALTER TABLE ONLY dictionary_2_library_structure ALTER COLUMN rid SET DEFAULT nextval('root_table_association_rid_seq'::regclass);


--
-- Name: rid; Type: DEFAULT; Schema: public; Owner: postgres
--

ALTER TABLE ONLY dictionary_2_names ALTER COLUMN rid SET DEFAULT nextval('root_table_association_rid_seq'::regclass);


--
-- Name: rid; Type: DEFAULT; Schema: public; Owner: postgres
--

ALTER TABLE ONLY dictionary_2_note ALTER COLUMN rid SET DEFAULT nextval('root_table_select_rid_seq'::regclass);


--
-- Name: rid; Type: DEFAULT; Schema: public; Owner: postgres
--

ALTER TABLE ONLY dictionary_2_referenced_dictionaries ALTER COLUMN rid SET DEFAULT nextval('root_table_association_rid_seq'::regclass);


--
-- Name: rid; Type: DEFAULT; Schema: public; Owner: postgres
--

ALTER TABLE ONLY dictionary_2_referred_suppliers ALTER COLUMN rid SET DEFAULT nextval('root_table_association_rid_seq'::regclass);


--
-- Name: rid; Type: DEFAULT; Schema: public; Owner: postgres
--

ALTER TABLE ONLY dictionary_2_remark ALTER COLUMN rid SET DEFAULT nextval('root_table_select_rid_seq'::regclass);


--
-- Name: rid; Type: DEFAULT; Schema: public; Owner: postgres
--

ALTER TABLE ONLY dictionary_2_responsible_supplier ALTER COLUMN rid SET DEFAULT nextval('root_table_association_rid_seq'::regclass);


--
-- Name: rid; Type: DEFAULT; Schema: public; Owner: postgres
--

ALTER TABLE ONLY dictionary_2_supported_vep ALTER COLUMN rid SET DEFAULT nextval('root_table_association_rid_seq'::regclass);


--
-- Name: rid; Type: DEFAULT; Schema: public; Owner: postgres
--

ALTER TABLE ONLY dictionary_2_updates ALTER COLUMN rid SET DEFAULT nextval('root_table_association_rid_seq'::regclass);


--
-- Name: rid; Type: DEFAULT; Schema: public; Owner: postgres
--

ALTER TABLE ONLY dictionary_code_type_t ALTER COLUMN rid SET DEFAULT nextval('root_table_defined_type_rid_seq'::regclass);


--
-- Name: rid; Type: DEFAULT; Schema: public; Owner: postgres
--

ALTER TABLE ONLY dictionary_e ALTER COLUMN rid SET DEFAULT nextval('root_table_entity_rid_seq'::regclass);


--
-- Name: rid; Type: DEFAULT; Schema: public; Owner: postgres
--

ALTER TABLE ONLY dictionary_element_2_identified_by ALTER COLUMN rid SET DEFAULT nextval('root_table_association_rid_seq'::regclass);


--
-- Name: rid; Type: DEFAULT; Schema: public; Owner: postgres
--

ALTER TABLE ONLY dictionary_element_2_time_stamps ALTER COLUMN rid SET DEFAULT nextval('root_table_association_rid_seq'::regclass);


--
-- Name: rid; Type: DEFAULT; Schema: public; Owner: postgres
--

ALTER TABLE ONLY dictionary_element_e ALTER COLUMN rid SET DEFAULT nextval('root_table_entity_rid_seq'::regclass);


--
-- Name: rid; Type: DEFAULT; Schema: public; Owner: postgres
--

ALTER TABLE ONLY dictionary_external_item_e ALTER COLUMN rid SET DEFAULT nextval('root_table_entity_rid_seq'::regclass);


--
-- Name: rid; Type: DEFAULT; Schema: public; Owner: postgres
--

ALTER TABLE ONLY dictionary_identification_2_defined_by ALTER COLUMN rid SET DEFAULT nextval('root_table_association_rid_seq'::regclass);


--
-- Name: rid; Type: DEFAULT; Schema: public; Owner: postgres
--

ALTER TABLE ONLY dictionary_identification_e ALTER COLUMN rid SET DEFAULT nextval('root_table_entity_rid_seq'::regclass);


--
-- Name: rid; Type: DEFAULT; Schema: public; Owner: postgres
--

ALTER TABLE ONLY dictionary_in_standard_format_e ALTER COLUMN rid SET DEFAULT nextval('root_table_entity_rid_seq'::regclass);


--
-- Name: rid; Type: DEFAULT; Schema: public; Owner: postgres
--

ALTER TABLE ONLY dimension_count_t ALTER COLUMN rid SET DEFAULT nextval('root_table_defined_type_rid_seq'::regclass);


--
-- Name: rid; Type: DEFAULT; Schema: public; Owner: postgres
--

ALTER TABLE ONLY dimensional_exponents_e ALTER COLUMN rid SET DEFAULT nextval('root_table_entity_rid_seq'::regclass);


--
-- Name: rid; Type: DEFAULT; Schema: public; Owner: postgres
--

ALTER TABLE ONLY direction_e ALTER COLUMN rid SET DEFAULT nextval('root_table_entity_rid_seq'::regclass);


--
-- Name: rid; Type: DEFAULT; Schema: public; Owner: postgres
--

ALTER TABLE ONLY document_bsu_2_name_scope ALTER COLUMN rid SET DEFAULT nextval('root_table_association_rid_seq'::regclass);


--
-- Name: rid; Type: DEFAULT; Schema: public; Owner: postgres
--

ALTER TABLE ONLY document_bsu_e ALTER COLUMN rid SET DEFAULT nextval('root_table_entity_rid_seq'::regclass);


--
-- Name: is_version_current; Type: DEFAULT; Schema: public; Owner: postgres
--

ALTER TABLE ONLY document_bsu_e ALTER COLUMN is_version_current SET DEFAULT true;


--
-- Name: rid; Type: DEFAULT; Schema: public; Owner: postgres
--

ALTER TABLE ONLY document_code_type_t ALTER COLUMN rid SET DEFAULT nextval('root_table_defined_type_rid_seq'::regclass);


--
-- Name: rid; Type: DEFAULT; Schema: public; Owner: postgres
--

ALTER TABLE ONLY document_content_2_dictionary_definition ALTER COLUMN rid SET DEFAULT nextval('root_table_association_rid_seq'::regclass);


--
-- Name: rid; Type: DEFAULT; Schema: public; Owner: postgres
--

ALTER TABLE ONLY document_content_2_used_protocol ALTER COLUMN rid SET DEFAULT nextval('root_table_association_rid_seq'::regclass);


--
-- Name: rid; Type: DEFAULT; Schema: public; Owner: postgres
--

ALTER TABLE ONLY document_content_e ALTER COLUMN rid SET DEFAULT nextval('root_table_entity_rid_seq'::regclass);


--
-- Name: rid; Type: DEFAULT; Schema: public; Owner: postgres
--

ALTER TABLE ONLY document_e ALTER COLUMN rid SET DEFAULT nextval('root_table_entity_rid_seq'::regclass);


--
-- Name: rid; Type: DEFAULT; Schema: public; Owner: postgres
--

ALTER TABLE ONLY document_element_2_authors ALTER COLUMN rid SET DEFAULT nextval('root_table_association_rid_seq'::regclass);


--
-- Name: rid; Type: DEFAULT; Schema: public; Owner: postgres
--

ALTER TABLE ONLY document_element_2_identified_by ALTER COLUMN rid SET DEFAULT nextval('root_table_association_rid_seq'::regclass);


--
-- Name: rid; Type: DEFAULT; Schema: public; Owner: postgres
--

ALTER TABLE ONLY document_element_2_publishing_organisation ALTER COLUMN rid SET DEFAULT nextval('root_table_association_rid_seq'::regclass);


--
-- Name: rid; Type: DEFAULT; Schema: public; Owner: postgres
--

ALTER TABLE ONLY document_element_e ALTER COLUMN rid SET DEFAULT nextval('root_table_entity_rid_seq'::regclass);


--
-- Name: rid; Type: DEFAULT; Schema: public; Owner: postgres
--

ALTER TABLE ONLY document_element_with_http_access_e ALTER COLUMN rid SET DEFAULT nextval('root_table_entity_rid_seq'::regclass);


--
-- Name: rid; Type: DEFAULT; Schema: public; Owner: postgres
--

ALTER TABLE ONLY document_element_with_translated_http_access_2_languages ALTER COLUMN rid SET DEFAULT nextval('root_table_association_rid_seq'::regclass);


--
-- Name: rid; Type: DEFAULT; Schema: public; Owner: postgres
--

ALTER TABLE ONLY document_element_with_translated_http_access_e ALTER COLUMN rid SET DEFAULT nextval('root_table_entity_rid_seq'::regclass);


--
-- Name: rid; Type: DEFAULT; Schema: public; Owner: postgres
--

ALTER TABLE ONLY e1017 ALTER COLUMN rid SET DEFAULT nextval('root_table_extension_rid_seq'::regclass);


--
-- Name: rid; Type: DEFAULT; Schema: public; Owner: postgres
--

ALTER TABLE ONLY e1021 ALTER COLUMN rid SET DEFAULT nextval('root_table_extension_rid_seq'::regclass);


--
-- Name: rid; Type: DEFAULT; Schema: public; Owner: postgres
--

ALTER TABLE ONLY e1023 ALTER COLUMN rid SET DEFAULT nextval('root_table_extension_rid_seq'::regclass);


--
-- Name: rid; Type: DEFAULT; Schema: public; Owner: postgres
--

ALTER TABLE ONLY e1024 ALTER COLUMN rid SET DEFAULT nextval('root_table_extension_rid_seq'::regclass);


--
-- Name: rid; Type: DEFAULT; Schema: public; Owner: postgres
--

ALTER TABLE ONLY e1025 ALTER COLUMN rid SET DEFAULT nextval('root_table_extension_rid_seq'::regclass);


--
-- Name: rid; Type: DEFAULT; Schema: public; Owner: postgres
--

ALTER TABLE ONLY e1026 ALTER COLUMN rid SET DEFAULT nextval('root_table_extension_rid_seq'::regclass);


--
-- Name: rid; Type: DEFAULT; Schema: public; Owner: postgres
--

ALTER TABLE ONLY e1027 ALTER COLUMN rid SET DEFAULT nextval('root_table_extension_rid_seq'::regclass);


--
-- Name: rid; Type: DEFAULT; Schema: public; Owner: postgres
--

ALTER TABLE ONLY e1028 ALTER COLUMN rid SET DEFAULT nextval('root_table_extension_rid_seq'::regclass);


--
-- Name: rid; Type: DEFAULT; Schema: public; Owner: postgres
--

ALTER TABLE ONLY e1029 ALTER COLUMN rid SET DEFAULT nextval('root_table_extension_rid_seq'::regclass);


--
-- Name: rid; Type: DEFAULT; Schema: public; Owner: postgres
--

ALTER TABLE ONLY e1030 ALTER COLUMN rid SET DEFAULT nextval('root_table_extension_rid_seq'::regclass);


--
-- Name: rid; Type: DEFAULT; Schema: public; Owner: postgres
--

ALTER TABLE ONLY e1031 ALTER COLUMN rid SET DEFAULT nextval('root_table_extension_rid_seq'::regclass);


--
-- Name: rid; Type: DEFAULT; Schema: public; Owner: postgres
--

ALTER TABLE ONLY e1032 ALTER COLUMN rid SET DEFAULT nextval('root_table_extension_rid_seq'::regclass);


--
-- Name: rid; Type: DEFAULT; Schema: public; Owner: postgres
--

ALTER TABLE ONLY e1033 ALTER COLUMN rid SET DEFAULT nextval('root_table_extension_rid_seq'::regclass);


--
-- Name: rid; Type: DEFAULT; Schema: public; Owner: postgres
--

ALTER TABLE ONLY e1034 ALTER COLUMN rid SET DEFAULT nextval('root_table_extension_rid_seq'::regclass);


--
-- Name: rid; Type: DEFAULT; Schema: public; Owner: postgres
--

ALTER TABLE ONLY e1035 ALTER COLUMN rid SET DEFAULT nextval('root_table_extension_rid_seq'::regclass);


--
-- Name: rid; Type: DEFAULT; Schema: public; Owner: postgres
--

ALTER TABLE ONLY e1036 ALTER COLUMN rid SET DEFAULT nextval('root_table_extension_rid_seq'::regclass);


--
-- Name: rid; Type: DEFAULT; Schema: public; Owner: postgres
--

ALTER TABLE ONLY e1038 ALTER COLUMN rid SET DEFAULT nextval('root_table_extension_rid_seq'::regclass);


--
-- Name: rid; Type: DEFAULT; Schema: public; Owner: postgres
--

ALTER TABLE ONLY e1039 ALTER COLUMN rid SET DEFAULT nextval('root_table_extension_rid_seq'::regclass);


--
-- Name: rid; Type: DEFAULT; Schema: public; Owner: postgres
--

ALTER TABLE ONLY e1040 ALTER COLUMN rid SET DEFAULT nextval('root_table_extension_rid_seq'::regclass);


--
-- Name: rid; Type: DEFAULT; Schema: public; Owner: postgres
--

ALTER TABLE ONLY e1041 ALTER COLUMN rid SET DEFAULT nextval('root_table_extension_rid_seq'::regclass);


--
-- Name: rid; Type: DEFAULT; Schema: public; Owner: postgres
--

ALTER TABLE ONLY e1042 ALTER COLUMN rid SET DEFAULT nextval('root_table_extension_rid_seq'::regclass);


--
-- Name: rid; Type: DEFAULT; Schema: public; Owner: postgres
--

ALTER TABLE ONLY e1043 ALTER COLUMN rid SET DEFAULT nextval('root_table_extension_rid_seq'::regclass);


--
-- Name: rid; Type: DEFAULT; Schema: public; Owner: postgres
--

ALTER TABLE ONLY e1044 ALTER COLUMN rid SET DEFAULT nextval('root_table_extension_rid_seq'::regclass);


--
-- Name: rid; Type: DEFAULT; Schema: public; Owner: postgres
--

ALTER TABLE ONLY e1046 ALTER COLUMN rid SET DEFAULT nextval('root_table_extension_rid_seq'::regclass);


--
-- Name: rid; Type: DEFAULT; Schema: public; Owner: postgres
--

ALTER TABLE ONLY e1049 ALTER COLUMN rid SET DEFAULT nextval('root_table_extension_rid_seq'::regclass);


--
-- Name: rid; Type: DEFAULT; Schema: public; Owner: postgres
--

ALTER TABLE ONLY e1050 ALTER COLUMN rid SET DEFAULT nextval('root_table_extension_rid_seq'::regclass);


--
-- Name: rid; Type: DEFAULT; Schema: public; Owner: postgres
--

ALTER TABLE ONLY e1051 ALTER COLUMN rid SET DEFAULT nextval('root_table_extension_rid_seq'::regclass);


--
-- Name: rid; Type: DEFAULT; Schema: public; Owner: postgres
--

ALTER TABLE ONLY e1052 ALTER COLUMN rid SET DEFAULT nextval('root_table_extension_rid_seq'::regclass);


--
-- Name: rid; Type: DEFAULT; Schema: public; Owner: postgres
--

ALTER TABLE ONLY e1703 ALTER COLUMN rid SET DEFAULT nextval('root_table_extension_rid_seq'::regclass);


--
-- Name: rid; Type: DEFAULT; Schema: public; Owner: postgres
--

ALTER TABLE ONLY electric_current_measure_t ALTER COLUMN rid SET DEFAULT nextval('root_table_defined_type_rid_seq'::regclass);


--
-- Name: rid; Type: DEFAULT; Schema: public; Owner: postgres
--

ALTER TABLE ONLY entity_info_2_derived ALTER COLUMN rid SET DEFAULT nextval('root_table_association_rid_seq'::regclass);


--
-- Name: rid; Type: DEFAULT; Schema: public; Owner: postgres
--

ALTER TABLE ONLY entity_info_2_explicit ALTER COLUMN rid SET DEFAULT nextval('root_table_association_rid_seq'::regclass);


--
-- Name: rid; Type: DEFAULT; Schema: public; Owner: postgres
--

ALTER TABLE ONLY entity_info_2_inv ALTER COLUMN rid SET DEFAULT nextval('root_table_association_rid_seq'::regclass);


--
-- Name: rid; Type: DEFAULT; Schema: public; Owner: postgres
--

ALTER TABLE ONLY entity_info_2_subtypes ALTER COLUMN rid SET DEFAULT nextval('root_table_association_rid_seq'::regclass);


--
-- Name: rid; Type: DEFAULT; Schema: public; Owner: postgres
--

ALTER TABLE ONLY entity_info_2_supertypes ALTER COLUMN rid SET DEFAULT nextval('root_table_association_rid_seq'::regclass);


--
-- Name: rid; Type: DEFAULT; Schema: public; Owner: postgres
--

ALTER TABLE ONLY entity_info_e ALTER COLUMN rid SET DEFAULT nextval('root_table_entity_rid_seq'::regclass);


--
-- Name: rid; Type: DEFAULT; Schema: public; Owner: postgres
--

ALTER TABLE ONLY entity_instance_type_e ALTER COLUMN rid SET DEFAULT nextval('root_table_entity_rid_seq'::regclass);


--
-- Name: rid; Type: DEFAULT; Schema: public; Owner: postgres
--

ALTER TABLE ONLY entity_instance_type_for_aggregate_2_type_structure ALTER COLUMN rid SET DEFAULT nextval('root_table_association_rid_seq'::regclass);


--
-- Name: rid; Type: DEFAULT; Schema: public; Owner: postgres
--

ALTER TABLE ONLY entity_instance_type_for_aggregate_e ALTER COLUMN rid SET DEFAULT nextval('root_table_entity_rid_seq'::regclass);


--
-- Name: rid; Type: DEFAULT; Schema: public; Owner: postgres
--

ALTER TABLE ONLY enum_info_e ALTER COLUMN rid SET DEFAULT nextval('root_table_entity_rid_seq'::regclass);


--
-- Name: rid; Type: DEFAULT; Schema: public; Owner: postgres
--

ALTER TABLE ONLY explicit_functional_model_class_extension_2_available_views_ico ALTER COLUMN rid SET DEFAULT nextval('root_table_association_rid_seq'::regclass);


--
-- Name: rid; Type: DEFAULT; Schema: public; Owner: postgres
--

ALTER TABLE ONLY explicit_functional_model_class_extension_2_available_views_msg ALTER COLUMN rid SET DEFAULT nextval('root_table_association_rid_seq'::regclass);


--
-- Name: rid; Type: DEFAULT; Schema: public; Owner: postgres
--

ALTER TABLE ONLY explicit_functional_model_class_extension_2_context_param_icon ALTER COLUMN rid SET DEFAULT nextval('root_table_association_rid_seq'::regclass);


--
-- Name: rid; Type: DEFAULT; Schema: public; Owner: postgres
--

ALTER TABLE ONLY explicit_functional_model_class_extension_2_context_param_msg ALTER COLUMN rid SET DEFAULT nextval('root_table_association_rid_seq'::regclass);


--
-- Name: rid; Type: DEFAULT; Schema: public; Owner: postgres
--

ALTER TABLE ONLY explicit_functional_model_class_extension_2_measure_unit ALTER COLUMN rid SET DEFAULT nextval('root_table_association_rid_seq'::regclass);


--
-- Name: rid; Type: DEFAULT; Schema: public; Owner: postgres
--

ALTER TABLE ONLY explicit_functional_model_class_extension_2_referenced_represen ALTER COLUMN rid SET DEFAULT nextval('root_table_association_rid_seq'::regclass);


--
-- Name: rid; Type: DEFAULT; Schema: public; Owner: postgres
--

ALTER TABLE ONLY explicit_functional_model_class_extension_2_required_item_value ALTER COLUMN rid SET DEFAULT nextval('root_table_association_rid_seq'::regclass);


--
-- Name: rid; Type: DEFAULT; Schema: public; Owner: postgres
--

ALTER TABLE ONLY explicit_functional_model_class_extension_e ALTER COLUMN rid SET DEFAULT nextval('root_table_entity_rid_seq'::regclass);


--
-- Name: rid; Type: DEFAULT; Schema: public; Owner: postgres
--

ALTER TABLE ONLY explicit_item_class_extension_2_access_icon ALTER COLUMN rid SET DEFAULT nextval('root_table_association_rid_seq'::regclass);


--
-- Name: rid; Type: DEFAULT; Schema: public; Owner: postgres
--

ALTER TABLE ONLY explicit_item_class_extension_2_class_presentation_on_paper ALTER COLUMN rid SET DEFAULT nextval('root_table_association_rid_seq'::regclass);


--
-- Name: rid; Type: DEFAULT; Schema: public; Owner: postgres
--

ALTER TABLE ONLY explicit_item_class_extension_2_class_presentation_on_screen ALTER COLUMN rid SET DEFAULT nextval('root_table_association_rid_seq'::regclass);


--
-- Name: rid; Type: DEFAULT; Schema: public; Owner: postgres
--

ALTER TABLE ONLY explicit_item_class_extension_2_content_msg ALTER COLUMN rid SET DEFAULT nextval('root_table_association_rid_seq'::regclass);


--
-- Name: rid; Type: DEFAULT; Schema: public; Owner: postgres
--

ALTER TABLE ONLY explicit_item_class_extension_2_create_icon ALTER COLUMN rid SET DEFAULT nextval('root_table_association_rid_seq'::regclass);


--
-- Name: rid; Type: DEFAULT; Schema: public; Owner: postgres
--

ALTER TABLE ONLY explicit_item_class_extension_2_create_msg ALTER COLUMN rid SET DEFAULT nextval('root_table_association_rid_seq'::regclass);


--
-- Name: rid; Type: DEFAULT; Schema: public; Owner: postgres
--

ALTER TABLE ONLY explicit_item_class_extension_e ALTER COLUMN rid SET DEFAULT nextval('root_table_entity_rid_seq'::regclass);


--
-- Name: rid; Type: DEFAULT; Schema: public; Owner: postgres
--

ALTER TABLE ONLY explicit_model_class_extension_2_instance_identification ALTER COLUMN rid SET DEFAULT nextval('root_table_association_rid_seq'::regclass);


--
-- Name: rid; Type: DEFAULT; Schema: public; Owner: postgres
--

ALTER TABLE ONLY explicit_model_class_extension_2_population ALTER COLUMN rid SET DEFAULT nextval('root_table_association_rid_seq'::regclass);


--
-- Name: rid; Type: DEFAULT; Schema: public; Owner: postgres
--

ALTER TABLE ONLY explicit_model_class_extension_e ALTER COLUMN rid SET DEFAULT nextval('root_table_entity_rid_seq'::regclass);


--
-- Name: rid; Type: DEFAULT; Schema: public; Owner: postgres
--

ALTER TABLE ONLY external_content_2_consists_of ALTER COLUMN rid SET DEFAULT nextval('root_table_association_rid_seq'::regclass);


--
-- Name: rid; Type: DEFAULT; Schema: public; Owner: postgres
--

ALTER TABLE ONLY external_content_e ALTER COLUMN rid SET DEFAULT nextval('root_table_entity_rid_seq'::regclass);


--
-- Name: rid; Type: DEFAULT; Schema: public; Owner: postgres
--

ALTER TABLE ONLY external_file_address_t ALTER COLUMN rid SET DEFAULT nextval('root_table_defined_type_rid_seq'::regclass);


--
-- Name: rid; Type: DEFAULT; Schema: public; Owner: postgres
--

ALTER TABLE ONLY external_file_protocol_2_base_protocol ALTER COLUMN rid SET DEFAULT nextval('root_table_association_rid_seq'::regclass);


--
-- Name: rid; Type: DEFAULT; Schema: public; Owner: postgres
--

ALTER TABLE ONLY external_file_protocol_2_designation ALTER COLUMN rid SET DEFAULT nextval('root_table_association_rid_seq'::regclass);


--
-- Name: rid; Type: DEFAULT; Schema: public; Owner: postgres
--

ALTER TABLE ONLY external_file_protocol_2_organisation ALTER COLUMN rid SET DEFAULT nextval('root_table_association_rid_seq'::regclass);


--
-- Name: rid; Type: DEFAULT; Schema: public; Owner: postgres
--

ALTER TABLE ONLY external_file_protocol_e ALTER COLUMN rid SET DEFAULT nextval('root_table_entity_rid_seq'::regclass);


--
-- Name: rid; Type: DEFAULT; Schema: public; Owner: postgres
--

ALTER TABLE ONLY external_file_unit_e ALTER COLUMN rid SET DEFAULT nextval('root_table_entity_rid_seq'::regclass);


--
-- Name: rid; Type: DEFAULT; Schema: public; Owner: postgres
--

ALTER TABLE ONLY external_item_2_content ALTER COLUMN rid SET DEFAULT nextval('root_table_association_rid_seq'::regclass);


--
-- Name: rid; Type: DEFAULT; Schema: public; Owner: postgres
--

ALTER TABLE ONLY external_item_2_used_protocol ALTER COLUMN rid SET DEFAULT nextval('root_table_association_rid_seq'::regclass);


--
-- Name: rid; Type: DEFAULT; Schema: public; Owner: postgres
--

ALTER TABLE ONLY external_item_code_type_t ALTER COLUMN rid SET DEFAULT nextval('root_table_defined_type_rid_seq'::regclass);


--
-- Name: rid; Type: DEFAULT; Schema: public; Owner: postgres
--

ALTER TABLE ONLY external_item_e ALTER COLUMN rid SET DEFAULT nextval('root_table_entity_rid_seq'::regclass);


--
-- Name: rid; Type: DEFAULT; Schema: public; Owner: postgres
--

ALTER TABLE ONLY feature_class_case_of_e ALTER COLUMN rid SET DEFAULT nextval('root_table_entity_rid_seq'::regclass);


--
-- Name: rid; Type: DEFAULT; Schema: public; Owner: postgres
--

ALTER TABLE ONLY feature_class_e ALTER COLUMN rid SET DEFAULT nextval('root_table_entity_rid_seq'::regclass);


--
-- Name: rid; Type: DEFAULT; Schema: public; Owner: postgres
--

ALTER TABLE ONLY fm_class_view_of_2_imported_documents_from_item ALTER COLUMN rid SET DEFAULT nextval('root_table_association_rid_seq'::regclass);


--
-- Name: rid; Type: DEFAULT; Schema: public; Owner: postgres
--

ALTER TABLE ONLY fm_class_view_of_2_imported_properties_from_item ALTER COLUMN rid SET DEFAULT nextval('root_table_association_rid_seq'::regclass);


--
-- Name: rid; Type: DEFAULT; Schema: public; Owner: postgres
--

ALTER TABLE ONLY fm_class_view_of_2_imported_tables_from_item ALTER COLUMN rid SET DEFAULT nextval('root_table_association_rid_seq'::regclass);


--
-- Name: rid; Type: DEFAULT; Schema: public; Owner: postgres
--

ALTER TABLE ONLY fm_class_view_of_2_imported_types_from_item ALTER COLUMN rid SET DEFAULT nextval('root_table_association_rid_seq'::regclass);


--
-- Name: rid; Type: DEFAULT; Schema: public; Owner: postgres
--

ALTER TABLE ONLY fm_class_view_of_2_view_of ALTER COLUMN rid SET DEFAULT nextval('root_table_association_rid_seq'::regclass);


--
-- Name: rid; Type: DEFAULT; Schema: public; Owner: postgres
--

ALTER TABLE ONLY fm_class_view_of_e ALTER COLUMN rid SET DEFAULT nextval('root_table_entity_rid_seq'::regclass);


--
-- Name: rid; Type: DEFAULT; Schema: public; Owner: postgres
--

ALTER TABLE ONLY functional_model_class_e ALTER COLUMN rid SET DEFAULT nextval('root_table_entity_rid_seq'::regclass);


--
-- Name: rid; Type: DEFAULT; Schema: public; Owner: postgres
--

ALTER TABLE ONLY functional_view_class_2_view_control_variables ALTER COLUMN rid SET DEFAULT nextval('root_table_association_rid_seq'::regclass);


--
-- Name: rid; Type: DEFAULT; Schema: public; Owner: postgres
--

ALTER TABLE ONLY functional_view_class_2_view_properties ALTER COLUMN rid SET DEFAULT nextval('root_table_association_rid_seq'::regclass);


--
-- Name: rid; Type: DEFAULT; Schema: public; Owner: postgres
--

ALTER TABLE ONLY functional_view_class_e ALTER COLUMN rid SET DEFAULT nextval('root_table_entity_rid_seq'::regclass);


--
-- Name: rid; Type: DEFAULT; Schema: public; Owner: postgres
--

ALTER TABLE ONLY geometric_representation_context_e ALTER COLUMN rid SET DEFAULT nextval('root_table_entity_rid_seq'::regclass);


--
-- Name: rid; Type: DEFAULT; Schema: public; Owner: postgres
--

ALTER TABLE ONLY geometric_representation_context_type_e ALTER COLUMN rid SET DEFAULT nextval('root_table_entity_rid_seq'::regclass);


--
-- Name: rid; Type: DEFAULT; Schema: public; Owner: postgres
--

ALTER TABLE ONLY geometric_representation_item_e ALTER COLUMN rid SET DEFAULT nextval('root_table_entity_rid_seq'::regclass);


--
-- Name: rid; Type: DEFAULT; Schema: public; Owner: postgres
--

ALTER TABLE ONLY global_language_assignment_e ALTER COLUMN rid SET DEFAULT nextval('root_table_entity_rid_seq'::regclass);


--
-- Name: rid; Type: DEFAULT; Schema: public; Owner: postgres
--

ALTER TABLE ONLY global_unit_assigned_context_2_units ALTER COLUMN rid SET DEFAULT nextval('root_table_select_rid_seq'::regclass);


--
-- Name: rid; Type: DEFAULT; Schema: public; Owner: postgres
--

ALTER TABLE ONLY global_unit_assigned_context_e ALTER COLUMN rid SET DEFAULT nextval('root_table_entity_rid_seq'::regclass);


--
-- Name: rid; Type: DEFAULT; Schema: public; Owner: postgres
--

ALTER TABLE ONLY graphics_e ALTER COLUMN rid SET DEFAULT nextval('root_table_entity_rid_seq'::regclass);


--
-- Name: rid; Type: DEFAULT; Schema: public; Owner: postgres
--

ALTER TABLE ONLY hour_in_day_t ALTER COLUMN rid SET DEFAULT nextval('root_table_defined_type_rid_seq'::regclass);


--
-- Name: rid; Type: DEFAULT; Schema: public; Owner: postgres
--

ALTER TABLE ONLY http_class_directory_2_class ALTER COLUMN rid SET DEFAULT nextval('root_table_association_rid_seq'::regclass);


--
-- Name: rid; Type: DEFAULT; Schema: public; Owner: postgres
--

ALTER TABLE ONLY http_class_directory_e ALTER COLUMN rid SET DEFAULT nextval('root_table_entity_rid_seq'::regclass);


--
-- Name: rid; Type: DEFAULT; Schema: public; Owner: postgres
--

ALTER TABLE ONLY http_directory_name_type_t ALTER COLUMN rid SET DEFAULT nextval('root_table_defined_type_rid_seq'::regclass);


--
-- Name: rid; Type: DEFAULT; Schema: public; Owner: postgres
--

ALTER TABLE ONLY http_file_2_http_directory ALTER COLUMN rid SET DEFAULT nextval('root_table_association_rid_seq'::regclass);


--
-- Name: rid; Type: DEFAULT; Schema: public; Owner: postgres
--

ALTER TABLE ONLY http_file_e ALTER COLUMN rid SET DEFAULT nextval('root_table_entity_rid_seq'::regclass);


--
-- Name: rid; Type: DEFAULT; Schema: public; Owner: postgres
--

ALTER TABLE ONLY http_file_name_type_t ALTER COLUMN rid SET DEFAULT nextval('root_table_defined_type_rid_seq'::regclass);


--
-- Name: rid; Type: DEFAULT; Schema: public; Owner: postgres
--

ALTER TABLE ONLY http_protocol_e ALTER COLUMN rid SET DEFAULT nextval('root_table_entity_rid_seq'::regclass);


--
-- Name: rid; Type: DEFAULT; Schema: public; Owner: postgres
--

ALTER TABLE ONLY iab_rfc_t ALTER COLUMN rid SET DEFAULT nextval('root_table_defined_type_rid_seq'::regclass);


--
-- Name: rid; Type: DEFAULT; Schema: public; Owner: postgres
--

ALTER TABLE ONLY id_attribute_2_identified_item ALTER COLUMN rid SET DEFAULT nextval('root_table_select_rid_seq'::regclass);


--
-- Name: rid; Type: DEFAULT; Schema: public; Owner: postgres
--

ALTER TABLE ONLY id_attribute_e ALTER COLUMN rid SET DEFAULT nextval('root_table_entity_rid_seq'::regclass);


--
-- Name: rid; Type: DEFAULT; Schema: public; Owner: postgres
--

ALTER TABLE ONLY identified_document_e ALTER COLUMN rid SET DEFAULT nextval('root_table_entity_rid_seq'::regclass);


--
-- Name: rid; Type: DEFAULT; Schema: public; Owner: postgres
--

ALTER TABLE ONLY identifier_t ALTER COLUMN rid SET DEFAULT nextval('root_table_defined_type_rid_seq'::regclass);


--
-- Name: rid; Type: DEFAULT; Schema: public; Owner: postgres
--

ALTER TABLE ONLY illustration_2_height ALTER COLUMN rid SET DEFAULT nextval('root_table_association_rid_seq'::regclass);


--
-- Name: rid; Type: DEFAULT; Schema: public; Owner: postgres
--

ALTER TABLE ONLY illustration_2_width ALTER COLUMN rid SET DEFAULT nextval('root_table_association_rid_seq'::regclass);


--
-- Name: rid; Type: DEFAULT; Schema: public; Owner: postgres
--

ALTER TABLE ONLY illustration_e ALTER COLUMN rid SET DEFAULT nextval('root_table_entity_rid_seq'::regclass);


--
-- Name: rid; Type: DEFAULT; Schema: public; Owner: postgres
--

ALTER TABLE ONLY illustration_type_t ALTER COLUMN rid SET DEFAULT nextval('root_table_defined_type_rid_seq'::regclass);


--
-- Name: rid; Type: DEFAULT; Schema: public; Owner: postgres
--

ALTER TABLE ONLY int_currency_type_e ALTER COLUMN rid SET DEFAULT nextval('root_table_entity_rid_seq'::regclass);


--
-- Name: rid; Type: DEFAULT; Schema: public; Owner: postgres
--

ALTER TABLE ONLY int_level_spec_value_e ALTER COLUMN rid SET DEFAULT nextval('root_table_entity_rid_seq'::regclass);


--
-- Name: rid; Type: DEFAULT; Schema: public; Owner: postgres
--

ALTER TABLE ONLY int_measure_type_2_unit ALTER COLUMN rid SET DEFAULT nextval('root_table_association_rid_seq'::regclass);


--
-- Name: rid; Type: DEFAULT; Schema: public; Owner: postgres
--

ALTER TABLE ONLY int_measure_type_e ALTER COLUMN rid SET DEFAULT nextval('root_table_entity_rid_seq'::regclass);


--
-- Name: rid; Type: DEFAULT; Schema: public; Owner: postgres
--

ALTER TABLE ONLY int_type_e ALTER COLUMN rid SET DEFAULT nextval('root_table_entity_rid_seq'::regclass);


--
-- Name: rid; Type: DEFAULT; Schema: public; Owner: postgres
--

ALTER TABLE ONLY integer_type_t ALTER COLUMN rid SET DEFAULT nextval('root_table_defined_type_rid_seq'::regclass);


--
-- Name: rid; Type: DEFAULT; Schema: public; Owner: postgres
--

ALTER TABLE ONLY integer_value_t ALTER COLUMN rid SET DEFAULT nextval('root_table_defined_type_rid_seq'::regclass);


--
-- Name: rid; Type: DEFAULT; Schema: public; Owner: postgres
--

ALTER TABLE ONLY inv_attribute_2_for_attribute ALTER COLUMN rid SET DEFAULT nextval('root_table_association_rid_seq'::regclass);


--
-- Name: rid; Type: DEFAULT; Schema: public; Owner: postgres
--

ALTER TABLE ONLY inv_attribute_e ALTER COLUMN rid SET DEFAULT nextval('root_table_entity_rid_seq'::regclass);


--
-- Name: rid; Type: DEFAULT; Schema: public; Owner: postgres
--

ALTER TABLE ONLY item_class_2_class_constant_values ALTER COLUMN rid SET DEFAULT nextval('root_table_association_rid_seq'::regclass);


--
-- Name: rid; Type: DEFAULT; Schema: public; Owner: postgres
--

ALTER TABLE ONLY item_class_2_simplified_drawing ALTER COLUMN rid SET DEFAULT nextval('root_table_association_rid_seq'::regclass);


--
-- Name: rid; Type: DEFAULT; Schema: public; Owner: postgres
--

ALTER TABLE ONLY item_class_2_sub_class_properties ALTER COLUMN rid SET DEFAULT nextval('root_table_association_rid_seq'::regclass);


--
-- Name: rid; Type: DEFAULT; Schema: public; Owner: postgres
--

ALTER TABLE ONLY item_class_case_of_2_imported_documents ALTER COLUMN rid SET DEFAULT nextval('root_table_association_rid_seq'::regclass);


--
-- Name: rid; Type: DEFAULT; Schema: public; Owner: postgres
--

ALTER TABLE ONLY item_class_case_of_2_imported_properties ALTER COLUMN rid SET DEFAULT nextval('root_table_association_rid_seq'::regclass);


--
-- Name: rid; Type: DEFAULT; Schema: public; Owner: postgres
--

ALTER TABLE ONLY item_class_case_of_2_imported_tables ALTER COLUMN rid SET DEFAULT nextval('root_table_association_rid_seq'::regclass);


--
-- Name: rid; Type: DEFAULT; Schema: public; Owner: postgres
--

ALTER TABLE ONLY item_class_case_of_2_imported_types ALTER COLUMN rid SET DEFAULT nextval('root_table_association_rid_seq'::regclass);


--
-- Name: rid; Type: DEFAULT; Schema: public; Owner: postgres
--

ALTER TABLE ONLY item_class_case_of_2_is_case_of ALTER COLUMN rid SET DEFAULT nextval('root_table_association_rid_seq'::regclass);


--
-- Name: rid; Type: DEFAULT; Schema: public; Owner: postgres
--

ALTER TABLE ONLY item_class_case_of_e ALTER COLUMN rid SET DEFAULT nextval('root_table_entity_rid_seq'::regclass);


--
-- Name: rid; Type: DEFAULT; Schema: public; Owner: postgres
--

ALTER TABLE ONLY item_class_e ALTER COLUMN rid SET DEFAULT nextval('root_table_entity_rid_seq'::regclass);


--
-- Name: rid; Type: DEFAULT; Schema: public; Owner: postgres
--

ALTER TABLE ONLY item_names_2_icon ALTER COLUMN rid SET DEFAULT nextval('root_table_association_rid_seq'::regclass);


--
-- Name: rid; Type: DEFAULT; Schema: public; Owner: postgres
--

ALTER TABLE ONLY item_names_2_languages ALTER COLUMN rid SET DEFAULT nextval('root_table_association_rid_seq'::regclass);


--
-- Name: rid; Type: DEFAULT; Schema: public; Owner: postgres
--

ALTER TABLE ONLY item_names_2_preferred_name ALTER COLUMN rid SET DEFAULT nextval('root_table_select_rid_seq'::regclass);


--
-- Name: rid; Type: DEFAULT; Schema: public; Owner: postgres
--

ALTER TABLE ONLY item_names_2_short_name ALTER COLUMN rid SET DEFAULT nextval('root_table_select_rid_seq'::regclass);


--
-- Name: rid; Type: DEFAULT; Schema: public; Owner: postgres
--

ALTER TABLE ONLY item_names_2_synonymous_names ALTER COLUMN rid SET DEFAULT nextval('root_table_select_rid_seq'::regclass);


--
-- Name: rid; Type: DEFAULT; Schema: public; Owner: postgres
--

ALTER TABLE ONLY item_names_e ALTER COLUMN rid SET DEFAULT nextval('root_table_entity_rid_seq'::regclass);


--
-- Name: rid; Type: DEFAULT; Schema: public; Owner: postgres
--

ALTER TABLE ONLY label_t ALTER COLUMN rid SET DEFAULT nextval('root_table_defined_type_rid_seq'::regclass);


--
-- Name: rid; Type: DEFAULT; Schema: public; Owner: postgres
--

ALTER TABLE ONLY label_with_language_e ALTER COLUMN rid SET DEFAULT nextval('root_table_entity_rid_seq'::regclass);


--
-- Name: rid; Type: DEFAULT; Schema: public; Owner: postgres
--

ALTER TABLE ONLY language_code_t ALTER COLUMN rid SET DEFAULT nextval('root_table_defined_type_rid_seq'::regclass);


--
-- Name: rid; Type: DEFAULT; Schema: public; Owner: postgres
--

ALTER TABLE ONLY language_specific_content_2_content_files ALTER COLUMN rid SET DEFAULT nextval('root_table_association_rid_seq'::regclass);


--
-- Name: rid; Type: DEFAULT; Schema: public; Owner: postgres
--

ALTER TABLE ONLY language_specific_content_2_main_file ALTER COLUMN rid SET DEFAULT nextval('root_table_association_rid_seq'::regclass);


--
-- Name: rid; Type: DEFAULT; Schema: public; Owner: postgres
--

ALTER TABLE ONLY language_specific_content_e ALTER COLUMN rid SET DEFAULT nextval('root_table_entity_rid_seq'::regclass);


--
-- Name: rid; Type: DEFAULT; Schema: public; Owner: postgres
--

ALTER TABLE ONLY length_measure_t ALTER COLUMN rid SET DEFAULT nextval('root_table_defined_type_rid_seq'::regclass);


--
-- Name: rid; Type: DEFAULT; Schema: public; Owner: postgres
--

ALTER TABLE ONLY length_measure_with_unit_e ALTER COLUMN rid SET DEFAULT nextval('root_table_entity_rid_seq'::regclass);


--
-- Name: rid; Type: DEFAULT; Schema: public; Owner: postgres
--

ALTER TABLE ONLY length_unit_e ALTER COLUMN rid SET DEFAULT nextval('root_table_entity_rid_seq'::regclass);


--
-- Name: rid; Type: DEFAULT; Schema: public; Owner: postgres
--

ALTER TABLE ONLY level_spec_value_e ALTER COLUMN rid SET DEFAULT nextval('root_table_entity_rid_seq'::regclass);


--
-- Name: rid; Type: DEFAULT; Schema: public; Owner: postgres
--

ALTER TABLE ONLY level_t ALTER COLUMN rid SET DEFAULT nextval('root_table_defined_type_rid_seq'::regclass);


--
-- Name: rid; Type: DEFAULT; Schema: public; Owner: postgres
--

ALTER TABLE ONLY level_type_2_value_type ALTER COLUMN rid SET DEFAULT nextval('root_table_association_rid_seq'::regclass);


--
-- Name: rid; Type: DEFAULT; Schema: public; Owner: postgres
--

ALTER TABLE ONLY level_type_e ALTER COLUMN rid SET DEFAULT nextval('root_table_entity_rid_seq'::regclass);


--
-- Name: rid; Type: DEFAULT; Schema: public; Owner: postgres
--

ALTER TABLE ONLY lib_component_instance_e ALTER COLUMN rid SET DEFAULT nextval('root_table_entity_rid_seq'::regclass);


--
-- Name: rid; Type: DEFAULT; Schema: public; Owner: postgres
--

ALTER TABLE ONLY lib_f_model_instance_e ALTER COLUMN rid SET DEFAULT nextval('root_table_entity_rid_seq'::regclass);


--
-- Name: rid; Type: DEFAULT; Schema: public; Owner: postgres
--

ALTER TABLE ONLY lib_feature_instance_e ALTER COLUMN rid SET DEFAULT nextval('root_table_entity_rid_seq'::regclass);


--
-- Name: rid; Type: DEFAULT; Schema: public; Owner: postgres
--

ALTER TABLE ONLY lib_item_instance_2_supplier_designation ALTER COLUMN rid SET DEFAULT nextval('root_table_select_rid_seq'::regclass);


--
-- Name: rid; Type: DEFAULT; Schema: public; Owner: postgres
--

ALTER TABLE ONLY lib_item_instance_2_user_designation ALTER COLUMN rid SET DEFAULT nextval('root_table_select_rid_seq'::regclass);


--
-- Name: rid; Type: DEFAULT; Schema: public; Owner: postgres
--

ALTER TABLE ONLY lib_item_instance_e ALTER COLUMN rid SET DEFAULT nextval('root_table_entity_rid_seq'::regclass);


--
-- Name: rid; Type: DEFAULT; Schema: public; Owner: postgres
--

ALTER TABLE ONLY lib_material_instance_e ALTER COLUMN rid SET DEFAULT nextval('root_table_entity_rid_seq'::regclass);


--
-- Name: rid; Type: DEFAULT; Schema: public; Owner: postgres
--

ALTER TABLE ONLY library_2_linked_interfaces ALTER COLUMN rid SET DEFAULT nextval('root_table_association_rid_seq'::regclass);


--
-- Name: rid; Type: DEFAULT; Schema: public; Owner: postgres
--

ALTER TABLE ONLY library_e ALTER COLUMN rid SET DEFAULT nextval('root_table_entity_rid_seq'::regclass);


--
-- Name: rid; Type: DEFAULT; Schema: public; Owner: postgres
--

ALTER TABLE ONLY library_iim_identification_e ALTER COLUMN rid SET DEFAULT nextval('root_table_entity_rid_seq'::regclass);


--
-- Name: rid; Type: DEFAULT; Schema: public; Owner: postgres
--

ALTER TABLE ONLY library_in_standard_format_e ALTER COLUMN rid SET DEFAULT nextval('root_table_entity_rid_seq'::regclass);


--
-- Name: rid; Type: DEFAULT; Schema: public; Owner: postgres
--

ALTER TABLE ONLY linked_interface_program_protocol_2_link_libraries ALTER COLUMN rid SET DEFAULT nextval('root_table_association_rid_seq'::regclass);


--
-- Name: rid; Type: DEFAULT; Schema: public; Owner: postgres
--

ALTER TABLE ONLY linked_interface_program_protocol_e ALTER COLUMN rid SET DEFAULT nextval('root_table_entity_rid_seq'::regclass);


--
-- Name: rid; Type: DEFAULT; Schema: public; Owner: postgres
--

ALTER TABLE ONLY list_type_e ALTER COLUMN rid SET DEFAULT nextval('root_table_entity_rid_seq'::regclass);


--
-- Name: rid; Type: DEFAULT; Schema: public; Owner: postgres
--

ALTER TABLE ONLY list_value_2_values ALTER COLUMN rid SET DEFAULT nextval('root_table_select_rid_seq'::regclass);


--
-- Name: rid; Type: DEFAULT; Schema: public; Owner: postgres
--

ALTER TABLE ONLY list_value_e ALTER COLUMN rid SET DEFAULT nextval('root_table_entity_rid_seq'::regclass);


--
-- Name: rid; Type: DEFAULT; Schema: public; Owner: postgres
--

ALTER TABLE ONLY local_time_2_zone ALTER COLUMN rid SET DEFAULT nextval('root_table_association_rid_seq'::regclass);


--
-- Name: rid; Type: DEFAULT; Schema: public; Owner: postgres
--

ALTER TABLE ONLY local_time_e ALTER COLUMN rid SET DEFAULT nextval('root_table_entity_rid_seq'::regclass);


--
-- Name: rid; Type: DEFAULT; Schema: public; Owner: postgres
--

ALTER TABLE ONLY luminous_intensity_measure_t ALTER COLUMN rid SET DEFAULT nextval('root_table_defined_type_rid_seq'::regclass);


--
-- Name: rid; Type: DEFAULT; Schema: public; Owner: postgres
--

ALTER TABLE ONLY mass_measure_t ALTER COLUMN rid SET DEFAULT nextval('root_table_defined_type_rid_seq'::regclass);


--
-- Name: rid; Type: DEFAULT; Schema: public; Owner: postgres
--

ALTER TABLE ONLY material_class_case_of_e ALTER COLUMN rid SET DEFAULT nextval('root_table_entity_rid_seq'::regclass);


--
-- Name: rid; Type: DEFAULT; Schema: public; Owner: postgres
--

ALTER TABLE ONLY material_class_e ALTER COLUMN rid SET DEFAULT nextval('root_table_entity_rid_seq'::regclass);


--
-- Name: rid; Type: DEFAULT; Schema: public; Owner: postgres
--

ALTER TABLE ONLY mathematical_string_e ALTER COLUMN rid SET DEFAULT nextval('root_table_entity_rid_seq'::regclass);


--
-- Name: rid; Type: DEFAULT; Schema: public; Owner: postgres
--

ALTER TABLE ONLY measure_with_unit_2_unit_component ALTER COLUMN rid SET DEFAULT nextval('root_table_select_rid_seq'::regclass);


--
-- Name: rid; Type: DEFAULT; Schema: public; Owner: postgres
--

ALTER TABLE ONLY measure_with_unit_2_value_component ALTER COLUMN rid SET DEFAULT nextval('root_table_select_rid_seq'::regclass);


--
-- Name: rid; Type: DEFAULT; Schema: public; Owner: postgres
--

ALTER TABLE ONLY measure_with_unit_e ALTER COLUMN rid SET DEFAULT nextval('root_table_entity_rid_seq'::regclass);


--
-- Name: rid; Type: DEFAULT; Schema: public; Owner: postgres
--

ALTER TABLE ONLY message_e ALTER COLUMN rid SET DEFAULT nextval('root_table_entity_rid_seq'::regclass);


--
-- Name: rid; Type: DEFAULT; Schema: public; Owner: postgres
--

ALTER TABLE ONLY mime_subtype_t ALTER COLUMN rid SET DEFAULT nextval('root_table_defined_type_rid_seq'::regclass);


--
-- Name: rid; Type: DEFAULT; Schema: public; Owner: postgres
--

ALTER TABLE ONLY mime_type_t ALTER COLUMN rid SET DEFAULT nextval('root_table_defined_type_rid_seq'::regclass);


--
-- Name: rid; Type: DEFAULT; Schema: public; Owner: postgres
--

ALTER TABLE ONLY minute_in_hour_t ALTER COLUMN rid SET DEFAULT nextval('root_table_defined_type_rid_seq'::regclass);


--
-- Name: rid; Type: DEFAULT; Schema: public; Owner: postgres
--

ALTER TABLE ONLY model_class_extension_2_classification ALTER COLUMN rid SET DEFAULT nextval('root_table_association_rid_seq'::regclass);


--
-- Name: rid; Type: DEFAULT; Schema: public; Owner: postgres
--

ALTER TABLE ONLY model_class_extension_2_recommended_presentation ALTER COLUMN rid SET DEFAULT nextval('root_table_association_rid_seq'::regclass);


--
-- Name: rid; Type: DEFAULT; Schema: public; Owner: postgres
--

ALTER TABLE ONLY model_class_extension_2_referenced_external_items ALTER COLUMN rid SET DEFAULT nextval('root_table_association_rid_seq'::regclass);


--
-- Name: rid; Type: DEFAULT; Schema: public; Owner: postgres
--

ALTER TABLE ONLY model_class_extension_2_referenced_view_exchange_protocol ALTER COLUMN rid SET DEFAULT nextval('root_table_association_rid_seq'::regclass);


--
-- Name: rid; Type: DEFAULT; Schema: public; Owner: postgres
--

ALTER TABLE ONLY model_class_extension_2_used_protocols ALTER COLUMN rid SET DEFAULT nextval('root_table_association_rid_seq'::regclass);


--
-- Name: rid; Type: DEFAULT; Schema: public; Owner: postgres
--

ALTER TABLE ONLY model_class_extension_e ALTER COLUMN rid SET DEFAULT nextval('root_table_entity_rid_seq'::regclass);


--
-- Name: rid; Type: DEFAULT; Schema: public; Owner: postgres
--

ALTER TABLE ONLY month_in_year_number_t ALTER COLUMN rid SET DEFAULT nextval('root_table_defined_type_rid_seq'::regclass);


--
-- Name: rid; Type: DEFAULT; Schema: public; Owner: postgres
--

ALTER TABLE ONLY name_attribute_2_named_item ALTER COLUMN rid SET DEFAULT nextval('root_table_select_rid_seq'::regclass);


--
-- Name: rid; Type: DEFAULT; Schema: public; Owner: postgres
--

ALTER TABLE ONLY name_attribute_e ALTER COLUMN rid SET DEFAULT nextval('root_table_entity_rid_seq'::regclass);


--
-- Name: rid; Type: DEFAULT; Schema: public; Owner: postgres
--

ALTER TABLE ONLY named_info_e ALTER COLUMN rid SET DEFAULT nextval('root_table_entity_rid_seq'::regclass);


--
-- Name: rid; Type: DEFAULT; Schema: public; Owner: postgres
--

ALTER TABLE ONLY named_type_2_referred_type ALTER COLUMN rid SET DEFAULT nextval('root_table_association_rid_seq'::regclass);


--
-- Name: rid; Type: DEFAULT; Schema: public; Owner: postgres
--

ALTER TABLE ONLY named_type_e ALTER COLUMN rid SET DEFAULT nextval('root_table_entity_rid_seq'::regclass);


--
-- Name: rid; Type: DEFAULT; Schema: public; Owner: postgres
--

ALTER TABLE ONLY named_unit_2_dimensions ALTER COLUMN rid SET DEFAULT nextval('root_table_association_rid_seq'::regclass);


--
-- Name: rid; Type: DEFAULT; Schema: public; Owner: postgres
--

ALTER TABLE ONLY named_unit_e ALTER COLUMN rid SET DEFAULT nextval('root_table_entity_rid_seq'::regclass);


--
-- Name: rid; Type: DEFAULT; Schema: public; Owner: postgres
--

ALTER TABLE ONLY non_dependent_p_det_e ALTER COLUMN rid SET DEFAULT nextval('root_table_entity_rid_seq'::regclass);


--
-- Name: rid; Type: DEFAULT; Schema: public; Owner: postgres
--

ALTER TABLE ONLY non_instantiable_functional_view_class_e ALTER COLUMN rid SET DEFAULT nextval('root_table_entity_rid_seq'::regclass);


--
-- Name: rid; Type: DEFAULT; Schema: public; Owner: postgres
--

ALTER TABLE ONLY non_quantitative_code_type_2_domain ALTER COLUMN rid SET DEFAULT nextval('root_table_association_rid_seq'::regclass);


--
-- Name: rid; Type: DEFAULT; Schema: public; Owner: postgres
--

ALTER TABLE ONLY non_quantitative_code_type_e ALTER COLUMN rid SET DEFAULT nextval('root_table_entity_rid_seq'::regclass);


--
-- Name: rid; Type: DEFAULT; Schema: public; Owner: postgres
--

ALTER TABLE ONLY non_quantitative_int_type_2_domain ALTER COLUMN rid SET DEFAULT nextval('root_table_association_rid_seq'::regclass);


--
-- Name: rid; Type: DEFAULT; Schema: public; Owner: postgres
--

ALTER TABLE ONLY non_quantitative_int_type_e ALTER COLUMN rid SET DEFAULT nextval('root_table_entity_rid_seq'::regclass);


--
-- Name: rid; Type: DEFAULT; Schema: public; Owner: postgres
--

ALTER TABLE ONLY non_si_unit_e ALTER COLUMN rid SET DEFAULT nextval('root_table_entity_rid_seq'::regclass);


--
-- Name: rid; Type: DEFAULT; Schema: public; Owner: postgres
--

ALTER TABLE ONLY non_standard_data_protocol_e ALTER COLUMN rid SET DEFAULT nextval('root_table_entity_rid_seq'::regclass);


--
-- Name: rid; Type: DEFAULT; Schema: public; Owner: postgres
--

ALTER TABLE ONLY non_standard_protocol_e ALTER COLUMN rid SET DEFAULT nextval('root_table_entity_rid_seq'::regclass);


--
-- Name: rid; Type: DEFAULT; Schema: public; Owner: postgres
--

ALTER TABLE ONLY non_standard_simple_program_protocol_e ALTER COLUMN rid SET DEFAULT nextval('root_table_entity_rid_seq'::regclass);


--
-- Name: rid; Type: DEFAULT; Schema: public; Owner: postgres
--

ALTER TABLE ONLY not_translatable_external_content_e ALTER COLUMN rid SET DEFAULT nextval('root_table_entity_rid_seq'::regclass);


--
-- Name: rid; Type: DEFAULT; Schema: public; Owner: postgres
--

ALTER TABLE ONLY not_translated_external_content_e ALTER COLUMN rid SET DEFAULT nextval('root_table_entity_rid_seq'::regclass);


--
-- Name: rid; Type: DEFAULT; Schema: public; Owner: postgres
--

ALTER TABLE ONLY null_value_e ALTER COLUMN rid SET DEFAULT nextval('root_table_entity_rid_seq'::regclass);


--
-- Name: rid; Type: DEFAULT; Schema: public; Owner: postgres
--

ALTER TABLE ONLY number_type_e ALTER COLUMN rid SET DEFAULT nextval('root_table_entity_rid_seq'::regclass);


--
-- Name: rid; Type: DEFAULT; Schema: public; Owner: postgres
--

ALTER TABLE ONLY numeric_measure_t ALTER COLUMN rid SET DEFAULT nextval('root_table_defined_type_rid_seq'::regclass);


--
-- Name: rid; Type: DEFAULT; Schema: public; Owner: postgres
--

ALTER TABLE ONLY ordinal_date_e ALTER COLUMN rid SET DEFAULT nextval('root_table_entity_rid_seq'::regclass);


--
-- Name: rid; Type: DEFAULT; Schema: public; Owner: postgres
--

ALTER TABLE ONLY organization_e ALTER COLUMN rid SET DEFAULT nextval('root_table_entity_rid_seq'::regclass);


--
-- Name: rid; Type: DEFAULT; Schema: public; Owner: postgres
--

ALTER TABLE ONLY parameter_value_t ALTER COLUMN rid SET DEFAULT nextval('root_table_defined_type_rid_seq'::regclass);


--
-- Name: rid; Type: DEFAULT; Schema: public; Owner: postgres
--

ALTER TABLE ONLY person_e ALTER COLUMN rid SET DEFAULT nextval('root_table_entity_rid_seq'::regclass);


--
-- Name: rid; Type: DEFAULT; Schema: public; Owner: postgres
--

ALTER TABLE ONLY placement_2_location ALTER COLUMN rid SET DEFAULT nextval('root_table_association_rid_seq'::regclass);


--
-- Name: rid; Type: DEFAULT; Schema: public; Owner: postgres
--

ALTER TABLE ONLY placement_e ALTER COLUMN rid SET DEFAULT nextval('root_table_entity_rid_seq'::regclass);


--
-- Name: rid; Type: DEFAULT; Schema: public; Owner: postgres
--

ALTER TABLE ONLY placement_type_e ALTER COLUMN rid SET DEFAULT nextval('root_table_entity_rid_seq'::regclass);


--
-- Name: rid; Type: DEFAULT; Schema: public; Owner: postgres
--

ALTER TABLE ONLY plane_angle_measure_t ALTER COLUMN rid SET DEFAULT nextval('root_table_defined_type_rid_seq'::regclass);


--
-- Name: rid; Type: DEFAULT; Schema: public; Owner: postgres
--

ALTER TABLE ONLY point_e ALTER COLUMN rid SET DEFAULT nextval('root_table_entity_rid_seq'::regclass);


--
-- Name: rid; Type: DEFAULT; Schema: public; Owner: postgres
--

ALTER TABLE ONLY positive_length_measure_t ALTER COLUMN rid SET DEFAULT nextval('root_table_defined_type_rid_seq'::regclass);


--
-- Name: rid; Type: DEFAULT; Schema: public; Owner: postgres
--

ALTER TABLE ONLY positive_plane_angle_measure_t ALTER COLUMN rid SET DEFAULT nextval('root_table_defined_type_rid_seq'::regclass);


--
-- Name: rid; Type: DEFAULT; Schema: public; Owner: postgres
--

ALTER TABLE ONLY present_translations_e ALTER COLUMN rid SET DEFAULT nextval('root_table_entity_rid_seq'::regclass);


--
-- Name: rid; Type: DEFAULT; Schema: public; Owner: postgres
--

ALTER TABLE ONLY program_library_bsu_2_defined_by ALTER COLUMN rid SET DEFAULT nextval('root_table_association_rid_seq'::regclass);


--
-- Name: rid; Type: DEFAULT; Schema: public; Owner: postgres
--

ALTER TABLE ONLY program_library_bsu_e ALTER COLUMN rid SET DEFAULT nextval('root_table_entity_rid_seq'::regclass);


--
-- Name: is_version_current; Type: DEFAULT; Schema: public; Owner: postgres
--

ALTER TABLE ONLY program_library_bsu_e ALTER COLUMN is_version_current SET DEFAULT true;


--
-- Name: rid; Type: DEFAULT; Schema: public; Owner: postgres
--

ALTER TABLE ONLY program_library_code_type_t ALTER COLUMN rid SET DEFAULT nextval('root_table_defined_type_rid_seq'::regclass);


--
-- Name: rid; Type: DEFAULT; Schema: public; Owner: postgres
--

ALTER TABLE ONLY program_library_content_2_dictionary_definition ALTER COLUMN rid SET DEFAULT nextval('root_table_association_rid_seq'::regclass);


--
-- Name: rid; Type: DEFAULT; Schema: public; Owner: postgres
--

ALTER TABLE ONLY program_library_content_2_used_protocol ALTER COLUMN rid SET DEFAULT nextval('root_table_association_rid_seq'::regclass);


--
-- Name: rid; Type: DEFAULT; Schema: public; Owner: postgres
--

ALTER TABLE ONLY program_library_content_e ALTER COLUMN rid SET DEFAULT nextval('root_table_entity_rid_seq'::regclass);


--
-- Name: rid; Type: DEFAULT; Schema: public; Owner: postgres
--

ALTER TABLE ONLY program_library_element_2_identified_by ALTER COLUMN rid SET DEFAULT nextval('root_table_association_rid_seq'::regclass);


--
-- Name: rid; Type: DEFAULT; Schema: public; Owner: postgres
--

ALTER TABLE ONLY program_library_element_e ALTER COLUMN rid SET DEFAULT nextval('root_table_entity_rid_seq'::regclass);


--
-- Name: rid; Type: DEFAULT; Schema: public; Owner: postgres
--

ALTER TABLE ONLY program_protocol_e ALTER COLUMN rid SET DEFAULT nextval('root_table_entity_rid_seq'::regclass);


--
-- Name: rid; Type: DEFAULT; Schema: public; Owner: postgres
--

ALTER TABLE ONLY program_reference_2_in_parameters ALTER COLUMN rid SET DEFAULT nextval('root_table_select_rid_seq'::regclass);


--
-- Name: rid; Type: DEFAULT; Schema: public; Owner: postgres
--

ALTER TABLE ONLY program_reference_2_inout_parameters ALTER COLUMN rid SET DEFAULT nextval('root_table_select_rid_seq'::regclass);


--
-- Name: rid; Type: DEFAULT; Schema: public; Owner: postgres
--

ALTER TABLE ONLY program_reference_2_out_parameters ALTER COLUMN rid SET DEFAULT nextval('root_table_select_rid_seq'::regclass);


--
-- Name: rid; Type: DEFAULT; Schema: public; Owner: postgres
--

ALTER TABLE ONLY program_reference_2_used_protocol ALTER COLUMN rid SET DEFAULT nextval('root_table_association_rid_seq'::regclass);


--
-- Name: rid; Type: DEFAULT; Schema: public; Owner: postgres
--

ALTER TABLE ONLY program_reference_e ALTER COLUMN rid SET DEFAULT nextval('root_table_entity_rid_seq'::regclass);


--
-- Name: rid; Type: DEFAULT; Schema: public; Owner: postgres
--

ALTER TABLE ONLY program_reference_name_type_t ALTER COLUMN rid SET DEFAULT nextval('root_table_defined_type_rid_seq'::regclass);


--
-- Name: rid; Type: DEFAULT; Schema: public; Owner: postgres
--

ALTER TABLE ONLY program_reference_type_e ALTER COLUMN rid SET DEFAULT nextval('root_table_entity_rid_seq'::regclass);


--
-- Name: rid; Type: DEFAULT; Schema: public; Owner: postgres
--

ALTER TABLE ONLY program_status_t ALTER COLUMN rid SET DEFAULT nextval('root_table_defined_type_rid_seq'::regclass);


--
-- Name: rid; Type: DEFAULT; Schema: public; Owner: postgres
--

ALTER TABLE ONLY property_bsu_2_name_scope ALTER COLUMN rid SET DEFAULT nextval('root_table_association_rid_seq'::regclass);


--
-- Name: rid; Type: DEFAULT; Schema: public; Owner: postgres
--

ALTER TABLE ONLY property_bsu_e ALTER COLUMN rid SET DEFAULT nextval('root_table_entity_rid_seq'::regclass);


--
-- Name: is_version_current; Type: DEFAULT; Schema: public; Owner: postgres
--

ALTER TABLE ONLY property_bsu_e ALTER COLUMN is_version_current SET DEFAULT true;


--
-- Name: rid; Type: DEFAULT; Schema: public; Owner: postgres
--

ALTER TABLE ONLY property_classification_2_prop_def ALTER COLUMN rid SET DEFAULT nextval('root_table_association_rid_seq'::regclass);


--
-- Name: rid; Type: DEFAULT; Schema: public; Owner: postgres
--

ALTER TABLE ONLY property_classification_e ALTER COLUMN rid SET DEFAULT nextval('root_table_entity_rid_seq'::regclass);


--
-- Name: rid; Type: DEFAULT; Schema: public; Owner: postgres
--

ALTER TABLE ONLY property_code_type_t ALTER COLUMN rid SET DEFAULT nextval('root_table_defined_type_rid_seq'::regclass);


--
-- Name: rid; Type: DEFAULT; Schema: public; Owner: postgres
--

ALTER TABLE ONLY property_det_2_domain ALTER COLUMN rid SET DEFAULT nextval('root_table_association_rid_seq'::regclass);


--
-- Name: rid; Type: DEFAULT; Schema: public; Owner: postgres
--

ALTER TABLE ONLY property_det_2_figure ALTER COLUMN rid SET DEFAULT nextval('root_table_association_rid_seq'::regclass);


--
-- Name: rid; Type: DEFAULT; Schema: public; Owner: postgres
--

ALTER TABLE ONLY property_det_2_formula ALTER COLUMN rid SET DEFAULT nextval('root_table_association_rid_seq'::regclass);


--
-- Name: rid; Type: DEFAULT; Schema: public; Owner: postgres
--

ALTER TABLE ONLY property_det_2_identified_by ALTER COLUMN rid SET DEFAULT nextval('root_table_association_rid_seq'::regclass);


--
-- Name: rid; Type: DEFAULT; Schema: public; Owner: postgres
--

ALTER TABLE ONLY property_det_2_preferred_symbol ALTER COLUMN rid SET DEFAULT nextval('root_table_association_rid_seq'::regclass);


--
-- Name: rid; Type: DEFAULT; Schema: public; Owner: postgres
--

ALTER TABLE ONLY property_det_2_synonymous_symbols ALTER COLUMN rid SET DEFAULT nextval('root_table_association_rid_seq'::regclass);


--
-- Name: rid; Type: DEFAULT; Schema: public; Owner: postgres
--

ALTER TABLE ONLY property_det_e ALTER COLUMN rid SET DEFAULT nextval('root_table_entity_rid_seq'::regclass);


--
-- Name: rid; Type: DEFAULT; Schema: public; Owner: postgres
--

ALTER TABLE ONLY property_value_2_its_value ALTER COLUMN rid SET DEFAULT nextval('root_table_select_rid_seq'::regclass);


--
-- Name: rid; Type: DEFAULT; Schema: public; Owner: postgres
--

ALTER TABLE ONLY property_value_2_prop_def ALTER COLUMN rid SET DEFAULT nextval('root_table_association_rid_seq'::regclass);


--
-- Name: rid; Type: DEFAULT; Schema: public; Owner: postgres
--

ALTER TABLE ONLY property_value_e ALTER COLUMN rid SET DEFAULT nextval('root_table_entity_rid_seq'::regclass);


--
-- Name: rid; Type: DEFAULT; Schema: public; Owner: postgres
--

ALTER TABLE ONLY property_value_external_item_e ALTER COLUMN rid SET DEFAULT nextval('root_table_entity_rid_seq'::regclass);


--
-- Name: rid; Type: DEFAULT; Schema: public; Owner: postgres
--

ALTER TABLE ONLY property_value_recommended_presentation_2_prop_def ALTER COLUMN rid SET DEFAULT nextval('root_table_association_rid_seq'::regclass);


--
-- Name: rid; Type: DEFAULT; Schema: public; Owner: postgres
--

ALTER TABLE ONLY property_value_recommended_presentation_2_recommended_presentat ALTER COLUMN rid SET DEFAULT nextval('root_table_select_rid_seq'::regclass);


--
-- Name: rid; Type: DEFAULT; Schema: public; Owner: postgres
--

ALTER TABLE ONLY property_value_recommended_presentation_e ALTER COLUMN rid SET DEFAULT nextval('root_table_entity_rid_seq'::regclass);


--
-- Name: rid; Type: DEFAULT; Schema: public; Owner: postgres
--

ALTER TABLE ONLY ratio_measure_t ALTER COLUMN rid SET DEFAULT nextval('root_table_defined_type_rid_seq'::regclass);


--
-- Name: rid; Type: DEFAULT; Schema: public; Owner: postgres
--

ALTER TABLE ONLY real_currency_type_e ALTER COLUMN rid SET DEFAULT nextval('root_table_entity_rid_seq'::regclass);


--
-- Name: rid; Type: DEFAULT; Schema: public; Owner: postgres
--

ALTER TABLE ONLY real_level_spec_value_e ALTER COLUMN rid SET DEFAULT nextval('root_table_entity_rid_seq'::regclass);


--
-- Name: rid; Type: DEFAULT; Schema: public; Owner: postgres
--

ALTER TABLE ONLY real_measure_type_2_unit ALTER COLUMN rid SET DEFAULT nextval('root_table_association_rid_seq'::regclass);


--
-- Name: rid; Type: DEFAULT; Schema: public; Owner: postgres
--

ALTER TABLE ONLY real_measure_type_e ALTER COLUMN rid SET DEFAULT nextval('root_table_entity_rid_seq'::regclass);


--
-- Name: rid; Type: DEFAULT; Schema: public; Owner: postgres
--

ALTER TABLE ONLY real_type_e ALTER COLUMN rid SET DEFAULT nextval('root_table_entity_rid_seq'::regclass);


--
-- Name: rid; Type: DEFAULT; Schema: public; Owner: postgres
--

ALTER TABLE ONLY real_value_t ALTER COLUMN rid SET DEFAULT nextval('root_table_defined_type_rid_seq'::regclass);


--
-- Name: rid; Type: DEFAULT; Schema: public; Owner: postgres
--

ALTER TABLE ONLY redef_attribute_2_redefines ALTER COLUMN rid SET DEFAULT nextval('root_table_association_rid_seq'::regclass);


--
-- Name: rid; Type: DEFAULT; Schema: public; Owner: postgres
--

ALTER TABLE ONLY redef_attribute_e ALTER COLUMN rid SET DEFAULT nextval('root_table_entity_rid_seq'::regclass);


--
-- Name: rid; Type: DEFAULT; Schema: public; Owner: postgres
--

ALTER TABLE ONLY referenced_document_2_document_reference ALTER COLUMN rid SET DEFAULT nextval('root_table_association_rid_seq'::regclass);


--
-- Name: rid; Type: DEFAULT; Schema: public; Owner: postgres
--

ALTER TABLE ONLY referenced_document_e ALTER COLUMN rid SET DEFAULT nextval('root_table_entity_rid_seq'::regclass);


--
-- Name: rid; Type: DEFAULT; Schema: public; Owner: postgres
--

ALTER TABLE ONLY referenced_graphics_2_graphics_reference ALTER COLUMN rid SET DEFAULT nextval('root_table_association_rid_seq'::regclass);


--
-- Name: rid; Type: DEFAULT; Schema: public; Owner: postgres
--

ALTER TABLE ONLY referenced_graphics_e ALTER COLUMN rid SET DEFAULT nextval('root_table_entity_rid_seq'::regclass);


--
-- Name: rid; Type: DEFAULT; Schema: public; Owner: postgres
--

ALTER TABLE ONLY representation_2_context_of_items ALTER COLUMN rid SET DEFAULT nextval('root_table_association_rid_seq'::regclass);


--
-- Name: rid; Type: DEFAULT; Schema: public; Owner: postgres
--

ALTER TABLE ONLY representation_2_items ALTER COLUMN rid SET DEFAULT nextval('root_table_association_rid_seq'::regclass);


--
-- Name: rid; Type: DEFAULT; Schema: public; Owner: postgres
--

ALTER TABLE ONLY representation_context_e ALTER COLUMN rid SET DEFAULT nextval('root_table_entity_rid_seq'::regclass);


--
-- Name: rid; Type: DEFAULT; Schema: public; Owner: postgres
--

ALTER TABLE ONLY representation_e ALTER COLUMN rid SET DEFAULT nextval('root_table_entity_rid_seq'::regclass);


--
-- Name: rid; Type: DEFAULT; Schema: public; Owner: postgres
--

ALTER TABLE ONLY representation_item_e ALTER COLUMN rid SET DEFAULT nextval('root_table_entity_rid_seq'::regclass);


--
-- Name: rid; Type: DEFAULT; Schema: public; Owner: postgres
--

ALTER TABLE ONLY representation_p_det_e ALTER COLUMN rid SET DEFAULT nextval('root_table_entity_rid_seq'::regclass);


--
-- Name: rid; Type: DEFAULT; Schema: public; Owner: postgres
--

ALTER TABLE ONLY representation_reference_2_used_protocol ALTER COLUMN rid SET DEFAULT nextval('root_table_association_rid_seq'::regclass);


--
-- Name: rid; Type: DEFAULT; Schema: public; Owner: postgres
--

ALTER TABLE ONLY representation_reference_e ALTER COLUMN rid SET DEFAULT nextval('root_table_entity_rid_seq'::regclass);


--
-- Name: rid; Type: DEFAULT; Schema: public; Owner: postgres
--

ALTER TABLE ONLY representation_reference_type_e ALTER COLUMN rid SET DEFAULT nextval('root_table_entity_rid_seq'::regclass);


--
-- Name: rid; Type: DEFAULT; Schema: public; Owner: postgres
--

ALTER TABLE ONLY representation_type_e ALTER COLUMN rid SET DEFAULT nextval('root_table_entity_rid_seq'::regclass);


--
-- Name: rid; Type: DEFAULT; Schema: public; Owner: postgres
--

ALTER TABLE ONLY revision_type_t ALTER COLUMN rid SET DEFAULT nextval('root_table_defined_type_rid_seq'::regclass);


--
-- Name: rid; Type: DEFAULT; Schema: public; Owner: postgres
--

ALTER TABLE ONLY root_table_association ALTER COLUMN rid SET DEFAULT nextval('root_table_association_rid_seq'::regclass);


--
-- Name: rid; Type: DEFAULT; Schema: public; Owner: postgres
--

ALTER TABLE ONLY root_table_defined_type ALTER COLUMN rid SET DEFAULT nextval('root_table_defined_type_rid_seq'::regclass);


--
-- Name: rid; Type: DEFAULT; Schema: public; Owner: postgres
--

ALTER TABLE ONLY root_table_entity ALTER COLUMN rid SET DEFAULT nextval('root_table_entity_rid_seq'::regclass);


--
-- Name: rid; Type: DEFAULT; Schema: public; Owner: postgres
--

ALTER TABLE ONLY root_table_extension ALTER COLUMN rid SET DEFAULT nextval('root_table_extension_rid_seq'::regclass);


--
-- Name: rid; Type: DEFAULT; Schema: public; Owner: postgres
--

ALTER TABLE ONLY root_table_select ALTER COLUMN rid SET DEFAULT nextval('root_table_select_rid_seq'::regclass);


--
-- Name: rid; Type: DEFAULT; Schema: public; Owner: postgres
--

ALTER TABLE ONLY schema_info_2_defined_types ALTER COLUMN rid SET DEFAULT nextval('root_table_association_rid_seq'::regclass);


--
-- Name: rid; Type: DEFAULT; Schema: public; Owner: postgres
--

ALTER TABLE ONLY schema_info_2_entity_types ALTER COLUMN rid SET DEFAULT nextval('root_table_association_rid_seq'::regclass);


--
-- Name: rid; Type: DEFAULT; Schema: public; Owner: postgres
--

ALTER TABLE ONLY schema_info_e ALTER COLUMN rid SET DEFAULT nextval('root_table_entity_rid_seq'::regclass);


--
-- Name: rid; Type: DEFAULT; Schema: public; Owner: postgres
--

ALTER TABLE ONLY second_in_minute_t ALTER COLUMN rid SET DEFAULT nextval('root_table_defined_type_rid_seq'::regclass);


--
-- Name: rid; Type: DEFAULT; Schema: public; Owner: postgres
--

ALTER TABLE ONLY select_info_2_select_list ALTER COLUMN rid SET DEFAULT nextval('root_table_association_rid_seq'::regclass);


--
-- Name: rid; Type: DEFAULT; Schema: public; Owner: postgres
--

ALTER TABLE ONLY select_info_e ALTER COLUMN rid SET DEFAULT nextval('root_table_entity_rid_seq'::regclass);


--
-- Name: rid; Type: DEFAULT; Schema: public; Owner: postgres
--

ALTER TABLE ONLY set_type_e ALTER COLUMN rid SET DEFAULT nextval('root_table_entity_rid_seq'::regclass);


--
-- Name: rid; Type: DEFAULT; Schema: public; Owner: postgres
--

ALTER TABLE ONLY set_value_2_values ALTER COLUMN rid SET DEFAULT nextval('root_table_select_rid_seq'::regclass);


--
-- Name: rid; Type: DEFAULT; Schema: public; Owner: postgres
--

ALTER TABLE ONLY set_value_e ALTER COLUMN rid SET DEFAULT nextval('root_table_entity_rid_seq'::regclass);


--
-- Name: rid; Type: DEFAULT; Schema: public; Owner: postgres
--

ALTER TABLE ONLY set_with_subset_constraint_type_e ALTER COLUMN rid SET DEFAULT nextval('root_table_entity_rid_seq'::regclass);


--
-- Name: rid; Type: DEFAULT; Schema: public; Owner: postgres
--

ALTER TABLE ONLY set_with_subset_constraint_value_2_values ALTER COLUMN rid SET DEFAULT nextval('root_table_select_rid_seq'::regclass);


--
-- Name: rid; Type: DEFAULT; Schema: public; Owner: postgres
--

ALTER TABLE ONLY set_with_subset_constraint_value_e ALTER COLUMN rid SET DEFAULT nextval('root_table_entity_rid_seq'::regclass);


--
-- Name: rid; Type: DEFAULT; Schema: public; Owner: postgres
--

ALTER TABLE ONLY si_prefix_t ALTER COLUMN rid SET DEFAULT nextval('root_table_defined_type_rid_seq'::regclass);


--
-- Name: rid; Type: DEFAULT; Schema: public; Owner: postgres
--

ALTER TABLE ONLY si_unit_e ALTER COLUMN rid SET DEFAULT nextval('root_table_entity_rid_seq'::regclass);


--
-- Name: rid; Type: DEFAULT; Schema: public; Owner: postgres
--

ALTER TABLE ONLY si_unit_name_t ALTER COLUMN rid SET DEFAULT nextval('root_table_defined_type_rid_seq'::regclass);


--
-- Name: rid; Type: DEFAULT; Schema: public; Owner: postgres
--

ALTER TABLE ONLY simple_program_protocol_2_compiler_supplier ALTER COLUMN rid SET DEFAULT nextval('root_table_association_rid_seq'::regclass);


--
-- Name: rid; Type: DEFAULT; Schema: public; Owner: postgres
--

ALTER TABLE ONLY simple_program_protocol_e ALTER COLUMN rid SET DEFAULT nextval('root_table_entity_rid_seq'::regclass);


--
-- Name: rid; Type: DEFAULT; Schema: public; Owner: postgres
--

ALTER TABLE ONLY simple_type_e ALTER COLUMN rid SET DEFAULT nextval('root_table_entity_rid_seq'::regclass);


--
-- Name: rid; Type: DEFAULT; Schema: public; Owner: postgres
--

ALTER TABLE ONLY solid_angle_measure_t ALTER COLUMN rid SET DEFAULT nextval('root_table_defined_type_rid_seq'::regclass);


--
-- Name: rid; Type: DEFAULT; Schema: public; Owner: postgres
--

ALTER TABLE ONLY source_doc_type_t ALTER COLUMN rid SET DEFAULT nextval('root_table_defined_type_rid_seq'::regclass);


--
-- Name: rid; Type: DEFAULT; Schema: public; Owner: postgres
--

ALTER TABLE ONLY standard_data_protocol_e ALTER COLUMN rid SET DEFAULT nextval('root_table_entity_rid_seq'::regclass);


--
-- Name: rid; Type: DEFAULT; Schema: public; Owner: postgres
--

ALTER TABLE ONLY standard_protocol_e ALTER COLUMN rid SET DEFAULT nextval('root_table_entity_rid_seq'::regclass);


--
-- Name: rid; Type: DEFAULT; Schema: public; Owner: postgres
--

ALTER TABLE ONLY standard_simple_program_protocol_e ALTER COLUMN rid SET DEFAULT nextval('root_table_entity_rid_seq'::regclass);


--
-- Name: rid; Type: DEFAULT; Schema: public; Owner: postgres
--

ALTER TABLE ONLY string_info_e ALTER COLUMN rid SET DEFAULT nextval('root_table_entity_rid_seq'::regclass);


--
-- Name: rid; Type: DEFAULT; Schema: public; Owner: postgres
--

ALTER TABLE ONLY string_type_e ALTER COLUMN rid SET DEFAULT nextval('root_table_entity_rid_seq'::regclass);


--
-- Name: rid; Type: DEFAULT; Schema: public; Owner: postgres
--

ALTER TABLE ONLY string_value_t ALTER COLUMN rid SET DEFAULT nextval('root_table_defined_type_rid_seq'::regclass);


--
-- Name: rid; Type: DEFAULT; Schema: public; Owner: postgres
--

ALTER TABLE ONLY supplier_bsu_e ALTER COLUMN rid SET DEFAULT nextval('root_table_entity_rid_seq'::regclass);


--
-- Name: is_version_current; Type: DEFAULT; Schema: public; Owner: postgres
--

ALTER TABLE ONLY supplier_bsu_e ALTER COLUMN is_version_current SET DEFAULT true;


--
-- Name: rid; Type: DEFAULT; Schema: public; Owner: postgres
--

ALTER TABLE ONLY supplier_bsu_related_content_2_dictionary_definition ALTER COLUMN rid SET DEFAULT nextval('root_table_association_rid_seq'::regclass);


--
-- Name: rid; Type: DEFAULT; Schema: public; Owner: postgres
--

ALTER TABLE ONLY supplier_bsu_related_content_e ALTER COLUMN rid SET DEFAULT nextval('root_table_entity_rid_seq'::regclass);


--
-- Name: rid; Type: DEFAULT; Schema: public; Owner: postgres
--

ALTER TABLE ONLY supplier_bsu_relationship_2_related_tokens ALTER COLUMN rid SET DEFAULT nextval('root_table_association_rid_seq'::regclass);


--
-- Name: rid; Type: DEFAULT; Schema: public; Owner: postgres
--

ALTER TABLE ONLY supplier_bsu_relationship_2_relating_supplier ALTER COLUMN rid SET DEFAULT nextval('root_table_association_rid_seq'::regclass);


--
-- Name: rid; Type: DEFAULT; Schema: public; Owner: postgres
--

ALTER TABLE ONLY supplier_bsu_relationship_e ALTER COLUMN rid SET DEFAULT nextval('root_table_entity_rid_seq'::regclass);


--
-- Name: rid; Type: DEFAULT; Schema: public; Owner: postgres
--

ALTER TABLE ONLY supplier_code_type_t ALTER COLUMN rid SET DEFAULT nextval('root_table_defined_type_rid_seq'::regclass);


--
-- Name: rid; Type: DEFAULT; Schema: public; Owner: postgres
--

ALTER TABLE ONLY supplier_element_2_addr ALTER COLUMN rid SET DEFAULT nextval('root_table_association_rid_seq'::regclass);


--
-- Name: rid; Type: DEFAULT; Schema: public; Owner: postgres
--

ALTER TABLE ONLY supplier_element_2_identified_by ALTER COLUMN rid SET DEFAULT nextval('root_table_association_rid_seq'::regclass);


--
-- Name: rid; Type: DEFAULT; Schema: public; Owner: postgres
--

ALTER TABLE ONLY supplier_element_2_org ALTER COLUMN rid SET DEFAULT nextval('root_table_association_rid_seq'::regclass);


--
-- Name: rid; Type: DEFAULT; Schema: public; Owner: postgres
--

ALTER TABLE ONLY supplier_element_e ALTER COLUMN rid SET DEFAULT nextval('root_table_entity_rid_seq'::regclass);


--
-- Name: rid; Type: DEFAULT; Schema: public; Owner: postgres
--

ALTER TABLE ONLY supplier_program_library_relationship_2_related_tokens ALTER COLUMN rid SET DEFAULT nextval('root_table_association_rid_seq'::regclass);


--
-- Name: rid; Type: DEFAULT; Schema: public; Owner: postgres
--

ALTER TABLE ONLY supplier_program_library_relationship_e ALTER COLUMN rid SET DEFAULT nextval('root_table_entity_rid_seq'::regclass);


--
-- Name: rid; Type: DEFAULT; Schema: public; Owner: postgres
--

ALTER TABLE ONLY supplier_related_bsu_e ALTER COLUMN rid SET DEFAULT nextval('root_table_entity_rid_seq'::regclass);


--
-- Name: is_version_current; Type: DEFAULT; Schema: public; Owner: postgres
--

ALTER TABLE ONLY supplier_related_bsu_e ALTER COLUMN is_version_current SET DEFAULT true;


--
-- Name: rid; Type: DEFAULT; Schema: public; Owner: postgres
--

ALTER TABLE ONLY supplier_related_dictionary_element_2_definition ALTER COLUMN rid SET DEFAULT nextval('root_table_select_rid_seq'::regclass);


--
-- Name: rid; Type: DEFAULT; Schema: public; Owner: postgres
--

ALTER TABLE ONLY supplier_related_dictionary_element_2_identified_by ALTER COLUMN rid SET DEFAULT nextval('root_table_association_rid_seq'::regclass);


--
-- Name: rid; Type: DEFAULT; Schema: public; Owner: postgres
--

ALTER TABLE ONLY supplier_related_dictionary_element_2_names ALTER COLUMN rid SET DEFAULT nextval('root_table_association_rid_seq'::regclass);


--
-- Name: rid; Type: DEFAULT; Schema: public; Owner: postgres
--

ALTER TABLE ONLY supplier_related_dictionary_element_2_note ALTER COLUMN rid SET DEFAULT nextval('root_table_select_rid_seq'::regclass);


--
-- Name: rid; Type: DEFAULT; Schema: public; Owner: postgres
--

ALTER TABLE ONLY supplier_related_dictionary_element_2_remark ALTER COLUMN rid SET DEFAULT nextval('root_table_select_rid_seq'::regclass);


--
-- Name: rid; Type: DEFAULT; Schema: public; Owner: postgres
--

ALTER TABLE ONLY supplier_related_dictionary_element_e ALTER COLUMN rid SET DEFAULT nextval('root_table_entity_rid_seq'::regclass);


--
-- Name: rid; Type: DEFAULT; Schema: public; Owner: postgres
--

ALTER TABLE ONLY table_bsu_2_name_scope ALTER COLUMN rid SET DEFAULT nextval('root_table_association_rid_seq'::regclass);


--
-- Name: rid; Type: DEFAULT; Schema: public; Owner: postgres
--

ALTER TABLE ONLY table_bsu_e ALTER COLUMN rid SET DEFAULT nextval('root_table_entity_rid_seq'::regclass);


--
-- Name: is_version_current; Type: DEFAULT; Schema: public; Owner: postgres
--

ALTER TABLE ONLY table_bsu_e ALTER COLUMN is_version_current SET DEFAULT true;


--
-- Name: rid; Type: DEFAULT; Schema: public; Owner: postgres
--

ALTER TABLE ONLY table_code_type_t ALTER COLUMN rid SET DEFAULT nextval('root_table_defined_type_rid_seq'::regclass);


--
-- Name: rid; Type: DEFAULT; Schema: public; Owner: postgres
--

ALTER TABLE ONLY table_identification_e ALTER COLUMN rid SET DEFAULT nextval('root_table_entity_rid_seq'::regclass);


--
-- Name: rid; Type: DEFAULT; Schema: public; Owner: postgres
--

ALTER TABLE ONLY text_t ALTER COLUMN rid SET DEFAULT nextval('root_table_defined_type_rid_seq'::regclass);


--
-- Name: rid; Type: DEFAULT; Schema: public; Owner: postgres
--

ALTER TABLE ONLY thermodynamic_temperature_measure_t ALTER COLUMN rid SET DEFAULT nextval('root_table_defined_type_rid_seq'::regclass);


--
-- Name: rid; Type: DEFAULT; Schema: public; Owner: postgres
--

ALTER TABLE ONLY time_measure_t ALTER COLUMN rid SET DEFAULT nextval('root_table_defined_type_rid_seq'::regclass);


--
-- Name: rid; Type: DEFAULT; Schema: public; Owner: postgres
--

ALTER TABLE ONLY translated_external_content_2_languages ALTER COLUMN rid SET DEFAULT nextval('root_table_association_rid_seq'::regclass);


--
-- Name: rid; Type: DEFAULT; Schema: public; Owner: postgres
--

ALTER TABLE ONLY translated_external_content_e ALTER COLUMN rid SET DEFAULT nextval('root_table_entity_rid_seq'::regclass);


--
-- Name: rid; Type: DEFAULT; Schema: public; Owner: postgres
--

ALTER TABLE ONLY translated_label_2_languages ALTER COLUMN rid SET DEFAULT nextval('root_table_association_rid_seq'::regclass);


--
-- Name: rid; Type: DEFAULT; Schema: public; Owner: postgres
--

ALTER TABLE ONLY translated_label_e ALTER COLUMN rid SET DEFAULT nextval('root_table_entity_rid_seq'::regclass);


--
-- Name: rid; Type: DEFAULT; Schema: public; Owner: postgres
--

ALTER TABLE ONLY translated_string_value_2_languages ALTER COLUMN rid SET DEFAULT nextval('root_table_association_rid_seq'::regclass);


--
-- Name: rid; Type: DEFAULT; Schema: public; Owner: postgres
--

ALTER TABLE ONLY translated_string_value_e ALTER COLUMN rid SET DEFAULT nextval('root_table_entity_rid_seq'::regclass);


--
-- Name: rid; Type: DEFAULT; Schema: public; Owner: postgres
--

ALTER TABLE ONLY translated_text_2_languages ALTER COLUMN rid SET DEFAULT nextval('root_table_association_rid_seq'::regclass);


--
-- Name: rid; Type: DEFAULT; Schema: public; Owner: postgres
--

ALTER TABLE ONLY translated_text_e ALTER COLUMN rid SET DEFAULT nextval('root_table_entity_rid_seq'::regclass);


--
-- Name: rid; Type: DEFAULT; Schema: public; Owner: postgres
--

ALTER TABLE ONLY type_category_t ALTER COLUMN rid SET DEFAULT nextval('root_table_defined_type_rid_seq'::regclass);


--
-- Name: rid; Type: DEFAULT; Schema: public; Owner: postgres
--

ALTER TABLE ONLY type_info_e ALTER COLUMN rid SET DEFAULT nextval('root_table_entity_rid_seq'::regclass);


--
-- Name: rid; Type: DEFAULT; Schema: public; Owner: postgres
--

ALTER TABLE ONLY uncontrolled_entity_instance_value_e ALTER COLUMN rid SET DEFAULT nextval('root_table_entity_rid_seq'::regclass);


--
-- Name: rid; Type: DEFAULT; Schema: public; Owner: postgres
--

ALTER TABLE ONLY value_code_type_t ALTER COLUMN rid SET DEFAULT nextval('root_table_defined_type_rid_seq'::regclass);


--
-- Name: rid; Type: DEFAULT; Schema: public; Owner: postgres
--

ALTER TABLE ONLY value_domain_2_its_values ALTER COLUMN rid SET DEFAULT nextval('root_table_association_rid_seq'::regclass);


--
-- Name: rid; Type: DEFAULT; Schema: public; Owner: postgres
--

ALTER TABLE ONLY value_domain_2_languages ALTER COLUMN rid SET DEFAULT nextval('root_table_association_rid_seq'::regclass);


--
-- Name: rid; Type: DEFAULT; Schema: public; Owner: postgres
--

ALTER TABLE ONLY value_domain_2_source_doc_of_value_domain ALTER COLUMN rid SET DEFAULT nextval('root_table_association_rid_seq'::regclass);


--
-- Name: rid; Type: DEFAULT; Schema: public; Owner: postgres
--

ALTER TABLE ONLY value_domain_2_terms ALTER COLUMN rid SET DEFAULT nextval('root_table_association_rid_seq'::regclass);


--
-- Name: rid; Type: DEFAULT; Schema: public; Owner: postgres
--

ALTER TABLE ONLY value_domain_e ALTER COLUMN rid SET DEFAULT nextval('root_table_entity_rid_seq'::regclass);


--
-- Name: rid; Type: DEFAULT; Schema: public; Owner: postgres
--

ALTER TABLE ONLY value_format_type_t ALTER COLUMN rid SET DEFAULT nextval('root_table_defined_type_rid_seq'::regclass);


--
-- Name: rid; Type: DEFAULT; Schema: public; Owner: postgres
--

ALTER TABLE ONLY vector_2_orientation ALTER COLUMN rid SET DEFAULT nextval('root_table_association_rid_seq'::regclass);


--
-- Name: rid; Type: DEFAULT; Schema: public; Owner: postgres
--

ALTER TABLE ONLY vector_e ALTER COLUMN rid SET DEFAULT nextval('root_table_entity_rid_seq'::regclass);


--
-- Name: rid; Type: DEFAULT; Schema: public; Owner: postgres
--

ALTER TABLE ONLY version_type_t ALTER COLUMN rid SET DEFAULT nextval('root_table_defined_type_rid_seq'::regclass);


--
-- Name: rid; Type: DEFAULT; Schema: public; Owner: postgres
--

ALTER TABLE ONLY view_control_variable_range_2_parameter_type ALTER COLUMN rid SET DEFAULT nextval('root_table_association_rid_seq'::regclass);


--
-- Name: rid; Type: DEFAULT; Schema: public; Owner: postgres
--

ALTER TABLE ONLY view_control_variable_range_e ALTER COLUMN rid SET DEFAULT nextval('root_table_entity_rid_seq'::regclass);


--
-- Name: rid; Type: DEFAULT; Schema: public; Owner: postgres
--

ALTER TABLE ONLY view_exchange_protocol_identification_2_referenced_iso10303_ap ALTER COLUMN rid SET DEFAULT nextval('root_table_association_rid_seq'::regclass);


--
-- Name: rid; Type: DEFAULT; Schema: public; Owner: postgres
--

ALTER TABLE ONLY view_exchange_protocol_identification_e ALTER COLUMN rid SET DEFAULT nextval('root_table_entity_rid_seq'::regclass);


--
-- Name: rid; Type: DEFAULT; Schema: public; Owner: postgres
--

ALTER TABLE ONLY volume_measure_t ALTER COLUMN rid SET DEFAULT nextval('root_table_defined_type_rid_seq'::regclass);


--
-- Name: rid; Type: DEFAULT; Schema: public; Owner: postgres
--

ALTER TABLE ONLY week_in_year_number_t ALTER COLUMN rid SET DEFAULT nextval('root_table_defined_type_rid_seq'::regclass);


--
-- Name: rid; Type: DEFAULT; Schema: public; Owner: postgres
--

ALTER TABLE ONLY week_of_year_and_day_date_e ALTER COLUMN rid SET DEFAULT nextval('root_table_entity_rid_seq'::regclass);


--
-- Name: rid; Type: DEFAULT; Schema: public; Owner: postgres
--

ALTER TABLE ONLY year_number_t ALTER COLUMN rid SET DEFAULT nextval('root_table_defined_type_rid_seq'::regclass);


--
-- Data for Name: a6_illustration_e; Type: TABLE DATA; Schema: public; Owner: postgres
--

COPY a6_illustration_e (rid, used_protocol, content, rid_bsu, tablename_bsu, code, kind_of_content, width, height) FROM stdin;
\.


--
-- Data for Name: a9_illustration_e; Type: TABLE DATA; Schema: public; Owner: postgres
--

COPY a9_illustration_e (rid, used_protocol, content, rid_bsu, tablename_bsu, code, kind_of_content, width, height) FROM stdin;
\.


--
-- Data for Name: a_posteriori_case_of_2_corresponding_properties; Type: TABLE DATA; Schema: public; Owner: postgres
--

COPY a_posteriori_case_of_2_corresponding_properties (rid, rid_s, tablename_s, rid_d, tablename_d) FROM stdin;
\.


--
-- Data for Name: a_posteriori_case_of_2_is_case_of; Type: TABLE DATA; Schema: public; Owner: postgres
--

COPY a_posteriori_case_of_2_is_case_of (rid, rid_s, tablename_s, rid_d, tablename_d) FROM stdin;
\.


--
-- Data for Name: a_posteriori_case_of_2_source; Type: TABLE DATA; Schema: public; Owner: postgres
--

COPY a_posteriori_case_of_2_source (rid, rid_s, tablename_s, rid_d, tablename_d) FROM stdin;
\.


--
-- Data for Name: a_posteriori_case_of_e; Type: TABLE DATA; Schema: public; Owner: postgres
--

COPY a_posteriori_case_of_e (rid, source, is_case_of, corresponding_properties) FROM stdin;
\.


--
-- Data for Name: a_posteriori_semantic_relationship_e; Type: TABLE DATA; Schema: public; Owner: postgres
--

COPY a_posteriori_semantic_relationship_e (rid) FROM stdin;
\.


--
-- Data for Name: a_posteriori_view_of_2_corresponding_properties; Type: TABLE DATA; Schema: public; Owner: postgres
--

COPY a_posteriori_view_of_2_corresponding_properties (rid, rid_s, tablename_s, rid_d, tablename_d) FROM stdin;
\.


--
-- Data for Name: a_posteriori_view_of_2_functional_model; Type: TABLE DATA; Schema: public; Owner: postgres
--

COPY a_posteriori_view_of_2_functional_model (rid, rid_s, tablename_s, rid_d, tablename_d) FROM stdin;
\.


--
-- Data for Name: a_posteriori_view_of_2_is_view_of; Type: TABLE DATA; Schema: public; Owner: postgres
--

COPY a_posteriori_view_of_2_is_view_of (rid, rid_s, tablename_s, rid_d, tablename_d) FROM stdin;
\.


--
-- Data for Name: a_posteriori_view_of_e; Type: TABLE DATA; Schema: public; Owner: postgres
--

COPY a_posteriori_view_of_e (rid, functional_model, is_view_of, corresponding_properties) FROM stdin;
\.


--
-- Data for Name: a_priori_semantic_relationship_2_referenced_classes; Type: TABLE DATA; Schema: public; Owner: postgres
--

COPY a_priori_semantic_relationship_2_referenced_classes (rid, rid_s, tablename_s, rid_d, tablename_d) FROM stdin;
\.


--
-- Data for Name: a_priori_semantic_relationship_2_referenced_data_types; Type: TABLE DATA; Schema: public; Owner: postgres
--

COPY a_priori_semantic_relationship_2_referenced_data_types (rid, rid_s, tablename_s, rid_d, tablename_d) FROM stdin;
\.


--
-- Data for Name: a_priori_semantic_relationship_2_referenced_documents; Type: TABLE DATA; Schema: public; Owner: postgres
--

COPY a_priori_semantic_relationship_2_referenced_documents (rid, rid_s, tablename_s, rid_d, tablename_d) FROM stdin;
\.


--
-- Data for Name: a_priori_semantic_relationship_2_referenced_properties; Type: TABLE DATA; Schema: public; Owner: postgres
--

COPY a_priori_semantic_relationship_2_referenced_properties (rid, rid_s, tablename_s, rid_d, tablename_d) FROM stdin;
\.


--
-- Data for Name: a_priori_semantic_relationship_2_referenced_tables; Type: TABLE DATA; Schema: public; Owner: postgres
--

COPY a_priori_semantic_relationship_2_referenced_tables (rid, rid_s, tablename_s, rid_d, tablename_d) FROM stdin;
\.


--
-- Data for Name: a_priori_semantic_relationship_e; Type: TABLE DATA; Schema: public; Owner: postgres
--

COPY a_priori_semantic_relationship_e (rid, identified_by, time_stamps, revision, rid_bsu, tablename_bsu, names, definition, source_doc_of_definition, note, remark, its_superclass, described_by, defined_types, referenced_classes, referenced_properties, referenced_data_types, referenced_tables, referenced_documents) FROM stdin;
\.


--
-- Data for Name: absolute_url_type_t; Type: TABLE DATA; Schema: public; Owner: postgres
--

COPY absolute_url_type_t (rid, value) FROM stdin;
\.


--
-- Data for Name: abstract_functional_model_class_2_case_of; Type: TABLE DATA; Schema: public; Owner: postgres
--

COPY abstract_functional_model_class_2_case_of (rid, rid_s, tablename_s, rid_d, tablename_d) FROM stdin;
\.


--
-- Data for Name: abstract_functional_model_class_2_created_view; Type: TABLE DATA; Schema: public; Owner: postgres
--

COPY abstract_functional_model_class_2_created_view (rid, rid_s, tablename_s, rid_d, tablename_d) FROM stdin;
\.


--
-- Data for Name: abstract_functional_model_class_2_imported_documents_from_model; Type: TABLE DATA; Schema: public; Owner: postgres
--

COPY abstract_functional_model_class_2_imported_documents_from_model (rid, rid_s, tablename_s, rid_d, tablename_d) FROM stdin;
\.


--
-- Data for Name: abstract_functional_model_class_2_imported_documents_from_view; Type: TABLE DATA; Schema: public; Owner: postgres
--

COPY abstract_functional_model_class_2_imported_documents_from_view (rid, rid_s, tablename_s, rid_d, tablename_d) FROM stdin;
\.


--
-- Data for Name: abstract_functional_model_class_2_imported_properties_from_mode; Type: TABLE DATA; Schema: public; Owner: postgres
--

COPY abstract_functional_model_class_2_imported_properties_from_mode (rid, rid_s, tablename_s, rid_d, tablename_d) FROM stdin;
\.


--
-- Data for Name: abstract_functional_model_class_2_imported_properties_from_view; Type: TABLE DATA; Schema: public; Owner: postgres
--

COPY abstract_functional_model_class_2_imported_properties_from_view (rid, rid_s, tablename_s, rid_d, tablename_d) FROM stdin;
\.


--
-- Data for Name: abstract_functional_model_class_2_imported_tables_from_models; Type: TABLE DATA; Schema: public; Owner: postgres
--

COPY abstract_functional_model_class_2_imported_tables_from_models (rid, rid_s, tablename_s, rid_d, tablename_d) FROM stdin;
\.


--
-- Data for Name: abstract_functional_model_class_2_imported_tables_from_view; Type: TABLE DATA; Schema: public; Owner: postgres
--

COPY abstract_functional_model_class_2_imported_tables_from_view (rid, rid_s, tablename_s, rid_d, tablename_d) FROM stdin;
\.


--
-- Data for Name: abstract_functional_model_class_2_imported_types_from_models; Type: TABLE DATA; Schema: public; Owner: postgres
--

COPY abstract_functional_model_class_2_imported_types_from_models (rid, rid_s, tablename_s, rid_d, tablename_d) FROM stdin;
\.


--
-- Data for Name: abstract_functional_model_class_2_imported_types_from_view; Type: TABLE DATA; Schema: public; Owner: postgres
--

COPY abstract_functional_model_class_2_imported_types_from_view (rid, rid_s, tablename_s, rid_d, tablename_d) FROM stdin;
\.


--
-- Data for Name: abstract_functional_model_class_2_v_c_v_range; Type: TABLE DATA; Schema: public; Owner: postgres
--

COPY abstract_functional_model_class_2_v_c_v_range (rid, rid_s, tablename_s, rid_d, tablename_d) FROM stdin;
\.


--
-- Data for Name: abstract_functional_model_class_e; Type: TABLE DATA; Schema: public; Owner: postgres
--

COPY abstract_functional_model_class_e (rid, identified_by, time_stamps, revision, rid_bsu, tablename_bsu, names, definition, source_doc_of_definition, note, remark, its_superclass, described_by, defined_types, created_view, v_c_v_range, imported_properties_from_view, imported_types_from_view, imported_tables_from_view, imported_documents_from_view, case_of, imported_properties_from_models, imported_types_from_models, imported_tables_from_models, imported_documents_from_models) FROM stdin;
\.


--
-- Data for Name: address_e; Type: TABLE DATA; Schema: public; Owner: postgres
--

COPY address_e (rid, internal_location, street_number, street, postal_box, town, region, postal_code, country, facsimile_number, telephone_number, electronic_mail_address, telex_number) FROM stdin;
1088											jerome.chochon@mpsa.com	
\.


--
-- Data for Name: aggregate_entity_instance_value_2_the_value; Type: TABLE DATA; Schema: public; Owner: postgres
--

COPY aggregate_entity_instance_value_2_the_value (rid, rid_s, tablename_s, rid_d, tablename_d) FROM stdin;
\.


--
-- Data for Name: aggregate_entity_instance_value_e; Type: TABLE DATA; Schema: public; Owner: postgres
--

COPY aggregate_entity_instance_value_e (rid, the_value) FROM stdin;
\.


--
-- Data for Name: aggregate_info_2_element_type; Type: TABLE DATA; Schema: public; Owner: postgres
--

COPY aggregate_info_2_element_type (rid, rid_s, tablename_s, rid_d, tablename_d) FROM stdin;
13	7	AGGREGATE_INFO_E	706	TYPE_INFO_E
2199	494	AGGREGATE_INFO_E	148	ENTITY_INFO_E
2869	825	AGGREGATE_INFO_E	326	ENTITY_INFO_E
2870	826	AGGREGATE_INFO_E	827	STRING_INFO_E
2871	828	AGGREGATE_INFO_E	90	ENTITY_INFO_E
2872	829	AGGREGATE_INFO_E	148	ENTITY_INFO_E
2873	830	AGGREGATE_INFO_E	150	ENTITY_INFO_E
2874	831	AGGREGATE_INFO_E	785	DEFINED_INFO_E
2875	832	AGGREGATE_INFO_E	771	SELECT_INFO_E
2876	833	AGGREGATE_INFO_E	109	ENTITY_INFO_E
2877	834	AGGREGATE_INFO_E	417	ENTITY_INFO_E
2878	835	AGGREGATE_INFO_E	47	ENTITY_INFO_E
2879	836	AGGREGATE_INFO_E	150	ENTITY_INFO_E
2880	837	AGGREGATE_INFO_E	148	ENTITY_INFO_E
2881	839	AGGREGATE_INFO_E	18	ENTITY_INFO_E
2882	841	AGGREGATE_INFO_E	152	ENTITY_INFO_E
2883	842	AGGREGATE_INFO_E	782	SELECT_INFO_E
2884	843	AGGREGATE_INFO_E	283	ENTITY_INFO_E
2885	844	AGGREGATE_INFO_E	644	ENTITY_INFO_E
2886	845	AGGREGATE_INFO_E	155	ENTITY_INFO_E
2887	846	AGGREGATE_INFO_E	152	ENTITY_INFO_E
2888	847	AGGREGATE_INFO_E	626	ENTITY_INFO_E
2889	848	AGGREGATE_INFO_E	283	ENTITY_INFO_E
2890	849	AGGREGATE_INFO_E	446	ENTITY_INFO_E
2891	850	AGGREGATE_INFO_E	225	ENTITY_INFO_E
2892	851	AGGREGATE_INFO_E	450	ENTITY_INFO_E
2893	852	AGGREGATE_INFO_E	142	ENTITY_INFO_E
2894	853	AGGREGATE_INFO_E	213	ENTITY_INFO_E
2895	854	AGGREGATE_INFO_E	525	ENTITY_INFO_E
2896	855	AGGREGATE_INFO_E	511	ENTITY_INFO_E
2897	856	AGGREGATE_INFO_E	153	ENTITY_INFO_E
2898	857	AGGREGATE_INFO_E	148	ENTITY_INFO_E
2899	858	AGGREGATE_INFO_E	152	ENTITY_INFO_E
2900	859	AGGREGATE_INFO_E	150	ENTITY_INFO_E
2901	860	AGGREGATE_INFO_E	123	ENTITY_INFO_E
2902	861	AGGREGATE_INFO_E	153	ENTITY_INFO_E
2903	862	AGGREGATE_INFO_E	148	ENTITY_INFO_E
2904	863	AGGREGATE_INFO_E	655	ENTITY_INFO_E
2905	864	AGGREGATE_INFO_E	529	ENTITY_INFO_E
2906	865	AGGREGATE_INFO_E	226	ENTITY_INFO_E
2907	866	AGGREGATE_INFO_E	123	ENTITY_INFO_E
2908	867	AGGREGATE_INFO_E	148	ENTITY_INFO_E
2909	868	AGGREGATE_INFO_E	150	ENTITY_INFO_E
2910	869	AGGREGATE_INFO_E	152	ENTITY_INFO_E
2911	870	AGGREGATE_INFO_E	250	ENTITY_INFO_E
2912	871	AGGREGATE_INFO_E	247	ENTITY_INFO_E
2913	872	AGGREGATE_INFO_E	247	ENTITY_INFO_E
2914	873	AGGREGATE_INFO_E	148	ENTITY_INFO_E
2915	874	AGGREGATE_INFO_E	68	ENTITY_INFO_E
2916	875	AGGREGATE_INFO_E	283	ENTITY_INFO_E
2917	876	AGGREGATE_INFO_E	644	ENTITY_INFO_E
2918	877	AGGREGATE_INFO_E	123	ENTITY_INFO_E
2919	878	AGGREGATE_INFO_E	150	ENTITY_INFO_E
2920	879	AGGREGATE_INFO_E	148	ENTITY_INFO_E
2921	880	AGGREGATE_INFO_E	152	ENTITY_INFO_E
2922	881	AGGREGATE_INFO_E	709	DEFINED_INFO_E
2923	882	AGGREGATE_INFO_E	213	ENTITY_INFO_E
2924	883	AGGREGATE_INFO_E	771	SELECT_INFO_E
2925	884	AGGREGATE_INFO_E	123	ENTITY_INFO_E
2926	885	AGGREGATE_INFO_E	153	ENTITY_INFO_E
2927	886	AGGREGATE_INFO_E	123	ENTITY_INFO_E
2928	887	AGGREGATE_INFO_E	492	ENTITY_INFO_E
2929	888	AGGREGATE_INFO_E	153	ENTITY_INFO_E
2930	889	AGGREGATE_INFO_E	150	ENTITY_INFO_E
2931	890	AGGREGATE_INFO_E	300	ENTITY_INFO_E
2932	891	AGGREGATE_INFO_E	150	ENTITY_INFO_E
2933	892	AGGREGATE_INFO_E	148	ENTITY_INFO_E
2934	893	AGGREGATE_INFO_E	153	ENTITY_INFO_E
2935	894	AGGREGATE_INFO_E	152	ENTITY_INFO_E
2936	895	AGGREGATE_INFO_E	148	ENTITY_INFO_E
2937	896	AGGREGATE_INFO_E	150	ENTITY_INFO_E
2938	897	AGGREGATE_INFO_E	123	ENTITY_INFO_E
2939	898	AGGREGATE_INFO_E	153	ENTITY_INFO_E
2940	899	AGGREGATE_INFO_E	153	ENTITY_INFO_E
2941	900	AGGREGATE_INFO_E	123	ENTITY_INFO_E
2942	901	AGGREGATE_INFO_E	150	ENTITY_INFO_E
2943	902	AGGREGATE_INFO_E	148	ENTITY_INFO_E
2944	903	AGGREGATE_INFO_E	152	ENTITY_INFO_E
2945	904	AGGREGATE_INFO_E	148	ENTITY_INFO_E
2946	905	AGGREGATE_INFO_E	150	ENTITY_INFO_E
2947	906	AGGREGATE_INFO_E	148	ENTITY_INFO_E
2948	907	AGGREGATE_INFO_E	152	ENTITY_INFO_E
2949	908	AGGREGATE_INFO_E	604	ENTITY_INFO_E
2950	909	AGGREGATE_INFO_E	704	TYPE_INFO_E
2951	910	AGGREGATE_INFO_E	153	ENTITY_INFO_E
2952	911	AGGREGATE_INFO_E	123	ENTITY_INFO_E
2953	912	AGGREGATE_INFO_E	705	TYPE_INFO_E
2954	913	AGGREGATE_INFO_E	90	ENTITY_INFO_E
2955	914	AGGREGATE_INFO_E	127	ENTITY_INFO_E
2956	915	AGGREGATE_INFO_E	771	SELECT_INFO_E
2957	916	AGGREGATE_INFO_E	771	SELECT_INFO_E
2958	917	AGGREGATE_INFO_E	918	AGGREGATE_INFO_E
2959	918	AGGREGATE_INFO_E	148	ENTITY_INFO_E
2960	919	AGGREGATE_INFO_E	90	ENTITY_INFO_E
2961	920	AGGREGATE_INFO_E	90	ENTITY_INFO_E
2962	921	AGGREGATE_INFO_E	150	ENTITY_INFO_E
2963	922	AGGREGATE_INFO_E	148	ENTITY_INFO_E
2964	923	AGGREGATE_INFO_E	770	SELECT_INFO_E
2965	924	AGGREGATE_INFO_E	149	ENTITY_INFO_E
2966	925	AGGREGATE_INFO_E	729	DEFINED_INFO_E
2967	926	AGGREGATE_INFO_E	752	DEFINED_INFO_E
2968	927	AGGREGATE_INFO_E	928	AGGREGATE_INFO_E
2969	928	AGGREGATE_INFO_E	148	ENTITY_INFO_E
2970	929	AGGREGATE_INFO_E	150	ENTITY_INFO_E
2971	930	AGGREGATE_INFO_E	148	ENTITY_INFO_E
2972	931	AGGREGATE_INFO_E	90	ENTITY_INFO_E
2973	932	AGGREGATE_INFO_E	806	ENUM_INFO_E
2974	933	AGGREGATE_INFO_E	149	ENTITY_INFO_E
2975	934	AGGREGATE_INFO_E	283	ENTITY_INFO_E
2976	935	AGGREGATE_INFO_E	403	ENTITY_INFO_E
2977	936	AGGREGATE_INFO_E	104	ENTITY_INFO_E
2978	937	AGGREGATE_INFO_E	151	ENTITY_INFO_E
2979	938	AGGREGATE_INFO_E	163	ENTITY_INFO_E
2980	939	AGGREGATE_INFO_E	148	ENTITY_INFO_E
2981	940	AGGREGATE_INFO_E	148	ENTITY_INFO_E
2982	941	AGGREGATE_INFO_E	148	ENTITY_INFO_E
2983	942	AGGREGATE_INFO_E	723	DEFINED_INFO_E
2984	943	AGGREGATE_INFO_E	503	ENTITY_INFO_E
2985	944	AGGREGATE_INFO_E	250	ENTITY_INFO_E
2986	945	AGGREGATE_INFO_E	148	ENTITY_INFO_E
2987	946	AGGREGATE_INFO_E	723	DEFINED_INFO_E
2988	947	AGGREGATE_INFO_E	723	DEFINED_INFO_E
2989	948	AGGREGATE_INFO_E	723	DEFINED_INFO_E
2990	949	AGGREGATE_INFO_E	154	ENTITY_INFO_E
2991	950	AGGREGATE_INFO_E	18	ENTITY_INFO_E
2992	951	AGGREGATE_INFO_E	744	DEFINED_INFO_E
2993	952	AGGREGATE_INFO_E	705	TYPE_INFO_E
2994	953	AGGREGATE_INFO_E	152	ENTITY_INFO_E
2995	954	AGGREGATE_INFO_E	148	ENTITY_INFO_E
3331	956	AGGREGATE_INFO_E	799	SELECT_INFO_E
3332	957	AGGREGATE_INFO_E	813	SELECT_INFO_E
3333	958	AGGREGATE_INFO_E	813	SELECT_INFO_E
3334	959	AGGREGATE_INFO_E	813	SELECT_INFO_E
3335	960	AGGREGATE_INFO_E	153	ENTITY_INFO_E
3425	997	AGGREGATE_INFO_E	21	ENTITY_INFO_E
3426	998	AGGREGATE_INFO_E	961	ENTITY_INFO_E
3427	999	AGGREGATE_INFO_E	984	ENTITY_INFO_E
3428	1000	AGGREGATE_INFO_E	983	ENTITY_INFO_E
3429	1003	AGGREGATE_INFO_E	22	ENTITY_INFO_E
3430	1005	AGGREGATE_INFO_E	550	ENTITY_INFO_E
3431	1007	AGGREGATE_INFO_E	21	ENTITY_INFO_E
3449	1009	AGGREGATE_INFO_E	1010	STRING_INFO_E
3450	1012	AGGREGATE_INFO_E	13	ENTITY_INFO_E
3451	1013	AGGREGATE_INFO_E	22	ENTITY_INFO_E
3452	1014	AGGREGATE_INFO_E	13	ENTITY_INFO_E
3453	1015	AGGREGATE_INFO_E	13	ENTITY_INFO_E
\.


--
-- Data for Name: aggregate_info_e; Type: TABLE DATA; Schema: public; Owner: postgres
--

COPY aggregate_info_e (rid, obj, category, is_unique, is_optional, bound_1, bound_2, element_type) FROM stdin;
7	\N	65	f	f	1	4	13
494	\N	66	t	f	0	\N	2199
825	\N	66	f	f	1	\N	2869
826	\N	68	f	f	0	\N	2870
828	\N	68	f	f	0	\N	2871
829	\N	66	t	f	0	\N	2872
830	\N	68	f	f	0	\N	2873
831	\N	66	t	f	1	\N	2874
832	\N	66	f	f	0	\N	2875
833	\N	66	f	f	0	\N	2876
834	\N	66	f	f	1	\N	2877
835	\N	68	f	f	0	\N	2878
836	\N	68	f	f	0	\N	2879
837	\N	68	f	f	0	\N	2880
839	\N	66	f	f	0	\N	2881
841	\N	68	f	f	0	\N	2882
842	\N	68	f	f	1	\N	2883
843	\N	68	f	f	0	\N	2884
844	\N	68	f	f	0	\N	2885
845	\N	68	f	f	1	\N	2886
846	\N	66	t	f	0	\N	2887
847	\N	68	f	f	0	\N	2888
848	\N	68	f	f	0	\N	2889
849	\N	68	f	f	0	1	2890
850	\N	68	f	f	1	\N	2891
851	\N	68	f	f	1	\N	2892
852	\N	66	f	f	1	\N	2893
853	\N	66	f	f	2	2	2894
854	\N	68	f	f	0	\N	2895
855	\N	68	f	f	0	\N	2896
856	\N	68	f	f	0	\N	2897
857	\N	66	f	f	0	\N	2898
858	\N	68	f	f	1	\N	2899
859	\N	68	f	f	0	\N	2900
860	\N	68	f	f	0	\N	2901
861	\N	68	f	f	0	\N	2902
862	\N	68	f	f	0	\N	2903
863	\N	68	f	f	0	\N	2904
864	\N	68	f	f	0	\N	2905
865	\N	66	t	f	1	\N	2906
866	\N	68	f	f	0	\N	2907
867	\N	66	f	f	0	\N	2908
868	\N	68	f	f	0	\N	2909
869	\N	68	f	f	1	\N	2910
870	\N	66	f	f	0	\N	2911
871	\N	66	f	f	0	\N	2912
872	\N	66	f	f	0	\N	2913
873	\N	66	t	f	1	\N	2914
874	\N	68	f	f	0	\N	2915
875	\N	68	f	f	0	\N	2916
876	\N	66	f	f	0	\N	2917
877	\N	68	f	f	0	\N	2918
878	\N	68	f	f	0	\N	2919
879	\N	66	f	f	0	\N	2920
880	\N	68	f	f	1	\N	2921
881	\N	66	f	f	1	\N	2922
882	\N	66	f	f	3	3	2923
883	\N	66	f	f	0	\N	2924
884	\N	68	f	f	0	\N	2925
885	\N	68	f	f	0	\N	2926
886	\N	68	f	f	0	\N	2927
887	\N	68	f	f	1	\N	2928
888	\N	68	f	f	0	\N	2929
889	\N	68	f	f	0	\N	2930
890	\N	68	f	f	0	\N	2931
891	\N	68	f	f	0	\N	2932
892	\N	66	f	f	0	\N	2933
893	\N	68	f	f	0	\N	2934
894	\N	68	f	f	0	\N	2935
895	\N	66	f	f	0	\N	2936
896	\N	68	f	f	0	\N	2937
897	\N	68	f	f	0	\N	2938
898	\N	68	f	f	0	\N	2939
899	\N	68	f	f	0	\N	2940
900	\N	68	f	f	0	\N	2941
901	\N	68	f	f	0	\N	2942
902	\N	66	f	f	0	\N	2943
903	\N	68	f	f	2	2	2944
904	\N	66	f	f	0	\N	2945
905	\N	68	f	f	0	\N	2946
906	\N	66	f	f	0	\N	2947
907	\N	68	f	f	1	\N	2948
908	\N	68	f	f	1	\N	2949
909	\N	65	f	f	1	4	2950
910	\N	68	f	f	0	\N	2951
911	\N	68	f	f	0	\N	2952
912	\N	65	f	f	1	4	2953
913	\N	68	f	f	0	\N	2954
914	\N	68	f	f	0	\N	2955
915	\N	66	f	f	0	\N	2956
916	\N	66	f	f	0	\N	2957
917	\N	68	f	f	0	\N	2958
918	\N	66	f	f	2	2	2959
919	\N	68	f	f	0	\N	2960
920	\N	68	f	f	0	\N	2961
921	\N	68	f	f	0	\N	2962
922	\N	68	f	f	0	\N	2963
923	\N	66	f	f	0	\N	2964
924	\N	68	f	f	1	\N	2965
925	\N	66	f	f	1	\N	2966
926	\N	66	f	f	1	\N	2967
927	\N	68	f	f	0	\N	2968
928	\N	66	f	f	2	2	2969
929	\N	68	f	f	0	\N	2970
930	\N	68	f	f	0	\N	2971
931	\N	68	f	f	0	\N	2972
932	\N	66	t	f	1	4	2973
933	\N	68	f	f	1	\N	2974
934	\N	68	f	f	0	\N	2975
935	\N	68	f	f	0	1	2976
936	\N	68	f	f	0	1	2977
937	\N	68	f	f	1	\N	2978
938	\N	68	f	f	0	\N	2979
939	\N	66	t	f	0	\N	2980
940	\N	66	t	f	0	\N	2981
941	\N	68	f	f	1	\N	2982
942	\N	66	f	f	1	\N	2983
943	\N	68	f	f	1	\N	2984
944	\N	66	f	f	0	\N	2985
945	\N	68	f	f	0	\N	2986
946	\N	66	f	f	1	\N	2987
947	\N	66	f	f	1	\N	2988
948	\N	66	f	f	1	\N	2989
949	\N	68	f	f	1	\N	2990
950	\N	66	f	f	1	\N	2991
951	\N	66	f	f	1	3	2992
952	\N	66	f	f	2	3	2993
953	\N	68	f	f	0	\N	2994
954	\N	66	t	f	0	\N	2995
956	\N	68	f	f	0	\N	3331
957	\N	66	f	f	0	\N	3332
958	\N	66	f	f	0	\N	3333
959	\N	66	f	f	0	\N	3334
960	\N	68	f	f	1	\N	3335
997	\N	68	f	f	0	\N	3425
998	\N	66	t	f	0	\N	3426
999	\N	66	t	f	0	\N	3427
1000	\N	66	t	f	0	\N	3428
1003	\N	68	f	f	0	\N	3429
1005	\N	68	f	f	0	\N	3430
1007	\N	66	t	f	0	\N	3431
1009	\N	66	t	f	0	\N	3449
1012	\N	68	f	f	0	\N	3450
1013	\N	68	f	f	0	\N	3451
1014	\N	68	f	f	0	\N	3452
1015	\N	68	f	f	0	\N	3453
\.


--
-- Data for Name: aggregate_type_2_value_type; Type: TABLE DATA; Schema: public; Owner: postgres
--

COPY aggregate_type_2_value_type (rid, rid_s, tablename_s, rid_d, tablename_d) FROM stdin;
\.


--
-- Data for Name: aggregate_type_e; Type: TABLE DATA; Schema: public; Owner: postgres
--

COPY aggregate_type_e (rid, bound_1, bound_2, value_type) FROM stdin;
\.


--
-- Data for Name: aggregate_value_2_values; Type: TABLE DATA; Schema: public; Owner: postgres
--

COPY aggregate_value_2_values (rid, rid_s, tablename_s, rid_d, tablename_d) FROM stdin;
\.


--
-- Data for Name: aggregate_value_e; Type: TABLE DATA; Schema: public; Owner: postgres
--

COPY aggregate_value_e (rid, "values") FROM stdin;
\.


--
-- Data for Name: ahead_or_behind_t; Type: TABLE DATA; Schema: public; Owner: postgres
--

COPY ahead_or_behind_t (rid, element, rang) FROM stdin;
17	AHEAD	1
18	EXACT	2
19	BEHIND	3
\.


--
-- Data for Name: amount_of_substance_measure_t; Type: TABLE DATA; Schema: public; Owner: postgres
--

COPY amount_of_substance_measure_t (rid, value) FROM stdin;
\.


--
-- Data for Name: application_context_e; Type: TABLE DATA; Schema: public; Owner: postgres
--

COPY application_context_e (rid, application) FROM stdin;
\.


--
-- Data for Name: application_context_element_2_frame_of_reference; Type: TABLE DATA; Schema: public; Owner: postgres
--

COPY application_context_element_2_frame_of_reference (rid, rid_s, tablename_s, rid_d, tablename_d) FROM stdin;
\.


--
-- Data for Name: application_context_element_e; Type: TABLE DATA; Schema: public; Owner: postgres
--

COPY application_context_element_e (rid, name, frame_of_reference) FROM stdin;
\.


--
-- Data for Name: application_info_2_schemas; Type: TABLE DATA; Schema: public; Owner: postgres
--

COPY application_info_2_schemas (rid, rid_s, tablename_s, rid_d, tablename_d) FROM stdin;
\.


--
-- Data for Name: application_info_e; Type: TABLE DATA; Schema: public; Owner: postgres
--

COPY application_info_e (rid, name, schemas) FROM stdin;
\.


--
-- Data for Name: application_protocol_definition_2_application; Type: TABLE DATA; Schema: public; Owner: postgres
--

COPY application_protocol_definition_2_application (rid, rid_s, tablename_s, rid_d, tablename_d) FROM stdin;
\.


--
-- Data for Name: application_protocol_definition_e; Type: TABLE DATA; Schema: public; Owner: postgres
--

COPY application_protocol_definition_e (rid, status, application_interpreted_model_schema_name, application_protocol_year, application) FROM stdin;
\.


--
-- Data for Name: area_measure_t; Type: TABLE DATA; Schema: public; Owner: postgres
--

COPY area_measure_t (rid, value) FROM stdin;
\.


--
-- Data for Name: array_type_e; Type: TABLE DATA; Schema: public; Owner: postgres
--

COPY array_type_e (rid, bound_1, bound_2, value_type, uniqueness, are_optional) FROM stdin;
\.


--
-- Data for Name: array_value_cartesian_point_coordinates; Type: TABLE DATA; Schema: public; Owner: postgres
--

COPY array_value_cartesian_point_coordinates (rid, value) FROM stdin;
\.


--
-- Name: array_value_cartesian_point_coordinates_rid_seq; Type: SEQUENCE SET; Schema: public; Owner: postgres
--

SELECT pg_catalog.setval('array_value_cartesian_point_coordinates_rid_seq', 1, false);


--
-- Data for Name: array_value_direction_direction_ratios; Type: TABLE DATA; Schema: public; Owner: postgres
--

COPY array_value_direction_direction_ratios (rid, value) FROM stdin;
\.


--
-- Name: array_value_direction_direction_ratios_rid_seq; Type: SEQUENCE SET; Schema: public; Owner: postgres
--

SELECT pg_catalog.setval('array_value_direction_direction_ratios_rid_seq', 1, false);


--
-- Name: array_value_document_element_with_translated_http_acces_rid_seq; Type: SEQUENCE SET; Schema: public; Owner: postgres
--

SELECT pg_catalog.setval('array_value_document_element_with_translated_http_acces_rid_seq', 1, false);


--
-- Data for Name: array_value_document_element_with_translated_http_access_remote; Type: TABLE DATA; Schema: public; Owner: postgres
--

COPY array_value_document_element_with_translated_http_access_remote (rid, value) FROM stdin;
\.


--
-- Data for Name: array_value_e; Type: TABLE DATA; Schema: public; Owner: postgres
--

COPY array_value_e (rid, "values", bound_1, bound_2) FROM stdin;
\.


--
-- Data for Name: array_value_entity_instance_type_type_name; Type: TABLE DATA; Schema: public; Owner: postgres
--

COPY array_value_entity_instance_type_type_name (rid, value) FROM stdin;
1	ISO13584_25_IEC61360_5_LIBRARY_IMPLICIT_SCHEMA.PROPERTY_VALUE_EXTERNAL_ITEM
\.


--
-- Name: array_value_entity_instance_type_type_name_rid_seq; Type: SEQUENCE SET; Schema: public; Owner: postgres
--

SELECT pg_catalog.setval('array_value_entity_instance_type_type_name_rid_seq', 1, true);


--
-- Data for Name: array_value_enum_info_literals; Type: TABLE DATA; Schema: public; Owner: postgres
--

COPY array_value_enum_info_literals (rid, value) FROM stdin;
1	SOURCE
2	COMPILED
3	METRE
4	GRAM
5	SECOND
6	AMPERE
7	KELVIN
8	MOLE
9	CANDELA
10	RADIAN
11	STERADIAN
12	HERTZ
13	NEWTON
14	PASCAL
15	JOULE
16	WATT
17	COULOMB
18	VOLT
19	FARAD
20	OHM
21	SIEMENS
22	WEBER
23	TESLA
24	HENRY
25	DEGREE_CELSIUS
26	LUMEN
27	LUX
28	BECQUEREL
29	GRAY
30	SIEVERT
31	EXA
32	PETA
33	TERA
34	GIGA
35	MEGA
36	KILO
37	HECTO
38	DECA
39	DECI
40	CENTI
41	MILLI
42	MICRO
43	NANO
44	PICO
45	FEMTO
46	ATTO
47	AHEAD
48	EXACT
49	BEHIND
50	MIN
51	NOM
52	TYP
53	MAX
54	SCHEMATIC_DRAWING
55	REALISTIC_PICTURE
56	NOT_STATIC_PICTURE
57	NO_TYPE
58	NUMBER_TYPE
59	REAL_TYPE
60	INTEGER_TYPE
61	STRING_TYPE
62	BINARY_TYPE
63	LOGICAL_TYPE
64	BOOLEAN_TYPE
65	ARRAY_TYPE
66	LIST_TYPE
67	BAG_TYPE
68	SET_TYPE
69	AGGREGATE_TYPE
70	GENERIC_TYPE
71	ENUM_TYPE
72	SELECT_TYPE
73	ENTITY_TYPE
\.


--
-- Name: array_value_enum_info_literals_rid_seq; Type: SEQUENCE SET; Schema: public; Owner: postgres
--

SELECT pg_catalog.setval('array_value_enum_info_literals_rid_seq', 73, true);


--
-- Data for Name: array_value_int_level_spec_value_values; Type: TABLE DATA; Schema: public; Owner: postgres
--

COPY array_value_int_level_spec_value_values (rid, value) FROM stdin;
\.


--
-- Name: array_value_int_level_spec_value_values_rid_seq; Type: SEQUENCE SET; Schema: public; Owner: postgres
--

SELECT pg_catalog.setval('array_value_int_level_spec_value_values_rid_seq', 1, false);


--
-- Data for Name: array_value_level_spec_value_values; Type: TABLE DATA; Schema: public; Owner: postgres
--

COPY array_value_level_spec_value_values (rid, value) FROM stdin;
\.


--
-- Name: array_value_level_spec_value_values_rid_seq; Type: SEQUENCE SET; Schema: public; Owner: postgres
--

SELECT pg_catalog.setval('array_value_level_spec_value_values_rid_seq', 1, false);


--
-- Data for Name: array_value_person_middle_names; Type: TABLE DATA; Schema: public; Owner: postgres
--

COPY array_value_person_middle_names (rid, value) FROM stdin;
\.


--
-- Name: array_value_person_middle_names_rid_seq; Type: SEQUENCE SET; Schema: public; Owner: postgres
--

SELECT pg_catalog.setval('array_value_person_middle_names_rid_seq', 1, false);


--
-- Data for Name: array_value_person_prefix_titles; Type: TABLE DATA; Schema: public; Owner: postgres
--

COPY array_value_person_prefix_titles (rid, value) FROM stdin;
\.


--
-- Name: array_value_person_prefix_titles_rid_seq; Type: SEQUENCE SET; Schema: public; Owner: postgres
--

SELECT pg_catalog.setval('array_value_person_prefix_titles_rid_seq', 1, false);


--
-- Data for Name: array_value_person_suffix_titles; Type: TABLE DATA; Schema: public; Owner: postgres
--

COPY array_value_person_suffix_titles (rid, value) FROM stdin;
\.


--
-- Name: array_value_person_suffix_titles_rid_seq; Type: SEQUENCE SET; Schema: public; Owner: postgres
--

SELECT pg_catalog.setval('array_value_person_suffix_titles_rid_seq', 1, false);


--
-- Data for Name: array_value_present_translations_language_codes; Type: TABLE DATA; Schema: public; Owner: postgres
--

COPY array_value_present_translations_language_codes (rid, value) FROM stdin;
\.


--
-- Name: array_value_present_translations_language_codes_rid_seq; Type: SEQUENCE SET; Schema: public; Owner: postgres
--

SELECT pg_catalog.setval('array_value_present_translations_language_codes_rid_seq', 4, true);


--
-- Data for Name: array_value_real_level_spec_value_values; Type: TABLE DATA; Schema: public; Owner: postgres
--

COPY array_value_real_level_spec_value_values (rid, value) FROM stdin;
\.


--
-- Name: array_value_real_level_spec_value_values_rid_seq; Type: SEQUENCE SET; Schema: public; Owner: postgres
--

SELECT pg_catalog.setval('array_value_real_level_spec_value_values_rid_seq', 1, false);


--
-- Data for Name: array_value_translated_label_labels; Type: TABLE DATA; Schema: public; Owner: postgres
--

COPY array_value_translated_label_labels (rid, value) FROM stdin;
\.


--
-- Name: array_value_translated_label_labels_rid_seq; Type: SEQUENCE SET; Schema: public; Owner: postgres
--

SELECT pg_catalog.setval('array_value_translated_label_labels_rid_seq', 4, true);


--
-- Data for Name: array_value_translated_string_value_string_values; Type: TABLE DATA; Schema: public; Owner: postgres
--

COPY array_value_translated_string_value_string_values (rid, value) FROM stdin;
\.


--
-- Name: array_value_translated_string_value_string_values_rid_seq; Type: SEQUENCE SET; Schema: public; Owner: postgres
--

SELECT pg_catalog.setval('array_value_translated_string_value_string_values_rid_seq', 1, false);


--
-- Data for Name: array_value_translated_text_texts; Type: TABLE DATA; Schema: public; Owner: postgres
--

COPY array_value_translated_text_texts (rid, value) FROM stdin;
\.


--
-- Name: array_value_translated_text_texts_rid_seq; Type: SEQUENCE SET; Schema: public; Owner: postgres
--

SELECT pg_catalog.setval('array_value_translated_text_texts_rid_seq', 1, false);


--
-- Data for Name: attribute_2_attr_type; Type: TABLE DATA; Schema: public; Owner: postgres
--

COPY attribute_2_attr_type (rid, rid_s, tablename_s, rid_d, tablename_d) FROM stdin;
2	1	ATTRIBUTE_E	951	AGGREGATE_INFO_E
3	2	ATTRIBUTE_E	388	ENTITY_INFO_E
6	3	ATTRIBUTE_E	862	AGGREGATE_INFO_E
8	4	ATTRIBUTE_E	869	AGGREGATE_INFO_E
10	5	ATTRIBUTE_E	703	TYPE_INFO_E
12	6	ATTRIBUTE_E	788	DEFINED_INFO_E
14	8	ATTRIBUTE_E	838	STRING_INFO_E
16	9	ATTRIBUTE_E	724	SELECT_INFO_E
19	10	ATTRIBUTE_E	724	SELECT_INFO_E
21	11	ATTRIBUTE_E	840	STRING_INFO_E
47	14	ATTRIBUTE_E	950	AGGREGATE_INFO_E
48	15	ATTRIBUTE_E	771	SELECT_INFO_E
51	17	ATTRIBUTE_E	148	ENTITY_INFO_E
93	23	ATTRIBUTE_E	704	TYPE_INFO_E
95	24	ATTRIBUTE_E	373	ENTITY_INFO_E
109	27	ATTRIBUTE_E	709	DEFINED_INFO_E
111	28	ATTRIBUTE_E	720	DEFINED_INFO_E
112	29	ATTRIBUTE_E	723	DEFINED_INFO_E
117	31	ATTRIBUTE_E	546	ENTITY_INFO_E
120	32	ATTRIBUTE_E	815	DEFINED_INFO_E
122	33	ATTRIBUTE_E	825	AGGREGATE_INFO_E
124	34	ATTRIBUTE_E	153	ENTITY_INFO_E
126	35	ATTRIBUTE_E	30	ENTITY_INFO_E
128	36	ATTRIBUTE_E	109	ENTITY_INFO_E
129	37	ATTRIBUTE_E	766	SELECT_INFO_E
132	38	ATTRIBUTE_E	708	SELECT_INFO_E
133	39	ATTRIBUTE_E	818	SELECT_INFO_E
194	45	ATTRIBUTE_E	90	ENTITY_INFO_E
196	46	ATTRIBUTE_E	960	AGGREGATE_INFO_E
204	49	ATTRIBUTE_E	785	DEFINED_INFO_E
207	51	ATTRIBUTE_E	152	ENTITY_INFO_E
209	52	ATTRIBUTE_E	839	AGGREGATE_INFO_E
211	53	ATTRIBUTE_E	841	AGGREGATE_INFO_E
239	57	ATTRIBUTE_E	704	TYPE_INFO_E
259	61	ATTRIBUTE_E	823	DEFINED_INFO_E
261	62	ATTRIBUTE_E	957	AGGREGATE_INFO_E
263	63	ATTRIBUTE_E	284	ENTITY_INFO_E
265	64	ATTRIBUTE_E	958	AGGREGATE_INFO_E
267	65	ATTRIBUTE_E	959	AGGREGATE_INFO_E
269	66	ATTRIBUTE_E	790	DEFINED_INFO_E
271	67	ATTRIBUTE_E	211	ENTITY_INFO_E
292	70	ATTRIBUTE_E	826	AGGREGATE_INFO_E
686	97	ATTRIBUTE_E	859	AGGREGATE_INFO_E
711	100	ATTRIBUTE_E	857	AGGREGATE_INFO_E
795	105	ATTRIBUTE_E	723	DEFINED_INFO_E
797	106	ATTRIBUTE_E	722	SELECT_INFO_E
799	107	ATTRIBUTE_E	375	ENTITY_INFO_E
801	108	ATTRIBUTE_E	388	ENTITY_INFO_E
808	110	ATTRIBUTE_E	213	ENTITY_INFO_E
809	111	ATTRIBUTE_E	744	DEFINED_INFO_E
815	113	ATTRIBUTE_E	109	ENTITY_INFO_E
818	114	ATTRIBUTE_E	766	SELECT_INFO_E
820	115	ATTRIBUTE_E	708	SELECT_INFO_E
821	116	ATTRIBUTE_E	154	ENTITY_INFO_E
824	117	ATTRIBUTE_E	818	SELECT_INFO_E
825	118	ATTRIBUTE_E	156	ENTITY_INFO_E
907	125	ATTRIBUTE_E	709	DEFINED_INFO_E
910	126	ATTRIBUTE_E	709	DEFINED_INFO_E
914	128	ATTRIBUTE_E	603	ENTITY_INFO_E
916	129	ATTRIBUTE_E	689	ENTITY_INFO_E
919	131	DER_ATTRIBUTE_E	213	ENTITY_INFO_E
922	132	ATTRIBUTE_E	213	ENTITY_INFO_E
924	133	ATTRIBUTE_E	58	ENTITY_INFO_E
937	136	ATTRIBUTE_E	956	AGGREGATE_INFO_E
939	137	ATTRIBUTE_E	822	SELECT_INFO_E
941	138	INV_ATTRIBUTE_E	211	ENTITY_INFO_E
943	139	ATTRIBUTE_E	943	AGGREGATE_INFO_E
944	140	ATTRIBUTE_E	503	ENTITY_INFO_E
946	141	ATTRIBUTE_E	765	DEFINED_INFO_E
953	143	INV_ATTRIBUTE_E	935	AGGREGATE_INFO_E
955	144	INV_ATTRIBUTE_E	936	AGGREGATE_INFO_E
957	145	DER_ATTRIBUTE_E	720	DEFINED_INFO_E
959	146	ATTRIBUTE_E	697	DEFINED_INFO_E
961	147	ATTRIBUTE_E	788	DEFINED_INFO_E
1025	157	ATTRIBUTE_E	807	DEFINED_INFO_E
1033	160	ATTRIBUTE_E	949	AGGREGATE_INFO_E
1035	161	ATTRIBUTE_E	98	ENTITY_INFO_E
1044	164	ATTRIBUTE_E	152	ENTITY_INFO_E
1045	165	ATTRIBUTE_E	829	AGGREGATE_INFO_E
1048	166	ATTRIBUTE_E	152	ENTITY_INFO_E
1050	167	ATTRIBUTE_E	830	AGGREGATE_INFO_E
1052	168	ATTRIBUTE_E	109	ENTITY_INFO_E
1054	169	ATTRIBUTE_E	766	SELECT_INFO_E
1056	170	ATTRIBUTE_E	708	SELECT_INFO_E
1058	171	ATTRIBUTE_E	818	SELECT_INFO_E
1060	172	ATTRIBUTE_E	306	ENTITY_INFO_E
1062	173	ATTRIBUTE_E	855	AGGREGATE_INFO_E
1063	174	ATTRIBUTE_E	796	DEFINED_INFO_E
1066	175	ATTRIBUTE_E	109	ENTITY_INFO_E
1067	176	ATTRIBUTE_E	708	SELECT_INFO_E
1070	177	ATTRIBUTE_E	818	SELECT_INFO_E
1071	178	ATTRIBUTE_E	525	ENTITY_INFO_E
1073	179	ATTRIBUTE_E	854	AGGREGATE_INFO_E
1075	180	ATTRIBUTE_E	720	DEFINED_INFO_E
1078	181	ATTRIBUTE_E	667	ENTITY_INFO_E
1079	182	ATTRIBUTE_E	843	AGGREGATE_INFO_E
1082	183	ATTRIBUTE_E	844	AGGREGATE_INFO_E
1083	184	ATTRIBUTE_E	846	AGGREGATE_INFO_E
1086	185	ATTRIBUTE_E	155	ENTITY_INFO_E
1088	186	ATTRIBUTE_E	845	AGGREGATE_INFO_E
1090	187	ATTRIBUTE_E	847	AGGREGATE_INFO_E
1091	188	ATTRIBUTE_E	848	AGGREGATE_INFO_E
1094	189	ATTRIBUTE_E	525	ENTITY_INFO_E
1095	190	ATTRIBUTE_E	703	TYPE_INFO_E
1151	194	ATTRIBUTE_E	704	TYPE_INFO_E
1153	195	ATTRIBUTE_E	704	TYPE_INFO_E
1155	196	ATTRIBUTE_E	923	AGGREGATE_INFO_E
1167	199	ATTRIBUTE_E	787	DEFINED_INFO_E
1169	200	ATTRIBUTE_E	940	AGGREGATE_INFO_E
1171	201	ATTRIBUTE_E	815	DEFINED_INFO_E
1173	202	ATTRIBUTE_E	365	ENTITY_INFO_E
1175	203	ATTRIBUTE_E	153	ENTITY_INFO_E
1188	206	INV_ATTRIBUTE_E	253	ENTITY_INFO_E
1201	210	ATTRIBUTE_E	852	AGGREGATE_INFO_E
1212	214	ATTRIBUTE_E	814	DEFINED_INFO_E
1215	215	ATTRIBUTE_E	720	DEFINED_INFO_E
1217	216	ATTRIBUTE_E	709	DEFINED_INFO_E
1228	219	DER_ATTRIBUTE_E	953	AGGREGATE_INFO_E
1230	220	ATTRIBUTE_E	217	ENTITY_INFO_E
1232	221	ATTRIBUTE_E	723	DEFINED_INFO_E
1234	222	ATTRIBUTE_E	851	AGGREGATE_INFO_E
1235	223	ATTRIBUTE_E	542	ENTITY_INFO_E
1237	224	ATTRIBUTE_E	55	ENTITY_INFO_E
1271	228	DER_ATTRIBUTE_E	954	AGGREGATE_INFO_E
1273	229	ATTRIBUTE_E	16	STRING_INFO_E
1275	230	ATTRIBUTE_E	939	AGGREGATE_INFO_E
1277	231	ATTRIBUTE_E	149	ENTITY_INFO_E
1279	232	ATTRIBUTE_E	149	ENTITY_INFO_E
1281	233	ATTRIBUTE_E	284	ENTITY_INFO_E
1294	236	ATTRIBUTE_E	709	DEFINED_INFO_E
1296	237	ATTRIBUTE_E	778	SELECT_INFO_E
1306	240	ATTRIBUTE_E	952	AGGREGATE_INFO_E
1308	241	INV_ATTRIBUTE_E	938	AGGREGATE_INFO_E
1310	242	ATTRIBUTE_E	596	ENTITY_INFO_E
1312	243	ATTRIBUTE_E	30	ENTITY_INFO_E
1314	244	ATTRIBUTE_E	155	ENTITY_INFO_E
1316	245	INV_ATTRIBUTE_E	264	ENTITY_INFO_E
1318	246	ATTRIBUTE_E	283	ENTITY_INFO_E
1376	254	ATTRIBUTE_E	788	DEFINED_INFO_E
1379	255	ATTRIBUTE_E	863	AGGREGATE_INFO_E
1381	256	ATTRIBUTE_E	875	AGGREGATE_INFO_E
1383	257	ATTRIBUTE_E	864	AGGREGATE_INFO_E
1385	258	ATTRIBUTE_E	874	AGGREGATE_INFO_E
1386	259	ATTRIBUTE_E	815	DEFINED_INFO_E
1457	265	ATTRIBUTE_E	570	ENTITY_INFO_E
1473	269	ATTRIBUTE_E	570	ENTITY_INFO_E
1479	271	ATTRIBUTE_E	860	AGGREGATE_INFO_E
1481	272	ATTRIBUTE_E	30	ENTITY_INFO_E
1482	273	ATTRIBUTE_E	109	ENTITY_INFO_E
1485	274	ATTRIBUTE_E	720	DEFINED_INFO_E
1486	275	ATTRIBUTE_E	720	DEFINED_INFO_E
1489	276	ATTRIBUTE_E	720	DEFINED_INFO_E
1491	277	ATTRIBUTE_E	284	ENTITY_INFO_E
1492	278	ATTRIBUTE_E	720	DEFINED_INFO_E
1576	285	ATTRIBUTE_E	937	AGGREGATE_INFO_E
1578	286	ATTRIBUTE_E	876	AGGREGATE_INFO_E
1581	287	ATTRIBUTE_E	152	ENTITY_INFO_E
1593	289	ATTRIBUTE_E	715	ENUM_INFO_E
1595	290	ATTRIBUTE_E	720	DEFINED_INFO_E
1598	291	ATTRIBUTE_E	30	ENTITY_INFO_E
1600	292	ATTRIBUTE_E	720	DEFINED_INFO_E
1602	293	ATTRIBUTE_E	733	DEFINED_INFO_E
1603	294	ATTRIBUTE_E	866	AGGREGATE_INFO_E
1606	295	ATTRIBUTE_E	856	AGGREGATE_INFO_E
1607	296	ATTRIBUTE_E	858	AGGREGATE_INFO_E
1610	297	ATTRIBUTE_E	868	AGGREGATE_INFO_E
1611	298	ATTRIBUTE_E	867	AGGREGATE_INFO_E
1614	299	ATTRIBUTE_E	861	AGGREGATE_INFO_E
1618	301	ATTRIBUTE_E	942	AGGREGATE_INFO_E
1621	302	ATTRIBUTE_E	375	ENTITY_INFO_E
1631	307	ATTRIBUTE_E	363	ENTITY_INFO_E
1641	310	ATTRIBUTE_E	729	DEFINED_INFO_E
1643	311	ATTRIBUTE_E	127	ENTITY_INFO_E
1645	312	ATTRIBUTE_E	914	AGGREGATE_INFO_E
1647	313	ATTRIBUTE_E	388	ENTITY_INFO_E
1648	314	ATTRIBUTE_E	758	DEFINED_INFO_E
1651	315	ATTRIBUTE_E	148	ENTITY_INFO_E
1652	316	ATTRIBUTE_E	127	ENTITY_INFO_E
1655	317	ATTRIBUTE_E	373	ENTITY_INFO_E
1656	318	ATTRIBUTE_E	154	ENTITY_INFO_E
1668	320	ATTRIBUTE_E	365	ENTITY_INFO_E
1671	321	ATTRIBUTE_E	723	DEFINED_INFO_E
1673	322	ATTRIBUTE_E	148	ENTITY_INFO_E
1675	323	ATTRIBUTE_E	704	TYPE_INFO_E
1677	324	ATTRIBUTE_E	704	TYPE_INFO_E
1679	325	ATTRIBUTE_E	948	AGGREGATE_INFO_E
1687	327	DER_ATTRIBUTE_E	494	AGGREGATE_INFO_E
1689	328	ATTRIBUTE_E	1001	STRING_INFO_E
1690	329	ATTRIBUTE_E	150	ENTITY_INFO_E
1693	330	ATTRIBUTE_E	109	ENTITY_INFO_E
1695	331	ATTRIBUTE_E	373	ENTITY_INFO_E
1697	332	ATTRIBUTE_E	723	DEFINED_INFO_E
1699	333	ATTRIBUTE_E	378	ENTITY_INFO_E
1704	335	ATTRIBUTE_E	941	AGGREGATE_INFO_E
1720	337	ATTRIBUTE_E	865	AGGREGATE_INFO_E
1722	338	ATTRIBUTE_E	703	TYPE_INFO_E
1724	339	ATTRIBUTE_E	873	AGGREGATE_INFO_E
1726	340	ATTRIBUTE_E	250	ENTITY_INFO_E
1728	341	ATTRIBUTE_E	381	ENTITY_INFO_E
1729	342	ATTRIBUTE_E	944	AGGREGATE_INFO_E
1732	343	ATTRIBUTE_E	945	AGGREGATE_INFO_E
1734	344	ATTRIBUTE_E	148	ENTITY_INFO_E
1736	345	ATTRIBUTE_E	249	ENTITY_INFO_E
1737	346	ATTRIBUTE_E	249	ENTITY_INFO_E
1740	347	ATTRIBUTE_E	1002	STRING_INFO_E
1742	348	DER_ATTRIBUTE_E	720	DEFINED_INFO_E
1744	349	DER_ATTRIBUTE_E	788	DEFINED_INFO_E
1746	350	ATTRIBUTE_E	779	DEFINED_INFO_E
1748	351	ATTRIBUTE_E	946	AGGREGATE_INFO_E
1750	352	ATTRIBUTE_E	723	DEFINED_INFO_E
1752	353	ATTRIBUTE_E	720	DEFINED_INFO_E
1754	354	ATTRIBUTE_E	723	DEFINED_INFO_E
1755	355	ATTRIBUTE_E	947	AGGREGATE_INFO_E
1758	356	ATTRIBUTE_E	705	TYPE_INFO_E
1759	357	ATTRIBUTE_E	705	TYPE_INFO_E
1762	358	ATTRIBUTE_E	705	TYPE_INFO_E
1763	359	ATTRIBUTE_E	705	TYPE_INFO_E
1766	360	ATTRIBUTE_E	705	TYPE_INFO_E
1768	361	ATTRIBUTE_E	705	TYPE_INFO_E
1769	362	ATTRIBUTE_E	990	TYPE_INFO_E
1858	374	ATTRIBUTE_E	831	AGGREGATE_INFO_E
1861	376	ATTRIBUTE_E	746	SELECT_INFO_E
1863	377	ATTRIBUTE_E	782	SELECT_INFO_E
1871	380	INV_ATTRIBUTE_E	850	AGGREGATE_INFO_E
1876	382	ATTRIBUTE_E	705	TYPE_INFO_E
1906	389	ATTRIBUTE_E	986	ENUM_INFO_E
1912	391	ATTRIBUTE_E	704	TYPE_INFO_E
1914	392	ATTRIBUTE_E	832	AGGREGATE_INFO_E
1916	393	ATTRIBUTE_E	704	TYPE_INFO_E
1922	395	ATTRIBUTE_E	390	ENTITY_INFO_E
1924	396	INV_ATTRIBUTE_E	835	AGGREGATE_INFO_E
1926	397	DER_ATTRIBUTE_E	836	AGGREGATE_INFO_E
1928	398	DER_ATTRIBUTE_E	837	AGGREGATE_INFO_E
1930	399	DER_ATTRIBUTE_E	828	AGGREGATE_INFO_E
1958	404	ATTRIBUTE_E	375	ENTITY_INFO_E
1961	405	ATTRIBUTE_E	833	AGGREGATE_INFO_E
1963	406	ATTRIBUTE_E	834	AGGREGATE_INFO_E
1965	407	ATTRIBUTE_E	306	ENTITY_INFO_E
1970	409	ATTRIBUTE_E	817	ENUM_INFO_E
1972	410	ATTRIBUTE_E	379	ENTITY_INFO_E
1973	411	ATTRIBUTE_E	379	ENTITY_INFO_E
1976	412	ATTRIBUTE_E	365	ENTITY_INFO_E
1989	414	ATTRIBUTE_E	306	ENTITY_INFO_E
1991	415	ATTRIBUTE_E	792	SELECT_INFO_E
1993	416	ATTRIBUTE_E	109	ENTITY_INFO_E
2008	419	ATTRIBUTE_E	7	AGGREGATE_INFO_E
2014	422	ATTRIBUTE_E	251	ENTITY_INFO_E
2015	423	ATTRIBUTE_E	883	AGGREGATE_INFO_E
2019	425	DER_ATTRIBUTE_E	704	TYPE_INFO_E
2021	426	ATTRIBUTE_E	704	TYPE_INFO_E
2024	427	ATTRIBUTE_E	789	ENUM_INFO_E
2025	428	ATTRIBUTE_E	704	TYPE_INFO_E
2032	430	DER_ATTRIBUTE_E	888	AGGREGATE_INFO_E
2034	431	DER_ATTRIBUTE_E	877	AGGREGATE_INFO_E
2036	432	DER_ATTRIBUTE_E	878	AGGREGATE_INFO_E
2038	433	DER_ATTRIBUTE_E	879	AGGREGATE_INFO_E
2040	434	DER_ATTRIBUTE_E	880	AGGREGATE_INFO_E
2047	436	DER_ATTRIBUTE_E	882	AGGREGATE_INFO_E
2049	437	ATTRIBUTE_E	213	ENTITY_INFO_E
2051	438	ATTRIBUTE_E	213	ENTITY_INFO_E
2052	439	DER_ATTRIBUTE_E	853	AGGREGATE_INFO_E
2054	440	ATTRIBUTE_E	213	ENTITY_INFO_E
2056	441	ATTRIBUTE_E	870	AGGREGATE_INFO_E
2059	442	ATTRIBUTE_E	871	AGGREGATE_INFO_E
2060	443	ATTRIBUTE_E	249	ENTITY_INFO_E
2063	444	ATTRIBUTE_E	872	AGGREGATE_INFO_E
2064	445	ATTRIBUTE_E	249	ENTITY_INFO_E
2085	447	ATTRIBUTE_E	704	TYPE_INFO_E
2086	448	ATTRIBUTE_E	704	TYPE_INFO_E
2110	451	ATTRIBUTE_E	723	DEFINED_INFO_E
2112	452	ATTRIBUTE_E	760	SELECT_INFO_E
2115	454	ATTRIBUTE_E	723	DEFINED_INFO_E
2120	456	DER_ATTRIBUTE_E	709	DEFINED_INFO_E
2123	457	DER_ATTRIBUTE_E	720	DEFINED_INFO_E
2125	458	ATTRIBUTE_E	886	AGGREGATE_INFO_E
2127	459	ATTRIBUTE_E	890	AGGREGATE_INFO_E
2129	460	ATTRIBUTE_E	892	AGGREGATE_INFO_E
2131	461	ATTRIBUTE_E	896	AGGREGATE_INFO_E
2133	462	ATTRIBUTE_E	897	AGGREGATE_INFO_E
2135	463	ATTRIBUTE_E	898	AGGREGATE_INFO_E
2136	464	ATTRIBUTE_E	152	ENTITY_INFO_E
2139	465	ATTRIBUTE_E	891	AGGREGATE_INFO_E
2140	466	ATTRIBUTE_E	893	AGGREGATE_INFO_E
2143	467	ATTRIBUTE_E	895	AGGREGATE_INFO_E
2144	468	ATTRIBUTE_E	894	AGGREGATE_INFO_E
2150	470	DER_ATTRIBUTE_E	899	AGGREGATE_INFO_E
2152	471	DER_ATTRIBUTE_E	900	AGGREGATE_INFO_E
2154	472	DER_ATTRIBUTE_E	901	AGGREGATE_INFO_E
2156	473	DER_ATTRIBUTE_E	902	AGGREGATE_INFO_E
2158	474	DER_ATTRIBUTE_E	903	AGGREGATE_INFO_E
2160	475	ATTRIBUTE_E	904	AGGREGATE_INFO_E
2162	476	ATTRIBUTE_E	152	ENTITY_INFO_E
2164	477	ATTRIBUTE_E	889	AGGREGATE_INFO_E
2166	478	ATTRIBUTE_E	885	AGGREGATE_INFO_E
2167	479	ATTRIBUTE_E	884	AGGREGATE_INFO_E
2170	480	ATTRIBUTE_E	25	ENTITY_INFO_E
2171	481	ATTRIBUTE_E	881	AGGREGATE_INFO_E
2173	482	ATTRIBUTE_E	375	ENTITY_INFO_E
2177	484	DER_ATTRIBUTE_E	720	DEFINED_INFO_E
2179	485	ATTRIBUTE_E	793	DEFINED_INFO_E
2182	486	ATTRIBUTE_E	152	ENTITY_INFO_E
2184	487	INV_ATTRIBUTE_E	887	AGGREGATE_INFO_E
2186	488	DER_ATTRIBUTE_E	720	DEFINED_INFO_E
2188	489	DER_ATTRIBUTE_E	709	DEFINED_INFO_E
2190	490	ATTRIBUTE_E	723	DEFINED_INFO_E
2198	493	ATTRIBUTE_E	156	ENTITY_INFO_E
2200	495	ATTRIBUTE_E	769	DEFINED_INFO_E
2203	496	ATTRIBUTE_E	805	DEFINED_INFO_E
2204	497	ATTRIBUTE_E	732	DEFINED_INFO_E
2207	498	ATTRIBUTE_E	803	DEFINED_INFO_E
2209	499	ATTRIBUTE_E	599	ENTITY_INFO_E
2211	500	ATTRIBUTE_E	729	DEFINED_INFO_E
2212	501	ATTRIBUTE_E	759	DEFINED_INFO_E
2215	502	ATTRIBUTE_E	821	DEFINED_INFO_E
2230	505	DER_ATTRIBUTE_E	363	ENTITY_INFO_E
2232	506	ATTRIBUTE_E	784	ENUM_INFO_E
2234	507	ATTRIBUTE_E	774	ENUM_INFO_E
2240	509	ATTRIBUTE_E	148	ENTITY_INFO_E
2243	510	ATTRIBUTE_E	796	DEFINED_INFO_E
2252	514	ATTRIBUTE_E	723	DEFINED_INFO_E
2254	515	ATTRIBUTE_E	491	ENTITY_INFO_E
2259	517	ATTRIBUTE_E	151	ENTITY_INFO_E
2261	518	ATTRIBUTE_E	842	AGGREGATE_INFO_E
2263	519	INV_ATTRIBUTE_E	849	AGGREGATE_INFO_E
2265	520	DER_ATTRIBUTE_E	720	DEFINED_INFO_E
2267	521	ATTRIBUTE_E	812	DEFINED_INFO_E
2268	522	ATTRIBUTE_E	788	DEFINED_INFO_E
2271	523	ATTRIBUTE_E	815	DEFINED_INFO_E
2272	524	ATTRIBUTE_E	155	ENTITY_INFO_E
2283	527	ATTRIBUTE_E	791	DEFINED_INFO_E
2285	528	ATTRIBUTE_E	148	ENTITY_INFO_E
2288	530	ATTRIBUTE_E	924	AGGREGATE_INFO_E
2291	531	INV_ATTRIBUTE_E	47	ENTITY_INFO_E
2293	532	DER_ATTRIBUTE_E	720	DEFINED_INFO_E
2295	533	ATTRIBUTE_E	748	DEFINED_INFO_E
2297	534	ATTRIBUTE_E	152	ENTITY_INFO_E
2299	535	ATTRIBUTE_E	769	DEFINED_INFO_E
2301	536	DER_ATTRIBUTE_E	1014	AGGREGATE_INFO_E
2303	537	ATTRIBUTE_E	703	TYPE_INFO_E
2305	538	ATTRIBUTE_E	375	ENTITY_INFO_E
2306	539	ATTRIBUTE_E	915	AGGREGATE_INFO_E
2320	543	ATTRIBUTE_E	718	DEFINED_INFO_E
2322	544	ATTRIBUTE_E	718	DEFINED_INFO_E
2324	545	ATTRIBUTE_E	718	DEFINED_INFO_E
2329	547	ATTRIBUTE_E	723	DEFINED_INFO_E
2330	548	ATTRIBUTE_E	720	DEFINED_INFO_E
2332	549	ATTRIBUTE_E	721	SELECT_INFO_E
2339	552	INV_ATTRIBUTE_E	929	AGGREGATE_INFO_E
2342	553	INV_ATTRIBUTE_E	930	AGGREGATE_INFO_E
2344	554	INV_ATTRIBUTE_E	931	AGGREGATE_INFO_E
2345	555	DER_ATTRIBUTE_E	921	AGGREGATE_INFO_E
2348	556	DER_ATTRIBUTE_E	922	AGGREGATE_INFO_E
2350	557	DER_ATTRIBUTE_E	720	DEFINED_INFO_E
2351	558	ATTRIBUTE_E	767	DEFINED_INFO_E
2354	559	ATTRIBUTE_E	155	ENTITY_INFO_E
2355	560	ATTRIBUTE_E	807	DEFINED_INFO_E
2371	563	ATTRIBUTE_E	798	DEFINED_INFO_E
2374	564	ATTRIBUTE_E	1011	STRING_INFO_E
2376	565	DER_ATTRIBUTE_E	913	AGGREGATE_INFO_E
2378	566	ATTRIBUTE_E	127	ENTITY_INFO_E
2380	567	ATTRIBUTE_E	782	SELECT_INFO_E
2381	568	ATTRIBUTE_E	1015	AGGREGATE_INFO_E
2384	569	ATTRIBUTE_E	989	TYPE_INFO_E
2388	571	DER_ATTRIBUTE_E	814	DEFINED_INFO_E
2389	572	ATTRIBUTE_E	153	ENTITY_INFO_E
2396	575	ATTRIBUTE_E	1013	AGGREGATE_INFO_E
2399	576	ATTRIBUTE_E	197	ENTITY_INFO_E
2404	579	DER_ATTRIBUTE_E	720	DEFINED_INFO_E
2406	580	DER_ATTRIBUTE_E	723	DEFINED_INFO_E
2408	581	ATTRIBUTE_E	723	DEFINED_INFO_E
2410	582	ATTRIBUTE_E	723	DEFINED_INFO_E
2412	583	ATTRIBUTE_E	723	DEFINED_INFO_E
2414	584	ATTRIBUTE_E	723	DEFINED_INFO_E
2416	585	ATTRIBUTE_E	723	DEFINED_INFO_E
2418	586	ATTRIBUTE_E	723	DEFINED_INFO_E
2420	587	ATTRIBUTE_E	723	DEFINED_INFO_E
2422	588	ATTRIBUTE_E	723	DEFINED_INFO_E
2424	589	ATTRIBUTE_E	723	DEFINED_INFO_E
2425	590	ATTRIBUTE_E	723	DEFINED_INFO_E
2428	591	ATTRIBUTE_E	1009	AGGREGATE_INFO_E
2429	592	ATTRIBUTE_E	723	DEFINED_INFO_E
2432	593	ATTRIBUTE_E	723	DEFINED_INFO_E
2438	595	ATTRIBUTE_E	990	TYPE_INFO_E
2455	597	ATTRIBUTE_E	780	DEFINED_INFO_E
2456	598	ATTRIBUTE_E	152	ENTITY_INFO_E
2461	600	ATTRIBUTE_E	734	DEFINED_INFO_E
2463	601	ATTRIBUTE_E	1012	AGGREGATE_INFO_E
2465	602	ATTRIBUTE_E	121	DEFINED_INFO_E
2473	605	ATTRIBUTE_E	925	AGGREGATE_INFO_E
2475	606	ATTRIBUTE_E	375	ENTITY_INFO_E
2477	607	INV_ATTRIBUTE_E	919	AGGREGATE_INFO_E
2478	608	DER_ATTRIBUTE_E	720	DEFINED_INFO_E
2480	609	ATTRIBUTE_E	152	ENTITY_INFO_E
2483	610	ATTRIBUTE_E	802	DEFINED_INFO_E
2484	611	ATTRIBUTE_E	390	ENTITY_INFO_E
2486	612	ATTRIBUTE_E	997	AGGREGATE_INFO_E
2489	613	ATTRIBUTE_E	926	AGGREGATE_INFO_E
2491	614	ATTRIBUTE_E	375	ENTITY_INFO_E
2495	616	ATTRIBUTE_E	723	DEFINED_INFO_E
2497	617	ATTRIBUTE_E	785	DEFINED_INFO_E
2500	619	ATTRIBUTE_E	308	ENTITY_INFO_E
2502	620	ATTRIBUTE_E	705	TYPE_INFO_E
2505	621	ATTRIBUTE_E	998	AGGREGATE_INFO_E
2511	623	ATTRIBUTE_E	152	ENTITY_INFO_E
2513	624	ATTRIBUTE_E	917	AGGREGATE_INFO_E
2515	625	ATTRIBUTE_E	152	ENTITY_INFO_E
2522	628	INV_ATTRIBUTE_E	163	ENTITY_INFO_E
2524	629	DER_ATTRIBUTE_E	720	DEFINED_INFO_E
2527	630	ATTRIBUTE_E	155	ENTITY_INFO_E
2529	631	ATTRIBUTE_E	804	DEFINED_INFO_E
2531	632	INV_ATTRIBUTE_E	142	ENTITY_INFO_E
2533	633	ATTRIBUTE_E	1007	AGGREGATE_INFO_E
2534	634	ATTRIBUTE_E	152	ENTITY_INFO_E
2536	635	ATTRIBUTE_E	720	DEFINED_INFO_E
2538	636	ATTRIBUTE_E	720	DEFINED_INFO_E
2541	637	ATTRIBUTE_E	934	AGGREGATE_INFO_E
2542	638	ATTRIBUTE_E	660	ENTITY_INFO_E
2545	639	ATTRIBUTE_E	720	DEFINED_INFO_E
2546	640	ATTRIBUTE_E	720	DEFINED_INFO_E
2548	641	ATTRIBUTE_E	121	DEFINED_INFO_E
2551	642	ATTRIBUTE_E	723	DEFINED_INFO_E
2571	645	ATTRIBUTE_E	152	ENTITY_INFO_E
2572	646	ATTRIBUTE_E	152	ENTITY_INFO_E
2574	647	ATTRIBUTE_E	927	AGGREGATE_INFO_E
2577	648	ATTRIBUTE_E	999	AGGREGATE_INFO_E
2579	649	DER_ATTRIBUTE_E	723	DEFINED_INFO_E
2581	650	ATTRIBUTE_E	908	AGGREGATE_INFO_E
2585	652	ATTRIBUTE_E	148	ENTITY_INFO_E
2587	653	ATTRIBUTE_E	782	SELECT_INFO_E
2588	654	ATTRIBUTE_E	787	DEFINED_INFO_E
2594	656	ATTRIBUTE_E	723	DEFINED_INFO_E
2596	657	ATTRIBUTE_E	723	DEFINED_INFO_E
2598	658	ATTRIBUTE_E	121	DEFINED_INFO_E
2600	659	ATTRIBUTE_E	491	ENTITY_INFO_E
2606	661	ATTRIBUTE_E	916	AGGREGATE_INFO_E
2607	662	ATTRIBUTE_E	912	AGGREGATE_INFO_E
2617	666	ATTRIBUTE_E	153	ENTITY_INFO_E
2628	668	ATTRIBUTE_E	1000	AGGREGATE_INFO_E
2630	669	INV_ATTRIBUTE_E	920	AGGREGATE_INFO_E
2631	670	DER_ATTRIBUTE_E	720	DEFINED_INFO_E
2633	671	ATTRIBUTE_E	777	DEFINED_INFO_E
2636	672	ATTRIBUTE_E	152	ENTITY_INFO_E
2638	673	ATTRIBUTE_E	704	TYPE_INFO_E
2640	674	ATTRIBUTE_E	703	TYPE_INFO_E
2641	675	ATTRIBUTE_E	704	TYPE_INFO_E
2644	676	ATTRIBUTE_E	703	TYPE_INFO_E
2645	677	ATTRIBUTE_E	150	ENTITY_INFO_E
2648	678	ATTRIBUTE_E	800	DEFINED_INFO_E
2650	679	ATTRIBUTE_E	776	DEFINED_INFO_E
2651	680	ATTRIBUTE_E	932	AGGREGATE_INFO_E
2654	681	ATTRIBUTE_E	336	ENTITY_INFO_E
2655	682	ATTRIBUTE_E	783	DEFINED_INFO_E
2657	683	ATTRIBUTE_E	819	DEFINED_INFO_E
2659	684	ATTRIBUTE_E	933	AGGREGATE_INFO_E
2662	685	ATTRIBUTE_E	794	DEFINED_INFO_E
2664	686	ATTRIBUTE_E	797	DEFINED_INFO_E
2666	687	ATTRIBUTE_E	811	DEFINED_INFO_E
2668	688	ATTRIBUTE_E	429	ENTITY_INFO_E
2673	690	ATTRIBUTE_E	151	ENTITY_INFO_E
2676	691	ATTRIBUTE_E	909	AGGREGATE_INFO_E
2678	692	DER_ATTRIBUTE_E	910	AGGREGATE_INFO_E
2680	693	DER_ATTRIBUTE_E	911	AGGREGATE_INFO_E
2682	694	DER_ATTRIBUTE_E	905	AGGREGATE_INFO_E
2683	695	DER_ATTRIBUTE_E	906	AGGREGATE_INFO_E
2686	696	DER_ATTRIBUTE_E	907	AGGREGATE_INFO_E
3345	962	ATTRIBUTE_E	21	ENTITY_INFO_E
3347	963	ATTRIBUTE_E	989	TYPE_INFO_E
3350	964	ATTRIBUTE_E	989	TYPE_INFO_E
3352	965	ATTRIBUTE_E	990	TYPE_INFO_E
3354	966	ATTRIBUTE_E	990	TYPE_INFO_E
3356	967	ATTRIBUTE_E	21	ENTITY_INFO_E
3366	969	ATTRIBUTE_E	990	TYPE_INFO_E
3368	970	ATTRIBUTE_E	989	TYPE_INFO_E
3375	972	ATTRIBUTE_E	989	TYPE_INFO_E
3376	973	ATTRIBUTE_E	1004	STRING_INFO_E
3378	974	ATTRIBUTE_E	1005	AGGREGATE_INFO_E
3382	976	ATTRIBUTE_E	961	ENTITY_INFO_E
3385	977	ATTRIBUTE_E	990	TYPE_INFO_E
3387	978	ATTRIBUTE_E	13	ENTITY_INFO_E
3388	979	ATTRIBUTE_E	990	TYPE_INFO_E
3391	980	ATTRIBUTE_E	1006	STRING_INFO_E
3393	981	ATTRIBUTE_E	989	TYPE_INFO_E
3395	982	ATTRIBUTE_E	21	ENTITY_INFO_E
3420	994	DER_ATTRIBUTE_E	990	TYPE_INFO_E
3422	995	ATTRIBUTE_E	961	ENTITY_INFO_E
3424	996	ATTRIBUTE_E	1003	AGGREGATE_INFO_E
\.


--
-- Data for Name: attribute_2_of_entity; Type: TABLE DATA; Schema: public; Owner: postgres
--

COPY attribute_2_of_entity (rid, rid_s, tablename_s, rid_d, tablename_d) FROM stdin;
1	1	ATTRIBUTE_E	58	ENTITY_INFO_E
4	2	ATTRIBUTE_E	102	ENTITY_INFO_E
5	3	ATTRIBUTE_E	102	ENTITY_INFO_E
7	4	ATTRIBUTE_E	89	ENTITY_INFO_E
9	5	ATTRIBUTE_E	12	ENTITY_INFO_E
11	6	ATTRIBUTE_E	12	ENTITY_INFO_E
15	8	ATTRIBUTE_E	12	ENTITY_INFO_E
17	9	ATTRIBUTE_E	12	ENTITY_INFO_E
18	10	ATTRIBUTE_E	12	ENTITY_INFO_E
20	11	ATTRIBUTE_E	12	ENTITY_INFO_E
46	14	ATTRIBUTE_E	19	ENTITY_INFO_E
49	15	ATTRIBUTE_E	18	ENTITY_INFO_E
50	17	ATTRIBUTE_E	18	ENTITY_INFO_E
92	23	ATTRIBUTE_E	25	ENTITY_INFO_E
94	24	ATTRIBUTE_E	25	ENTITY_INFO_E
108	27	ATTRIBUTE_E	30	ENTITY_INFO_E
110	28	ATTRIBUTE_E	30	ENTITY_INFO_E
113	29	ATTRIBUTE_E	30	ENTITY_INFO_E
118	31	ATTRIBUTE_E	104	ENTITY_INFO_E
119	32	ATTRIBUTE_E	104	ENTITY_INFO_E
121	33	ATTRIBUTE_E	20	ENTITY_INFO_E
123	34	ATTRIBUTE_E	20	ENTITY_INFO_E
125	35	ATTRIBUTE_E	20	ENTITY_INFO_E
127	36	ATTRIBUTE_E	42	ENTITY_INFO_E
130	37	ATTRIBUTE_E	42	ENTITY_INFO_E
131	38	ATTRIBUTE_E	42	ENTITY_INFO_E
134	39	ATTRIBUTE_E	42	ENTITY_INFO_E
193	45	ATTRIBUTE_E	47	ENTITY_INFO_E
195	46	ATTRIBUTE_E	48	ENTITY_INFO_E
203	49	ATTRIBUTE_E	50	ENTITY_INFO_E
206	51	ATTRIBUTE_E	226	ENTITY_INFO_E
208	52	ATTRIBUTE_E	226	ENTITY_INFO_E
210	53	ATTRIBUTE_E	226	ENTITY_INFO_E
240	57	ATTRIBUTE_E	25	ENTITY_INFO_E
258	61	ATTRIBUTE_E	69	ENTITY_INFO_E
260	62	ATTRIBUTE_E	69	ENTITY_INFO_E
262	63	ATTRIBUTE_E	69	ENTITY_INFO_E
264	64	ATTRIBUTE_E	69	ENTITY_INFO_E
266	65	ATTRIBUTE_E	69	ENTITY_INFO_E
268	66	ATTRIBUTE_E	68	ENTITY_INFO_E
270	67	ATTRIBUTE_E	253	ENTITY_INFO_E
293	70	ATTRIBUTE_E	44	ENTITY_INFO_E
685	97	ATTRIBUTE_E	89	ENTITY_INFO_E
712	100	ATTRIBUTE_E	89	ENTITY_INFO_E
794	105	ATTRIBUTE_E	450	ENTITY_INFO_E
796	106	ATTRIBUTE_E	109	ENTITY_INFO_E
798	107	ATTRIBUTE_E	109	ENTITY_INFO_E
800	108	ATTRIBUTE_E	109	ENTITY_INFO_E
807	110	ATTRIBUTE_E	112	ENTITY_INFO_E
810	111	ATTRIBUTE_E	112	ENTITY_INFO_E
816	113	ATTRIBUTE_E	103	ENTITY_INFO_E
817	114	ATTRIBUTE_E	103	ENTITY_INFO_E
819	115	ATTRIBUTE_E	103	ENTITY_INFO_E
822	116	ATTRIBUTE_E	103	ENTITY_INFO_E
823	117	ATTRIBUTE_E	103	ENTITY_INFO_E
826	118	ATTRIBUTE_E	104	ENTITY_INFO_E
908	125	ATTRIBUTE_E	127	ENTITY_INFO_E
909	126	ATTRIBUTE_E	127	ENTITY_INFO_E
913	128	ATTRIBUTE_E	130	ENTITY_INFO_E
915	129	ATTRIBUTE_E	130	ENTITY_INFO_E
920	131	DER_ATTRIBUTE_E	135	ENTITY_INFO_E
921	132	ATTRIBUTE_E	135	ENTITY_INFO_E
923	133	ATTRIBUTE_E	134	ENTITY_INFO_E
936	136	ATTRIBUTE_E	109	ENTITY_INFO_E
938	137	ATTRIBUTE_E	109	ENTITY_INFO_E
940	138	INV_ATTRIBUTE_E	142	ENTITY_INFO_E
942	139	ATTRIBUTE_E	142	ENTITY_INFO_E
945	140	ATTRIBUTE_E	142	ENTITY_INFO_E
947	141	ATTRIBUTE_E	142	ENTITY_INFO_E
952	143	INV_ATTRIBUTE_E	156	ENTITY_INFO_E
954	144	INV_ATTRIBUTE_E	156	ENTITY_INFO_E
956	145	DER_ATTRIBUTE_E	156	ENTITY_INFO_E
958	146	ATTRIBUTE_E	156	ENTITY_INFO_E
960	147	ATTRIBUTE_E	156	ENTITY_INFO_E
1024	157	ATTRIBUTE_E	159	ENTITY_INFO_E
1034	160	ATTRIBUTE_E	163	ENTITY_INFO_E
1036	161	ATTRIBUTE_E	163	ENTITY_INFO_E
1043	164	ATTRIBUTE_E	90	ENTITY_INFO_E
1046	165	ATTRIBUTE_E	90	ENTITY_INFO_E
1047	166	ATTRIBUTE_E	90	ENTITY_INFO_E
1049	167	ATTRIBUTE_E	90	ENTITY_INFO_E
1051	168	ATTRIBUTE_E	83	ENTITY_INFO_E
1053	169	ATTRIBUTE_E	83	ENTITY_INFO_E
1055	170	ATTRIBUTE_E	83	ENTITY_INFO_E
1057	171	ATTRIBUTE_E	83	ENTITY_INFO_E
1059	172	ATTRIBUTE_E	83	ENTITY_INFO_E
1061	173	ATTRIBUTE_E	102	ENTITY_INFO_E
1064	174	ATTRIBUTE_E	102	ENTITY_INFO_E
1065	175	ATTRIBUTE_E	446	ENTITY_INFO_E
1068	176	ATTRIBUTE_E	446	ENTITY_INFO_E
1069	177	ATTRIBUTE_E	446	ENTITY_INFO_E
1072	178	ATTRIBUTE_E	446	ENTITY_INFO_E
1074	179	ATTRIBUTE_E	446	ENTITY_INFO_E
1076	180	ATTRIBUTE_E	446	ENTITY_INFO_E
1077	181	ATTRIBUTE_E	446	ENTITY_INFO_E
1080	182	ATTRIBUTE_E	446	ENTITY_INFO_E
1081	183	ATTRIBUTE_E	446	ENTITY_INFO_E
1084	184	ATTRIBUTE_E	446	ENTITY_INFO_E
1085	185	ATTRIBUTE_E	446	ENTITY_INFO_E
1087	186	ATTRIBUTE_E	446	ENTITY_INFO_E
1089	187	ATTRIBUTE_E	446	ENTITY_INFO_E
1092	188	ATTRIBUTE_E	192	ENTITY_INFO_E
1093	189	ATTRIBUTE_E	446	ENTITY_INFO_E
1096	190	ATTRIBUTE_E	446	ENTITY_INFO_E
1150	194	ATTRIBUTE_E	198	ENTITY_INFO_E
1152	195	ATTRIBUTE_E	198	ENTITY_INFO_E
1154	196	ATTRIBUTE_E	197	ENTITY_INFO_E
1166	199	ATTRIBUTE_E	336	ENTITY_INFO_E
1168	200	ATTRIBUTE_E	101	ENTITY_INFO_E
1170	201	ATTRIBUTE_E	319	ENTITY_INFO_E
1172	202	ATTRIBUTE_E	205	ENTITY_INFO_E
1174	203	ATTRIBUTE_E	205	ENTITY_INFO_E
1187	206	INV_ATTRIBUTE_E	211	ENTITY_INFO_E
1200	210	ATTRIBUTE_E	211	ENTITY_INFO_E
1213	214	ATTRIBUTE_E	218	ENTITY_INFO_E
1214	215	ATTRIBUTE_E	217	ENTITY_INFO_E
1216	216	ATTRIBUTE_E	217	ENTITY_INFO_E
1227	219	DER_ATTRIBUTE_E	227	ENTITY_INFO_E
1229	220	ATTRIBUTE_E	225	ENTITY_INFO_E
1231	221	ATTRIBUTE_E	225	ENTITY_INFO_E
1233	222	ATTRIBUTE_E	225	ENTITY_INFO_E
1236	223	ATTRIBUTE_E	227	ENTITY_INFO_E
1238	224	ATTRIBUTE_E	227	ENTITY_INFO_E
1270	228	DER_ATTRIBUTE_E	101	ENTITY_INFO_E
1272	229	ATTRIBUTE_E	101	ENTITY_INFO_E
1274	230	ATTRIBUTE_E	101	ENTITY_INFO_E
1276	231	ATTRIBUTE_E	95	ENTITY_INFO_E
1278	232	ATTRIBUTE_E	235	ENTITY_INFO_E
1280	233	ATTRIBUTE_E	235	ENTITY_INFO_E
1293	236	ATTRIBUTE_E	239	ENTITY_INFO_E
1295	237	ATTRIBUTE_E	239	ENTITY_INFO_E
1305	240	ATTRIBUTE_E	213	ENTITY_INFO_E
1307	241	INV_ATTRIBUTE_E	98	ENTITY_INFO_E
1309	242	ATTRIBUTE_E	98	ENTITY_INFO_E
1311	243	ATTRIBUTE_E	98	ENTITY_INFO_E
1313	244	ATTRIBUTE_E	98	ENTITY_INFO_E
1315	245	INV_ATTRIBUTE_E	68	ENTITY_INFO_E
1317	246	ATTRIBUTE_E	253	ENTITY_INFO_E
1377	254	ATTRIBUTE_E	264	ENTITY_INFO_E
1378	255	ATTRIBUTE_E	264	ENTITY_INFO_E
1380	256	ATTRIBUTE_E	264	ENTITY_INFO_E
1382	257	ATTRIBUTE_E	264	ENTITY_INFO_E
1384	258	ATTRIBUTE_E	264	ENTITY_INFO_E
1387	259	ATTRIBUTE_E	264	ENTITY_INFO_E
1458	265	ATTRIBUTE_E	268	ENTITY_INFO_E
1474	269	ATTRIBUTE_E	270	ENTITY_INFO_E
1478	271	ATTRIBUTE_E	89	ENTITY_INFO_E
1480	272	ATTRIBUTE_E	283	ENTITY_INFO_E
1483	273	ATTRIBUTE_E	283	ENTITY_INFO_E
1484	274	ATTRIBUTE_E	283	ENTITY_INFO_E
1487	275	ATTRIBUTE_E	283	ENTITY_INFO_E
1488	276	ATTRIBUTE_E	283	ENTITY_INFO_E
1490	277	ATTRIBUTE_E	283	ENTITY_INFO_E
1493	278	ATTRIBUTE_E	283	ENTITY_INFO_E
1577	285	ATTRIBUTE_E	47	ENTITY_INFO_E
1579	286	ATTRIBUTE_E	264	ENTITY_INFO_E
1580	287	ATTRIBUTE_E	263	ENTITY_INFO_E
1594	289	ATTRIBUTE_E	281	ENTITY_INFO_E
1596	290	ATTRIBUTE_E	281	ENTITY_INFO_E
1597	291	ATTRIBUTE_E	281	ENTITY_INFO_E
1599	292	ATTRIBUTE_E	281	ENTITY_INFO_E
1601	293	ATTRIBUTE_E	281	ENTITY_INFO_E
1604	294	ATTRIBUTE_E	122	ENTITY_INFO_E
1605	295	ATTRIBUTE_E	122	ENTITY_INFO_E
1608	296	ATTRIBUTE_E	122	ENTITY_INFO_E
1609	297	ATTRIBUTE_E	122	ENTITY_INFO_E
1612	298	ATTRIBUTE_E	122	ENTITY_INFO_E
1613	299	ATTRIBUTE_E	89	ENTITY_INFO_E
1619	301	ATTRIBUTE_E	303	ENTITY_INFO_E
1620	302	ATTRIBUTE_E	303	ENTITY_INFO_E
1630	307	ATTRIBUTE_E	308	ENTITY_INFO_E
1640	310	ATTRIBUTE_E	41	ENTITY_INFO_E
1642	311	ATTRIBUTE_E	82	ENTITY_INFO_E
1644	312	ATTRIBUTE_E	82	ENTITY_INFO_E
1646	313	ATTRIBUTE_E	82	ENTITY_INFO_E
1649	314	ATTRIBUTE_E	82	ENTITY_INFO_E
1650	315	ATTRIBUTE_E	82	ENTITY_INFO_E
1653	316	ATTRIBUTE_E	82	ENTITY_INFO_E
1654	317	ATTRIBUTE_E	82	ENTITY_INFO_E
1657	318	ATTRIBUTE_E	234	ENTITY_INFO_E
1669	320	ATTRIBUTE_E	252	ENTITY_INFO_E
1670	321	ATTRIBUTE_E	252	ENTITY_INFO_E
1672	322	ATTRIBUTE_E	300	ENTITY_INFO_E
1674	323	ATTRIBUTE_E	300	ENTITY_INFO_E
1676	324	ATTRIBUTE_E	300	ENTITY_INFO_E
1678	325	ATTRIBUTE_E	326	ENTITY_INFO_E
1686	327	DER_ATTRIBUTE_E	93	ENTITY_INFO_E
1688	328	ATTRIBUTE_E	22	ENTITY_INFO_E
1691	329	ATTRIBUTE_E	92	ENTITY_INFO_E
1692	330	ATTRIBUTE_E	92	ENTITY_INFO_E
1694	331	ATTRIBUTE_E	92	ENTITY_INFO_E
1696	332	ATTRIBUTE_E	334	ENTITY_INFO_E
1698	333	ATTRIBUTE_E	334	ENTITY_INFO_E
1705	335	ATTRIBUTE_E	91	ENTITY_INFO_E
1719	337	ATTRIBUTE_E	260	ENTITY_INFO_E
1721	338	ATTRIBUTE_E	260	ENTITY_INFO_E
1723	339	ATTRIBUTE_E	260	ENTITY_INFO_E
1725	340	ATTRIBUTE_E	262	ENTITY_INFO_E
1727	341	ATTRIBUTE_E	262	ENTITY_INFO_E
1730	342	ATTRIBUTE_E	262	ENTITY_INFO_E
1731	343	ATTRIBUTE_E	262	ENTITY_INFO_E
1733	344	ATTRIBUTE_E	262	ENTITY_INFO_E
1735	345	ATTRIBUTE_E	262	ENTITY_INFO_E
1738	346	ATTRIBUTE_E	262	ENTITY_INFO_E
1739	347	ATTRIBUTE_E	22	ENTITY_INFO_E
1741	348	DER_ATTRIBUTE_E	155	ENTITY_INFO_E
1743	349	DER_ATTRIBUTE_E	155	ENTITY_INFO_E
1745	350	ATTRIBUTE_E	155	ENTITY_INFO_E
1747	351	ATTRIBUTE_E	326	ENTITY_INFO_E
1749	352	ATTRIBUTE_E	326	ENTITY_INFO_E
1751	353	ATTRIBUTE_E	326	ENTITY_INFO_E
1753	354	ATTRIBUTE_E	326	ENTITY_INFO_E
1756	355	ATTRIBUTE_E	326	ENTITY_INFO_E
1757	356	ATTRIBUTE_E	363	ENTITY_INFO_E
1760	357	ATTRIBUTE_E	363	ENTITY_INFO_E
1761	358	ATTRIBUTE_E	363	ENTITY_INFO_E
1764	359	ATTRIBUTE_E	363	ENTITY_INFO_E
1765	360	ATTRIBUTE_E	363	ENTITY_INFO_E
1767	361	ATTRIBUTE_E	363	ENTITY_INFO_E
1770	362	ATTRIBUTE_E	21	ENTITY_INFO_E
1857	374	ATTRIBUTE_E	375	ENTITY_INFO_E
1860	376	ATTRIBUTE_E	378	ENTITY_INFO_E
1862	377	ATTRIBUTE_E	378	ENTITY_INFO_E
1870	380	INV_ATTRIBUTE_E	217	ENTITY_INFO_E
1877	382	ATTRIBUTE_E	363	ENTITY_INFO_E
1905	389	ATTRIBUTE_E	21	ENTITY_INFO_E
1911	391	ATTRIBUTE_E	394	ENTITY_INFO_E
1913	392	ATTRIBUTE_E	394	ENTITY_INFO_E
1915	393	ATTRIBUTE_E	394	ENTITY_INFO_E
1921	395	ATTRIBUTE_E	371	ENTITY_INFO_E
1923	396	INV_ATTRIBUTE_E	90	ENTITY_INFO_E
1925	397	DER_ATTRIBUTE_E	90	ENTITY_INFO_E
1927	398	DER_ATTRIBUTE_E	90	ENTITY_INFO_E
1929	399	DER_ATTRIBUTE_E	90	ENTITY_INFO_E
1959	404	ATTRIBUTE_E	390	ENTITY_INFO_E
1960	405	ATTRIBUTE_E	390	ENTITY_INFO_E
1962	406	ATTRIBUTE_E	390	ENTITY_INFO_E
1964	407	ATTRIBUTE_E	390	ENTITY_INFO_E
1969	409	ATTRIBUTE_E	247	ENTITY_INFO_E
1971	410	ATTRIBUTE_E	247	ENTITY_INFO_E
1974	411	ATTRIBUTE_E	247	ENTITY_INFO_E
1975	412	ATTRIBUTE_E	248	ENTITY_INFO_E
1988	414	ATTRIBUTE_E	417	ENTITY_INFO_E
1990	415	ATTRIBUTE_E	417	ENTITY_INFO_E
1992	416	ATTRIBUTE_E	417	ENTITY_INFO_E
2007	419	ATTRIBUTE_E	408	ENTITY_INFO_E
2013	422	ATTRIBUTE_E	261	ENTITY_INFO_E
2016	423	ATTRIBUTE_E	424	ENTITY_INFO_E
2020	425	DER_ATTRIBUTE_E	429	ENTITY_INFO_E
2022	426	ATTRIBUTE_E	429	ENTITY_INFO_E
2023	427	ATTRIBUTE_E	429	ENTITY_INFO_E
2026	428	ATTRIBUTE_E	429	ENTITY_INFO_E
2031	430	DER_ATTRIBUTE_E	89	ENTITY_INFO_E
2033	431	DER_ATTRIBUTE_E	89	ENTITY_INFO_E
2035	432	DER_ATTRIBUTE_E	89	ENTITY_INFO_E
2037	433	DER_ATTRIBUTE_E	89	ENTITY_INFO_E
2039	434	DER_ATTRIBUTE_E	89	ENTITY_INFO_E
2046	436	DER_ATTRIBUTE_E	402	ENTITY_INFO_E
2048	437	ATTRIBUTE_E	402	ENTITY_INFO_E
2050	438	ATTRIBUTE_E	402	ENTITY_INFO_E
2053	439	DER_ATTRIBUTE_E	401	ENTITY_INFO_E
2055	440	ATTRIBUTE_E	401	ENTITY_INFO_E
2057	441	ATTRIBUTE_E	261	ENTITY_INFO_E
2058	442	ATTRIBUTE_E	261	ENTITY_INFO_E
2061	443	ATTRIBUTE_E	261	ENTITY_INFO_E
2062	444	ATTRIBUTE_E	261	ENTITY_INFO_E
2065	445	ATTRIBUTE_E	261	ENTITY_INFO_E
2084	447	ATTRIBUTE_E	386	ENTITY_INFO_E
2087	448	ATTRIBUTE_E	386	ENTITY_INFO_E
2109	451	ATTRIBUTE_E	453	ENTITY_INFO_E
2111	452	ATTRIBUTE_E	453	ENTITY_INFO_E
2116	454	ATTRIBUTE_E	455	ENTITY_INFO_E
2121	456	DER_ATTRIBUTE_E	225	ENTITY_INFO_E
2122	457	DER_ATTRIBUTE_E	225	ENTITY_INFO_E
2124	458	ATTRIBUTE_E	87	ENTITY_INFO_E
2126	459	ATTRIBUTE_E	87	ENTITY_INFO_E
2128	460	ATTRIBUTE_E	87	ENTITY_INFO_E
2130	461	ATTRIBUTE_E	87	ENTITY_INFO_E
2132	462	ATTRIBUTE_E	87	ENTITY_INFO_E
2134	463	ATTRIBUTE_E	87	ENTITY_INFO_E
2137	464	ATTRIBUTE_E	87	ENTITY_INFO_E
2138	465	ATTRIBUTE_E	87	ENTITY_INFO_E
2141	466	ATTRIBUTE_E	87	ENTITY_INFO_E
2142	467	ATTRIBUTE_E	87	ENTITY_INFO_E
2145	468	ATTRIBUTE_E	87	ENTITY_INFO_E
2149	470	DER_ATTRIBUTE_E	85	ENTITY_INFO_E
2151	471	DER_ATTRIBUTE_E	85	ENTITY_INFO_E
2153	472	DER_ATTRIBUTE_E	85	ENTITY_INFO_E
2155	473	DER_ATTRIBUTE_E	85	ENTITY_INFO_E
2157	474	DER_ATTRIBUTE_E	85	ENTITY_INFO_E
2159	475	ATTRIBUTE_E	85	ENTITY_INFO_E
2161	476	ATTRIBUTE_E	85	ENTITY_INFO_E
2163	477	ATTRIBUTE_E	85	ENTITY_INFO_E
2165	478	ATTRIBUTE_E	85	ENTITY_INFO_E
2168	479	ATTRIBUTE_E	85	ENTITY_INFO_E
2169	480	ATTRIBUTE_E	75	ENTITY_INFO_E
2172	481	ATTRIBUTE_E	483	ENTITY_INFO_E
2174	482	ATTRIBUTE_E	483	ENTITY_INFO_E
2178	484	DER_ATTRIBUTE_E	123	ENTITY_INFO_E
2180	485	ATTRIBUTE_E	123	ENTITY_INFO_E
2181	486	ATTRIBUTE_E	123	ENTITY_INFO_E
2183	487	INV_ATTRIBUTE_E	491	ENTITY_INFO_E
2185	488	DER_ATTRIBUTE_E	491	ENTITY_INFO_E
2187	489	DER_ATTRIBUTE_E	491	ENTITY_INFO_E
2189	490	ATTRIBUTE_E	491	ENTITY_INFO_E
2197	493	ATTRIBUTE_E	403	ENTITY_INFO_E
2201	495	ATTRIBUTE_E	504	ENTITY_INFO_E
2202	496	ATTRIBUTE_E	504	ENTITY_INFO_E
2205	497	ATTRIBUTE_E	504	ENTITY_INFO_E
2206	498	ATTRIBUTE_E	504	ENTITY_INFO_E
2208	499	ATTRIBUTE_E	504	ENTITY_INFO_E
2210	500	ATTRIBUTE_E	504	ENTITY_INFO_E
2213	501	ATTRIBUTE_E	503	ENTITY_INFO_E
2214	502	ATTRIBUTE_E	503	ENTITY_INFO_E
2229	505	DER_ATTRIBUTE_E	508	ENTITY_INFO_E
2231	506	ATTRIBUTE_E	508	ENTITY_INFO_E
2233	507	ATTRIBUTE_E	508	ENTITY_INFO_E
2241	509	ATTRIBUTE_E	511	ENTITY_INFO_E
2242	510	ATTRIBUTE_E	511	ENTITY_INFO_E
2251	514	ATTRIBUTE_E	492	ENTITY_INFO_E
2253	515	ATTRIBUTE_E	492	ENTITY_INFO_E
2258	517	ATTRIBUTE_E	204	ENTITY_INFO_E
2260	518	ATTRIBUTE_E	381	ENTITY_INFO_E
2262	519	INV_ATTRIBUTE_E	525	ENTITY_INFO_E
2264	520	DER_ATTRIBUTE_E	525	ENTITY_INFO_E
2266	521	ATTRIBUTE_E	525	ENTITY_INFO_E
2269	522	ATTRIBUTE_E	525	ENTITY_INFO_E
2270	523	ATTRIBUTE_E	525	ENTITY_INFO_E
2273	524	ATTRIBUTE_E	525	ENTITY_INFO_E
2282	527	ATTRIBUTE_E	529	ENTITY_INFO_E
2284	528	ATTRIBUTE_E	529	ENTITY_INFO_E
2289	530	ATTRIBUTE_E	279	ENTITY_INFO_E
2290	531	INV_ATTRIBUTE_E	153	ENTITY_INFO_E
2292	532	DER_ATTRIBUTE_E	153	ENTITY_INFO_E
2294	533	ATTRIBUTE_E	153	ENTITY_INFO_E
2296	534	ATTRIBUTE_E	153	ENTITY_INFO_E
2298	535	ATTRIBUTE_E	364	ENTITY_INFO_E
2300	536	DER_ATTRIBUTE_E	594	ENTITY_INFO_E
2302	537	ATTRIBUTE_E	385	ENTITY_INFO_E
2304	538	ATTRIBUTE_E	207	ENTITY_INFO_E
2307	539	ATTRIBUTE_E	540	ENTITY_INFO_E
2319	543	ATTRIBUTE_E	546	ENTITY_INFO_E
2321	544	ATTRIBUTE_E	546	ENTITY_INFO_E
2323	545	ATTRIBUTE_E	546	ENTITY_INFO_E
2328	547	ATTRIBUTE_E	516	ENTITY_INFO_E
2331	548	ATTRIBUTE_E	551	ENTITY_INFO_E
2333	549	ATTRIBUTE_E	551	ENTITY_INFO_E
2340	552	INV_ATTRIBUTE_E	152	ENTITY_INFO_E
2341	553	INV_ATTRIBUTE_E	152	ENTITY_INFO_E
2343	554	INV_ATTRIBUTE_E	152	ENTITY_INFO_E
2346	555	DER_ATTRIBUTE_E	152	ENTITY_INFO_E
2347	556	DER_ATTRIBUTE_E	152	ENTITY_INFO_E
2349	557	DER_ATTRIBUTE_E	152	ENTITY_INFO_E
2352	558	ATTRIBUTE_E	152	ENTITY_INFO_E
2353	559	ATTRIBUTE_E	152	ENTITY_INFO_E
2356	560	ATTRIBUTE_E	369	ENTITY_INFO_E
2372	563	ATTRIBUTE_E	305	ENTITY_INFO_E
2373	564	ATTRIBUTE_E	550	ENTITY_INFO_E
2375	565	DER_ATTRIBUTE_E	82	ENTITY_INFO_E
2377	566	ATTRIBUTE_E	570	ENTITY_INFO_E
2379	567	ATTRIBUTE_E	570	ENTITY_INFO_E
2382	568	ATTRIBUTE_E	594	ENTITY_INFO_E
2383	569	ATTRIBUTE_E	561	ENTITY_INFO_E
2387	571	DER_ATTRIBUTE_E	59	ENTITY_INFO_E
2390	572	ATTRIBUTE_E	387	ENTITY_INFO_E
2397	575	ATTRIBUTE_E	550	ENTITY_INFO_E
2398	576	ATTRIBUTE_E	578	ENTITY_INFO_E
2403	579	DER_ATTRIBUTE_E	596	ENTITY_INFO_E
2405	580	DER_ATTRIBUTE_E	596	ENTITY_INFO_E
2407	581	ATTRIBUTE_E	596	ENTITY_INFO_E
2409	582	ATTRIBUTE_E	596	ENTITY_INFO_E
2411	583	ATTRIBUTE_E	596	ENTITY_INFO_E
2413	584	ATTRIBUTE_E	596	ENTITY_INFO_E
2415	585	ATTRIBUTE_E	596	ENTITY_INFO_E
2417	586	ATTRIBUTE_E	596	ENTITY_INFO_E
2419	587	ATTRIBUTE_E	596	ENTITY_INFO_E
2421	588	ATTRIBUTE_E	596	ENTITY_INFO_E
2423	589	ATTRIBUTE_E	596	ENTITY_INFO_E
2426	590	ATTRIBUTE_E	596	ENTITY_INFO_E
2427	591	ATTRIBUTE_E	238	ENTITY_INFO_E
2430	592	ATTRIBUTE_E	596	ENTITY_INFO_E
2431	593	ATTRIBUTE_E	596	ENTITY_INFO_E
2439	595	ATTRIBUTE_E	561	ENTITY_INFO_E
2454	597	ATTRIBUTE_E	599	ENTITY_INFO_E
2457	598	ATTRIBUTE_E	599	ENTITY_INFO_E
2460	600	ATTRIBUTE_E	573	ENTITY_INFO_E
2462	601	ATTRIBUTE_E	550	ENTITY_INFO_E
2464	602	ATTRIBUTE_E	603	ENTITY_INFO_E
2472	605	ATTRIBUTE_E	40	ENTITY_INFO_E
2474	606	ATTRIBUTE_E	40	ENTITY_INFO_E
2476	607	INV_ATTRIBUTE_E	150	ENTITY_INFO_E
2479	608	DER_ATTRIBUTE_E	150	ENTITY_INFO_E
2481	609	ATTRIBUTE_E	150	ENTITY_INFO_E
2482	610	ATTRIBUTE_E	150	ENTITY_INFO_E
2485	611	ATTRIBUTE_E	368	ENTITY_INFO_E
2487	612	ATTRIBUTE_E	13	ENTITY_INFO_E
2488	613	ATTRIBUTE_E	615	ENTITY_INFO_E
2490	614	ATTRIBUTE_E	615	ENTITY_INFO_E
2494	616	ATTRIBUTE_E	618	ENTITY_INFO_E
2496	617	ATTRIBUTE_E	618	ENTITY_INFO_E
2501	619	ATTRIBUTE_E	604	ENTITY_INFO_E
2503	620	ATTRIBUTE_E	604	ENTITY_INFO_E
2504	621	ATTRIBUTE_E	13	ENTITY_INFO_E
2510	623	ATTRIBUTE_E	627	ENTITY_INFO_E
2512	624	ATTRIBUTE_E	627	ENTITY_INFO_E
2514	625	ATTRIBUTE_E	627	ENTITY_INFO_E
2523	628	INV_ATTRIBUTE_E	149	ENTITY_INFO_E
2525	629	DER_ATTRIBUTE_E	149	ENTITY_INFO_E
2526	630	ATTRIBUTE_E	149	ENTITY_INFO_E
2528	631	ATTRIBUTE_E	149	ENTITY_INFO_E
2530	632	INV_ATTRIBUTE_E	503	ENTITY_INFO_E
2532	633	ATTRIBUTE_E	13	ENTITY_INFO_E
2535	634	ATTRIBUTE_E	513	ENTITY_INFO_E
2537	635	ATTRIBUTE_E	643	ENTITY_INFO_E
2539	636	ATTRIBUTE_E	643	ENTITY_INFO_E
2540	637	ATTRIBUTE_E	643	ENTITY_INFO_E
2543	638	ATTRIBUTE_E	644	ENTITY_INFO_E
2544	639	ATTRIBUTE_E	643	ENTITY_INFO_E
2547	640	ATTRIBUTE_E	643	ENTITY_INFO_E
2549	641	ATTRIBUTE_E	643	ENTITY_INFO_E
2550	642	ATTRIBUTE_E	643	ENTITY_INFO_E
2570	645	ATTRIBUTE_E	622	ENTITY_INFO_E
2573	646	ATTRIBUTE_E	622	ENTITY_INFO_E
2575	647	ATTRIBUTE_E	622	ENTITY_INFO_E
2576	648	ATTRIBUTE_E	13	ENTITY_INFO_E
2578	649	DER_ATTRIBUTE_E	651	ENTITY_INFO_E
2580	650	ATTRIBUTE_E	651	ENTITY_INFO_E
2584	652	ATTRIBUTE_E	655	ENTITY_INFO_E
2586	653	ATTRIBUTE_E	655	ENTITY_INFO_E
2589	654	ATTRIBUTE_E	655	ENTITY_INFO_E
2593	656	ATTRIBUTE_E	660	ENTITY_INFO_E
2595	657	ATTRIBUTE_E	660	ENTITY_INFO_E
2597	658	ATTRIBUTE_E	660	ENTITY_INFO_E
2599	659	ATTRIBUTE_E	660	ENTITY_INFO_E
2605	661	ATTRIBUTE_E	574	ENTITY_INFO_E
2608	662	ATTRIBUTE_E	421	ENTITY_INFO_E
2618	666	ATTRIBUTE_E	304	ENTITY_INFO_E
2627	668	ATTRIBUTE_E	13	ENTITY_INFO_E
2629	669	INV_ATTRIBUTE_E	148	ENTITY_INFO_E
2632	670	DER_ATTRIBUTE_E	148	ENTITY_INFO_E
2634	671	ATTRIBUTE_E	148	ENTITY_INFO_E
2635	672	ATTRIBUTE_E	148	ENTITY_INFO_E
2637	673	ATTRIBUTE_E	384	ENTITY_INFO_E
2639	674	ATTRIBUTE_E	384	ENTITY_INFO_E
2642	675	ATTRIBUTE_E	384	ENTITY_INFO_E
2643	676	ATTRIBUTE_E	384	ENTITY_INFO_E
2646	677	ATTRIBUTE_E	526	ENTITY_INFO_E
2647	678	ATTRIBUTE_E	665	ENTITY_INFO_E
2649	679	ATTRIBUTE_E	665	ENTITY_INFO_E
2652	680	ATTRIBUTE_E	512	ENTITY_INFO_E
2653	681	ATTRIBUTE_E	512	ENTITY_INFO_E
2656	682	ATTRIBUTE_E	664	ENTITY_INFO_E
2658	683	ATTRIBUTE_E	664	ENTITY_INFO_E
2660	684	ATTRIBUTE_E	162	ENTITY_INFO_E
2661	685	ATTRIBUTE_E	689	ENTITY_INFO_E
2663	686	ATTRIBUTE_E	689	ENTITY_INFO_E
2665	687	ATTRIBUTE_E	689	ENTITY_INFO_E
2667	688	ATTRIBUTE_E	689	ENTITY_INFO_E
2674	690	ATTRIBUTE_E	42	ENTITY_INFO_E
2675	691	ATTRIBUTE_E	420	ENTITY_INFO_E
2677	692	DER_ATTRIBUTE_E	119	ENTITY_INFO_E
2679	693	DER_ATTRIBUTE_E	119	ENTITY_INFO_E
2681	694	DER_ATTRIBUTE_E	119	ENTITY_INFO_E
2684	695	DER_ATTRIBUTE_E	119	ENTITY_INFO_E
2685	696	DER_ATTRIBUTE_E	119	ENTITY_INFO_E
3346	962	ATTRIBUTE_E	267	ENTITY_INFO_E
3348	963	ATTRIBUTE_E	968	ENTITY_INFO_E
3349	964	ATTRIBUTE_E	968	ENTITY_INFO_E
3351	965	ATTRIBUTE_E	968	ENTITY_INFO_E
3353	966	ATTRIBUTE_E	968	ENTITY_INFO_E
3355	967	ATTRIBUTE_E	968	ENTITY_INFO_E
3365	969	ATTRIBUTE_E	971	ENTITY_INFO_E
3367	970	ATTRIBUTE_E	971	ENTITY_INFO_E
3374	972	ATTRIBUTE_E	13	ENTITY_INFO_E
3377	973	ATTRIBUTE_E	975	ENTITY_INFO_E
3379	974	ATTRIBUTE_E	975	ENTITY_INFO_E
3383	976	ATTRIBUTE_E	983	ENTITY_INFO_E
3384	977	ATTRIBUTE_E	961	ENTITY_INFO_E
3386	978	ATTRIBUTE_E	961	ENTITY_INFO_E
3389	979	ATTRIBUTE_E	961	ENTITY_INFO_E
3390	980	ATTRIBUTE_E	961	ENTITY_INFO_E
3392	981	ATTRIBUTE_E	961	ENTITY_INFO_E
3394	982	ATTRIBUTE_E	961	ENTITY_INFO_E
3419	994	DER_ATTRIBUTE_E	21	ENTITY_INFO_E
3421	995	ATTRIBUTE_E	985	ENTITY_INFO_E
3423	996	ATTRIBUTE_E	209	ENTITY_INFO_E
\.


--
-- Data for Name: attribute_e; Type: TABLE DATA; Schema: public; Owner: postgres
--

COPY attribute_e (rid, obj, idx, name, is_optional, attr_type, of_entity) FROM stdin;
1	\N	\N	coordinates	f	2	1
2	\N	\N	simplified_drawing	t	3	4
3	\N	\N	sub_class_properties	f	6	5
4	\N	\N	is_case_of	f	8	7
5	\N	\N	is_global_id	f	10	9
6	\N	\N	source_class_content	t	12	11
8	\N	\N	user_identification	t	14	15
9	\N	\N	user_designation	t	16	17
10	\N	\N	supplier_designation	t	19	18
11	\N	\N	supplier_identification	t	21	20
14	\N	\N	the_context	f	47	46
15	\N	\N	its_value	t	48	49
17	\N	\N	prop_def	f	51	50
23	\N	\N	bound_2	t	93	92
24	\N	\N	value_type	f	95	94
27	\N	\N	description	t	109	108
28	\N	\N	id	t	111	110
29	\N	\N	name	f	112	113
31	\N	\N	time_stamps	t	117	118
32	\N	\N	revision	f	120	119
33	\N	\N	authors	t	122	121
34	\N	\N	identified_by	f	124	123
35	\N	\N	publishing_organisation	f	126	125
36	\N	\N	names	f	128	127
37	\N	\N	definition	f	129	130
38	\N	\N	note	t	132	131
39	\N	\N	remark	t	133	134
45	\N	\N	relating_class	f	194	193
46	\N	\N	related_tokens	f	196	195
49	\N	\N	language	f	204	203
51	\N	\N	class_def	f	207	206
52	\N	\N	properties	f	209	208
53	\N	\N	case_of	f	211	210
57	\N	\N	bound_1	t	239	240
61	\N	\N	syntactical_name	f	259	258
62	\N	\N	in_parameters	f	261	260
63	\N	\N	used_protocol	f	263	262
64	\N	\N	out_parameters	f	265	264
65	\N	\N	inout_parameters	f	267	266
66	\N	\N	code	f	269	268
67	\N	\N	content	f	271	270
70	\N	\N	type_name	f	292	293
97	\N	\N	imported_types	f	686	685
100	\N	\N	imported_properties	f	711	712
105	\N	\N	name	f	795	794
106	\N	\N	short_name	t	797	796
107	\N	\N	languages	t	799	798
108	\N	\N	icon	t	801	800
110	\N	\N	orientation	f	808	807
111	\N	\N	magnitude	f	809	810
113	\N	\N	names	f	815	816
114	\N	\N	definition	f	818	817
115	\N	\N	note	t	820	819
116	\N	\N	identified_by	f	821	822
117	\N	\N	remark	t	824	823
118	\N	\N	identified_by	f	825	826
125	\N	\N	text_representation	f	907	908
126	\N	\N	sgml_representation	t	910	909
128	\N	\N	date_component	f	914	913
129	\N	\N	time_component	f	916	915
132	\N	\N	axis	t	922	921
133	\N	\N	location	f	924	923
136	\N	\N	synonymous_names	f	937	936
137	\N	\N	preferred_name	f	939	938
139	\N	\N	content_files	f	943	942
140	\N	\N	main_file	t	944	945
141	\N	\N	character_encoding	t	946	947
146	\N	\N	code	f	959	958
147	\N	\N	version	f	961	960
157	\N	\N	currency	t	1025	1024
160	\N	\N	related_tokens	f	1033	1034
161	\N	\N	relating_supplier	f	1035	1036
164	\N	\N	its_superclass	t	1044	1043
165	\N	\N	described_by	f	1045	1046
166	\N	\N	identified_by	f	1048	1047
167	\N	\N	defined_types	f	1050	1049
168	\N	\N	names	f	1052	1051
169	\N	\N	definition	f	1054	1053
170	\N	\N	note	t	1056	1055
171	\N	\N	remark	t	1058	1057
172	\N	\N	source_doc_of_definition	t	1060	1059
173	\N	\N	class_constant_values	f	1062	1061
174	\N	\N	coded_name	t	1063	1064
175	\N	\N	names	f	1066	1065
176	\N	\N	note	t	1067	1068
177	\N	\N	remark	t	1070	1069
178	\N	\N	updates	t	1071	1072
179	\N	\N	referenced_dictionaries	f	1073	1074
180	\N	\N	update_agreement	t	1075	1076
181	\N	\N	library_structure	f	1078	1077
182	\N	\N	base_protocols	f	1079	1080
183	\N	\N	supported_vep	f	1082	1081
184	\N	\N	contained_classes	f	1083	1084
185	\N	\N	responsible_supplier	f	1086	1085
186	\N	\N	referred_suppliers	f	1088	1087
187	\N	\N	a_posteriori_semantic_relationships	f	1090	1089
188	\N	\N	linked_interfaces	f	1091	1092
189	\N	\N	identified_by	t	1094	1093
190	\N	\N	is_complete	t	1095	1096
194	\N	\N	bound_1	f	1151	1150
195	\N	\N	bound_2	f	1153	1152
196	\N	\N	values	f	1155	1154
199	\N	\N	value_format	f	1167	1166
200	\N	\N	view_properties	f	1169	1168
201	\N	\N	revision	f	1171	1170
202	\N	\N	used_protocol	f	1173	1172
203	\N	\N	dictionary_definition	f	1175	1174
210	\N	\N	consists_of	f	1201	1200
214	\N	\N	coordinate_space_dimension	f	1212	1213
215	\N	\N	context_identifier	f	1215	1214
216	\N	\N	context_type	f	1217	1216
220	\N	\N	context_of_items	f	1230	1229
221	\N	\N	name	f	1232	1231
222	\N	\N	items	f	1234	1233
223	\N	\N	generated_by	t	1235	1236
224	\N	\N	view_of	t	1237	1238
229	\N	\N	representation_type	t	1273	1272
230	\N	\N	view_control_variables	f	1275	1274
231	\N	\N	identified_by	f	1277	1276
232	\N	\N	dictionary_definition	f	1279	1278
233	\N	\N	used_protocol	f	1281	1280
236	\N	\N	attribute_value	f	1294	1293
237	\N	\N	described_item	f	1296	1295
240	\N	\N	direction_ratios	f	1306	1305
242	\N	\N	addr	f	1310	1309
243	\N	\N	org	f	1312	1311
244	\N	\N	identified_by	f	1314	1313
246	\N	\N	used_protocol	f	1318	1317
254	\N	\N	content_version	t	1376	1377
255	\N	\N	recommended_presentation	f	1379	1378
256	\N	\N	used_protocols	f	1381	1380
257	\N	\N	classification	f	1383	1382
258	\N	\N	referenced_external_items	f	1385	1384
259	\N	\N	content_revision	t	1386	1387
265	\N	\N	unit	f	1457	1458
269	\N	\N	unit	f	1473	1474
271	\N	\N	imported_tables	f	1479	1478
272	\N	\N	organisation	f	1481	1480
273	\N	\N	designation	f	1482	1483
274	\N	\N	protocol_version	f	1485	1484
275	\N	\N	country	t	1486	1487
276	\N	\N	protocol_name	f	1489	1488
277	\N	\N	base_protocol	t	1491	1490
278	\N	\N	level	t	1492	1493
285	\N	\N	related_tokens	f	1576	1577
286	\N	\N	referenced_view_exchange_protocol	f	1578	1579
287	\N	\N	dictionary_definition	f	1581	1580
289	\N	\N	status	f	1593	1594
290	\N	\N	language	f	1595	1596
291	\N	\N	compiler_supplier	t	1598	1597
292	\N	\N	compiler_name	t	1600	1599
293	\N	\N	compiler_version	t	1602	1601
294	\N	\N	referenced_tables	f	1603	1604
295	\N	\N	referenced_documents	f	1606	1605
296	\N	\N	referenced_classes	f	1607	1608
297	\N	\N	referenced_data_types	f	1610	1609
298	\N	\N	referenced_properties	f	1611	1612
299	\N	\N	imported_documents	f	1614	1613
301	\N	\N	labels	f	1618	1619
302	\N	\N	languages	f	1621	1620
307	\N	\N	dimensions	f	1631	1630
310	\N	\N	remote_location	f	1641	1640
311	\N	\N	preferred_symbol	t	1643	1642
312	\N	\N	synonymous_symbols	f	1645	1644
313	\N	\N	figure	t	1647	1646
314	\N	\N	det_classification	t	1648	1649
315	\N	\N	identified_by	f	1651	1650
316	\N	\N	formula	t	1652	1653
317	\N	\N	domain	f	1655	1654
318	\N	\N	dictionary_definition	f	1656	1657
320	\N	\N	used_protocol	f	1668	1669
321	\N	\N	representation_id	t	1671	1670
322	\N	\N	parameter_type	f	1673	1672
323	\N	\N	range_lobound	f	1675	1674
324	\N	\N	range_hibound	f	1677	1676
325	\N	\N	suffix_titles	t	1679	1678
328	\N	\N	name	f	1689	1688
329	\N	\N	identified_by	f	1690	1691
330	\N	\N	names	f	1693	1692
331	\N	\N	type_definition	f	1695	1694
332	\N	\N	name	f	1697	1696
333	\N	\N	conversion_factor	f	1699	1698
335	\N	\N	depends_on	f	1704	1705
337	\N	\N	population	f	1720	1719
338	\N	\N	table_like	f	1722	1721
339	\N	\N	instance_identification	f	1724	1723
340	\N	\N	available_views_icon	t	1726	1725
341	\N	\N	measure_unit	t	1728	1727
342	\N	\N	context_param_icon	f	1729	1730
343	\N	\N	required_item_values	f	1732	1731
344	\N	\N	referenced_representation	t	1734	1733
345	\N	\N	context_param_msg	t	1736	1735
346	\N	\N	available_views_msg	t	1737	1738
347	\N	\N	of_schema	f	1740	1739
350	\N	\N	code	f	1746	1745
351	\N	\N	middle_names	t	1748	1747
352	\N	\N	first_name	t	1750	1749
353	\N	\N	id	f	1752	1751
354	\N	\N	last_name	t	1754	1753
355	\N	\N	prefix_titles	t	1755	1756
356	\N	\N	length_exponent	f	1758	1757
357	\N	\N	electric_current_exponent	f	1759	1760
358	\N	\N	thermodynamic_temperature_exponent	f	1762	1761
359	\N	\N	mass_exponent	f	1763	1764
360	\N	\N	amount_of_substance_exponent	f	1766	1765
361	\N	\N	luminous_intensity_exponent	f	1768	1767
362	\N	\N	obj	f	1769	1770
374	\N	\N	language_codes	f	1858	1857
376	\N	\N	value_component	f	1861	1860
377	\N	\N	unit_component	f	1863	1862
382	\N	\N	time_exponent	f	1876	1877
389	\N	\N	category	f	1906	1905
391	\N	\N	min	t	1912	1911
392	\N	\N	values	f	1914	1913
393	\N	\N	max	t	1916	1915
395	\N	\N	domain	f	1922	1921
404	\N	\N	languages	t	1958	1959
405	\N	\N	terms	f	1961	1960
406	\N	\N	its_values	f	1963	1962
407	\N	\N	source_doc_of_value_domain	t	1965	1964
409	\N	\N	kind_of_content	f	1970	1969
410	\N	\N	width	t	1972	1971
411	\N	\N	height	t	1973	1974
412	\N	\N	used_protocol	f	1976	1975
414	\N	\N	source_doc_of_value	t	1989	1988
415	\N	\N	value_code	f	1991	1990
416	\N	\N	meaning	f	1993	1992
419	\N	\N	values	f	2008	2007
422	\N	\N	access_icon	t	2014	2013
423	\N	\N	values	f	2015	2016
426	\N	\N	minute_offset	t	2021	2022
427	\N	\N	sense	f	2024	2023
428	\N	\N	hour_offset	f	2025	2026
437	\N	\N	axis	t	2049	2048
438	\N	\N	ref_direction	t	2051	2050
440	\N	\N	ref_direction	t	2054	2055
441	\N	\N	create_icon	f	2056	2057
442	\N	\N	class_presentation_on_paper	f	2059	2058
443	\N	\N	create_msg	t	2060	2061
444	\N	\N	class_presentation_on_screen	f	2063	2062
445	\N	\N	content_msg	t	2064	2065
447	\N	\N	cardinal_min	t	2085	2084
448	\N	\N	cardinal_max	t	2086	2087
451	\N	\N	attribute_value	f	2110	2109
452	\N	\N	named_item	f	2112	2111
454	\N	\N	name	f	2115	2116
458	\N	\N	imported_tables_from_view	f	2125	2124
459	\N	\N	v_c_v_range	f	2127	2126
460	\N	\N	imported_properties_from_view	f	2129	2128
461	\N	\N	imported_types_from_models	f	2131	2130
462	\N	\N	imported_tables_from_models	f	2133	2132
463	\N	\N	imported_documents_from_models	f	2135	2134
464	\N	\N	created_view	f	2136	2137
465	\N	\N	imported_types_from_view	f	2139	2138
466	\N	\N	imported_documents_from_view	f	2140	2141
467	\N	\N	imported_properties_from_models	f	2143	2142
468	\N	\N	case_of	f	2144	2145
475	\N	\N	imported_properties_from_item	f	2160	2159
476	\N	\N	view_of	f	2162	2161
477	\N	\N	imported_types_from_item	f	2164	2163
478	\N	\N	imported_documents_from_item	f	2166	2165
479	\N	\N	imported_tables_from_item	f	2167	2168
480	\N	\N	type_structure	f	2170	2169
481	\N	\N	texts	f	2171	2172
482	\N	\N	languages	f	2173	2174
485	\N	\N	code	f	2179	2180
486	\N	\N	name_scope	f	2182	2181
490	\N	\N	application	f	2190	2189
493	\N	\N	dictionary_definition	f	2198	2197
495	\N	\N	format_rfc	t	2200	2201
496	\N	\N	http_file_name	f	2203	2202
497	\N	\N	mime	f	2204	2205
498	\N	\N	exchange_format	f	2207	2206
499	\N	\N	http_directory	t	2209	2208
500	\N	\N	remote_access	t	2211	2210
501	\N	\N	file	f	2212	2213
502	\N	\N	content_encoding	t	2215	2214
506	\N	\N	prefix	t	2232	2231
507	\N	\N	name	f	2234	2233
509	\N	\N	super_class_defined_property	f	2240	2241
510	\N	\N	assigned_value	f	2243	2242
514	\N	\N	name	f	2252	2251
515	\N	\N	frame_of_reference	f	2254	2253
517	\N	\N	dictionary_definition	f	2259	2258
518	\N	\N	units	f	2261	2260
521	\N	\N	code	f	2267	2266
522	\N	\N	version	f	2268	2269
523	\N	\N	revision	f	2271	2270
524	\N	\N	defined_by	f	2272	2273
527	\N	\N	its_value	f	2283	2282
528	\N	\N	prop_def	f	2285	2284
530	\N	\N	link_libraries	f	2288	2289
533	\N	\N	code	f	2295	2294
534	\N	\N	name_scope	f	2297	2296
535	\N	\N	http_rfc	f	2299	2298
537	\N	\N	uniqueness	f	2303	2302
538	\N	\N	languages	f	2305	2304
539	\N	\N	values	f	2306	2307
543	\N	\N	date_of_original_definition	f	2320	2319
544	\N	\N	date_of_current_version	f	2322	2321
545	\N	\N	date_of_current_revision	t	2324	2323
547	\N	\N	name	f	2329	2328
548	\N	\N	attribute_value	f	2330	2331
549	\N	\N	identified_item	f	2332	2333
558	\N	\N	code	f	2351	2352
559	\N	\N	defined_by	f	2354	2353
560	\N	\N	currency	t	2355	2356
563	\N	\N	document_identifier	f	2371	2372
564	\N	\N	name	f	2374	2373
566	\N	\N	string_representation	t	2378	2377
567	\N	\N	structured_representation	f	2380	2379
568	\N	\N	partial	f	2381	2382
569	\N	\N	is_fixed	f	2384	2383
572	\N	\N	graphics_reference	f	2389	2390
575	\N	\N	defined_types	f	2396	2397
576	\N	\N	the_value	f	2399	2398
581	\N	\N	town	t	2408	2407
582	\N	\N	country	t	2410	2409
583	\N	\N	telephone_number	t	2412	2411
584	\N	\N	electronic_mail_address	t	2414	2413
585	\N	\N	telex_number	t	2416	2415
586	\N	\N	street_number	t	2418	2417
587	\N	\N	facsimile_number	t	2420	2419
588	\N	\N	internal_location	t	2422	2421
589	\N	\N	street	t	2424	2423
590	\N	\N	postal_box	t	2425	2426
591	\N	\N	literals	f	2428	2427
592	\N	\N	region	t	2429	2430
593	\N	\N	postal_code	t	2432	2431
595	\N	\N	bound	f	2438	2439
597	\N	\N	name	f	2455	2454
598	\N	\N	class	f	2456	2457
600	\N	\N	day_component	f	2461	2460
601	\N	\N	entity_types	f	2463	2462
602	\N	\N	year_component	f	2465	2464
605	\N	\N	remote_locations	f	2473	2472
606	\N	\N	languages	f	2475	2474
609	\N	\N	name_scope	f	2480	2481
610	\N	\N	code	f	2483	2482
611	\N	\N	domain	f	2484	2485
612	\N	\N	subtypes	f	2486	2487
613	\N	\N	string_values	f	2489	2488
614	\N	\N	languages	f	2491	2490
616	\N	\N	l	f	2495	2494
617	\N	\N	language	f	2497	2496
619	\N	\N	unit	f	2500	2501
620	\N	\N	exponent	f	2502	2503
621	\N	\N	explicit	f	2505	2504
623	\N	\N	source	f	2511	2510
624	\N	\N	corresponding_properties	f	2513	2512
625	\N	\N	is_case_of	f	2515	2514
630	\N	\N	defined_by	f	2527	2526
631	\N	\N	code	f	2529	2528
633	\N	\N	supertypes	f	2533	2532
634	\N	\N	domain	f	2534	2535
635	\N	\N	application	t	2536	2537
636	\N	\N	level	t	2538	2539
637	\N	\N	external_file_protocols	f	2541	2540
638	\N	\N	referenced_iso10303_ap	t	2542	2543
639	\N	\N	name	f	2545	2544
640	\N	\N	source_document_identifier	t	2546	2547
641	\N	\N	date	f	2548	2549
642	\N	\N	status	f	2551	2550
645	\N	\N	functional_model	f	2571	2570
646	\N	\N	is_view_of	f	2572	2573
647	\N	\N	corresponding_properties	f	2574	2575
648	\N	\N	derived	f	2577	2576
650	\N	\N	elements	f	2581	2580
652	\N	\N	prop_def	f	2585	2584
653	\N	\N	recommended_presentation_unit	f	2587	2586
654	\N	\N	recommended_presentation_format	f	2588	2589
656	\N	\N	status	f	2594	2593
657	\N	\N	application_interpreted_model_schema_name	f	2596	2595
658	\N	\N	application_protocol_year	f	2598	2597
659	\N	\N	application	f	2600	2599
661	\N	\N	values	f	2606	2605
662	\N	\N	values	f	2607	2608
666	\N	\N	document_reference	f	2617	2618
668	\N	\N	inv	f	2628	2627
671	\N	\N	code	f	2633	2634
672	\N	\N	name_scope	f	2636	2635
673	\N	\N	bound_1	f	2638	2637
674	\N	\N	uniqueness	f	2640	2639
675	\N	\N	bound_2	f	2641	2642
676	\N	\N	are_optional	f	2644	2643
677	\N	\N	referred_type	f	2645	2646
678	\N	\N	day_component	f	2648	2647
679	\N	\N	month_component	f	2650	2649
680	\N	\N	levels	f	2651	2652
681	\N	\N	value_type	f	2654	2653
682	\N	\N	week_component	f	2655	2656
683	\N	\N	day_component	t	2657	2658
684	\N	\N	related_tokens	f	2659	2660
685	\N	\N	hour_component	f	2662	2661
686	\N	\N	minute_component	t	2664	2663
687	\N	\N	second_component	t	2666	2665
688	\N	\N	zone	f	2668	2667
690	\N	\N	identified_by	f	2673	2674
691	\N	\N	values	f	2676	2675
962	\N	\N	underlying	f	3345	3346
963	\N	\N	is_unique	f	3347	3348
964	\N	\N	is_optional	f	3350	3349
965	\N	\N	bound_1	f	3352	3351
966	\N	\N	bound_2	f	3354	3353
967	\N	\N	element_type	f	3356	3355
969	\N	\N	bound	f	3366	3365
970	\N	\N	is_fixed	f	3368	3367
972	\N	\N	is_abstract	f	3375	3374
973	\N	\N	name	f	3376	3377
974	\N	\N	schemas	f	3378	3379
976	\N	\N	for_attribute	f	3382	3383
977	\N	\N	idx	f	3385	3384
978	\N	\N	of_entity	f	3387	3386
979	\N	\N	obj	f	3388	3389
980	\N	\N	name	f	3391	3390
981	\N	\N	is_optional	f	3393	3392
982	\N	\N	attr_type	f	3395	3394
995	\N	\N	redefines	f	3422	3421
996	\N	\N	select_list	f	3424	3423
\.


--
-- Data for Name: axis1_placement_2_axis; Type: TABLE DATA; Schema: public; Owner: postgres
--

COPY axis1_placement_2_axis (rid, rid_s, tablename_s, rid_d, tablename_d) FROM stdin;
\.


--
-- Data for Name: axis1_placement_e; Type: TABLE DATA; Schema: public; Owner: postgres
--

COPY axis1_placement_e (rid, name, location, axis) FROM stdin;
\.


--
-- Data for Name: axis1_placement_type_e; Type: TABLE DATA; Schema: public; Owner: postgres
--

COPY axis1_placement_type_e (rid, type_name) FROM stdin;
\.


--
-- Data for Name: axis2_placement_2d_2_ref_direction; Type: TABLE DATA; Schema: public; Owner: postgres
--

COPY axis2_placement_2d_2_ref_direction (rid, rid_s, tablename_s, rid_d, tablename_d) FROM stdin;
\.


--
-- Data for Name: axis2_placement_2d_e; Type: TABLE DATA; Schema: public; Owner: postgres
--

COPY axis2_placement_2d_e (rid, name, location, ref_direction) FROM stdin;
\.


--
-- Data for Name: axis2_placement_2d_type_e; Type: TABLE DATA; Schema: public; Owner: postgres
--

COPY axis2_placement_2d_type_e (rid, type_name) FROM stdin;
\.


--
-- Data for Name: axis2_placement_3d_2_axis; Type: TABLE DATA; Schema: public; Owner: postgres
--

COPY axis2_placement_3d_2_axis (rid, rid_s, tablename_s, rid_d, tablename_d) FROM stdin;
\.


--
-- Data for Name: axis2_placement_3d_2_ref_direction; Type: TABLE DATA; Schema: public; Owner: postgres
--

COPY axis2_placement_3d_2_ref_direction (rid, rid_s, tablename_s, rid_d, tablename_d) FROM stdin;
\.


--
-- Data for Name: axis2_placement_3d_e; Type: TABLE DATA; Schema: public; Owner: postgres
--

COPY axis2_placement_3d_e (rid, name, location, axis, ref_direction) FROM stdin;
\.


--
-- Data for Name: axis2_placement_3d_type_e; Type: TABLE DATA; Schema: public; Owner: postgres
--

COPY axis2_placement_3d_type_e (rid, type_name) FROM stdin;
\.


--
-- Data for Name: bag_type_e; Type: TABLE DATA; Schema: public; Owner: postgres
--

COPY bag_type_e (rid, bound_1, bound_2, value_type) FROM stdin;
\.


--
-- Data for Name: bag_value_2_values; Type: TABLE DATA; Schema: public; Owner: postgres
--

COPY bag_value_2_values (rid, rid_s, tablename_s, rid_d, tablename_d) FROM stdin;
\.


--
-- Data for Name: bag_value_e; Type: TABLE DATA; Schema: public; Owner: postgres
--

COPY bag_value_e (rid, "values") FROM stdin;
\.


--
-- Data for Name: basic_semantic_unit_e; Type: TABLE DATA; Schema: public; Owner: postgres
--

COPY basic_semantic_unit_e (rid, code, version, is_version_current) FROM stdin;
\.


--
-- Data for Name: binary_info_e; Type: TABLE DATA; Schema: public; Owner: postgres
--

COPY binary_info_e (rid, obj, category, is_fixed, bound) FROM stdin;
\.


--
-- Data for Name: boolean_type_e; Type: TABLE DATA; Schema: public; Owner: postgres
--

COPY boolean_type_e (rid, value_format) FROM stdin;
1138	 
1160	 
1523	
1524	
\.


--
-- Data for Name: boolean_value_t; Type: TABLE DATA; Schema: public; Owner: postgres
--

COPY boolean_value_t (rid, value) FROM stdin;
\.


--
-- Data for Name: calendar_date_e; Type: TABLE DATA; Schema: public; Owner: postgres
--

COPY calendar_date_e (rid, year_component, day_component, month_component) FROM stdin;
\.


--
-- Data for Name: cartesian_point_e; Type: TABLE DATA; Schema: public; Owner: postgres
--

COPY cartesian_point_e (rid, name, coordinates) FROM stdin;
\.


--
-- Data for Name: character_set_type_t; Type: TABLE DATA; Schema: public; Owner: postgres
--

COPY character_set_type_t (rid, value) FROM stdin;
\.


--
-- Data for Name: class_2_defined_types; Type: TABLE DATA; Schema: public; Owner: postgres
--

COPY class_2_defined_types (rid, rid_s, tablename_s, rid_d, tablename_d) FROM stdin;
\.


--
-- Data for Name: class_2_described_by; Type: TABLE DATA; Schema: public; Owner: postgres
--

COPY class_2_described_by (rid, rid_s, tablename_s, rid_d, tablename_d) FROM stdin;
3533	1091	ITEM_CLASS_E	1057	PROPERTY_BSU_E
3534	1091	ITEM_CLASS_E	1056	PROPERTY_BSU_E
3535	1091	ITEM_CLASS_E	1054	PROPERTY_BSU_E
3536	1091	ITEM_CLASS_E	1053	PROPERTY_BSU_E
3619	1171	COMPONENT_CLASS_E	1066	PROPERTY_BSU_E
3620	1171	COMPONENT_CLASS_E	1071	PROPERTY_BSU_E
3621	1171	COMPONENT_CLASS_E	1058	PROPERTY_BSU_E
3622	1171	COMPONENT_CLASS_E	1064	PROPERTY_BSU_E
3623	1171	COMPONENT_CLASS_E	1062	PROPERTY_BSU_E
3624	1171	COMPONENT_CLASS_E	1059	PROPERTY_BSU_E
3625	1171	COMPONENT_CLASS_E	1060	PROPERTY_BSU_E
3626	1171	COMPONENT_CLASS_E	1068	PROPERTY_BSU_E
3627	1171	COMPONENT_CLASS_E	1063	PROPERTY_BSU_E
3628	1171	COMPONENT_CLASS_E	1072	PROPERTY_BSU_E
3629	1171	COMPONENT_CLASS_E	1073	PROPERTY_BSU_E
3630	1171	COMPONENT_CLASS_E	1055	PROPERTY_BSU_E
3631	1171	COMPONENT_CLASS_E	1070	PROPERTY_BSU_E
3632	1171	COMPONENT_CLASS_E	1061	PROPERTY_BSU_E
3633	1171	COMPONENT_CLASS_E	1065	PROPERTY_BSU_E
3634	1171	COMPONENT_CLASS_E	1074	PROPERTY_BSU_E
3635	1171	COMPONENT_CLASS_E	1067	PROPERTY_BSU_E
3636	1171	COMPONENT_CLASS_E	1075	PROPERTY_BSU_E
3637	1171	COMPONENT_CLASS_E	1069	PROPERTY_BSU_E
3662	1193	COMPONENT_CLASS_E	1066	PROPERTY_BSU_E
3663	1193	COMPONENT_CLASS_E	1071	PROPERTY_BSU_E
3664	1193	COMPONENT_CLASS_E	1058	PROPERTY_BSU_E
3665	1193	COMPONENT_CLASS_E	1064	PROPERTY_BSU_E
3666	1193	COMPONENT_CLASS_E	1062	PROPERTY_BSU_E
3667	1193	COMPONENT_CLASS_E	1059	PROPERTY_BSU_E
3668	1193	COMPONENT_CLASS_E	1060	PROPERTY_BSU_E
3669	1193	COMPONENT_CLASS_E	1068	PROPERTY_BSU_E
3670	1193	COMPONENT_CLASS_E	1063	PROPERTY_BSU_E
3671	1193	COMPONENT_CLASS_E	1072	PROPERTY_BSU_E
3672	1193	COMPONENT_CLASS_E	1073	PROPERTY_BSU_E
3673	1193	COMPONENT_CLASS_E	1055	PROPERTY_BSU_E
3674	1193	COMPONENT_CLASS_E	1070	PROPERTY_BSU_E
3675	1193	COMPONENT_CLASS_E	1061	PROPERTY_BSU_E
3676	1193	COMPONENT_CLASS_E	1065	PROPERTY_BSU_E
3677	1193	COMPONENT_CLASS_E	1074	PROPERTY_BSU_E
3678	1193	COMPONENT_CLASS_E	1067	PROPERTY_BSU_E
3679	1193	COMPONENT_CLASS_E	1075	PROPERTY_BSU_E
3680	1193	COMPONENT_CLASS_E	1069	PROPERTY_BSU_E
3694	1204	COMPONENT_CLASS_E	1066	PROPERTY_BSU_E
3695	1204	COMPONENT_CLASS_E	1071	PROPERTY_BSU_E
3696	1204	COMPONENT_CLASS_E	1058	PROPERTY_BSU_E
3697	1204	COMPONENT_CLASS_E	1064	PROPERTY_BSU_E
3698	1204	COMPONENT_CLASS_E	1062	PROPERTY_BSU_E
3699	1204	COMPONENT_CLASS_E	1059	PROPERTY_BSU_E
3700	1204	COMPONENT_CLASS_E	1060	PROPERTY_BSU_E
3701	1204	COMPONENT_CLASS_E	1068	PROPERTY_BSU_E
3702	1204	COMPONENT_CLASS_E	1063	PROPERTY_BSU_E
3703	1204	COMPONENT_CLASS_E	1072	PROPERTY_BSU_E
3704	1204	COMPONENT_CLASS_E	1073	PROPERTY_BSU_E
3705	1204	COMPONENT_CLASS_E	1055	PROPERTY_BSU_E
3706	1204	COMPONENT_CLASS_E	1070	PROPERTY_BSU_E
3707	1204	COMPONENT_CLASS_E	1061	PROPERTY_BSU_E
3708	1204	COMPONENT_CLASS_E	1065	PROPERTY_BSU_E
3709	1204	COMPONENT_CLASS_E	1074	PROPERTY_BSU_E
3710	1204	COMPONENT_CLASS_E	1067	PROPERTY_BSU_E
3711	1204	COMPONENT_CLASS_E	1075	PROPERTY_BSU_E
3712	1204	COMPONENT_CLASS_E	1069	PROPERTY_BSU_E
3720	1210	COMPONENT_CLASS_E	1066	PROPERTY_BSU_E
3721	1210	COMPONENT_CLASS_E	1071	PROPERTY_BSU_E
3722	1210	COMPONENT_CLASS_E	1058	PROPERTY_BSU_E
3723	1210	COMPONENT_CLASS_E	1064	PROPERTY_BSU_E
3724	1210	COMPONENT_CLASS_E	1062	PROPERTY_BSU_E
3725	1210	COMPONENT_CLASS_E	1059	PROPERTY_BSU_E
3726	1210	COMPONENT_CLASS_E	1060	PROPERTY_BSU_E
3727	1210	COMPONENT_CLASS_E	1068	PROPERTY_BSU_E
3728	1210	COMPONENT_CLASS_E	1063	PROPERTY_BSU_E
3729	1210	COMPONENT_CLASS_E	1072	PROPERTY_BSU_E
3730	1210	COMPONENT_CLASS_E	1073	PROPERTY_BSU_E
3731	1210	COMPONENT_CLASS_E	1055	PROPERTY_BSU_E
3732	1210	COMPONENT_CLASS_E	1070	PROPERTY_BSU_E
3733	1210	COMPONENT_CLASS_E	1061	PROPERTY_BSU_E
3734	1210	COMPONENT_CLASS_E	1065	PROPERTY_BSU_E
3735	1210	COMPONENT_CLASS_E	1074	PROPERTY_BSU_E
3736	1210	COMPONENT_CLASS_E	1067	PROPERTY_BSU_E
3737	1210	COMPONENT_CLASS_E	1075	PROPERTY_BSU_E
3738	1210	COMPONENT_CLASS_E	1069	PROPERTY_BSU_E
3742	1212	COMPONENT_CLASS_E	1066	PROPERTY_BSU_E
3743	1212	COMPONENT_CLASS_E	1071	PROPERTY_BSU_E
3744	1212	COMPONENT_CLASS_E	1058	PROPERTY_BSU_E
3745	1212	COMPONENT_CLASS_E	1064	PROPERTY_BSU_E
3746	1212	COMPONENT_CLASS_E	1062	PROPERTY_BSU_E
3747	1212	COMPONENT_CLASS_E	1059	PROPERTY_BSU_E
3748	1212	COMPONENT_CLASS_E	1060	PROPERTY_BSU_E
3749	1212	COMPONENT_CLASS_E	1068	PROPERTY_BSU_E
3750	1212	COMPONENT_CLASS_E	1063	PROPERTY_BSU_E
3751	1212	COMPONENT_CLASS_E	1072	PROPERTY_BSU_E
3752	1212	COMPONENT_CLASS_E	1073	PROPERTY_BSU_E
3753	1212	COMPONENT_CLASS_E	1055	PROPERTY_BSU_E
3754	1212	COMPONENT_CLASS_E	1070	PROPERTY_BSU_E
3755	1212	COMPONENT_CLASS_E	1061	PROPERTY_BSU_E
3756	1212	COMPONENT_CLASS_E	1065	PROPERTY_BSU_E
3757	1212	COMPONENT_CLASS_E	1074	PROPERTY_BSU_E
3758	1212	COMPONENT_CLASS_E	1067	PROPERTY_BSU_E
3759	1212	COMPONENT_CLASS_E	1075	PROPERTY_BSU_E
3760	1212	COMPONENT_CLASS_E	1069	PROPERTY_BSU_E
3764	1214	COMPONENT_CLASS_E	1061	PROPERTY_BSU_E
3765	1214	COMPONENT_CLASS_E	1065	PROPERTY_BSU_E
3766	1214	COMPONENT_CLASS_E	1067	PROPERTY_BSU_E
3767	1214	COMPONENT_CLASS_E	1069	PROPERTY_BSU_E
3768	1214	COMPONENT_CLASS_E	1055	PROPERTY_BSU_E
3769	1214	COMPONENT_CLASS_E	1063	PROPERTY_BSU_E
3770	1214	COMPONENT_CLASS_E	1068	PROPERTY_BSU_E
3771	1214	COMPONENT_CLASS_E	1058	PROPERTY_BSU_E
3772	1214	COMPONENT_CLASS_E	1064	PROPERTY_BSU_E
3773	1214	COMPONENT_CLASS_E	1062	PROPERTY_BSU_E
3777	1216	COMPONENT_CLASS_E	1069	PROPERTY_BSU_E
3778	1216	COMPONENT_CLASS_E	1067	PROPERTY_BSU_E
3779	1216	COMPONENT_CLASS_E	1065	PROPERTY_BSU_E
3780	1216	COMPONENT_CLASS_E	1061	PROPERTY_BSU_E
3781	1216	COMPONENT_CLASS_E	1055	PROPERTY_BSU_E
3782	1216	COMPONENT_CLASS_E	1063	PROPERTY_BSU_E
3783	1216	COMPONENT_CLASS_E	1068	PROPERTY_BSU_E
3784	1216	COMPONENT_CLASS_E	1062	PROPERTY_BSU_E
3785	1216	COMPONENT_CLASS_E	1064	PROPERTY_BSU_E
3786	1216	COMPONENT_CLASS_E	1058	PROPERTY_BSU_E
3790	1218	COMPONENT_CLASS_E	1066	PROPERTY_BSU_E
3791	1218	COMPONENT_CLASS_E	1071	PROPERTY_BSU_E
3792	1218	COMPONENT_CLASS_E	1058	PROPERTY_BSU_E
3793	1218	COMPONENT_CLASS_E	1064	PROPERTY_BSU_E
3794	1218	COMPONENT_CLASS_E	1062	PROPERTY_BSU_E
3795	1218	COMPONENT_CLASS_E	1059	PROPERTY_BSU_E
3796	1218	COMPONENT_CLASS_E	1060	PROPERTY_BSU_E
3797	1218	COMPONENT_CLASS_E	1068	PROPERTY_BSU_E
3798	1218	COMPONENT_CLASS_E	1063	PROPERTY_BSU_E
3799	1218	COMPONENT_CLASS_E	1072	PROPERTY_BSU_E
3800	1218	COMPONENT_CLASS_E	1073	PROPERTY_BSU_E
3801	1218	COMPONENT_CLASS_E	1055	PROPERTY_BSU_E
3802	1218	COMPONENT_CLASS_E	1070	PROPERTY_BSU_E
3803	1218	COMPONENT_CLASS_E	1061	PROPERTY_BSU_E
3804	1218	COMPONENT_CLASS_E	1065	PROPERTY_BSU_E
3805	1218	COMPONENT_CLASS_E	1074	PROPERTY_BSU_E
3806	1218	COMPONENT_CLASS_E	1067	PROPERTY_BSU_E
3807	1218	COMPONENT_CLASS_E	1075	PROPERTY_BSU_E
3808	1218	COMPONENT_CLASS_E	1069	PROPERTY_BSU_E
3812	1220	COMPONENT_CLASS_E	1069	PROPERTY_BSU_E
3813	1220	COMPONENT_CLASS_E	1061	PROPERTY_BSU_E
3814	1220	COMPONENT_CLASS_E	1065	PROPERTY_BSU_E
3815	1220	COMPONENT_CLASS_E	1067	PROPERTY_BSU_E
3816	1220	COMPONENT_CLASS_E	1055	PROPERTY_BSU_E
3817	1220	COMPONENT_CLASS_E	1063	PROPERTY_BSU_E
3818	1220	COMPONENT_CLASS_E	1068	PROPERTY_BSU_E
3819	1220	COMPONENT_CLASS_E	1058	PROPERTY_BSU_E
3820	1220	COMPONENT_CLASS_E	1064	PROPERTY_BSU_E
3821	1220	COMPONENT_CLASS_E	1062	PROPERTY_BSU_E
3825	1222	COMPONENT_CLASS_E	1066	PROPERTY_BSU_E
3826	1222	COMPONENT_CLASS_E	1071	PROPERTY_BSU_E
3827	1222	COMPONENT_CLASS_E	1058	PROPERTY_BSU_E
3828	1222	COMPONENT_CLASS_E	1064	PROPERTY_BSU_E
3829	1222	COMPONENT_CLASS_E	1062	PROPERTY_BSU_E
3830	1222	COMPONENT_CLASS_E	1059	PROPERTY_BSU_E
3831	1222	COMPONENT_CLASS_E	1060	PROPERTY_BSU_E
3832	1222	COMPONENT_CLASS_E	1068	PROPERTY_BSU_E
3833	1222	COMPONENT_CLASS_E	1063	PROPERTY_BSU_E
3834	1222	COMPONENT_CLASS_E	1072	PROPERTY_BSU_E
3835	1222	COMPONENT_CLASS_E	1073	PROPERTY_BSU_E
3836	1222	COMPONENT_CLASS_E	1055	PROPERTY_BSU_E
3837	1222	COMPONENT_CLASS_E	1070	PROPERTY_BSU_E
3838	1222	COMPONENT_CLASS_E	1061	PROPERTY_BSU_E
3839	1222	COMPONENT_CLASS_E	1065	PROPERTY_BSU_E
3840	1222	COMPONENT_CLASS_E	1074	PROPERTY_BSU_E
3841	1222	COMPONENT_CLASS_E	1067	PROPERTY_BSU_E
3842	1222	COMPONENT_CLASS_E	1075	PROPERTY_BSU_E
3843	1222	COMPONENT_CLASS_E	1069	PROPERTY_BSU_E
3850	1226	COMPONENT_CLASS_E	1066	PROPERTY_BSU_E
3851	1226	COMPONENT_CLASS_E	1071	PROPERTY_BSU_E
3852	1226	COMPONENT_CLASS_E	1058	PROPERTY_BSU_E
3853	1226	COMPONENT_CLASS_E	1064	PROPERTY_BSU_E
3854	1226	COMPONENT_CLASS_E	1062	PROPERTY_BSU_E
3855	1226	COMPONENT_CLASS_E	1059	PROPERTY_BSU_E
3856	1226	COMPONENT_CLASS_E	1060	PROPERTY_BSU_E
3857	1226	COMPONENT_CLASS_E	1068	PROPERTY_BSU_E
3858	1226	COMPONENT_CLASS_E	1063	PROPERTY_BSU_E
3859	1226	COMPONENT_CLASS_E	1072	PROPERTY_BSU_E
3860	1226	COMPONENT_CLASS_E	1073	PROPERTY_BSU_E
3861	1226	COMPONENT_CLASS_E	1055	PROPERTY_BSU_E
3862	1226	COMPONENT_CLASS_E	1070	PROPERTY_BSU_E
3863	1226	COMPONENT_CLASS_E	1061	PROPERTY_BSU_E
3864	1226	COMPONENT_CLASS_E	1065	PROPERTY_BSU_E
3865	1226	COMPONENT_CLASS_E	1074	PROPERTY_BSU_E
3866	1226	COMPONENT_CLASS_E	1067	PROPERTY_BSU_E
3867	1226	COMPONENT_CLASS_E	1075	PROPERTY_BSU_E
3868	1226	COMPONENT_CLASS_E	1069	PROPERTY_BSU_E
3872	1228	COMPONENT_CLASS_E	1069	PROPERTY_BSU_E
3873	1228	COMPONENT_CLASS_E	1067	PROPERTY_BSU_E
3874	1228	COMPONENT_CLASS_E	1065	PROPERTY_BSU_E
3875	1228	COMPONENT_CLASS_E	1061	PROPERTY_BSU_E
3876	1228	COMPONENT_CLASS_E	1055	PROPERTY_BSU_E
3877	1228	COMPONENT_CLASS_E	1063	PROPERTY_BSU_E
3878	1228	COMPONENT_CLASS_E	1068	PROPERTY_BSU_E
3879	1228	COMPONENT_CLASS_E	1062	PROPERTY_BSU_E
3880	1228	COMPONENT_CLASS_E	1064	PROPERTY_BSU_E
3881	1228	COMPONENT_CLASS_E	1058	PROPERTY_BSU_E
3888	1232	COMPONENT_CLASS_E	1069	PROPERTY_BSU_E
3889	1232	COMPONENT_CLASS_E	1061	PROPERTY_BSU_E
3890	1232	COMPONENT_CLASS_E	1065	PROPERTY_BSU_E
3891	1232	COMPONENT_CLASS_E	1067	PROPERTY_BSU_E
3892	1232	COMPONENT_CLASS_E	1055	PROPERTY_BSU_E
3893	1232	COMPONENT_CLASS_E	1068	PROPERTY_BSU_E
3894	1232	COMPONENT_CLASS_E	1063	PROPERTY_BSU_E
3895	1232	COMPONENT_CLASS_E	1058	PROPERTY_BSU_E
3896	1232	COMPONENT_CLASS_E	1064	PROPERTY_BSU_E
3897	1232	COMPONENT_CLASS_E	1062	PROPERTY_BSU_E
3901	1234	COMPONENT_CLASS_E	1069	PROPERTY_BSU_E
3902	1234	COMPONENT_CLASS_E	1067	PROPERTY_BSU_E
3903	1234	COMPONENT_CLASS_E	1065	PROPERTY_BSU_E
3904	1234	COMPONENT_CLASS_E	1061	PROPERTY_BSU_E
3905	1234	COMPONENT_CLASS_E	1055	PROPERTY_BSU_E
3906	1234	COMPONENT_CLASS_E	1063	PROPERTY_BSU_E
3907	1234	COMPONENT_CLASS_E	1068	PROPERTY_BSU_E
3908	1234	COMPONENT_CLASS_E	1062	PROPERTY_BSU_E
3909	1234	COMPONENT_CLASS_E	1064	PROPERTY_BSU_E
3910	1234	COMPONENT_CLASS_E	1058	PROPERTY_BSU_E
3914	1236	COMPONENT_CLASS_E	1066	PROPERTY_BSU_E
3915	1236	COMPONENT_CLASS_E	1071	PROPERTY_BSU_E
3916	1236	COMPONENT_CLASS_E	1058	PROPERTY_BSU_E
3917	1236	COMPONENT_CLASS_E	1064	PROPERTY_BSU_E
3918	1236	COMPONENT_CLASS_E	1062	PROPERTY_BSU_E
3919	1236	COMPONENT_CLASS_E	1059	PROPERTY_BSU_E
3920	1236	COMPONENT_CLASS_E	1060	PROPERTY_BSU_E
3921	1236	COMPONENT_CLASS_E	1068	PROPERTY_BSU_E
3922	1236	COMPONENT_CLASS_E	1063	PROPERTY_BSU_E
3923	1236	COMPONENT_CLASS_E	1072	PROPERTY_BSU_E
3924	1236	COMPONENT_CLASS_E	1073	PROPERTY_BSU_E
3925	1236	COMPONENT_CLASS_E	1055	PROPERTY_BSU_E
3926	1236	COMPONENT_CLASS_E	1070	PROPERTY_BSU_E
3927	1236	COMPONENT_CLASS_E	1061	PROPERTY_BSU_E
3928	1236	COMPONENT_CLASS_E	1065	PROPERTY_BSU_E
3929	1236	COMPONENT_CLASS_E	1074	PROPERTY_BSU_E
3930	1236	COMPONENT_CLASS_E	1067	PROPERTY_BSU_E
3931	1236	COMPONENT_CLASS_E	1075	PROPERTY_BSU_E
3932	1236	COMPONENT_CLASS_E	1069	PROPERTY_BSU_E
3936	1238	COMPONENT_CLASS_E	1061	PROPERTY_BSU_E
3937	1238	COMPONENT_CLASS_E	1065	PROPERTY_BSU_E
3938	1238	COMPONENT_CLASS_E	1067	PROPERTY_BSU_E
3939	1238	COMPONENT_CLASS_E	1069	PROPERTY_BSU_E
3940	1238	COMPONENT_CLASS_E	1055	PROPERTY_BSU_E
3941	1238	COMPONENT_CLASS_E	1068	PROPERTY_BSU_E
3942	1238	COMPONENT_CLASS_E	1063	PROPERTY_BSU_E
3943	1238	COMPONENT_CLASS_E	1058	PROPERTY_BSU_E
3944	1238	COMPONENT_CLASS_E	1064	PROPERTY_BSU_E
3945	1238	COMPONENT_CLASS_E	1062	PROPERTY_BSU_E
3952	1242	COMPONENT_CLASS_E	1061	PROPERTY_BSU_E
3953	1242	COMPONENT_CLASS_E	1058	PROPERTY_BSU_E
3954	1242	COMPONENT_CLASS_E	1064	PROPERTY_BSU_E
3955	1242	COMPONENT_CLASS_E	1062	PROPERTY_BSU_E
3956	1242	COMPONENT_CLASS_E	1063	PROPERTY_BSU_E
3957	1242	COMPONENT_CLASS_E	1067	PROPERTY_BSU_E
3958	1242	COMPONENT_CLASS_E	1065	PROPERTY_BSU_E
3959	1242	COMPONENT_CLASS_E	1069	PROPERTY_BSU_E
3960	1242	COMPONENT_CLASS_E	1066	PROPERTY_BSU_E
3961	1242	COMPONENT_CLASS_E	1071	PROPERTY_BSU_E
3962	1242	COMPONENT_CLASS_E	1070	PROPERTY_BSU_E
3963	1242	COMPONENT_CLASS_E	1072	PROPERTY_BSU_E
3964	1242	COMPONENT_CLASS_E	1075	PROPERTY_BSU_E
3965	1242	COMPONENT_CLASS_E	1074	PROPERTY_BSU_E
3966	1242	COMPONENT_CLASS_E	1059	PROPERTY_BSU_E
3967	1242	COMPONENT_CLASS_E	1060	PROPERTY_BSU_E
3968	1242	COMPONENT_CLASS_E	1068	PROPERTY_BSU_E
3969	1242	COMPONENT_CLASS_E	1073	PROPERTY_BSU_E
3970	1242	COMPONENT_CLASS_E	1055	PROPERTY_BSU_E
3974	1244	COMPONENT_CLASS_E	1069	PROPERTY_BSU_E
3975	1244	COMPONENT_CLASS_E	1067	PROPERTY_BSU_E
3976	1244	COMPONENT_CLASS_E	1065	PROPERTY_BSU_E
3977	1244	COMPONENT_CLASS_E	1061	PROPERTY_BSU_E
3978	1244	COMPONENT_CLASS_E	1055	PROPERTY_BSU_E
3979	1244	COMPONENT_CLASS_E	1063	PROPERTY_BSU_E
3980	1244	COMPONENT_CLASS_E	1068	PROPERTY_BSU_E
3981	1244	COMPONENT_CLASS_E	1064	PROPERTY_BSU_E
3982	1244	COMPONENT_CLASS_E	1062	PROPERTY_BSU_E
3983	1244	COMPONENT_CLASS_E	1058	PROPERTY_BSU_E
3987	1246	COMPONENT_CLASS_E	1061	PROPERTY_BSU_E
3988	1246	COMPONENT_CLASS_E	1058	PROPERTY_BSU_E
3989	1246	COMPONENT_CLASS_E	1064	PROPERTY_BSU_E
3990	1246	COMPONENT_CLASS_E	1062	PROPERTY_BSU_E
3991	1246	COMPONENT_CLASS_E	1063	PROPERTY_BSU_E
3992	1246	COMPONENT_CLASS_E	1067	PROPERTY_BSU_E
3993	1246	COMPONENT_CLASS_E	1065	PROPERTY_BSU_E
3994	1246	COMPONENT_CLASS_E	1055	PROPERTY_BSU_E
3995	1246	COMPONENT_CLASS_E	1069	PROPERTY_BSU_E
3996	1246	COMPONENT_CLASS_E	1068	PROPERTY_BSU_E
3997	1246	COMPONENT_CLASS_E	1066	PROPERTY_BSU_E
3998	1246	COMPONENT_CLASS_E	1059	PROPERTY_BSU_E
3999	1246	COMPONENT_CLASS_E	1070	PROPERTY_BSU_E
4000	1246	COMPONENT_CLASS_E	1072	PROPERTY_BSU_E
4001	1246	COMPONENT_CLASS_E	1075	PROPERTY_BSU_E
4002	1246	COMPONENT_CLASS_E	1074	PROPERTY_BSU_E
4003	1246	COMPONENT_CLASS_E	1073	PROPERTY_BSU_E
4004	1246	COMPONENT_CLASS_E	1071	PROPERTY_BSU_E
4005	1246	COMPONENT_CLASS_E	1060	PROPERTY_BSU_E
4009	1248	COMPONENT_CLASS_E	1069	PROPERTY_BSU_E
4010	1248	COMPONENT_CLASS_E	1061	PROPERTY_BSU_E
4011	1248	COMPONENT_CLASS_E	1065	PROPERTY_BSU_E
4012	1248	COMPONENT_CLASS_E	1067	PROPERTY_BSU_E
4013	1248	COMPONENT_CLASS_E	1055	PROPERTY_BSU_E
4014	1248	COMPONENT_CLASS_E	1068	PROPERTY_BSU_E
4015	1248	COMPONENT_CLASS_E	1063	PROPERTY_BSU_E
4016	1248	COMPONENT_CLASS_E	1058	PROPERTY_BSU_E
4017	1248	COMPONENT_CLASS_E	1064	PROPERTY_BSU_E
4018	1248	COMPONENT_CLASS_E	1062	PROPERTY_BSU_E
4022	1250	COMPONENT_CLASS_E	1066	PROPERTY_BSU_E
4023	1250	COMPONENT_CLASS_E	1071	PROPERTY_BSU_E
4024	1250	COMPONENT_CLASS_E	1058	PROPERTY_BSU_E
4025	1250	COMPONENT_CLASS_E	1064	PROPERTY_BSU_E
4026	1250	COMPONENT_CLASS_E	1062	PROPERTY_BSU_E
4027	1250	COMPONENT_CLASS_E	1059	PROPERTY_BSU_E
4028	1250	COMPONENT_CLASS_E	1060	PROPERTY_BSU_E
4029	1250	COMPONENT_CLASS_E	1068	PROPERTY_BSU_E
4030	1250	COMPONENT_CLASS_E	1063	PROPERTY_BSU_E
4031	1250	COMPONENT_CLASS_E	1072	PROPERTY_BSU_E
4032	1250	COMPONENT_CLASS_E	1073	PROPERTY_BSU_E
4033	1250	COMPONENT_CLASS_E	1055	PROPERTY_BSU_E
4034	1250	COMPONENT_CLASS_E	1070	PROPERTY_BSU_E
4035	1250	COMPONENT_CLASS_E	1061	PROPERTY_BSU_E
4036	1250	COMPONENT_CLASS_E	1065	PROPERTY_BSU_E
4037	1250	COMPONENT_CLASS_E	1074	PROPERTY_BSU_E
4038	1250	COMPONENT_CLASS_E	1067	PROPERTY_BSU_E
4039	1250	COMPONENT_CLASS_E	1075	PROPERTY_BSU_E
4040	1250	COMPONENT_CLASS_E	1069	PROPERTY_BSU_E
4044	1252	COMPONENT_CLASS_E	1061	PROPERTY_BSU_E
4045	1252	COMPONENT_CLASS_E	1065	PROPERTY_BSU_E
4046	1252	COMPONENT_CLASS_E	1067	PROPERTY_BSU_E
4047	1252	COMPONENT_CLASS_E	1069	PROPERTY_BSU_E
4048	1252	COMPONENT_CLASS_E	1055	PROPERTY_BSU_E
4049	1252	COMPONENT_CLASS_E	1068	PROPERTY_BSU_E
4050	1252	COMPONENT_CLASS_E	1063	PROPERTY_BSU_E
4051	1252	COMPONENT_CLASS_E	1058	PROPERTY_BSU_E
4052	1252	COMPONENT_CLASS_E	1064	PROPERTY_BSU_E
4053	1252	COMPONENT_CLASS_E	1062	PROPERTY_BSU_E
4057	1254	COMPONENT_CLASS_E	1066	PROPERTY_BSU_E
4058	1254	COMPONENT_CLASS_E	1071	PROPERTY_BSU_E
4059	1254	COMPONENT_CLASS_E	1058	PROPERTY_BSU_E
4060	1254	COMPONENT_CLASS_E	1064	PROPERTY_BSU_E
4061	1254	COMPONENT_CLASS_E	1062	PROPERTY_BSU_E
4062	1254	COMPONENT_CLASS_E	1059	PROPERTY_BSU_E
4063	1254	COMPONENT_CLASS_E	1060	PROPERTY_BSU_E
4064	1254	COMPONENT_CLASS_E	1068	PROPERTY_BSU_E
4065	1254	COMPONENT_CLASS_E	1063	PROPERTY_BSU_E
4066	1254	COMPONENT_CLASS_E	1072	PROPERTY_BSU_E
4067	1254	COMPONENT_CLASS_E	1073	PROPERTY_BSU_E
4068	1254	COMPONENT_CLASS_E	1055	PROPERTY_BSU_E
4069	1254	COMPONENT_CLASS_E	1070	PROPERTY_BSU_E
4070	1254	COMPONENT_CLASS_E	1061	PROPERTY_BSU_E
4071	1254	COMPONENT_CLASS_E	1065	PROPERTY_BSU_E
4072	1254	COMPONENT_CLASS_E	1074	PROPERTY_BSU_E
4073	1254	COMPONENT_CLASS_E	1067	PROPERTY_BSU_E
4074	1254	COMPONENT_CLASS_E	1075	PROPERTY_BSU_E
4075	1254	COMPONENT_CLASS_E	1069	PROPERTY_BSU_E
4079	1256	COMPONENT_CLASS_E	1069	PROPERTY_BSU_E
4080	1256	COMPONENT_CLASS_E	1067	PROPERTY_BSU_E
4081	1256	COMPONENT_CLASS_E	1065	PROPERTY_BSU_E
4082	1256	COMPONENT_CLASS_E	1061	PROPERTY_BSU_E
4083	1256	COMPONENT_CLASS_E	1055	PROPERTY_BSU_E
4084	1256	COMPONENT_CLASS_E	1063	PROPERTY_BSU_E
4085	1256	COMPONENT_CLASS_E	1068	PROPERTY_BSU_E
4086	1256	COMPONENT_CLASS_E	1062	PROPERTY_BSU_E
4087	1256	COMPONENT_CLASS_E	1064	PROPERTY_BSU_E
4088	1256	COMPONENT_CLASS_E	1058	PROPERTY_BSU_E
4092	1258	COMPONENT_CLASS_E	1066	PROPERTY_BSU_E
4093	1258	COMPONENT_CLASS_E	1071	PROPERTY_BSU_E
4094	1258	COMPONENT_CLASS_E	1058	PROPERTY_BSU_E
4095	1258	COMPONENT_CLASS_E	1064	PROPERTY_BSU_E
4096	1258	COMPONENT_CLASS_E	1062	PROPERTY_BSU_E
4097	1258	COMPONENT_CLASS_E	1059	PROPERTY_BSU_E
4098	1258	COMPONENT_CLASS_E	1060	PROPERTY_BSU_E
4099	1258	COMPONENT_CLASS_E	1068	PROPERTY_BSU_E
4100	1258	COMPONENT_CLASS_E	1063	PROPERTY_BSU_E
4101	1258	COMPONENT_CLASS_E	1072	PROPERTY_BSU_E
4102	1258	COMPONENT_CLASS_E	1073	PROPERTY_BSU_E
4103	1258	COMPONENT_CLASS_E	1055	PROPERTY_BSU_E
4104	1258	COMPONENT_CLASS_E	1070	PROPERTY_BSU_E
4105	1258	COMPONENT_CLASS_E	1061	PROPERTY_BSU_E
4106	1258	COMPONENT_CLASS_E	1065	PROPERTY_BSU_E
4107	1258	COMPONENT_CLASS_E	1074	PROPERTY_BSU_E
4108	1258	COMPONENT_CLASS_E	1067	PROPERTY_BSU_E
4109	1258	COMPONENT_CLASS_E	1075	PROPERTY_BSU_E
4110	1258	COMPONENT_CLASS_E	1069	PROPERTY_BSU_E
4114	1260	COMPONENT_CLASS_E	1069	PROPERTY_BSU_E
4115	1260	COMPONENT_CLASS_E	1067	PROPERTY_BSU_E
4116	1260	COMPONENT_CLASS_E	1065	PROPERTY_BSU_E
4117	1260	COMPONENT_CLASS_E	1061	PROPERTY_BSU_E
4118	1260	COMPONENT_CLASS_E	1055	PROPERTY_BSU_E
4119	1260	COMPONENT_CLASS_E	1063	PROPERTY_BSU_E
4120	1260	COMPONENT_CLASS_E	1068	PROPERTY_BSU_E
4121	1260	COMPONENT_CLASS_E	1062	PROPERTY_BSU_E
4122	1260	COMPONENT_CLASS_E	1064	PROPERTY_BSU_E
4123	1260	COMPONENT_CLASS_E	1058	PROPERTY_BSU_E
4127	1262	COMPONENT_CLASS_E	1066	PROPERTY_BSU_E
4128	1262	COMPONENT_CLASS_E	1071	PROPERTY_BSU_E
4129	1262	COMPONENT_CLASS_E	1058	PROPERTY_BSU_E
4130	1262	COMPONENT_CLASS_E	1064	PROPERTY_BSU_E
4131	1262	COMPONENT_CLASS_E	1062	PROPERTY_BSU_E
4132	1262	COMPONENT_CLASS_E	1059	PROPERTY_BSU_E
4133	1262	COMPONENT_CLASS_E	1060	PROPERTY_BSU_E
4134	1262	COMPONENT_CLASS_E	1068	PROPERTY_BSU_E
4135	1262	COMPONENT_CLASS_E	1063	PROPERTY_BSU_E
4136	1262	COMPONENT_CLASS_E	1072	PROPERTY_BSU_E
4137	1262	COMPONENT_CLASS_E	1073	PROPERTY_BSU_E
4138	1262	COMPONENT_CLASS_E	1055	PROPERTY_BSU_E
4139	1262	COMPONENT_CLASS_E	1070	PROPERTY_BSU_E
4140	1262	COMPONENT_CLASS_E	1061	PROPERTY_BSU_E
4141	1262	COMPONENT_CLASS_E	1065	PROPERTY_BSU_E
4142	1262	COMPONENT_CLASS_E	1074	PROPERTY_BSU_E
4143	1262	COMPONENT_CLASS_E	1067	PROPERTY_BSU_E
4144	1262	COMPONENT_CLASS_E	1075	PROPERTY_BSU_E
4145	1262	COMPONENT_CLASS_E	1069	PROPERTY_BSU_E
5213	1216	CLASS_E	1294	PROPERTY_BSU_E
5214	1216	\N	1294	\N
5229	1216	CLASS_E	1301	PROPERTY_BSU_E
5230	1216	\N	1301	\N
5260	1250	CLASS_E	1321	PROPERTY_BSU_E
5261	1250	\N	1321	\N
5443	1445	CLASS_E	1462	PROPERTY_BSU_E
5444	1445	\N	1462	\N
5452	1445	CLASS_E	1468	PROPERTY_BSU_E
5453	1445	\N	1468	\N
5476	1445	CLASS_E	1475	PROPERTY_BSU_E
5477	1445	\N	1475	\N
5501	1202	CLASS_E	1491	PROPERTY_BSU_E
5502	1202	\N	1491	\N
5511	1202	CLASS_E	1508	PROPERTY_BSU_E
5512	1202	\N	1508	\N
5539	1224	CLASS_E	1530	PROPERTY_BSU_E
5540	1224	\N	1530	\N
5549	1240	CLASS_E	1548	PROPERTY_BSU_E
5550	1240	\N	1548	\N
5558	1240	CLASS_E	1555	PROPERTY_BSU_E
5559	1240	\N	1555	\N
5567	1240	CLASS_E	1562	PROPERTY_BSU_E
5568	1240	\N	1562	\N
5599	1565	CLASS_E	1582	PROPERTY_BSU_E
5600	1565	\N	1582	\N
5608	1565	CLASS_E	1588	PROPERTY_BSU_E
5609	1565	\N	1588	\N
5663	1091	CLASS_E	1635	PROPERTY_BSU_E
5698	1085	CLASS_E	1663	PROPERTY_BSU_E
5703	1085	CLASS_E	1667	PROPERTY_BSU_E
5708	1085	CLASS_E	1671	PROPERTY_BSU_E
5713	1085	CLASS_E	1675	PROPERTY_BSU_E
5718	1085	CLASS_E	1679	PROPERTY_BSU_E
5723	1085	CLASS_E	1683	PROPERTY_BSU_E
5729	1085	CLASS_E	1687	PROPERTY_BSU_E
5756	1085	CLASS_E	1699	PROPERTY_BSU_E
5757	1085	CLASS_E	1691	PROPERTY_BSU_E
5758	1085	CLASS_E	1695	PROPERTY_BSU_E
5781	1702	CLASS_E	1707	PROPERTY_BSU_E
\.


--
-- Data for Name: class_2_identified_by; Type: TABLE DATA; Schema: public; Owner: postgres
--

COPY class_2_identified_by (rid, rid_s, tablename_s, rid_d, tablename_d) FROM stdin;
3526	1085	COMPONENT_CLASS_E	1017	CLASS_BSU_E
3537	1091	ITEM_CLASS_E	1018	CLASS_BSU_E
3544	1097	COMPONENT_CLASS_E	1019	CLASS_BSU_E
3558	1111	COMPONENT_CLASS_E	1020	CLASS_BSU_E
3639	1171	COMPONENT_CLASS_E	1050	CLASS_BSU_E
3682	1193	COMPONENT_CLASS_E	1021	CLASS_BSU_E
3692	1202	COMPONENT_CLASS_E	1047	CLASS_BSU_E
3740	1210	COMPONENT_CLASS_E	1051	CLASS_BSU_E
3762	1212	COMPONENT_CLASS_E	1043	CLASS_BSU_E
3809	1218	COMPONENT_CLASS_E	1049	CLASS_BSU_E
3822	1220	COMPONENT_CLASS_E	1042	CLASS_BSU_E
3844	1222	COMPONENT_CLASS_E	1038	CLASS_BSU_E
3848	1224	COMPONENT_CLASS_E	1022	CLASS_BSU_E
3870	1226	COMPONENT_CLASS_E	1036	CLASS_BSU_E
3883	1228	COMPONENT_CLASS_E	1032	CLASS_BSU_E
3886	1230	COMPONENT_CLASS_E	1045	CLASS_BSU_E
3899	1232	COMPONENT_CLASS_E	1041	CLASS_BSU_E
3912	1234	COMPONENT_CLASS_E	1030	CLASS_BSU_E
3933	1236	COMPONENT_CLASS_E	1046	CLASS_BSU_E
3946	1238	COMPONENT_CLASS_E	1027	CLASS_BSU_E
3949	1240	COMPONENT_CLASS_E	1037	CLASS_BSU_E
3972	1242	COMPONENT_CLASS_E	1034	CLASS_BSU_E
4007	1246	COMPONENT_CLASS_E	1035	CLASS_BSU_E
4020	1248	COMPONENT_CLASS_E	1031	CLASS_BSU_E
4041	1250	COMPONENT_CLASS_E	1023	CLASS_BSU_E
4054	1252	COMPONENT_CLASS_E	1033	CLASS_BSU_E
4077	1254	COMPONENT_CLASS_E	1028	CLASS_BSU_E
4090	1256	COMPONENT_CLASS_E	1025	CLASS_BSU_E
4111	1258	COMPONENT_CLASS_E	1026	CLASS_BSU_E
4125	1260	COMPONENT_CLASS_E	1024	CLASS_BSU_E
4147	1262	COMPONENT_CLASS_E	1039	CLASS_BSU_E
5199	1290	COMPONENT_CLASS_E	1291	CLASS_BSU_E
5231	1304	COMPONENT_CLASS_E	1305	CLASS_BSU_E
5238	1307	COMPONENT_CLASS_E	1308	CLASS_BSU_E
5245	1315	COMPONENT_CLASS_E	1316	CLASS_BSU_E
5415	1445	COMPONENT_CLASS_E	1446	CLASS_BSU_E
5569	1565	COMPONENT_CLASS_E	1566	CLASS_BSU_E
5610	1593	COMPONENT_CLASS_E	1594	CLASS_BSU_E
5627	1607	COMPONENT_CLASS_E	1608	CLASS_BSU_E
5762	1702	COMPONENT_CLASS_E	1703	CLASS_BSU_E
\.


--
-- Data for Name: class_2_its_superclass; Type: TABLE DATA; Schema: public; Owner: postgres
--

COPY class_2_its_superclass (rid, rid_s, tablename_s, rid_d, tablename_d) FROM stdin;
3527	1085	COMPONENT_CLASS_E	1018	CLASS_BSU_E
3543	1097	COMPONENT_CLASS_E	1018	CLASS_BSU_E
3559	1111	COMPONENT_CLASS_E	1018	CLASS_BSU_E
3638	1171	COMPONENT_CLASS_E	1048	CLASS_BSU_E
3681	1193	COMPONENT_CLASS_E	1047	CLASS_BSU_E
3691	1202	COMPONENT_CLASS_E	1019	CLASS_BSU_E
3739	1210	COMPONENT_CLASS_E	1047	CLASS_BSU_E
3761	1212	COMPONENT_CLASS_E	1045	CLASS_BSU_E
3810	1218	COMPONENT_CLASS_E	1048	CLASS_BSU_E
3823	1220	COMPONENT_CLASS_E	1019	CLASS_BSU_E
3845	1222	COMPONENT_CLASS_E	1022	CLASS_BSU_E
3847	1224	COMPONENT_CLASS_E	1019	CLASS_BSU_E
3869	1226	COMPONENT_CLASS_E	1037	CLASS_BSU_E
3882	1228	COMPONENT_CLASS_E	1019	CLASS_BSU_E
3885	1230	COMPONENT_CLASS_E	1019	CLASS_BSU_E
3898	1232	COMPONENT_CLASS_E	1028	CLASS_BSU_E
3911	1234	COMPONENT_CLASS_E	1019	CLASS_BSU_E
3934	1236	COMPONENT_CLASS_E	1022	CLASS_BSU_E
3947	1238	COMPONENT_CLASS_E	1019	CLASS_BSU_E
3950	1240	COMPONENT_CLASS_E	1019	CLASS_BSU_E
3971	1242	COMPONENT_CLASS_E	1019	CLASS_BSU_E
4006	1246	COMPONENT_CLASS_E	1037	CLASS_BSU_E
4019	1248	COMPONENT_CLASS_E	1019	CLASS_BSU_E
4042	1250	COMPONENT_CLASS_E	1019	CLASS_BSU_E
4055	1252	COMPONENT_CLASS_E	1019	CLASS_BSU_E
4076	1254	COMPONENT_CLASS_E	1019	CLASS_BSU_E
4089	1256	COMPONENT_CLASS_E	1019	CLASS_BSU_E
4112	1258	COMPONENT_CLASS_E	1019	CLASS_BSU_E
4124	1260	COMPONENT_CLASS_E	1019	CLASS_BSU_E
4146	1262	COMPONENT_CLASS_E	1019	CLASS_BSU_E
5200	1290	COMPONENT_CLASS_E	1040	CLASS_BSU_E
5232	1304	COMPONENT_CLASS_E	1048	CLASS_BSU_E
5239	1307	COMPONENT_CLASS_E	1042	CLASS_BSU_E
5246	1315	COMPONENT_CLASS_E	1029	CLASS_BSU_E
5416	1445	COMPONENT_CLASS_E	1052	CLASS_BSU_E
5570	1565	COMPONENT_CLASS_E	1019	CLASS_BSU_E
5611	1593	COMPONENT_CLASS_E	1039	CLASS_BSU_E
5628	1607	COMPONENT_CLASS_E	1033	CLASS_BSU_E
5649	1617	ITEM_CLASS_E	1030	CLASS_BSU_E
5659	1627	ITEM_CLASS_E	1030	CLASS_BSU_E
5764	1702	COMPONENT_CLASS_E	1017	CLASS_BSU_E
\.


--
-- Data for Name: class_and_property_elements_2_definition; Type: TABLE DATA; Schema: public; Owner: postgres
--

COPY class_and_property_elements_2_definition (rid, rid_s, tablename_s, rid_d, tablename_d) FROM stdin;
3	1079	NON_DEPENDENT_P_DET_E	76	TEXT_T
6	1083	NON_DEPENDENT_P_DET_E	79	TEXT_T
11	1085	COMPONENT_CLASS_E	84	TEXT_T
15	1091	ITEM_CLASS_E	88	TEXT_T
18	1095	NON_DEPENDENT_P_DET_E	91	TEXT_T
22	1097	COMPONENT_CLASS_E	95	TEXT_T
25	1101	NON_DEPENDENT_P_DET_E	98	TEXT_T
28	1105	NON_DEPENDENT_P_DET_E	101	TEXT_T
32	1109	NON_DEPENDENT_P_DET_E	105	TEXT_T
36	1111	COMPONENT_CLASS_E	109	TEXT_T
39	1115	NON_DEPENDENT_P_DET_E	112	TEXT_T
45	1119	NON_DEPENDENT_P_DET_E	118	TEXT_T
50	1126	NON_DEPENDENT_P_DET_E	122	TEXT_T
53	1130	NON_DEPENDENT_P_DET_E	125	TEXT_T
61	1137	NON_DEPENDENT_P_DET_E	132	TEXT_T
64	1141	NON_DEPENDENT_P_DET_E	135	TEXT_T
68	1145	NON_DEPENDENT_P_DET_E	139	TEXT_T
72	1149	NON_DEPENDENT_P_DET_E	143	TEXT_T
76	1153	NON_DEPENDENT_P_DET_E	147	TEXT_T
80	1159	NON_DEPENDENT_P_DET_E	150	TEXT_T
84	1163	NON_DEPENDENT_P_DET_E	154	TEXT_T
88	1169	NON_DEPENDENT_P_DET_E	157	TEXT_T
92	1171	COMPONENT_CLASS_E	161	TEXT_T
97	1178	NON_DEPENDENT_P_DET_E	165	TEXT_T
100	1182	NON_DEPENDENT_P_DET_E	168	TEXT_T
105	1184	COMPONENT_CLASS_E	173	TEXT_T
110	1191	NON_DEPENDENT_P_DET_E	177	TEXT_T
114	1193	COMPONENT_CLASS_E	181	TEXT_T
119	1200	NON_DEPENDENT_P_DET_E	185	TEXT_T
122	1202	COMPONENT_CLASS_E	188	TEXT_T
127	1204	COMPONENT_CLASS_E	193	TEXT_T
131	1208	NON_DEPENDENT_P_DET_E	197	TEXT_T
135	1210	COMPONENT_CLASS_E	201	TEXT_T
138	1212	COMPONENT_CLASS_E	204	TEXT_T
142	1214	COMPONENT_CLASS_E	208	TEXT_T
148	1216	COMPONENT_CLASS_E	214	TEXT_T
151	1218	COMPONENT_CLASS_E	217	TEXT_T
155	1220	COMPONENT_CLASS_E	221	TEXT_T
160	1222	COMPONENT_CLASS_E	226	TEXT_T
162	1224	COMPONENT_CLASS_E	228	TEXT_T
165	1226	COMPONENT_CLASS_E	231	TEXT_T
169	1228	COMPONENT_CLASS_E	235	TEXT_T
174	1230	COMPONENT_CLASS_E	240	TEXT_T
177	1232	COMPONENT_CLASS_E	243	TEXT_T
181	1234	COMPONENT_CLASS_E	247	TEXT_T
186	1236	COMPONENT_CLASS_E	252	TEXT_T
189	1238	COMPONENT_CLASS_E	255	TEXT_T
193	1240	COMPONENT_CLASS_E	259	TEXT_T
198	1242	COMPONENT_CLASS_E	264	TEXT_T
202	1244	COMPONENT_CLASS_E	268	TEXT_T
206	1246	COMPONENT_CLASS_E	272	TEXT_T
209	1248	COMPONENT_CLASS_E	275	TEXT_T
214	1250	COMPONENT_CLASS_E	280	TEXT_T
218	1252	COMPONENT_CLASS_E	284	TEXT_T
221	1254	COMPONENT_CLASS_E	287	TEXT_T
225	1256	COMPONENT_CLASS_E	291	TEXT_T
230	1258	COMPONENT_CLASS_E	296	TEXT_T
234	1260	COMPONENT_CLASS_E	300	TEXT_T
238	1262	COMPONENT_CLASS_E	304	TEXT_T
5202	\N	\N	305	TEXT_T
5207	\N	\N	308	TEXT_T
5218	\N	\N	311	TEXT_T
5223	\N	\N	314	TEXT_T
5234	\N	\N	317	TEXT_T
5241	\N	\N	320	TEXT_T
5248	\N	\N	323	TEXT_T
5253	\N	\N	326	TEXT_T
241	1437	CLASS_AND_PROPERTY_ELEMENTS_E	338	text_t
5438	\N	\N	344	TEXT_T
5446	\N	\N	347	TEXT_T
5455	\N	\N	350	TEXT_T
5479	\N	\N	354	TEXT_T
5504	\N	\N	358	TEXT_T
5516	\N	\N	361	TEXT_T
5542	\N	\N	365	TEXT_T
5552	\N	\N	368	TEXT_T
5561	\N	\N	371	TEXT_T
5572	\N	\N	374	TEXT_T
5593	\N	\N	378	TEXT_T
5602	\N	\N	381	TEXT_T
5613	\N	\N	384	TEXT_T
5630	1607	COMPONENT_CLASS_E	390	TEXT_T
245	1634	CLASS_AND_PROPERTY_ELEMENTS_E	399	text_t
249	1638	CLASS_AND_PROPERTY_ELEMENTS_E	403	text_t
252	1642	CLASS_AND_PROPERTY_ELEMENTS_E	406	text_t
255	1646	CLASS_AND_PROPERTY_ELEMENTS_E	409	text_t
258	1650	CLASS_AND_PROPERTY_ELEMENTS_E	412	text_t
261	1654	CLASS_AND_PROPERTY_ELEMENTS_E	415	text_t
264	1658	CLASS_AND_PROPERTY_ELEMENTS_E	418	text_t
266	1662	CLASS_AND_PROPERTY_ELEMENTS_E	420	text_t
270	1666	CLASS_AND_PROPERTY_ELEMENTS_E	424	text_t
274	1674	CLASS_AND_PROPERTY_ELEMENTS_E	428	text_t
276	1678	CLASS_AND_PROPERTY_ELEMENTS_E	430	text_t
279	1682	CLASS_AND_PROPERTY_ELEMENTS_E	433	text_t
281	1686	CLASS_AND_PROPERTY_ELEMENTS_E	435	text_t
283	1690	CLASS_AND_PROPERTY_ELEMENTS_E	437	text_t
285	1694	CLASS_AND_PROPERTY_ELEMENTS_E	439	text_t
287	1698	CLASS_AND_PROPERTY_ELEMENTS_E	441	text_t
289	1702	CLASS_AND_PROPERTY_ELEMENTS_E	443	text_t
291	1706	CLASS_AND_PROPERTY_ELEMENTS_E	445	text_t
\.


--
-- Data for Name: class_and_property_elements_2_names; Type: TABLE DATA; Schema: public; Owner: postgres
--

COPY class_and_property_elements_2_names (rid, rid_s, tablename_s, rid_d, tablename_d) FROM stdin;
3518	1079	NON_DEPENDENT_P_DET_E	1078	ITEM_NAMES_E
3522	1083	NON_DEPENDENT_P_DET_E	1082	ITEM_NAMES_E
3525	1085	COMPONENT_CLASS_E	1084	ITEM_NAMES_E
3532	1091	ITEM_CLASS_E	1090	ITEM_NAMES_E
3539	1095	NON_DEPENDENT_P_DET_E	1094	ITEM_NAMES_E
3542	1097	COMPONENT_CLASS_E	1096	ITEM_NAMES_E
3545	1101	NON_DEPENDENT_P_DET_E	1099	ITEM_NAMES_E
3550	1105	NON_DEPENDENT_P_DET_E	1104	ITEM_NAMES_E
3555	1109	NON_DEPENDENT_P_DET_E	1106	ITEM_NAMES_E
3557	1111	COMPONENT_CLASS_E	1110	ITEM_NAMES_E
3561	1115	NON_DEPENDENT_P_DET_E	1114	ITEM_NAMES_E
3566	1119	NON_DEPENDENT_P_DET_E	1118	ITEM_NAMES_E
3572	1126	NON_DEPENDENT_P_DET_E	1125	ITEM_NAMES_E
3577	1130	NON_DEPENDENT_P_DET_E	1129	ITEM_NAMES_E
3582	1137	NON_DEPENDENT_P_DET_E	1133	ITEM_NAMES_E
3586	1141	NON_DEPENDENT_P_DET_E	1140	ITEM_NAMES_E
3592	1145	NON_DEPENDENT_P_DET_E	1142	ITEM_NAMES_E
3596	1149	NON_DEPENDENT_P_DET_E	1148	ITEM_NAMES_E
3598	1153	NON_DEPENDENT_P_DET_E	1152	ITEM_NAMES_E
3606	1159	NON_DEPENDENT_P_DET_E	1155	ITEM_NAMES_E
3609	1163	NON_DEPENDENT_P_DET_E	1162	ITEM_NAMES_E
3615	1169	NON_DEPENDENT_P_DET_E	1168	ITEM_NAMES_E
3618	1171	COMPONENT_CLASS_E	1170	ITEM_NAMES_E
3644	1178	NON_DEPENDENT_P_DET_E	1177	ITEM_NAMES_E
3649	1182	NON_DEPENDENT_P_DET_E	1181	ITEM_NAMES_E
3659	1191	NON_DEPENDENT_P_DET_E	1186	ITEM_NAMES_E
3661	1193	COMPONENT_CLASS_E	1192	ITEM_NAMES_E
3687	1200	NON_DEPENDENT_P_DET_E	1199	ITEM_NAMES_E
3690	1202	COMPONENT_CLASS_E	1201	ITEM_NAMES_E
3717	1208	NON_DEPENDENT_P_DET_E	1207	ITEM_NAMES_E
3719	1210	COMPONENT_CLASS_E	1209	ITEM_NAMES_E
3741	1212	COMPONENT_CLASS_E	1211	ITEM_NAMES_E
3789	1218	COMPONENT_CLASS_E	1217	ITEM_NAMES_E
3811	1220	COMPONENT_CLASS_E	1219	ITEM_NAMES_E
3824	1222	COMPONENT_CLASS_E	1221	ITEM_NAMES_E
3846	1224	COMPONENT_CLASS_E	1223	ITEM_NAMES_E
3849	1226	COMPONENT_CLASS_E	1225	ITEM_NAMES_E
3871	1228	COMPONENT_CLASS_E	1227	ITEM_NAMES_E
3884	1230	COMPONENT_CLASS_E	1229	ITEM_NAMES_E
3887	1232	COMPONENT_CLASS_E	1231	ITEM_NAMES_E
3900	1234	COMPONENT_CLASS_E	1233	ITEM_NAMES_E
3913	1236	COMPONENT_CLASS_E	1235	ITEM_NAMES_E
3935	1238	COMPONENT_CLASS_E	1237	ITEM_NAMES_E
3948	1240	COMPONENT_CLASS_E	1239	ITEM_NAMES_E
3951	1242	COMPONENT_CLASS_E	1241	ITEM_NAMES_E
3986	1246	COMPONENT_CLASS_E	1245	ITEM_NAMES_E
4008	1248	COMPONENT_CLASS_E	1247	ITEM_NAMES_E
4021	1250	COMPONENT_CLASS_E	1249	ITEM_NAMES_E
4043	1252	COMPONENT_CLASS_E	1251	ITEM_NAMES_E
4056	1254	COMPONENT_CLASS_E	1253	ITEM_NAMES_E
4078	1256	COMPONENT_CLASS_E	1255	ITEM_NAMES_E
4091	1258	COMPONENT_CLASS_E	1257	ITEM_NAMES_E
4113	1260	COMPONENT_CLASS_E	1259	ITEM_NAMES_E
4126	1262	COMPONENT_CLASS_E	1261	ITEM_NAMES_E
5203	1290	COMPONENT_CLASS_E	1292	ITEM_NAMES_E
5208	1293	NON_DEPENDENT_P_DET_E	1295	ITEM_NAMES_E
5224	1300	NON_DEPENDENT_P_DET_E	1302	ITEM_NAMES_E
5235	1304	COMPONENT_CLASS_E	1306	ITEM_NAMES_E
5242	1307	COMPONENT_CLASS_E	1309	ITEM_NAMES_E
5249	1315	COMPONENT_CLASS_E	1317	ITEM_NAMES_E
5254	1320	NON_DEPENDENT_P_DET_E	1322	ITEM_NAMES_E
5418	1445	COMPONENT_CLASS_E	1447	ITEM_NAMES_E
5439	1461	NON_DEPENDENT_P_DET_E	1463	ITEM_NAMES_E
5447	1467	NON_DEPENDENT_P_DET_E	1469	ITEM_NAMES_E
5456	1474	NON_DEPENDENT_P_DET_E	1476	ITEM_NAMES_E
5480	1490	NON_DEPENDENT_P_DET_E	1492	ITEM_NAMES_E
5505	1507	NON_DEPENDENT_P_DET_E	1509	ITEM_NAMES_E
5517	1529	NON_DEPENDENT_P_DET_E	1531	ITEM_NAMES_E
5543	1547	NON_DEPENDENT_P_DET_E	1549	ITEM_NAMES_E
5553	1554	NON_DEPENDENT_P_DET_E	1556	ITEM_NAMES_E
5562	1561	NON_DEPENDENT_P_DET_E	1563	ITEM_NAMES_E
5573	1565	COMPONENT_CLASS_E	1567	ITEM_NAMES_E
5594	1581	NON_DEPENDENT_P_DET_E	1583	ITEM_NAMES_E
5603	1587	NON_DEPENDENT_P_DET_E	1589	ITEM_NAMES_E
5614	1593	COMPONENT_CLASS_E	1595	ITEM_NAMES_E
5619	1598	COMPONENT_CLASS_E\n	1600	ITEM_NAMES_E\n
5622	1601	COMPONENT_CLASS_E\n	1603	ITEM_NAMES_E\n
5625	1604	COMPONENT_CLASS_E\n	1606	ITEM_NAMES_E\n\n
5631	1607	COMPONENT_CLASS_E	1609	ITEM_NAMES_E
5661	1634	NON_DEPENDENT_P_DET_E	1636	ITEM_NAMES_E
5696	1662	NON_DEPENDENT_P_DET_E	1664	ITEM_NAMES_E
5701	1666	NON_DEPENDENT_P_DET_E	1668	ITEM_NAMES_E
5706	1670	NON_DEPENDENT_P_DET_E	1672	ITEM_NAMES_E
5711	1674	NON_DEPENDENT_P_DET_E	1676	ITEM_NAMES_E
5716	1678	CONDITION_DET_E	1680	ITEM_NAMES_E
5721	1682	NON_DEPENDENT_P_DET_E	1684	ITEM_NAMES_E
5726	1686	DEPENDENT_P_DET_E	1688	ITEM_NAMES_E
5732	1690	NON_DEPENDENT_P_DET_E	1692	ITEM_NAMES_E
5736	1694	CONDITION_DET_E	1696	ITEM_NAMES_E
5740	1698	DEPENDENT_P_DET_E	1700	ITEM_NAMES_E
5763	1702	COMPONENT_CLASS_E	1704	ITEM_NAMES_E
5779	1706	NON_DEPENDENT_P_DET_E	1708	ITEM_NAMES_E
\.


--
-- Data for Name: class_and_property_elements_2_note; Type: TABLE DATA; Schema: public; Owner: postgres
--

COPY class_and_property_elements_2_note (rid, rid_s, tablename_s, rid_d, tablename_d) FROM stdin;
7	1083	NON_DEPENDENT_P_DET_E	80	TEXT_T
10	1085	COMPONENT_CLASS_E	83	TEXT_T
14	1091	ITEM_CLASS_E	87	TEXT_T
21	1097	COMPONENT_CLASS_E	94	TEXT_T
31	1109	NON_DEPENDENT_P_DET_E	104	TEXT_T
35	1111	COMPONENT_CLASS_E	108	TEXT_T
41	1115	NON_DEPENDENT_P_DET_E	114	TEXT_T
44	1119	NON_DEPENDENT_P_DET_E	117	TEXT_T
49	1126	NON_DEPENDENT_P_DET_E	121	TEXT_T
55	1130	NON_DEPENDENT_P_DET_E	127	TEXT_T
60	1137	NON_DEPENDENT_P_DET_E	131	TEXT_T
67	1145	NON_DEPENDENT_P_DET_E	138	TEXT_T
71	1149	NON_DEPENDENT_P_DET_E	142	TEXT_T
75	1153	NON_DEPENDENT_P_DET_E	146	TEXT_T
83	1163	NON_DEPENDENT_P_DET_E	153	TEXT_T
89	1169	NON_DEPENDENT_P_DET_E	158	TEXT_T
96	1178	NON_DEPENDENT_P_DET_E	164	TEXT_T
101	1182	NON_DEPENDENT_P_DET_E	169	TEXT_T
104	1184	COMPONENT_CLASS_E	172	TEXT_T
109	1191	NON_DEPENDENT_P_DET_E	176	TEXT_T
113	1193	COMPONENT_CLASS_E	180	TEXT_T
118	1200	NON_DEPENDENT_P_DET_E	184	TEXT_T
123	1202	COMPONENT_CLASS_E	189	TEXT_T
126	1204	COMPONENT_CLASS_E	192	TEXT_T
130	1208	NON_DEPENDENT_P_DET_E	196	TEXT_T
134	1210	COMPONENT_CLASS_E	200	TEXT_T
139	1212	COMPONENT_CLASS_E	205	TEXT_T
144	1214	COMPONENT_CLASS_E	210	TEXT_T
147	1216	COMPONENT_CLASS_E	213	TEXT_T
152	1218	COMPONENT_CLASS_E	218	TEXT_T
156	1220	COMPONENT_CLASS_E	222	TEXT_T
159	1222	COMPONENT_CLASS_E	225	TEXT_T
166	1226	COMPONENT_CLASS_E	232	TEXT_T
170	1228	COMPONENT_CLASS_E	236	TEXT_T
173	1230	COMPONENT_CLASS_E	239	TEXT_T
178	1232	COMPONENT_CLASS_E	244	TEXT_T
182	1234	COMPONENT_CLASS_E	248	TEXT_T
185	1236	COMPONENT_CLASS_E	251	TEXT_T
190	1238	COMPONENT_CLASS_E	256	TEXT_T
194	1240	COMPONENT_CLASS_E	260	TEXT_T
197	1242	COMPONENT_CLASS_E	263	TEXT_T
201	1244	COMPONENT_CLASS_E	267	TEXT_T
205	1246	COMPONENT_CLASS_E	271	TEXT_T
210	1248	COMPONENT_CLASS_E	276	TEXT_T
213	1250	COMPONENT_CLASS_E	279	TEXT_T
217	1252	COMPONENT_CLASS_E	283	TEXT_T
222	1254	COMPONENT_CLASS_E	288	TEXT_T
226	1256	COMPONENT_CLASS_E	292	TEXT_T
229	1258	COMPONENT_CLASS_E	295	TEXT_T
233	1260	COMPONENT_CLASS_E	299	TEXT_T
237	1262	COMPONENT_CLASS_E	303	TEXT_T
\.


--
-- Data for Name: class_and_property_elements_2_remark; Type: TABLE DATA; Schema: public; Owner: postgres
--

COPY class_and_property_elements_2_remark (rid, rid_s, tablename_s, rid_d, tablename_d) FROM stdin;
40	1115	NON_DEPENDENT_P_DET_E	113	TEXT_T
54	1130	NON_DEPENDENT_P_DET_E	126	TEXT_T
59	1137	NON_DEPENDENT_P_DET_E	130	TEXT_T
143	1214	COMPONENT_CLASS_E	209	TEXT_T
\.


--
-- Data for Name: class_and_property_elements_2_source_doc_of_definition; Type: TABLE DATA; Schema: public; Owner: postgres
--

COPY class_and_property_elements_2_source_doc_of_definition (rid, rid_s, tablename_s, rid_d, tablename_d) FROM stdin;
\.


--
-- Data for Name: class_and_property_elements_e; Type: TABLE DATA; Schema: public; Owner: postgres
--

COPY class_and_property_elements_e (rid, identified_by, time_stamps, revision, rid_bsu, tablename_bsu, names, definition, source_doc_of_definition, note, remark) FROM stdin;
\.


--
-- Data for Name: class_bsu_2_defined_by; Type: TABLE DATA; Schema: public; Owner: postgres
--

COPY class_bsu_2_defined_by (rid, rid_s, tablename_s, rid_d, tablename_d) FROM stdin;
3458	1017	CLASS_BSU_E	1016	SUPPLIER_BSU_E
3459	1018	CLASS_BSU_E	1016	SUPPLIER_BSU_E
3460	1019	CLASS_BSU_E	1016	SUPPLIER_BSU_E
3461	1020	CLASS_BSU_E	1016	SUPPLIER_BSU_E
3462	1021	CLASS_BSU_E	1016	SUPPLIER_BSU_E
3463	1022	CLASS_BSU_E	1016	SUPPLIER_BSU_E
3464	1023	CLASS_BSU_E	1016	SUPPLIER_BSU_E
3465	1024	CLASS_BSU_E	1016	SUPPLIER_BSU_E
3466	1025	CLASS_BSU_E	1016	SUPPLIER_BSU_E
3467	1026	CLASS_BSU_E	1016	SUPPLIER_BSU_E
3468	1027	CLASS_BSU_E	1016	SUPPLIER_BSU_E
3469	1028	CLASS_BSU_E	1016	SUPPLIER_BSU_E
3470	1029	CLASS_BSU_E	1016	SUPPLIER_BSU_E
3471	1030	CLASS_BSU_E	1016	SUPPLIER_BSU_E
3472	1031	CLASS_BSU_E	1016	SUPPLIER_BSU_E
3473	1032	CLASS_BSU_E	1016	SUPPLIER_BSU_E
3474	1033	CLASS_BSU_E	1016	SUPPLIER_BSU_E
3475	1034	CLASS_BSU_E	1016	SUPPLIER_BSU_E
3476	1035	CLASS_BSU_E	1016	SUPPLIER_BSU_E
3477	1036	CLASS_BSU_E	1016	SUPPLIER_BSU_E
3478	1037	CLASS_BSU_E	1016	SUPPLIER_BSU_E
3479	1038	CLASS_BSU_E	1016	SUPPLIER_BSU_E
3480	1039	CLASS_BSU_E	1016	SUPPLIER_BSU_E
3481	1040	CLASS_BSU_E	1016	SUPPLIER_BSU_E
3482	1041	CLASS_BSU_E	1016	SUPPLIER_BSU_E
3483	1042	CLASS_BSU_E	1016	SUPPLIER_BSU_E
3484	1043	CLASS_BSU_E	1016	SUPPLIER_BSU_E
3485	1044	CLASS_BSU_E	1016	SUPPLIER_BSU_E
3486	1045	CLASS_BSU_E	1016	SUPPLIER_BSU_E
3487	1046	CLASS_BSU_E	1016	SUPPLIER_BSU_E
3488	1047	CLASS_BSU_E	1016	SUPPLIER_BSU_E
3489	1048	CLASS_BSU_E	1016	SUPPLIER_BSU_E
3490	1049	CLASS_BSU_E	1016	SUPPLIER_BSU_E
3491	1050	CLASS_BSU_E	1016	SUPPLIER_BSU_E
3492	1051	CLASS_BSU_E	1016	SUPPLIER_BSU_E
3493	1052	CLASS_BSU_E	1016	SUPPLIER_BSU_E
5201	1291	CLASS_BSU_E	1016	SUPPLIER_BSU_E
5217	1298	CLASS_BSU_E	1016	SUPPLIER_BSU_E
5233	1305	CLASS_BSU_E	1016	SUPPLIER_BSU_E
5240	1308	CLASS_BSU_E	1016	SUPPLIER_BSU_E
5247	1316	CLASS_BSU_E	1016	SUPPLIER_BSU_E
5417	1446	CLASS_BSU_E	1016	SUPPLIER_BSU_E
5571	1566	CLASS_BSU_E	1016	SUPPLIER_BSU_E
5612	1594	CLASS_BSU_E	1016	SUPPLIER_BSU_E
5629	1608	CLASS_BSU_E	1016	SUPPLIER_BSU_E
5648	1618	CLASS_BSU_E	1623	SUPPLIER_BSU_E
5658	1628	CLASS_BSU_E	1633	SUPPLIER_BSU_E
5765	1703	CLASS_BSU_E	1016	SUPPLIER_BSU_E
\.


--
-- Data for Name: class_bsu_e; Type: TABLE DATA; Schema: public; Owner: postgres
--

COPY class_bsu_e (rid, code, version, is_version_current, defined_by, rid_supplier, tablename_supplier) FROM stdin;
1017	FAM_000004	001	t	3458	1016	SUPPLIER_BSU_E
1018	FAM_000001	001	t	3459	1016	SUPPLIER_BSU_E
1019	FAM_000002	001	t	3460	1016	SUPPLIER_BSU_E
1020	FAM_000003	001	t	3461	1016	SUPPLIER_BSU_E
1021	FAM_000011	001	t	3462	1016	SUPPLIER_BSU_E
1022	FAM_000018	001	t	3463	1016	SUPPLIER_BSU_E
1023	FAM_000037	001	t	3464	1016	SUPPLIER_BSU_E
1024	FAM_000036	001	t	3465	1016	SUPPLIER_BSU_E
1025	FAM_000033	001	t	3466	1016	SUPPLIER_BSU_E
1026	FAM_000032	001	t	3467	1016	SUPPLIER_BSU_E
1027	FAM_000031	001	t	3468	1016	SUPPLIER_BSU_E
1028	FAM_000030	001	t	3469	1016	SUPPLIER_BSU_E
1029	FAM_000029	001	t	3470	1016	SUPPLIER_BSU_E
1031	FAM_000027	001	t	3472	1016	SUPPLIER_BSU_E
1032	FAM_000026	001	t	3473	1016	SUPPLIER_BSU_E
1033	FAM_000025	001	t	3474	1016	SUPPLIER_BSU_E
1034	FAM_000024	001	t	3475	1016	SUPPLIER_BSU_E
1035	FAM_000023	001	t	3476	1016	SUPPLIER_BSU_E
1036	FAM_000022	001	t	3477	1016	SUPPLIER_BSU_E
1037	FAM_000021	001	t	3478	1016	SUPPLIER_BSU_E
1038	FAM_000020	001	t	3479	1016	SUPPLIER_BSU_E
1040	FAM_000017	001	t	3481	1016	SUPPLIER_BSU_E
1041	FAM_000016	001	t	3482	1016	SUPPLIER_BSU_E
1042	FAM_000015	001	t	3483	1016	SUPPLIER_BSU_E
1043	FAM_000014	001	t	3484	1016	SUPPLIER_BSU_E
1044	FAM_000013	001	t	3485	1016	SUPPLIER_BSU_E
1045	FAM_000012	001	t	3486	1016	SUPPLIER_BSU_E
1046	FAM_000019	001	t	3487	1016	SUPPLIER_BSU_E
1047	FAM_000009	001	t	3488	1016	SUPPLIER_BSU_E
1048	FAM_000006	001	t	3489	1016	SUPPLIER_BSU_E
1049	FAM_000008	001	t	3490	1016	SUPPLIER_BSU_E
1050	FAM_000007	001	t	3491	1016	SUPPLIER_BSU_E
1051	FAM_000010	001	t	3492	1016	SUPPLIER_BSU_E
1052	FAM_000005	001	t	3493	1016	SUPPLIER_BSU_E
1291	005	001	t	5201	1016	SUPPLIER_BSU_E
1298	004	001	t	5217	1016	SUPPLIER_BSU_E
1305	003	001	t	5233	1016	SUPPLIER_BSU_E
1308	004	001	t	5240	1016	SUPPLIER_BSU_E
1316	007	001	t	5247	1016	SUPPLIER_BSU_E
1446	004	001	t	5417	1016	SUPPLIER_BSU_E
1566	001	001	t	5571	1016	SUPPLIER_BSU_E
1039	FAM_000080	001	t	3480	1016	SUPPLIER_BSU_E
1594	chimene	001	t	5612	1016	SUPPLIER_BSU_E
1608	001	001	t	5629	1016	SUPPLIER_BSU_E
1618	\N	0003	t	5648	1623	SUPPLIER_BSU_E
1030	FAM_000028	0003	t	3471	1016	SUPPLIER_BSU_E
1628	\N	0003	t	5658	1633	SUPPLIER_BSU_E
1703	71FCB9BF1F64C	001	t	5765	1016	SUPPLIER_BSU_E
\.


--
-- Data for Name: class_bsu_related_content_2_dictionary_definition; Type: TABLE DATA; Schema: public; Owner: postgres
--

COPY class_bsu_related_content_2_dictionary_definition (rid, rid_s, tablename_s, rid_d, tablename_d) FROM stdin;
\.


--
-- Data for Name: class_bsu_related_content_e; Type: TABLE DATA; Schema: public; Owner: postgres
--

COPY class_bsu_related_content_e (rid, dictionary_definition, rid_bsu, tablename_bsu, used_protocol, content, revision) FROM stdin;
\.


--
-- Data for Name: class_bsu_relationship_2_related_tokens; Type: TABLE DATA; Schema: public; Owner: postgres
--

COPY class_bsu_relationship_2_related_tokens (rid, rid_s, tablename_s, rid_d, tablename_d) FROM stdin;
\.


--
-- Data for Name: class_bsu_relationship_2_relating_class; Type: TABLE DATA; Schema: public; Owner: postgres
--

COPY class_bsu_relationship_2_relating_class (rid, rid_s, tablename_s, rid_d, tablename_d) FROM stdin;
5837	1773	CLASS_DOCUMENT_RELATIONSHIP_E	1702	COMPONENT_CLASS_E
\.


--
-- Data for Name: class_bsu_relationship_e; Type: TABLE DATA; Schema: public; Owner: postgres
--

COPY class_bsu_relationship_e (rid, relating_class, related_tokens) FROM stdin;
\.


--
-- Data for Name: class_code_type_t; Type: TABLE DATA; Schema: public; Owner: postgres
--

COPY class_code_type_t (rid, value) FROM stdin;
\.


--
-- Data for Name: class_document_relationship_2_related_tokens; Type: TABLE DATA; Schema: public; Owner: postgres
--

COPY class_document_relationship_2_related_tokens (rid, rid_s, tablename_s, rid_d, tablename_d) FROM stdin;
5838	1773	CLASS_DOCUMENT_RELATIONSHIP_E	1766	DOCUMENT_BSU_E
5855	1773	CLASS_DOCUMENT_RELATIONSHIP_E	1780	DOCUMENT_BSU_E
\.


--
-- Data for Name: class_document_relationship_e; Type: TABLE DATA; Schema: public; Owner: postgres
--

COPY class_document_relationship_e (rid, relating_class, related_tokens) FROM stdin;
1773	5837	{5838,5855}
\.


--
-- Data for Name: class_e; Type: TABLE DATA; Schema: public; Owner: postgres
--

COPY class_e (rid, identified_by, time_stamps, revision, rid_bsu, tablename_bsu, names, definition, source_doc_of_definition, note, remark, its_superclass, described_by, defined_types) FROM stdin;
\.


--
-- Data for Name: class_extension_2_dictionary_definition; Type: TABLE DATA; Schema: public; Owner: postgres
--

COPY class_extension_2_dictionary_definition (rid, rid_s, tablename_s, rid_d, tablename_d) FROM stdin;
4194	1263	EXPLICIT_ITEM_CLASS_EXTENSION_E	1034	CLASS_BSU_E
4241	1264	EXPLICIT_ITEM_CLASS_EXTENSION_E	1036	CLASS_BSU_E
4288	1265	EXPLICIT_ITEM_CLASS_EXTENSION_E	1035	CLASS_BSU_E
4315	1266	EXPLICIT_ITEM_CLASS_EXTENSION_E	1030	CLASS_BSU_E
4362	1267	EXPLICIT_ITEM_CLASS_EXTENSION_E	1038	CLASS_BSU_E
4409	1268	EXPLICIT_ITEM_CLASS_EXTENSION_E	1046	CLASS_BSU_E
4438	1269	EXPLICIT_ITEM_CLASS_EXTENSION_E	1029	CLASS_BSU_E
4485	1270	EXPLICIT_ITEM_CLASS_EXTENSION_E	1028	CLASS_BSU_E
4514	1271	EXPLICIT_ITEM_CLASS_EXTENSION_E	1040	CLASS_BSU_E
4543	1272	EXPLICIT_ITEM_CLASS_EXTENSION_E	1041	CLASS_BSU_E
4590	1273	EXPLICIT_ITEM_CLASS_EXTENSION_E	1023	CLASS_BSU_E
4637	1274	EXPLICIT_ITEM_CLASS_EXTENSION_E	1026	CLASS_BSU_E
4666	1275	EXPLICIT_ITEM_CLASS_EXTENSION_E	1025	CLASS_BSU_E
4695	1276	EXPLICIT_ITEM_CLASS_EXTENSION_E	1027	CLASS_BSU_E
4724	1277	EXPLICIT_ITEM_CLASS_EXTENSION_E	1042	CLASS_BSU_E
4753	1278	EXPLICIT_ITEM_CLASS_EXTENSION_E	1052	CLASS_BSU_E
4800	1279	EXPLICIT_ITEM_CLASS_EXTENSION_E	1043	CLASS_BSU_E
4847	1280	EXPLICIT_ITEM_CLASS_EXTENSION_E	1044	CLASS_BSU_E
4894	1281	EXPLICIT_ITEM_CLASS_EXTENSION_E	1021	CLASS_BSU_E
4941	1282	EXPLICIT_ITEM_CLASS_EXTENSION_E	1051	CLASS_BSU_E
4988	1283	EXPLICIT_ITEM_CLASS_EXTENSION_E	1049	CLASS_BSU_E
5035	1284	EXPLICIT_ITEM_CLASS_EXTENSION_E	1050	CLASS_BSU_E
5064	1285	EXPLICIT_ITEM_CLASS_EXTENSION_E	1031	CLASS_BSU_E
5093	1286	EXPLICIT_ITEM_CLASS_EXTENSION_E	1032	CLASS_BSU_E
5122	1287	EXPLICIT_ITEM_CLASS_EXTENSION_E	1033	CLASS_BSU_E
5151	1288	EXPLICIT_ITEM_CLASS_EXTENSION_E	1024	CLASS_BSU_E
5198	1289	EXPLICIT_ITEM_CLASS_EXTENSION_E	1039	CLASS_BSU_E
5412	1444	EXPLICIT_ITEM_CLASS_EXTENSION_E	1017	CLASS_BSU_E
5767	1705	EXPLICIT_ITEM_CLASS_EXTENSION_E	1703	CLASS_BSU_E
\.


--
-- Data for Name: class_extension_e; Type: TABLE DATA; Schema: public; Owner: postgres
--

COPY class_extension_e (rid, dictionary_definition, rid_bsu, tablename_bsu, properties) FROM stdin;
\.


--
-- Data for Name: class_extension_external_item_e; Type: TABLE DATA; Schema: public; Owner: postgres
--

COPY class_extension_external_item_e (rid, used_protocol, content, rid_bsu, tablename_bsu, code) FROM stdin;
\.


--
-- Data for Name: class_instance_type_2_domain; Type: TABLE DATA; Schema: public; Owner: postgres
--

COPY class_instance_type_2_domain (rid, rid_s, tablename_s, rid_d, tablename_d) FROM stdin;
\.


--
-- Data for Name: class_instance_type_e; Type: TABLE DATA; Schema: public; Owner: postgres
--

COPY class_instance_type_e (rid, domain) FROM stdin;
\.


--
-- Data for Name: class_related_bsu_e; Type: TABLE DATA; Schema: public; Owner: postgres
--

COPY class_related_bsu_e (rid, code, version, is_version_current) FROM stdin;
\.


--
-- Data for Name: class_related_dictionary_element_2_definition; Type: TABLE DATA; Schema: public; Owner: postgres
--

COPY class_related_dictionary_element_2_definition (rid, rid_s, tablename_s, rid_d, tablename_d) FROM stdin;
\.


--
-- Data for Name: class_related_dictionary_element_2_identified_by; Type: TABLE DATA; Schema: public; Owner: postgres
--

COPY class_related_dictionary_element_2_identified_by (rid, rid_s, tablename_s, rid_d, tablename_d) FROM stdin;
\.


--
-- Data for Name: class_related_dictionary_element_2_names; Type: TABLE DATA; Schema: public; Owner: postgres
--

COPY class_related_dictionary_element_2_names (rid, rid_s, tablename_s, rid_d, tablename_d) FROM stdin;
5268	1348	DOCUMENT_ELEMENT_E	1353	ITEM_NAMES_E
5284	1359	DOCUMENT_ELEMENT_E	1364	ITEM_NAMES_E
5301	1386	DOCUMENT_ELEMENT_E	1391	ITEM_NAMES_E
5317	1397	DOCUMENT_ELEMENT_E	1402	ITEM_NAMES_E
5332	1408	DOCUMENT_ELEMENT_E	1413	ITEM_NAMES_E
5346	1418	DOCUMENT_ELEMENT_E	1423	ITEM_NAMES_E
5361	1429	DOCUMENT_ELEMENT_E	1434	ITEM_NAMES_E
5426	1450	DOCUMENT_ELEMENT_E	1455	ITEM_NAMES_E
5466	1480	DOCUMENT_ELEMENT_E	1485	ITEM_NAMES_E
5490	1496	DOCUMENT_ELEMENT_E	1501	ITEM_NAMES_E
5527	1535	DOCUMENT_ELEMENT_E	1540	ITEM_NAMES_E
5581	1570	DOCUMENT_ELEMENT_E	1575	ITEM_NAMES_E
5829	1763	DOCUMENT_ELEMENT_E	1764	ITEM_NAMES_E
5847	1777	DOCUMENT_ELEMENT_E	1778	ITEM_NAMES_E
\.


--
-- Data for Name: class_related_dictionary_element_2_note; Type: TABLE DATA; Schema: public; Owner: postgres
--

COPY class_related_dictionary_element_2_note (rid, rid_s, tablename_s, rid_d, tablename_d) FROM stdin;
\.


--
-- Data for Name: class_related_dictionary_element_2_remark; Type: TABLE DATA; Schema: public; Owner: postgres
--

COPY class_related_dictionary_element_2_remark (rid, rid_s, tablename_s, rid_d, tablename_d) FROM stdin;
\.


--
-- Data for Name: class_related_dictionary_element_e; Type: TABLE DATA; Schema: public; Owner: postgres
--

COPY class_related_dictionary_element_e (rid, identified_by, time_stamps, revision, rid_bsu, tablename_bsu, names, definition, note, remark) FROM stdin;
\.


--
-- Data for Name: class_value_assignment_2_super_class_defined_property; Type: TABLE DATA; Schema: public; Owner: postgres
--

COPY class_value_assignment_2_super_class_defined_property (rid, rid_s, tablename_s, rid_d, tablename_d) FROM stdin;
\.


--
-- Data for Name: class_value_assignment_e; Type: TABLE DATA; Schema: public; Owner: postgres
--

COPY class_value_assignment_e (rid, super_class_defined_property, assigned_value) FROM stdin;
\.


--
-- Data for Name: classification_value_t; Type: TABLE DATA; Schema: public; Owner: postgres
--

COPY classification_value_t (rid, value) FROM stdin;
\.


--
-- Data for Name: code_type_t; Type: TABLE DATA; Schema: public; Owner: postgres
--

COPY code_type_t (rid, value) FROM stdin;
\.


--
-- Data for Name: compiler_version_type_t; Type: TABLE DATA; Schema: public; Owner: postgres
--

COPY compiler_version_type_t (rid, value) FROM stdin;
\.


--
-- Data for Name: complex_entity_info_2_partial; Type: TABLE DATA; Schema: public; Owner: postgres
--

COPY complex_entity_info_2_partial (rid, rid_s, tablename_s, rid_d, tablename_d) FROM stdin;
\.


--
-- Data for Name: complex_entity_info_e; Type: TABLE DATA; Schema: public; Owner: postgres
--

COPY complex_entity_info_e (rid, obj, category, partial) FROM stdin;
\.


--
-- Data for Name: complex_type_e; Type: TABLE DATA; Schema: public; Owner: postgres
--

COPY complex_type_e (rid) FROM stdin;
\.


--
-- Data for Name: component_class_case_of_e; Type: TABLE DATA; Schema: public; Owner: postgres
--

COPY component_class_case_of_e (rid, identified_by, time_stamps, revision, rid_bsu, tablename_bsu, names, definition, source_doc_of_definition, note, remark, its_superclass, described_by, defined_types, simplified_drawing, sub_class_properties, class_constant_values, coded_name, referenced_classes, referenced_properties, referenced_data_types, referenced_tables, referenced_documents, is_case_of, imported_properties, imported_types, imported_tables, imported_documents) FROM stdin;
\.


--
-- Data for Name: component_class_e; Type: TABLE DATA; Schema: public; Owner: postgres
--

COPY component_class_e (rid, identified_by, time_stamps, revision, rid_bsu, tablename_bsu, names, definition, source_doc_of_definition, note, remark, its_superclass, described_by, defined_types, simplified_drawing, sub_class_properties, class_constant_values, coded_name) FROM stdin;
1097	3544	\N	001	1019	CLASS_BSU_E	3542	22	\N	21	\N	3543	{}	{}	\N	{}	{}	?
1111	3558	\N	001	1020	CLASS_BSU_E	3557	36	\N	35	\N	3559	{}	{}	\N	{}	{}	?
1171	3639	\N	001	1050	CLASS_BSU_E	3618	92	\N	\N	\N	3638	{3619,3620,3621,3622,3623,3624,3625,3626,3627,3628,3629,3630,3631,3632,3633,3634,3635,3636,3637}	{}	\N	{}	{}	?
1193	3682	\N	001	1021	CLASS_BSU_E	3661	114	\N	113	\N	3681	{3662,3663,3664,3665,3666,3667,3668,3669,3670,3671,3672,3673,3674,3675,3676,3677,3678,3679,3680}	{}	\N	{}	{}	?
1210	3740	\N	001	1051	CLASS_BSU_E	3719	135	\N	134	\N	3739	{3720,3721,3722,3723,3724,3725,3726,3727,3728,3729,3730,3731,3732,3733,3734,3735,3736,3737,3738}	{}	\N	{}	{}	?
1212	3762	\N	001	1043	CLASS_BSU_E	3741	138	\N	139	\N	3761	{3742,3743,3744,3745,3746,3747,3748,3749,3750,3751,3752,3753,3754,3755,3756,3757,3758,3759,3760}	{}	\N	{}	{}	?
1218	3809	\N	001	1049	CLASS_BSU_E	3789	151	\N	152	\N	3810	{3790,3791,3792,3793,3794,3795,3796,3797,3798,3799,3800,3801,3802,3803,3804,3805,3806,3807,3808}	{}	\N	{}	{}	?
1220	3822	\N	001	1042	CLASS_BSU_E	3811	155	\N	156	\N	3823	{3812,3813,3814,3815,3816,3817,3818,3819,3820,3821}	{}	\N	{}	{}	?
1222	3844	\N	001	1038	CLASS_BSU_E	3824	160	\N	159	\N	3845	{3825,3826,3827,3828,3829,3830,3831,3832,3833,3834,3835,3836,3837,3838,3839,3840,3841,3842,3843}	{}	\N	{}	{}	?
1226	3870	\N	001	1036	CLASS_BSU_E	3849	165	\N	166	\N	3869	{3850,3851,3852,3853,3854,3855,3856,3857,3858,3859,3860,3861,3862,3863,3864,3865,3866,3867,3868}	{}	\N	{}	{}	?
1228	3883	\N	001	1032	CLASS_BSU_E	3871	169	\N	170	\N	3882	{3872,3873,3874,3875,3876,3877,3878,3879,3880,3881}	{}	\N	{}	{}	?
1230	3886	\N	001	1045	CLASS_BSU_E	3884	174	\N	173	\N	3885	{}	{}	\N	{}	{}	?
1232	3899	\N	001	1041	CLASS_BSU_E	3887	177	\N	178	\N	3898	{3888,3889,3890,3891,3892,3893,3894,3895,3896,3897}	{}	\N	{}	{}	?
1234	3912	\N	001	1030	CLASS_BSU_E	3900	181	\N	182	\N	3911	{3901,3902,3903,3904,3905,3906,3907,3908,3909,3910}	{}	\N	{}	{}	?
1236	3933	\N	001	1046	CLASS_BSU_E	3913	186	\N	185	\N	3934	{3914,3915,3916,3917,3918,3919,3920,3921,3922,3923,3924,3925,3926,3927,3928,3929,3930,3931,3932}	{}	\N	{}	{}	?
1238	3946	\N	001	1027	CLASS_BSU_E	3935	189	\N	190	\N	3947	{3936,3937,3938,3939,3940,3941,3942,3943,3944,3945}	{}	\N	{}	{}	?
1242	3972	\N	001	1034	CLASS_BSU_E	3951	198	\N	197	\N	3971	{3952,3953,3954,3955,3956,3957,3958,3959,3960,3961,3962,3963,3964,3965,3966,3967,3968,3969,3970}	{}	\N	{}	{}	?
1246	4007	\N	001	1035	CLASS_BSU_E	3986	206	\N	205	\N	4006	{3987,3988,3989,3990,3991,3992,3993,3994,3995,3996,3997,3998,3999,4000,4001,4002,4003,4004,4005}	{}	\N	{}	{}	?
1248	4020	\N	001	1031	CLASS_BSU_E	4008	209	\N	210	\N	4019	{4009,4010,4011,4012,4013,4014,4015,4016,4017,4018}	{}	\N	{}	{}	?
1252	4054	\N	001	1033	CLASS_BSU_E	4043	218	\N	217	\N	4055	{4044,4045,4046,4047,4048,4049,4050,4051,4052,4053}	{}	\N	{}	{}	?
1254	4077	\N	001	1028	CLASS_BSU_E	4056	221	\N	222	\N	4076	{4057,4058,4059,4060,4061,4062,4063,4064,4065,4066,4067,4068,4069,4070,4071,4072,4073,4074,4075}	{}	\N	{}	{}	?
1256	4090	\N	001	1025	CLASS_BSU_E	4078	225	\N	226	\N	4089	{4079,4080,4081,4082,4083,4084,4085,4086,4087,4088}	{}	\N	{}	{}	?
1258	4111	\N	001	1026	CLASS_BSU_E	4091	230	\N	229	\N	4112	{4092,4093,4094,4095,4096,4097,4098,4099,4100,4101,4102,4103,4104,4105,4106,4107,4108,4109,4110}	{}	\N	{}	{}	?
1260	4125	\N	001	1024	CLASS_BSU_E	4113	234	\N	233	\N	4124	{4114,4115,4116,4117,4118,4119,4120,4121,4122,4123}	{}	\N	{}	{}	?
1262	4147	\N	001	1039	CLASS_BSU_E	4126	238	\N	237	\N	4146	{4127,4128,4129,4130,4131,4132,4133,4134,4135,4136,4137,4138,4139,4140,4141,4142,4143,4144,4145}	{}	\N	{}	{}	?
1290	5199	\N	001	1291	CLASS_BSU_E	5203	5202	\N	\N	\N	5200	\N	\N	\N	\N	\N	\N
1304	5231	\N	001	1305	CLASS_BSU_E	5235	5234	\N	\N	\N	5232	\N	\N	\N	\N	\N	\N
1307	5238	\N	001	1308	CLASS_BSU_E	5242	5241	\N	\N	\N	5239	\N	\N	\N	\N	\N	\N
1315	5245	\N	001	1316	CLASS_BSU_E	5249	5248	\N	\N	\N	5246	\N	\N	\N	\N	\N	\N
1250	4041	\N	001	1023	CLASS_BSU_E	4021	214	\N	213	\N	4042	{4022,4023,4024,4025,4026,4027,4028,4029,4030,4031,4032,4033,4034,4035,4036,4037,4038,4039,4040,5260}	{}	\N	{}	{}	?
1445	5415	\N	002	1446	CLASS_BSU_E	5418	\N	\N	\N	\N	5416	{5443,5452,5476}	\N	\N	\N	\N	\N
1202	3692	\N	001	1047	CLASS_BSU_E	3690	122	\N	123	\N	3691	{5501,5511}	{}	\N	{}	{}	?
1224	3848	\N	001	1022	CLASS_BSU_E	3846	162	\N	\N	\N	3847	{5539}	{}	\N	{}	{}	?
1240	3949	\N	001	1037	CLASS_BSU_E	3948	193	\N	194	\N	3950	{5549,5558,5567}	{}	\N	{}	{}	?
1565	5569	\N	001	1566	CLASS_BSU_E	5573	5572	\N	\N	\N	5570	{5599,5608}	\N	\N	\N	\N	\N
1593	5610	\N	001	1594	CLASS_BSU_E	5614	5613	\N	\N	\N	5611	\N	\N	\N	\N	\N	\N
1607	5627	5636	002	1608	CLASS_BSU_E	5631	5630	\N	\N	\N	5628	\N	\N	\N	\N	\N	\N
1598	\N	\N	\N	1599	PLib.PLib_Class_BSU$$EnhancerByCGLIB$$302a38dc	5619	\N	\N	\N	\N	\N	\N	\N	\N	\N	\N	\N
1085	3526	\N	001	1017	CLASS_BSU_E	3525	11	\N	10	\N	3527	{5698,5703,5708,5713,5718,5723,5729,5756,5757,5758}	{}	\N	{}	{}	?
1702	5762	\N	001	1703	CLASS_BSU_E	5763	289	\N	\N	\N	5764	{5781}	{}	5863	{}	{}	\N
1601	\N	\N	\N	1602	PLib.PLib_Class_BSU$$EnhancerByCGLIB$$63c2b7	5622	\N	\N	\N	\N	\N	\N	\N	\N	\N	\N	\N
1604	\N	\N	\N	1605	PLib.PLib_Class_BSU$$EnhancerByCGLIB$$63c2b7	5625	\N	\N	\N	\N	\N	\N	\N	\N	\N	\N	\N
\.


--
-- Data for Name: condition_det_e; Type: TABLE DATA; Schema: public; Owner: postgres
--

COPY condition_det_e (rid, identified_by, time_stamps, revision, rid_bsu, tablename_bsu, names, definition, source_doc_of_definition, note, remark, preferred_symbol, synonymous_symbols, figure, det_classification, domain, formula) FROM stdin;
1678	5715	\N	001	1679	PROPERTY_BSU_E	5716	276	\N	\N	\N	\N	{}	\N	\N	5717	\N
1694	5735	\N	001	1695	PROPERTY_BSU_E	5736	285	\N	\N	\N	\N	{}	\N	\N	5737	\N
\.


--
-- Data for Name: content_encoding_type_t; Type: TABLE DATA; Schema: public; Owner: postgres
--

COPY content_encoding_type_t (rid, value) FROM stdin;
\.


--
-- Data for Name: content_item_2_dictionary_definition; Type: TABLE DATA; Schema: public; Owner: postgres
--

COPY content_item_2_dictionary_definition (rid, rid_s, tablename_s, rid_d, tablename_d) FROM stdin;
5266	1349	DOCUMENT_CONTENT_E	1347	DOCUMENT_BSU_E
5282	1360	DOCUMENT_CONTENT_E	1358	DOCUMENT_BSU_E
5299	1387	DOCUMENT_CONTENT_E	1385	DOCUMENT_BSU_E
5315	1398	DOCUMENT_CONTENT_E	1396	DOCUMENT_BSU_E
5330	1409	DOCUMENT_CONTENT_E	1407	DOCUMENT_BSU_E
5344	1419	DOCUMENT_CONTENT_E	1417	DOCUMENT_BSU_E
5359	1430	DOCUMENT_CONTENT_E	1428	DOCUMENT_BSU_E
5424	1451	DOCUMENT_CONTENT_E	1449	DOCUMENT_BSU_E
5464	1481	DOCUMENT_CONTENT_E	1479	DOCUMENT_BSU_E
5488	1497	DOCUMENT_CONTENT_E	1495	DOCUMENT_BSU_E
5525	1536	DOCUMENT_CONTENT_E	1534	DOCUMENT_BSU_E
5579	1571	DOCUMENT_CONTENT_E	1569	DOCUMENT_BSU_E
\.


--
-- Data for Name: content_item_e; Type: TABLE DATA; Schema: public; Owner: postgres
--

COPY content_item_e (rid, dictionary_definition, rid_bsu, tablename_bsu) FROM stdin;
\.


--
-- Data for Name: context_dependent_measure_t; Type: TABLE DATA; Schema: public; Owner: postgres
--

COPY context_dependent_measure_t (rid, value) FROM stdin;
\.


--
-- Data for Name: context_dependent_property_value_2_the_context; Type: TABLE DATA; Schema: public; Owner: postgres
--

COPY context_dependent_property_value_2_the_context (rid, rid_s, tablename_s, rid_d, tablename_d) FROM stdin;
\.


--
-- Data for Name: context_dependent_property_value_e; Type: TABLE DATA; Schema: public; Owner: postgres
--

COPY context_dependent_property_value_e (rid, its_value, prop_def, the_context) FROM stdin;
\.


--
-- Data for Name: context_dependent_unit_e; Type: TABLE DATA; Schema: public; Owner: postgres
--

COPY context_dependent_unit_e (rid, dimensions, name) FROM stdin;
\.


--
-- Data for Name: conversion_based_unit_2_conversion_factor; Type: TABLE DATA; Schema: public; Owner: postgres
--

COPY conversion_based_unit_2_conversion_factor (rid, rid_s, tablename_s, rid_d, tablename_d) FROM stdin;
\.


--
-- Data for Name: conversion_based_unit_e; Type: TABLE DATA; Schema: public; Owner: postgres
--

COPY conversion_based_unit_e (rid, dimensions, name, conversion_factor) FROM stdin;
\.


--
-- Data for Name: coordinated_universal_time_offset_e; Type: TABLE DATA; Schema: public; Owner: postgres
--

COPY coordinated_universal_time_offset_e (rid, hour_offset, minute_offset, sense) FROM stdin;
\.


--
-- Data for Name: count_measure_t; Type: TABLE DATA; Schema: public; Owner: postgres
--

COPY count_measure_t (rid, value) FROM stdin;
\.


--
-- Data for Name: currency_code_t; Type: TABLE DATA; Schema: public; Owner: postgres
--

COPY currency_code_t (rid, value) FROM stdin;
\.


--
-- Data for Name: data_exchange_specification_identification_2_external_file_prot; Type: TABLE DATA; Schema: public; Owner: postgres
--

COPY data_exchange_specification_identification_2_external_file_prot (rid, rid_s, tablename_s, rid_d, tablename_d) FROM stdin;
\.


--
-- Data for Name: data_exchange_specification_identification_e; Type: TABLE DATA; Schema: public; Owner: postgres
--

COPY data_exchange_specification_identification_e (rid, source_document_identifier, status, name, date, application, level, external_file_protocols) FROM stdin;
\.


--
-- Data for Name: data_protocol_e; Type: TABLE DATA; Schema: public; Owner: postgres
--

COPY data_protocol_e (rid, organisation, country, protocol_name, protocol_version, level, designation, base_protocol) FROM stdin;
\.


--
-- Data for Name: data_type_bsu_2_name_scope; Type: TABLE DATA; Schema: public; Owner: postgres
--

COPY data_type_bsu_2_name_scope (rid, rid_s, tablename_s, rid_d, tablename_d) FROM stdin;
\.


--
-- Data for Name: data_type_bsu_e; Type: TABLE DATA; Schema: public; Owner: postgres
--

COPY data_type_bsu_e (rid, code, version, is_version_current, name_scope, rid_class, tablename_class) FROM stdin;
\.


--
-- Data for Name: data_type_code_type_t; Type: TABLE DATA; Schema: public; Owner: postgres
--

COPY data_type_code_type_t (rid, value) FROM stdin;
\.


--
-- Data for Name: data_type_e; Type: TABLE DATA; Schema: public; Owner: postgres
--

COPY data_type_e (rid) FROM stdin;
\.


--
-- Data for Name: data_type_element_2_identified_by; Type: TABLE DATA; Schema: public; Owner: postgres
--

COPY data_type_element_2_identified_by (rid, rid_s, tablename_s, rid_d, tablename_d) FROM stdin;
\.


--
-- Data for Name: data_type_element_2_names; Type: TABLE DATA; Schema: public; Owner: postgres
--

COPY data_type_element_2_names (rid, rid_s, tablename_s, rid_d, tablename_d) FROM stdin;
\.


--
-- Data for Name: data_type_element_2_type_definition; Type: TABLE DATA; Schema: public; Owner: postgres
--

COPY data_type_element_2_type_definition (rid, rid_s, tablename_s, rid_d, tablename_d) FROM stdin;
\.


--
-- Data for Name: data_type_element_e; Type: TABLE DATA; Schema: public; Owner: postgres
--

COPY data_type_element_e (rid, identified_by, time_stamps, revision, rid_bsu, tablename_bsu, names, type_definition) FROM stdin;
\.


--
-- Data for Name: date_and_time_2_date_component; Type: TABLE DATA; Schema: public; Owner: postgres
--

COPY date_and_time_2_date_component (rid, rid_s, tablename_s, rid_d, tablename_d) FROM stdin;
\.


--
-- Data for Name: date_and_time_2_time_component; Type: TABLE DATA; Schema: public; Owner: postgres
--

COPY date_and_time_2_time_component (rid, rid_s, tablename_s, rid_d, tablename_d) FROM stdin;
\.


--
-- Data for Name: date_and_time_e; Type: TABLE DATA; Schema: public; Owner: postgres
--

COPY date_and_time_e (rid, date_component, time_component) FROM stdin;
\.


--
-- Data for Name: date_e; Type: TABLE DATA; Schema: public; Owner: postgres
--

COPY date_e (rid, year_component) FROM stdin;
\.


--
-- Data for Name: date_type_t; Type: TABLE DATA; Schema: public; Owner: postgres
--

COPY date_type_t (rid, value) FROM stdin;
\.


--
-- Data for Name: dates_e; Type: TABLE DATA; Schema: public; Owner: postgres
--

COPY dates_e (rid, date_of_original_definition, date_of_current_version, date_of_current_revision) FROM stdin;
1087	17-10-2002	17-10-2002	17-10-2002
1352	Sun Sep 25 13:11:57 CEST 2005	Sun Sep 25 13:11:57 CEST 2005	Sun Sep 25 13:11:57 CEST 2005
1363	Sun Sep 25 13:37:22 CEST 2005	Sun Sep 25 13:37:23 CEST 2005	Sun Sep 25 13:37:23 CEST 2005
1390	Mon Sep 26 11:27:18 CEST 2005	Mon Sep 26 11:27:18 CEST 2005	Mon Sep 26 11:27:18 CEST 2005
1401	Mon Sep 26 11:47:58 CEST 2005	Mon Sep 26 11:47:58 CEST 2005	Mon Sep 26 11:47:58 CEST 2005
1412	Mon Sep 26 13:25:06 CEST 2005	Mon Sep 26 13:25:06 CEST 2005	Mon Sep 26 13:25:06 CEST 2005
1422	Mon Sep 26 13:30:08 CEST 2005	Mon Sep 26 13:30:08 CEST 2005	Mon Sep 26 13:30:08 CEST 2005
1433	Mon Sep 26 13:33:55 CEST 2005	Mon Sep 26 13:33:55 CEST 2005	Mon Sep 26 13:33:55 CEST 2005
1454	Tue Sep 27 03:53:21 CEST 2005	Tue Sep 27 03:53:21 CEST 2005	Tue Sep 27 03:53:21 CEST 2005
1484	Tue Sep 27 03:56:22 CEST 2005	Tue Sep 27 03:56:22 CEST 2005	Tue Sep 27 03:56:22 CEST 2005
1500	Tue Sep 27 04:27:50 CEST 2005	Tue Sep 27 04:27:50 CEST 2005	Tue Sep 27 04:27:50 CEST 2005
1539	Tue Sep 27 17:09:39 CEST 2005	Tue Sep 27 17:09:39 CEST 2005	Tue Sep 27 17:09:39 CEST 2005
1574	Thu Sep 29 15:05:23 CEST 2005	Thu Sep 29 15:05:23 CEST 2005	Thu Sep 29 15:05:23 CEST 2005
1610	30/09/2005	30/09/2005	\N
1774	11-10-2005	11-10-2005	11-10-2005
1787	11-10-2005	11-10-2005	11-10-2005
\.


--
-- Data for Name: day_in_month_number_t; Type: TABLE DATA; Schema: public; Owner: postgres
--

COPY day_in_month_number_t (rid, value) FROM stdin;
\.


--
-- Data for Name: day_in_week_number_t; Type: TABLE DATA; Schema: public; Owner: postgres
--

COPY day_in_week_number_t (rid, value) FROM stdin;
\.


--
-- Data for Name: day_in_year_number_t; Type: TABLE DATA; Schema: public; Owner: postgres
--

COPY day_in_year_number_t (rid, value) FROM stdin;
\.


--
-- Data for Name: defined_info_2_underlying; Type: TABLE DATA; Schema: public; Owner: postgres
--

COPY defined_info_2_underlying (rid, rid_s, tablename_s, rid_d, tablename_d) FROM stdin;
876	121	DEFINED_INFO_E	704	TYPE_INFO_E
2687	697	DEFINED_INFO_E	720	DEFINED_INFO_E
2688	699	DEFINED_INFO_E	705	TYPE_INFO_E
2691	709	DEFINED_INFO_E	711	STRING_INFO_E
2694	712	DEFINED_INFO_E	703	TYPE_INFO_E
2699	716	DEFINED_INFO_E	705	TYPE_INFO_E
2700	717	DEFINED_INFO_E	705	TYPE_INFO_E
2701	718	DEFINED_INFO_E	719	STRING_INFO_E
2702	720	DEFINED_INFO_E	698	STRING_INFO_E
2707	723	DEFINED_INFO_E	725	STRING_INFO_E
2710	726	DEFINED_INFO_E	705	TYPE_INFO_E
2711	727	DEFINED_INFO_E	705	TYPE_INFO_E
2712	728	DEFINED_INFO_E	699	DEFINED_INFO_E
2713	729	DEFINED_INFO_E	720	DEFINED_INFO_E
2714	730	DEFINED_INFO_E	704	TYPE_INFO_E
2718	732	DEFINED_INFO_E	720	DEFINED_INFO_E
2719	733	DEFINED_INFO_E	720	DEFINED_INFO_E
2720	734	DEFINED_INFO_E	704	TYPE_INFO_E
2721	735	DEFINED_INFO_E	706	TYPE_INFO_E
2722	736	DEFINED_INFO_E	744	DEFINED_INFO_E
2723	737	DEFINED_INFO_E	705	TYPE_INFO_E
2724	738	DEFINED_INFO_E	706	TYPE_INFO_E
2725	739	DEFINED_INFO_E	705	TYPE_INFO_E
2726	740	DEFINED_INFO_E	705	TYPE_INFO_E
2727	741	DEFINED_INFO_E	705	TYPE_INFO_E
2728	742	DEFINED_INFO_E	705	TYPE_INFO_E
2729	743	DEFINED_INFO_E	705	TYPE_INFO_E
2730	744	DEFINED_INFO_E	705	TYPE_INFO_E
2731	745	DEFINED_INFO_E	705	TYPE_INFO_E
2750	747	DEFINED_INFO_E	705	TYPE_INFO_E
2751	748	DEFINED_INFO_E	697	DEFINED_INFO_E
2759	752	DEFINED_INFO_E	754	STRING_INFO_E
2762	755	DEFINED_INFO_E	705	TYPE_INFO_E
2763	756	DEFINED_INFO_E	704	TYPE_INFO_E
2766	758	DEFINED_INFO_E	720	DEFINED_INFO_E
2767	759	DEFINED_INFO_E	720	DEFINED_INFO_E
2791	765	DEFINED_INFO_E	720	DEFINED_INFO_E
2793	767	DEFINED_INFO_E	697	DEFINED_INFO_E
2796	769	DEFINED_INFO_E	704	TYPE_INFO_E
2809	776	DEFINED_INFO_E	704	TYPE_INFO_E
2810	777	DEFINED_INFO_E	697	DEFINED_INFO_E
2813	779	DEFINED_INFO_E	697	DEFINED_INFO_E
2814	780	DEFINED_INFO_E	720	DEFINED_INFO_E
2819	783	DEFINED_INFO_E	704	TYPE_INFO_E
2820	785	DEFINED_INFO_E	720	DEFINED_INFO_E
2824	787	DEFINED_INFO_E	720	DEFINED_INFO_E
2825	788	DEFINED_INFO_E	697	DEFINED_INFO_E
2826	790	DEFINED_INFO_E	720	DEFINED_INFO_E
2827	791	DEFINED_INFO_E	704	TYPE_INFO_E
2830	793	DEFINED_INFO_E	697	DEFINED_INFO_E
2831	794	DEFINED_INFO_E	704	TYPE_INFO_E
2834	796	DEFINED_INFO_E	720	DEFINED_INFO_E
2835	797	DEFINED_INFO_E	704	TYPE_INFO_E
2836	798	DEFINED_INFO_E	720	DEFINED_INFO_E
2839	800	DEFINED_INFO_E	704	TYPE_INFO_E
2842	802	DEFINED_INFO_E	697	DEFINED_INFO_E
2843	803	DEFINED_INFO_E	720	DEFINED_INFO_E
2844	804	DEFINED_INFO_E	697	DEFINED_INFO_E
2845	805	DEFINED_INFO_E	720	DEFINED_INFO_E
2846	807	DEFINED_INFO_E	720	DEFINED_INFO_E
2853	811	DEFINED_INFO_E	705	TYPE_INFO_E
2854	812	DEFINED_INFO_E	697	DEFINED_INFO_E
2857	814	DEFINED_INFO_E	704	TYPE_INFO_E
2858	815	DEFINED_INFO_E	697	DEFINED_INFO_E
2862	819	DEFINED_INFO_E	704	TYPE_INFO_E
2865	821	DEFINED_INFO_E	720	DEFINED_INFO_E
2867	823	DEFINED_INFO_E	720	DEFINED_INFO_E
\.


--
-- Data for Name: defined_info_e; Type: TABLE DATA; Schema: public; Owner: postgres
--

COPY defined_info_e (rid, obj, category, name, of_schema, underlying) FROM stdin;
121	\N	60	YEAR_NUMBER	ISO13584_25_IEC61360_5_LIBRARY_IMPLICIT_SCHEMA	876
697	\N	61	CODE_TYPE	ISO13584_25_IEC61360_5_LIBRARY_IMPLICIT_SCHEMA	2687
699	\N	59	PLANE_ANGLE_MEASURE	ISO13584_25_IEC61360_5_LIBRARY_IMPLICIT_SCHEMA	2688
709	\N	61	TEXT	ISO13584_25_IEC61360_5_LIBRARY_IMPLICIT_SCHEMA	2691
712	\N	64	BOOLEAN_VALUE	ISO13584_25_IEC61360_5_LIBRARY_IMPLICIT_SCHEMA	2694
716	\N	59	TIME_MEASURE	ISO13584_25_IEC61360_5_LIBRARY_IMPLICIT_SCHEMA	2699
717	\N	59	SOLID_ANGLE_MEASURE	ISO13584_25_IEC61360_5_LIBRARY_IMPLICIT_SCHEMA	2700
718	\N	61	DATE_TYPE	ISO13584_25_IEC61360_5_LIBRARY_IMPLICIT_SCHEMA	2701
720	\N	61	IDENTIFIER	ISO13584_25_IEC61360_5_LIBRARY_IMPLICIT_SCHEMA	2702
723	\N	61	LABEL	ISO13584_25_IEC61360_5_LIBRARY_IMPLICIT_SCHEMA	2707
726	\N	59	LUMINOUS_INTENSITY_MEASURE	ISO13584_25_IEC61360_5_LIBRARY_IMPLICIT_SCHEMA	2710
727	\N	59	AMOUNT_OF_SUBSTANCE_MEASURE	ISO13584_25_IEC61360_5_LIBRARY_IMPLICIT_SCHEMA	2711
728	\N	59	POSITIVE_PLANE_ANGLE_MEASURE	ISO13584_25_IEC61360_5_LIBRARY_IMPLICIT_SCHEMA	2712
729	\N	61	ABSOLUTE_URL_TYPE	ISO13584_25_IEC61360_5_LIBRARY_IMPLICIT_SCHEMA	2713
730	\N	60	INTEGER_TYPE	ISO13584_25_IEC61360_5_LIBRARY_IMPLICIT_SCHEMA	2714
732	\N	61	MIME_TYPE	ISO13584_25_IEC61360_5_LIBRARY_IMPLICIT_SCHEMA	2718
733	\N	61	COMPILER_VERSION_TYPE	ISO13584_25_IEC61360_5_LIBRARY_IMPLICIT_SCHEMA	2719
734	\N	60	DAY_IN_YEAR_NUMBER	ISO13584_25_IEC61360_5_LIBRARY_IMPLICIT_SCHEMA	2720
735	\N	58	NUMERIC_MEASURE	ISO13584_25_IEC61360_5_LIBRARY_IMPLICIT_SCHEMA	2721
736	\N	59	POSITIVE_LENGTH_MEASURE	ISO13584_25_IEC61360_5_LIBRARY_IMPLICIT_SCHEMA	2722
737	\N	59	MASS_MEASURE	ISO13584_25_IEC61360_5_LIBRARY_IMPLICIT_SCHEMA	2723
738	\N	58	COUNT_MEASURE	ISO13584_25_IEC61360_5_LIBRARY_IMPLICIT_SCHEMA	2724
739	\N	59	AREA_MEASURE	ISO13584_25_IEC61360_5_LIBRARY_IMPLICIT_SCHEMA	2725
740	\N	59	RATIO_MEASURE	ISO13584_25_IEC61360_5_LIBRARY_IMPLICIT_SCHEMA	2726
741	\N	59	PARAMETER_VALUE	ISO13584_25_IEC61360_5_LIBRARY_IMPLICIT_SCHEMA	2727
742	\N	59	VOLUME_MEASURE	ISO13584_25_IEC61360_5_LIBRARY_IMPLICIT_SCHEMA	2728
743	\N	59	THERMODYNAMIC_TEMPERATURE_MEASURE	ISO13584_25_IEC61360_5_LIBRARY_IMPLICIT_SCHEMA	2729
744	\N	59	LENGTH_MEASURE	ISO13584_25_IEC61360_5_LIBRARY_IMPLICIT_SCHEMA	2730
745	\N	59	CONTEXT_DEPENDENT_MEASURE	ISO13584_25_IEC61360_5_LIBRARY_IMPLICIT_SCHEMA	2731
747	\N	59	ELECTRIC_CURRENT_MEASURE	ISO13584_25_IEC61360_5_LIBRARY_IMPLICIT_SCHEMA	2750
748	\N	61	DOCUMENT_CODE_TYPE	ISO13584_25_IEC61360_5_LIBRARY_IMPLICIT_SCHEMA	2751
752	\N	61	STRING_VALUE	ISO13584_25_IEC61360_5_LIBRARY_IMPLICIT_SCHEMA	2759
755	\N	59	REAL_VALUE	ISO13584_25_IEC61360_5_LIBRARY_IMPLICIT_SCHEMA	2762
756	\N	60	INTEGER_VALUE	ISO13584_25_IEC61360_5_LIBRARY_IMPLICIT_SCHEMA	2763
758	\N	61	DET_CLASSIFICATION_TYPE	ISO13584_25_IEC61360_5_LIBRARY_IMPLICIT_SCHEMA	2766
759	\N	61	EXTERNAL_FILE_ADDRESS	ISO13584_25_IEC61360_5_LIBRARY_IMPLICIT_SCHEMA	2767
765	\N	61	CHARACTER_SET_TYPE	ISO13584_25_IEC61360_5_LIBRARY_IMPLICIT_SCHEMA	2791
767	\N	61	CLASS_CODE_TYPE	ISO13584_25_IEC61360_5_LIBRARY_IMPLICIT_SCHEMA	2793
769	\N	60	IAB_RFC	ISO13584_25_IEC61360_5_LIBRARY_IMPLICIT_SCHEMA	2796
776	\N	60	MONTH_IN_YEAR_NUMBER	ISO13584_25_IEC61360_5_LIBRARY_IMPLICIT_SCHEMA	2809
777	\N	61	PROPERTY_CODE_TYPE	ISO13584_25_IEC61360_5_LIBRARY_IMPLICIT_SCHEMA	2810
779	\N	61	SUPPLIER_CODE_TYPE	ISO13584_25_IEC61360_5_LIBRARY_IMPLICIT_SCHEMA	2813
780	\N	61	HTTP_DIRECTORY_NAME_TYPE	ISO13584_25_IEC61360_5_LIBRARY_IMPLICIT_SCHEMA	2814
783	\N	60	WEEK_IN_YEAR_NUMBER	ISO13584_25_IEC61360_5_LIBRARY_IMPLICIT_SCHEMA	2819
785	\N	61	LANGUAGE_CODE	ISO13584_25_IEC61360_5_LIBRARY_IMPLICIT_SCHEMA	2820
787	\N	61	VALUE_FORMAT_TYPE	ISO13584_25_IEC61360_5_LIBRARY_IMPLICIT_SCHEMA	2824
788	\N	61	VERSION_TYPE	ISO13584_25_IEC61360_5_LIBRARY_IMPLICIT_SCHEMA	2825
790	\N	61	EXTERNAL_ITEM_CODE_TYPE	ISO13584_25_IEC61360_5_LIBRARY_IMPLICIT_SCHEMA	2826
791	\N	60	CLASSIFICATION_VALUE	ISO13584_25_IEC61360_5_LIBRARY_IMPLICIT_SCHEMA	2827
793	\N	61	TABLE_CODE_TYPE	ISO13584_25_IEC61360_5_LIBRARY_IMPLICIT_SCHEMA	2830
794	\N	60	HOUR_IN_DAY	ISO13584_25_IEC61360_5_LIBRARY_IMPLICIT_SCHEMA	2831
796	\N	61	VALUE_CODE_TYPE	ISO13584_25_IEC61360_5_LIBRARY_IMPLICIT_SCHEMA	2834
797	\N	60	MINUTE_IN_HOUR	ISO13584_25_IEC61360_5_LIBRARY_IMPLICIT_SCHEMA	2835
798	\N	61	SOURCE_DOC_TYPE	ISO13584_25_IEC61360_5_LIBRARY_IMPLICIT_SCHEMA	2836
800	\N	60	DAY_IN_MONTH_NUMBER	ISO13584_25_IEC61360_5_LIBRARY_IMPLICIT_SCHEMA	2839
802	\N	61	DATA_TYPE_CODE_TYPE	ISO13584_25_IEC61360_5_LIBRARY_IMPLICIT_SCHEMA	2842
803	\N	61	MIME_SUBTYPE	ISO13584_25_IEC61360_5_LIBRARY_IMPLICIT_SCHEMA	2843
804	\N	61	PROGRAM_LIBRARY_CODE_TYPE	ISO13584_25_IEC61360_5_LIBRARY_IMPLICIT_SCHEMA	2844
805	\N	61	HTTP_FILE_NAME_TYPE	ISO13584_25_IEC61360_5_LIBRARY_IMPLICIT_SCHEMA	2845
807	\N	61	CURRENCY_CODE	ISO13584_25_IEC61360_5_LIBRARY_IMPLICIT_SCHEMA	2846
811	\N	59	SECOND_IN_MINUTE	ISO13584_25_IEC61360_5_LIBRARY_IMPLICIT_SCHEMA	2853
812	\N	61	DICTIONARY_CODE_TYPE	ISO13584_25_IEC61360_5_LIBRARY_IMPLICIT_SCHEMA	2854
814	\N	60	DIMENSION_COUNT	ISO13584_25_IEC61360_5_LIBRARY_IMPLICIT_SCHEMA	2857
815	\N	61	REVISION_TYPE	ISO13584_25_IEC61360_5_LIBRARY_IMPLICIT_SCHEMA	2858
819	\N	60	DAY_IN_WEEK_NUMBER	ISO13584_25_IEC61360_5_LIBRARY_IMPLICIT_SCHEMA	2862
821	\N	61	CONTENT_ENCODING_TYPE	ISO13584_25_IEC61360_5_LIBRARY_IMPLICIT_SCHEMA	2865
823	\N	61	PROGRAM_REFERENCE_NAME_TYPE	ISO13584_25_IEC61360_5_LIBRARY_IMPLICIT_SCHEMA	2867
\.


--
-- Data for Name: dependent_p_det_2_depends_on; Type: TABLE DATA; Schema: public; Owner: postgres
--

COPY dependent_p_det_2_depends_on (rid, rid_s, tablename_s, rid_d, tablename_d) FROM stdin;
5728	1686	DEPENDENT_P_DET_E	1679	PROPERTY_BSU_E
5742	1698	DEPENDENT_P_DET_E	1679	PROPERTY_BSU_E
5743	1698	DEPENDENT_P_DET_E	1695	PROPERTY_BSU_E
\.


--
-- Data for Name: dependent_p_det_e; Type: TABLE DATA; Schema: public; Owner: postgres
--

COPY dependent_p_det_e (rid, identified_by, time_stamps, revision, rid_bsu, tablename_bsu, names, definition, source_doc_of_definition, note, remark, preferred_symbol, synonymous_symbols, figure, det_classification, domain, formula, depends_on) FROM stdin;
1686	5725	\N	001	1687	PROPERTY_BSU_E	5726	281	\N	\N	\N	\N	{}	\N	\N	5727	\N	{5728}
1698	5739	\N	001	1699	PROPERTY_BSU_E	5740	287	\N	\N	\N	\N	{}	\N	\N	5741	\N	{5742,5743}
\.


--
-- Data for Name: der_attribute_e; Type: TABLE DATA; Schema: public; Owner: postgres
--

COPY der_attribute_e (rid, obj, idx, name, is_optional, attr_type, of_entity) FROM stdin;
131	\N	\N	z	f	919	920
145	\N	\N	dic_identifier	f	957	956
219	\N	\N	case_of	f	1228	1227
228	\N	\N	described_by	f	1271	1270
327	\N	\N	view_properties	f	1687	1686
348	\N	\N	absolute_id	f	1742	1741
349	\N	\N	version	f	1744	1743
397	\N	\N	known_applicable_data_types	f	1926	1925
398	\N	\N	known_applicable_properties	f	1928	1927
399	\N	\N	subclasses	f	1930	1929
425	\N	\N	actual_minute_offset	f	2019	2020
430	\N	\N	referenced_documents	f	2032	2031
431	\N	\N	referenced_tables	f	2034	2033
432	\N	\N	referenced_data_types	f	2036	2035
433	\N	\N	referenced_properties	f	2038	2037
434	\N	\N	referenced_classes	f	2040	2039
436	\N	\N	p	f	2047	2046
439	\N	\N	p	f	2052	2053
456	\N	\N	description	f	2120	2121
457	\N	\N	id	f	2123	2122
470	\N	\N	referenced_documents	f	2150	2149
471	\N	\N	referenced_tables	f	2152	2151
472	\N	\N	referenced_data_types	f	2154	2153
473	\N	\N	referenced_properties	f	2156	2155
474	\N	\N	referenced_classes	f	2158	2157
484	\N	\N	absolute_id	f	2177	2178
488	\N	\N	id	f	2186	2185
489	\N	\N	description	f	2188	2187
505	\N	\N	dimensions	f	2230	2229
520	\N	\N	absolute_id	f	2265	2264
532	\N	\N	absolute_id	f	2293	2292
536	\N	\N	exact_typeof	f	2301	2300
555	\N	\N	known_visible_data_types	f	2345	2346
556	\N	\N	known_visible_properties	f	2348	2347
557	\N	\N	absolute_id	f	2350	2349
565	\N	\N	describes_classes	f	2376	2375
571	\N	\N	dim	f	2388	2387
579	\N	\N	url	f	2404	2403
580	\N	\N	name	f	2406	2405
608	\N	\N	absolute_id	f	2478	2479
629	\N	\N	absolute_id	f	2524	2525
649	\N	\N	name	f	2579	2578
670	\N	\N	absolute_id	f	2631	2632
692	\N	\N	referenced_documents	f	2678	2677
693	\N	\N	referenced_tables	f	2680	2679
694	\N	\N	referenced_data_types	f	2682	2681
695	\N	\N	referenced_properties	f	2683	2684
696	\N	\N	referenced_classes	f	2686	2685
994	\N	\N	id	f	3420	3419
\.


--
-- Data for Name: derived_unit_2_elements; Type: TABLE DATA; Schema: public; Owner: postgres
--

COPY derived_unit_2_elements (rid, rid_s, tablename_s, rid_d, tablename_d) FROM stdin;
\.


--
-- Data for Name: derived_unit_e; Type: TABLE DATA; Schema: public; Owner: postgres
--

COPY derived_unit_e (rid, elements) FROM stdin;
\.


--
-- Data for Name: derived_unit_element_2_unit; Type: TABLE DATA; Schema: public; Owner: postgres
--

COPY derived_unit_element_2_unit (rid, rid_s, tablename_s, rid_d, tablename_d) FROM stdin;
\.


--
-- Data for Name: derived_unit_element_e; Type: TABLE DATA; Schema: public; Owner: postgres
--

COPY derived_unit_element_e (rid, unit, exponent) FROM stdin;
\.


--
-- Data for Name: description_attribute_2_described_item; Type: TABLE DATA; Schema: public; Owner: postgres
--

COPY description_attribute_2_described_item (rid, rid_s, tablename_s, rid_d, tablename_d) FROM stdin;
\.


--
-- Data for Name: description_attribute_e; Type: TABLE DATA; Schema: public; Owner: postgres
--

COPY description_attribute_e (rid, attribute_value, described_item) FROM stdin;
\.


--
-- Data for Name: det_classification_type_t; Type: TABLE DATA; Schema: public; Owner: postgres
--

COPY det_classification_type_t (rid, value) FROM stdin;
\.


--
-- Data for Name: dialogue_resource_2_used_protocol; Type: TABLE DATA; Schema: public; Owner: postgres
--

COPY dialogue_resource_2_used_protocol (rid, rid_s, tablename_s, rid_d, tablename_d) FROM stdin;
\.


--
-- Data for Name: dialogue_resource_e; Type: TABLE DATA; Schema: public; Owner: postgres
--

COPY dialogue_resource_e (rid, used_protocol, content, rid_bsu, tablename_bsu, code) FROM stdin;
\.


--
-- Data for Name: dic_class_instance_2_case_of; Type: TABLE DATA; Schema: public; Owner: postgres
--

COPY dic_class_instance_2_case_of (rid, rid_s, tablename_s, rid_d, tablename_d) FROM stdin;
\.


--
-- Data for Name: dic_class_instance_2_class_def; Type: TABLE DATA; Schema: public; Owner: postgres
--

COPY dic_class_instance_2_class_def (rid, rid_s, tablename_s, rid_d, tablename_d) FROM stdin;
\.


--
-- Data for Name: dic_class_instance_2_properties; Type: TABLE DATA; Schema: public; Owner: postgres
--

COPY dic_class_instance_2_properties (rid, rid_s, tablename_s, rid_d, tablename_d) FROM stdin;
\.


--
-- Data for Name: dic_class_instance_e; Type: TABLE DATA; Schema: public; Owner: postgres
--

COPY dic_class_instance_e (rid, class_def, properties, case_of) FROM stdin;
\.


--
-- Data for Name: dic_component_instance_e; Type: TABLE DATA; Schema: public; Owner: postgres
--

COPY dic_component_instance_e (rid, class_def, properties, case_of) FROM stdin;
\.


--
-- Data for Name: dic_f_model_instance_e; Type: TABLE DATA; Schema: public; Owner: postgres
--

COPY dic_f_model_instance_e (rid, class_def, properties, case_of) FROM stdin;
\.


--
-- Data for Name: dic_f_view_instance_2_generated_by; Type: TABLE DATA; Schema: public; Owner: postgres
--

COPY dic_f_view_instance_2_generated_by (rid, rid_s, tablename_s, rid_d, tablename_d) FROM stdin;
\.


--
-- Data for Name: dic_f_view_instance_2_view_of; Type: TABLE DATA; Schema: public; Owner: postgres
--

COPY dic_f_view_instance_2_view_of (rid, rid_s, tablename_s, rid_d, tablename_d) FROM stdin;
\.


--
-- Data for Name: dic_f_view_instance_e; Type: TABLE DATA; Schema: public; Owner: postgres
--

COPY dic_f_view_instance_e (rid, class_def, properties, case_of, name, items, context_of_items, generated_by, view_of) FROM stdin;
\.


--
-- Data for Name: dic_feature_instance_e; Type: TABLE DATA; Schema: public; Owner: postgres
--

COPY dic_feature_instance_e (rid, class_def, properties, case_of) FROM stdin;
\.


--
-- Data for Name: dic_item_instance_e; Type: TABLE DATA; Schema: public; Owner: postgres
--

COPY dic_item_instance_e (rid, class_def, properties, case_of) FROM stdin;
\.


--
-- Data for Name: dic_material_instance_e; Type: TABLE DATA; Schema: public; Owner: postgres
--

COPY dic_material_instance_e (rid, class_def, properties, case_of) FROM stdin;
\.


--
-- Data for Name: dic_unit_2_string_representation; Type: TABLE DATA; Schema: public; Owner: postgres
--

COPY dic_unit_2_string_representation (rid, rid_s, tablename_s, rid_d, tablename_d) FROM stdin;
5262	1165	DIC_UNIT_E	1329	MATHEMATICAL_STRING_E
5293	1156	DIC_UNIT_E	1367	MATHEMATICAL_STRING_E
5294	1195	DIC_UNIT_E	1372	MATHEMATICAL_STRING_E
5295	1135	DIC_UNIT_E	1375	MATHEMATICAL_STRING_E
5513	1515	DIC_UNIT_E	1516	MATHEMATICAL_STRING_E
\.


--
-- Data for Name: dic_unit_2_structured_representation; Type: TABLE DATA; Schema: public; Owner: postgres
--

COPY dic_unit_2_structured_representation (rid, rid_s, tablename_s, rid_d, tablename_d) FROM stdin;
46	1120	DIC_UNIT_E	1121	SI_UNIT_E
58	1135	DIC_UNIT_E	1134	SI_UNIT_E
79	1156	DIC_UNIT_E	1154	SI_UNIT_E
85	1165	DIC_UNIT_E	1164	SI_UNIT_E
93	1173	DIC_UNIT_E	1172	SI_UNIT_E
108	1190	DIC_UNIT_E	1189	SI_UNIT_E
115	1195	DIC_UNIT_E	1194	SI_UNIT_E
\.


--
-- Data for Name: dic_unit_e; Type: TABLE DATA; Schema: public; Owner: postgres
--

COPY dic_unit_e (rid, structured_representation, string_representation) FROM stdin;
1120	46	\N
1173	93	\N
1190	108	\N
1165	85	5262
1156	79	5293
1195	115	5294
1135	58	5295
1515	\N	5513
\.


--
-- Data for Name: dic_value_2_meaning; Type: TABLE DATA; Schema: public; Owner: postgres
--

COPY dic_value_2_meaning (rid, rid_s, tablename_s, rid_d, tablename_d) FROM stdin;
\.


--
-- Data for Name: dic_value_2_source_doc_of_value; Type: TABLE DATA; Schema: public; Owner: postgres
--

COPY dic_value_2_source_doc_of_value (rid, rid_s, tablename_s, rid_d, tablename_d) FROM stdin;
\.


--
-- Data for Name: dic_value_2_value_code; Type: TABLE DATA; Schema: public; Owner: postgres
--

COPY dic_value_2_value_code (rid, rid_s, tablename_s, rid_d, tablename_d) FROM stdin;
\.


--
-- Data for Name: dic_value_e; Type: TABLE DATA; Schema: public; Owner: postgres
--

COPY dic_value_e (rid, value_code, meaning, source_doc_of_value) FROM stdin;
\.


--
-- Data for Name: dictionary_2_a_posteriori_semantic_relationships; Type: TABLE DATA; Schema: public; Owner: postgres
--

COPY dictionary_2_a_posteriori_semantic_relationships (rid, rid_s, tablename_s, rid_d, tablename_d) FROM stdin;
\.


--
-- Data for Name: dictionary_2_base_protocols; Type: TABLE DATA; Schema: public; Owner: postgres
--

COPY dictionary_2_base_protocols (rid, rid_s, tablename_s, rid_d, tablename_d) FROM stdin;
\.


--
-- Data for Name: dictionary_2_contained_classes; Type: TABLE DATA; Schema: public; Owner: postgres
--

COPY dictionary_2_contained_classes (rid, rid_s, tablename_s, rid_d, tablename_d) FROM stdin;
5380	1441	DICTIONARY_E	1018	CLASS_BSU_E
5381	1441	DICTIONARY_E	1020	CLASS_BSU_E
5382	1441	DICTIONARY_E	1019	CLASS_BSU_E
5383	1441	DICTIONARY_E	1039	CLASS_BSU_E
5384	1441	DICTIONARY_E	1024	CLASS_BSU_E
5385	1441	DICTIONARY_E	1026	CLASS_BSU_E
5386	1441	DICTIONARY_E	1025	CLASS_BSU_E
5387	1441	DICTIONARY_E	1028	CLASS_BSU_E
5388	1441	DICTIONARY_E	1041	CLASS_BSU_E
5389	1441	DICTIONARY_E	1033	CLASS_BSU_E
5390	1441	DICTIONARY_E	1023	CLASS_BSU_E
5391	1441	DICTIONARY_E	1031	CLASS_BSU_E
5392	1441	DICTIONARY_E	1034	CLASS_BSU_E
5393	1441	DICTIONARY_E	1037	CLASS_BSU_E
5394	1441	DICTIONARY_E	1035	CLASS_BSU_E
5395	1441	DICTIONARY_E	1036	CLASS_BSU_E
5396	1441	DICTIONARY_E	1027	CLASS_BSU_E
5397	1441	DICTIONARY_E	1030	CLASS_BSU_E
5398	1441	DICTIONARY_E	1045	CLASS_BSU_E
5399	1441	DICTIONARY_E	1043	CLASS_BSU_E
5400	1441	DICTIONARY_E	1044	CLASS_BSU_E
5401	1441	DICTIONARY_E	1032	CLASS_BSU_E
5402	1441	DICTIONARY_E	1022	CLASS_BSU_E
5403	1441	DICTIONARY_E	1046	CLASS_BSU_E
5404	1441	DICTIONARY_E	1038	CLASS_BSU_E
5405	1441	DICTIONARY_E	1042	CLASS_BSU_E
5406	1441	DICTIONARY_E	1308	CLASS_BSU_E
5407	1441	DICTIONARY_E	1052	CLASS_BSU_E
5408	1441	DICTIONARY_E	1047	CLASS_BSU_E
5409	1441	DICTIONARY_E	1051	CLASS_BSU_E
5410	1441	DICTIONARY_E	1021	CLASS_BSU_E
5411	1441	DICTIONARY_E	1017	CLASS_BSU_E
5766	1441	DICTIONARY_E	1703	CLASS_BSU_E
\.


--
-- Data for Name: dictionary_2_identified_by; Type: TABLE DATA; Schema: public; Owner: postgres
--

COPY dictionary_2_identified_by (rid, rid_s, tablename_s, rid_d, tablename_d) FROM stdin;
\.


--
-- Data for Name: dictionary_2_library_structure; Type: TABLE DATA; Schema: public; Owner: postgres
--

COPY dictionary_2_library_structure (rid, rid_s, tablename_s, rid_d, tablename_d) FROM stdin;
5376	1441	LIBRARY_E	1442	LIBRARY_IIM_IDENTIFICATION_E
\.


--
-- Data for Name: dictionary_2_names; Type: TABLE DATA; Schema: public; Owner: postgres
--

COPY dictionary_2_names (rid, rid_s, tablename_s, rid_d, tablename_d) FROM stdin;
5377	1441	LIBRARY_E	1443	ITEM_NAMES_E
\.


--
-- Data for Name: dictionary_2_note; Type: TABLE DATA; Schema: public; Owner: postgres
--

COPY dictionary_2_note (rid, rid_s, tablename_s, rid_d, tablename_d) FROM stdin;
\.


--
-- Data for Name: dictionary_2_referenced_dictionaries; Type: TABLE DATA; Schema: public; Owner: postgres
--

COPY dictionary_2_referenced_dictionaries (rid, rid_s, tablename_s, rid_d, tablename_d) FROM stdin;
\.


--
-- Data for Name: dictionary_2_referred_suppliers; Type: TABLE DATA; Schema: public; Owner: postgres
--

COPY dictionary_2_referred_suppliers (rid, rid_s, tablename_s, rid_d, tablename_d) FROM stdin;
5378	1441	DICTIONARY_E	1016	SUPPLIER_BSU_E
\.


--
-- Data for Name: dictionary_2_remark; Type: TABLE DATA; Schema: public; Owner: postgres
--

COPY dictionary_2_remark (rid, rid_s, tablename_s, rid_d, tablename_d) FROM stdin;
\.


--
-- Data for Name: dictionary_2_responsible_supplier; Type: TABLE DATA; Schema: public; Owner: postgres
--

COPY dictionary_2_responsible_supplier (rid, rid_s, tablename_s, rid_d, tablename_d) FROM stdin;
5379	1441	LIBRARY_E	1016	SUPPLIER_BSU_E
\.


--
-- Data for Name: dictionary_2_supported_vep; Type: TABLE DATA; Schema: public; Owner: postgres
--

COPY dictionary_2_supported_vep (rid, rid_s, tablename_s, rid_d, tablename_d) FROM stdin;
\.


--
-- Data for Name: dictionary_2_updates; Type: TABLE DATA; Schema: public; Owner: postgres
--

COPY dictionary_2_updates (rid, rid_s, tablename_s, rid_d, tablename_d) FROM stdin;
\.


--
-- Data for Name: dictionary_code_type_t; Type: TABLE DATA; Schema: public; Owner: postgres
--

COPY dictionary_code_type_t (rid, value) FROM stdin;
\.


--
-- Data for Name: dictionary_e; Type: TABLE DATA; Schema: public; Owner: postgres
--

COPY dictionary_e (rid, identified_by, is_complete, updates, update_agreement, referenced_dictionaries, responsible_supplier, library_structure, base_protocols, supported_vep, referred_suppliers, contained_classes, a_posteriori_semantic_relationships, names, note, remark) FROM stdin;
\.


--
-- Data for Name: dictionary_element_2_identified_by; Type: TABLE DATA; Schema: public; Owner: postgres
--

COPY dictionary_element_2_identified_by (rid, rid_s, tablename_s, rid_d, tablename_d) FROM stdin;
5231	1304	COMPONENT_CLASS_E	1305	CLASS_BSU_E
5238	1307	COMPONENT_CLASS_E	1308	CLASS_BSU_E
5245	1315	COMPONENT_CLASS_E	1316	CLASS_BSU_E
5252	1320	NON_DEPENDENT_P_DET_E	1321	PROPERTY_BSU_E
5263	1348	DOCUMENT_ELEMENT_E	1347	DOCUMENT_BSU_E
5279	1359	DOCUMENT_ELEMENT_E	1358	DOCUMENT_BSU_E
5296	1386	DOCUMENT_ELEMENT_E	1385	DOCUMENT_BSU_E
5312	1397	DOCUMENT_ELEMENT_E	1396	DOCUMENT_BSU_E
5327	1408	DOCUMENT_ELEMENT_E	1407	DOCUMENT_BSU_E
5341	1418	DOCUMENT_ELEMENT_E	1417	DOCUMENT_BSU_E
5356	1429	DOCUMENT_ELEMENT_E	1428	DOCUMENT_BSU_E
5415	1445	COMPONENT_CLASS_E	1446	CLASS_BSU_E
5421	1450	DOCUMENT_ELEMENT_E	1449	DOCUMENT_BSU_E
5437	1461	NON_DEPENDENT_P_DET_E	1462	PROPERTY_BSU_E
5445	1467	NON_DEPENDENT_P_DET_E	1468	PROPERTY_BSU_E
5454	1474	NON_DEPENDENT_P_DET_E	1475	PROPERTY_BSU_E
5461	1480	DOCUMENT_ELEMENT_E	1479	DOCUMENT_BSU_E
5478	1490	NON_DEPENDENT_P_DET_E	1491	PROPERTY_BSU_E
5485	1496	DOCUMENT_ELEMENT_E	1495	DOCUMENT_BSU_E
5503	1507	NON_DEPENDENT_P_DET_E	1508	PROPERTY_BSU_E
5515	1529	NON_DEPENDENT_P_DET_E	1530	PROPERTY_BSU_E
5522	1535	DOCUMENT_ELEMENT_E	1534	DOCUMENT_BSU_E
5541	1547	NON_DEPENDENT_P_DET_E	1548	PROPERTY_BSU_E
5551	1554	NON_DEPENDENT_P_DET_E	1555	PROPERTY_BSU_E
5560	1561	NON_DEPENDENT_P_DET_E	1562	PROPERTY_BSU_E
5569	1565	COMPONENT_CLASS_E	1566	CLASS_BSU_E
5576	1570	DOCUMENT_ELEMENT_E	1569	DOCUMENT_BSU_E
5592	1581	NON_DEPENDENT_P_DET_E	1582	PROPERTY_BSU_E
5601	1587	NON_DEPENDENT_P_DET_E	1588	PROPERTY_BSU_E
5610	1593	COMPONENT_CLASS_E	1594	CLASS_BSU_E
\.


--
-- Data for Name: dictionary_element_2_time_stamps; Type: TABLE DATA; Schema: public; Owner: postgres
--

COPY dictionary_element_2_time_stamps (rid, rid_s, tablename_s, rid_d, tablename_d) FROM stdin;
3528	1089	SUPPLIER_ELEMENT_E	1087	DATES_E
5267	1348	DOCUMENT_ELEMENT_E	1352	DATES_E
5283	1359	DOCUMENT_ELEMENT_E	1363	DATES_E
5300	1386	DOCUMENT_ELEMENT_E	1390	DATES_E
5316	1397	DOCUMENT_ELEMENT_E	1401	DATES_E
5331	1408	DOCUMENT_ELEMENT_E	1412	DATES_E
5345	1418	DOCUMENT_ELEMENT_E	1422	DATES_E
5360	1429	DOCUMENT_ELEMENT_E	1433	DATES_E
5425	1450	DOCUMENT_ELEMENT_E	1454	DATES_E
5465	1480	DOCUMENT_ELEMENT_E	1484	DATES_E
5489	1496	DOCUMENT_ELEMENT_E	1500	DATES_E
5526	1535	DOCUMENT_ELEMENT_E	1539	DATES_E
5580	1570	DOCUMENT_ELEMENT_E	1574	DATES_E
5636	1607	COMPONENT_CLASS_E	1610	DATES_E
5841	1763	DOCUMENT_ELEMENT_E	1774	DATES_E
5858	1777	DOCUMENT_ELEMENT_E	1787	DATES_E
\.


--
-- Data for Name: dictionary_element_e; Type: TABLE DATA; Schema: public; Owner: postgres
--

COPY dictionary_element_e (rid, identified_by, time_stamps, revision, rid_bsu, tablename_bsu) FROM stdin;
\.


--
-- Data for Name: dictionary_external_item_e; Type: TABLE DATA; Schema: public; Owner: postgres
--

COPY dictionary_external_item_e (rid, dictionary_definition, rid_bsu, tablename_bsu, used_protocol, content, revision) FROM stdin;
\.


--
-- Data for Name: dictionary_identification_2_defined_by; Type: TABLE DATA; Schema: public; Owner: postgres
--

COPY dictionary_identification_2_defined_by (rid, rid_s, tablename_s, rid_d, tablename_d) FROM stdin;
\.


--
-- Data for Name: dictionary_identification_e; Type: TABLE DATA; Schema: public; Owner: postgres
--

COPY dictionary_identification_e (rid, code, version, revision, defined_by, is_version_current) FROM stdin;
\.


--
-- Data for Name: dictionary_in_standard_format_e; Type: TABLE DATA; Schema: public; Owner: postgres
--

COPY dictionary_in_standard_format_e (rid, identified_by, is_complete, updates, update_agreement, referenced_dictionaries, responsible_supplier, library_structure, base_protocols, supported_vep, referred_suppliers, contained_classes, a_posteriori_semantic_relationships, names, note, remark) FROM stdin;
\.


--
-- Data for Name: dimension_count_t; Type: TABLE DATA; Schema: public; Owner: postgres
--

COPY dimension_count_t (rid, value) FROM stdin;
\.


--
-- Data for Name: dimensional_exponents_e; Type: TABLE DATA; Schema: public; Owner: postgres
--

COPY dimensional_exponents_e (rid, length_exponent, mass_exponent, time_exponent, electric_current_exponent, thermodynamic_temperature_exponent, amount_of_substance_exponent, luminous_intensity_exponent) FROM stdin;
1332	\N	\N	\N	\N	\N	\N	\N
1333	\N	\N	\N	\N	\N	\N	\N
1336	\N	\N	\N	\N	\N	\N	\N
1337	\N	\N	\N	\N	\N	\N	\N
1340	\N	\N	\N	\N	\N	\N	\N
1341	\N	\N	\N	\N	\N	\N	\N
1344	\N	\N	\N	\N	\N	\N	\N
1345	\N	\N	\N	\N	\N	\N	\N
1370	\N	\N	\N	\N	\N	\N	\N
1371	\N	\N	\N	\N	\N	\N	\N
1378	\N	\N	\N	\N	\N	\N	\N
1379	\N	\N	\N	\N	\N	\N	\N
1382	\N	\N	\N	\N	\N	\N	\N
1383	\N	\N	\N	\N	\N	\N	\N
\.


--
-- Data for Name: direction_e; Type: TABLE DATA; Schema: public; Owner: postgres
--

COPY direction_e (rid, name, direction_ratios) FROM stdin;
\.


--
-- Data for Name: document_bsu_2_name_scope; Type: TABLE DATA; Schema: public; Owner: postgres
--

COPY document_bsu_2_name_scope (rid, rid_s, tablename_s, rid_d, tablename_d) FROM stdin;
5264	1347	DOCUMENT_BSU_E	1051	CLASS_BSU_E
5280	1358	DOCUMENT_BSU_E	1051	CLASS_BSU_E
5297	1385	DOCUMENT_BSU_E	1021	CLASS_BSU_E
5313	1396	DOCUMENT_BSU_E	1038	CLASS_BSU_E
5328	1407	DOCUMENT_BSU_E	1038	CLASS_BSU_E
5342	1417	DOCUMENT_BSU_E	1044	CLASS_BSU_E
5357	1428	DOCUMENT_BSU_E	1044	CLASS_BSU_E
5422	1449	DOCUMENT_BSU_E	1446	CLASS_BSU_E
5462	1479	DOCUMENT_BSU_E	1446	CLASS_BSU_E
5486	1495	DOCUMENT_BSU_E	1047	CLASS_BSU_E
5523	1534	DOCUMENT_BSU_E	1022	CLASS_BSU_E
5577	1569	DOCUMENT_BSU_E	1566	CLASS_BSU_E
5836	1766	DOCUMENT_BSU_E	1703	CLASS_BSU_E
5854	1780	DOCUMENT_BSU_E	1703	CLASS_BSU_E
\.


--
-- Data for Name: document_bsu_e; Type: TABLE DATA; Schema: public; Owner: postgres
--

COPY document_bsu_e (rid, code, version, is_version_current, name_scope, rid_class, tablename_class) FROM stdin;
1347	\N	\N	t	5264	1051	CLASS_BSU_E
1358	\N	\N	t	5280	1051	CLASS_BSU_E
1385	\N	\N	t	5297	1021	CLASS_BSU_E
1396	\N	\N	t	5313	1038	CLASS_BSU_E
1407	\N	\N	t	5328	1038	CLASS_BSU_E
1417	\N	\N	t	5342	1044	CLASS_BSU_E
1428	\N	\N	t	5357	1044	CLASS_BSU_E
1449	\N	\N	t	5422	1446	CLASS_BSU_E
1479	\N	\N	t	5462	1446	CLASS_BSU_E
1495	\N	\N	t	5486	1047	CLASS_BSU_E
1534	\N	\N	t	5523	1022	CLASS_BSU_E
1569	\N	\N	t	5577	1566	CLASS_BSU_E
1766	71FCB9C0737AD	001	t	5836	1703	CLASS_BSU_E
1780	71FCB9C075AC6	001	t	5854	1703	CLASS_BSU_E
\.


--
-- Data for Name: document_code_type_t; Type: TABLE DATA; Schema: public; Owner: postgres
--

COPY document_code_type_t (rid, value) FROM stdin;
\.


--
-- Data for Name: document_content_2_dictionary_definition; Type: TABLE DATA; Schema: public; Owner: postgres
--

COPY document_content_2_dictionary_definition (rid, rid_s, tablename_s, rid_d, tablename_d) FROM stdin;
5266	1349	DOCUMENT_CONTENT_E	1347	DOCUMENT_BSU_E
5282	1360	DOCUMENT_CONTENT_E	1358	DOCUMENT_BSU_E
5299	1387	DOCUMENT_CONTENT_E	1385	DOCUMENT_BSU_E
5315	1398	DOCUMENT_CONTENT_E	1396	DOCUMENT_BSU_E
5330	1409	DOCUMENT_CONTENT_E	1407	DOCUMENT_BSU_E
5344	1419	DOCUMENT_CONTENT_E	1417	DOCUMENT_BSU_E
5359	1430	DOCUMENT_CONTENT_E	1428	DOCUMENT_BSU_E
5424	1451	DOCUMENT_CONTENT_E	1449	DOCUMENT_BSU_E
5464	1481	DOCUMENT_CONTENT_E	1479	DOCUMENT_BSU_E
5488	1497	DOCUMENT_CONTENT_E	1495	DOCUMENT_BSU_E
5525	1536	DOCUMENT_CONTENT_E	1534	DOCUMENT_BSU_E
5579	1571	DOCUMENT_CONTENT_E	1569	DOCUMENT_BSU_E
5840	1768	DOCUMENT_CONTENT_E	1766	DOCUMENT_BSU_E
5857	1782	DOCUMENT_CONTENT_E	1780	DOCUMENT_BSU_E
\.


--
-- Data for Name: document_content_2_used_protocol; Type: TABLE DATA; Schema: public; Owner: postgres
--

COPY document_content_2_used_protocol (rid, rid_s, tablename_s, rid_d, tablename_d) FROM stdin;
5271	1349	DOCUMENT_CONTENT_E	1350	HTTP_PROTOCOL_E
5287	1360	DOCUMENT_CONTENT_E	1361	HTTP_PROTOCOL_E
5304	1387	DOCUMENT_CONTENT_E	1388	HTTP_PROTOCOL_E
5320	1398	DOCUMENT_CONTENT_E	1399	HTTP_PROTOCOL_E
5335	1409	DOCUMENT_CONTENT_E	1410	HTTP_PROTOCOL_E
5349	1419	DOCUMENT_CONTENT_E	1420	HTTP_PROTOCOL_E
5364	1430	DOCUMENT_CONTENT_E	1431	HTTP_PROTOCOL_E
5429	1451	DOCUMENT_CONTENT_E	1452	HTTP_PROTOCOL_E
5469	1481	DOCUMENT_CONTENT_E	1482	HTTP_PROTOCOL_E
5493	1497	DOCUMENT_CONTENT_E	1498	HTTP_PROTOCOL_E
5530	1536	DOCUMENT_CONTENT_E	1537	HTTP_PROTOCOL_E
5584	1571	DOCUMENT_CONTENT_E	1572	HTTP_PROTOCOL_E
5835	1768	DOCUMENT_CONTENT_E	1770	HTTP_PROTOCOL_E
5853	1782	DOCUMENT_CONTENT_E	1784	HTTP_PROTOCOL_E
\.


--
-- Data for Name: document_content_e; Type: TABLE DATA; Schema: public; Owner: postgres
--

COPY document_content_e (rid, dictionary_definition, rid_bsu, tablename_bsu, used_protocol, content, revision) FROM stdin;
1349	5266	1347	DOCUMENT_BSU_E	5271	5272	\N
1360	5282	1358	DOCUMENT_BSU_E	5287	5288	\N
1387	5299	1385	DOCUMENT_BSU_E	5304	5305	\N
1398	5315	1396	DOCUMENT_BSU_E	5320	5321	\N
1409	5330	1407	DOCUMENT_BSU_E	5335	5336	\N
1419	5344	1417	DOCUMENT_BSU_E	5349	5350	\N
1430	5359	1428	DOCUMENT_BSU_E	5364	5365	\N
1451	5424	1449	DOCUMENT_BSU_E	5429	5430	\N
1481	5464	1479	DOCUMENT_BSU_E	5469	5470	\N
1497	5488	1495	DOCUMENT_BSU_E	5493	5494	\N
1536	5525	1534	DOCUMENT_BSU_E	5530	5531	\N
1571	5579	1569	DOCUMENT_BSU_E	5584	5585	\N
1768	5840	1766	DOCUMENT_BSU_E	5835	5832	001
1782	5857	1780	DOCUMENT_BSU_E	5853	5850	001
\.


--
-- Data for Name: document_e; Type: TABLE DATA; Schema: public; Owner: postgres
--

COPY document_e (rid) FROM stdin;
\.


--
-- Data for Name: document_element_2_authors; Type: TABLE DATA; Schema: public; Owner: postgres
--

COPY document_element_2_authors (rid, rid_s, tablename_s, rid_d, tablename_d) FROM stdin;
\.


--
-- Data for Name: document_element_2_identified_by; Type: TABLE DATA; Schema: public; Owner: postgres
--

COPY document_element_2_identified_by (rid, rid_s, tablename_s, rid_d, tablename_d) FROM stdin;
5263	1348	DOCUMENT_ELEMENT_E	1347	DOCUMENT_BSU_E
5279	1359	DOCUMENT_ELEMENT_E	1358	DOCUMENT_BSU_E
5296	1386	DOCUMENT_ELEMENT_E	1385	DOCUMENT_BSU_E
5312	1397	DOCUMENT_ELEMENT_E	1396	DOCUMENT_BSU_E
5327	1408	DOCUMENT_ELEMENT_E	1407	DOCUMENT_BSU_E
5341	1418	DOCUMENT_ELEMENT_E	1417	DOCUMENT_BSU_E
5356	1429	DOCUMENT_ELEMENT_E	1428	DOCUMENT_BSU_E
5421	1450	DOCUMENT_ELEMENT_E	1449	DOCUMENT_BSU_E
5461	1480	DOCUMENT_ELEMENT_E	1479	DOCUMENT_BSU_E
5485	1496	DOCUMENT_ELEMENT_E	1495	DOCUMENT_BSU_E
5522	1535	DOCUMENT_ELEMENT_E	1534	DOCUMENT_BSU_E
5576	1570	DOCUMENT_ELEMENT_E	1569	DOCUMENT_BSU_E
5831	1763	DOCUMENT_ELEMENT_E	1766	DOCUMENT_BSU_E
5849	1777	DOCUMENT_ELEMENT_E	1780	DOCUMENT_BSU_E
\.


--
-- Data for Name: document_element_2_publishing_organisation; Type: TABLE DATA; Schema: public; Owner: postgres
--

COPY document_element_2_publishing_organisation (rid, rid_s, tablename_s, rid_d, tablename_d) FROM stdin;
5830	1763	DOCUMENT_ELEMENT_E	1765	ORGANIZATION_E
5848	1777	DOCUMENT_ELEMENT_E	1779	ORGANIZATION_E
\.


--
-- Data for Name: document_element_e; Type: TABLE DATA; Schema: public; Owner: postgres
--

COPY document_element_e (rid, identified_by, time_stamps, revision, rid_bsu, tablename_bsu, names, definition, note, remark, authors, publishing_organisation) FROM stdin;
1348	5263	5267	\N	1347	DOCUMENT_BSU_E	5268	\N	\N	\N	\N	\N
1359	5279	5283	\N	1358	DOCUMENT_BSU_E	5284	\N	\N	\N	\N	\N
1386	5296	5300	\N	1385	DOCUMENT_BSU_E	5301	\N	\N	\N	\N	\N
1397	5312	5316	\N	1396	DOCUMENT_BSU_E	5317	\N	\N	\N	\N	\N
1408	5327	5331	\N	1407	DOCUMENT_BSU_E	5332	\N	\N	\N	\N	\N
1418	5341	5345	\N	1417	DOCUMENT_BSU_E	5346	\N	\N	\N	\N	\N
1429	5356	5360	\N	1428	DOCUMENT_BSU_E	5361	\N	\N	\N	\N	\N
1450	5421	5425	\N	1449	DOCUMENT_BSU_E	5426	\N	\N	\N	\N	\N
1480	5461	5465	\N	1479	DOCUMENT_BSU_E	5466	\N	\N	\N	\N	\N
1496	5485	5489	\N	1495	DOCUMENT_BSU_E	5490	\N	\N	\N	\N	\N
1535	5522	5526	\N	1534	DOCUMENT_BSU_E	5527	\N	\N	\N	\N	\N
1570	5576	5580	\N	1569	DOCUMENT_BSU_E	5581	\N	\N	\N	\N	\N
1763	5831	5841	001	1766	DOCUMENT_BSU_E	5829	\N	\N	\N	\N	5830
1777	5849	5858	001	1780	DOCUMENT_BSU_E	5847	\N	\N	\N	\N	5848
\.


--
-- Data for Name: document_element_with_http_access_e; Type: TABLE DATA; Schema: public; Owner: postgres
--

COPY document_element_with_http_access_e (rid, identified_by, time_stamps, revision, rid_bsu, tablename_bsu, names, definition, note, remark, authors, publishing_organisation, remote_location) FROM stdin;
\.


--
-- Data for Name: document_element_with_translated_http_access_2_languages; Type: TABLE DATA; Schema: public; Owner: postgres
--

COPY document_element_with_translated_http_access_2_languages (rid, rid_s, tablename_s, rid_d, tablename_d) FROM stdin;
\.


--
-- Data for Name: document_element_with_translated_http_access_e; Type: TABLE DATA; Schema: public; Owner: postgres
--

COPY document_element_with_translated_http_access_e (rid, identified_by, time_stamps, revision, rid_bsu, tablename_bsu, names, definition, note, remark, authors, publishing_organisation, remote_locations, languages) FROM stdin;
\.


--
-- Data for Name: e1017; Type: TABLE DATA; Schema: public; Owner: postgres
--

COPY e1017 (rid, version_min, version_max, p1057, p1663, p1667, p1671, p1675, p1679, p1683, p1687, p1056, p1054, p1053, p1635, p1699, p1699_1695, p1691, p1695) FROM stdin;
125	1	\N	\N	\N	\N	\N	\N	\N	\N	\N	\N	\N	\N	\N	\N	\N	\N	\N
126	1	\N	\N	\N	\N	\N	\N	\N	\N	\N	\N	\N	\N	\N	\N	\N	\N	\N
127	1	\N	\N	\N	\N	\N	\N	\N	\N	\N	\N	\N	\N	\N	\N	\N	\N	\N
129	1	\N	\N	\N	\N	\N	\N	\N	\N	\N	dfgdf	fd	dfgdf	g	fgdf	\N	dfg	gf
128	1	\N	\N	\N	\N	\N	\N	\N	\N	\N	gdfgdf	gdfg	gdf	dfgdf	dfg	\N	dfg	fgfd
130	1	\N	\N	\N	\N	\N	\N	\N	\N	\N	dfg	dfgdf	g	gdfg	dfg	\N	dfdf	gdfgdf
131	1	\N	\N	\N	\N	\N	\N	\N	\N	\N	\N	\N	\N	\N	\N	\N	\N	\N
132	1	\N	\N	\N	\N	\N	\N	\N	\N	\N	\N	\N	\N	\N	\N	\N	\N	\N
\.


--
-- Data for Name: e1021; Type: TABLE DATA; Schema: public; Owner: postgres
--

COPY e1021 (rid, version_min, version_max, p1053, p1054, p1055, p1056, p1057, p1058, p1059, p1060, p1061, p1062, p1063, p1064, p1065_max, p1065_min, p1066, p1067_max, p1067_min, p1068, p1069, p1070, p1071, p1072, p1073_max, p1073_min, p1074_max, p1074_min, p1075_max, p1075_min) FROM stdin;
83	1	\N	\N	VIS K H RCL M6X100 L30 AC8 DACA OF		C12 0180	7903301278	1			6	0	4	30	6.7999999999999998	6	t	10	8.8800000000000008		8.8000000000000007	1.7	t	0.65000000000000002	0	0	5.5999999999999996	5.4500000000000002	18	17.57
84	1	\N	\N	VIS K H RCL M6X100 L25 AC8 DACA OF		C12 0180	7903301277	1			6	0	4	25	6.7999999999999998	6	t	10	8.8800000000000008		8.8000000000000007	1.7	t	0.65000000000000002	0	0	5.5999999999999996	5.4500000000000002	18	17.57
85	1	\N	\N	VIS K H RCL M6X100 L20 AC8 DACA OF		C12 0180	7903301276	1			6	0	4	20	6.7999999999999998	6	t	10	8.8800000000000008		8.8000000000000007	1.7	t	0.65000000000000002	0	0	5.5999999999999996	5.4500000000000002	18	17.57
\.


--
-- Data for Name: e1023; Type: TABLE DATA; Schema: public; Owner: postgres
--

COPY e1023 (rid, version_min, version_max, p1053, p1054, p1055, p1056, p1057, p1058, p1059, p1060, p1061, p1062, p1063, p1064, p1065_max, p1065_min, p1066, p1067_max, p1067_min, p1068, p1069, p1070, p1071, p1072, p1073_max, p1073_min, p1074_max, p1074_min, p1075_max, p1075_min) FROM stdin;
28	1	\N	\N	VIS K CHC RCN M6X100 L20 AC8 DACA CO		C13 0932	7903009332	1			6	3.3999999999999999	6	20	6.7999999999999998	6	t	10	9.3800000000000008		8.8000000000000007	1.3999999999999999	t	0.55000000000000004	0	0	5.5999999999999996	5.4500000000000002	12	11.57
\.


--
-- Data for Name: e1024; Type: TABLE DATA; Schema: public; Owner: postgres
--

COPY e1024 (rid, version_min, version_max, p1053, p1054, p1055, p1056, p1057, p1058, p1061, p1062, p1063, p1064, p1065_max, p1065_min, p1067_max, p1067_min, p1068, p1069) FROM stdin;
123	1	\N		VIS KM RLX M8X125 L20 AC10 DACA CC		96 362 867 80	96 362 867 80	1.25	8	5	5	20	9.1999999999999993	8	22.050000000000001	21.699999999999999		10.9
\.


--
-- Data for Name: e1025; Type: TABLE DATA; Schema: public; Owner: postgres
--

COPY e1025 (rid, version_min, version_max, p1053, p1054, p1055, p1056, p1057, p1058, p1061, p1062, p1063, p1064, p1065_max, p1065_min, p1067_max, p1067_min, p1068, p1069) FROM stdin;
34	1	\N		VIS KM CZX M8X125 L25 AC8 Z5FJR CY		96 321 143 80	96 321 143 80	1.25	8	7.0999999999999996	6.7000000000000002	25	9.1999999999999993	8	13	12.73		8.8000000000000007
\.


--
-- Data for Name: e1026; Type: TABLE DATA; Schema: public; Owner: postgres
--

COPY e1026 (rid, version_min, version_max, p1053, p1054, p1055, p1056, p1057, p1058, p1059, p1060, p1061, p1062, p1063, p1064, p1065_max, p1065_min, p1066, p1067_max, p1067_min, p1068, p1069, p1070, p1071, p1072, p1073_max, p1073_min, p1074_max, p1074_min, p1075_max, p1075_min) FROM stdin;
29	1	\N	\N	VIS K CX RCN M10X150 L60 AC10 DACA CY		96 329 218 80	96 329 221 80	1.5			10	8.75	8	60	11.199999999999999	10	t	15.73	15.33		10.9	2.2000000000000002	t	0.80000000000000004	0	0	9.5	9.25	20	19.48
30	1	\N	\N	VIS K CX RCN M10X150 L90 AC10 DACA CY		96 386 601 80	96 386 601 80	1.5			10	8.75	8	90	11.199999999999999	10	t	15.73	15.33		10.9	2.2000000000000002	t	0.80000000000000004	0	0	9.5	9.25	20	19.48
31	1	\N	\N	VIS K CX RCN M10X150 L80 AC10 DACA CY		96 398 591 80	96 398 591 80	1.5			10	8.75	8	80	11.199999999999999	10	t	15.73	15.33		10.9	2.2000000000000002	t	0.80000000000000004	0	0	9.5	9.25	20	19.48
32	1	\N	\N	VIS K CX RCN M10X150 L45 AC10 DACA CY		96 329 218 80	96 329 218 80	1.5			10	8.75	8	45	11.199999999999999	10	t	15.73	15.33		10.9	2.2000000000000002	t	0.80000000000000004	0	0	9.5	9.25	20	19.48
33	1	\N	\N	VIS K CX RCN M10X150 L35 AC10 DACA CY		96 442 177 80	96 442 177 80	1.5			10	8.75	8	35	11.199999999999999	10	t	15.73	15.33		10.9	2.2000000000000002	t	0.80000000000000004	0	0	9.5	9.25	20	19.48
\.


--
-- Data for Name: e1027; Type: TABLE DATA; Schema: public; Owner: postgres
--

COPY e1027 (rid, version_min, version_max, p1053, p1054, p1055, p1056, p1057, p1058, p1061, p1062, p1063, p1064, p1065_max, p1065_min, p1067_max, p1067_min, p1068, p1069) FROM stdin;
35	1	\N	FALSE	VIS K FX M6X100 L14 AC8 Z5FJR CO		96 268 907 80	96 268 907 80	1	6	4	3.2999999999999998	14	0	0	0	0		8.8000000000000007
36	1	\N	FALSE	VIS K FX M6X100 L12 AC8 Z10FJR CO	6e	92 521 674 80	96 148 798 80	1	6	3.3999999999999999	3.2999999999999998	12	0	0	0	0		8.8000000000000007
37	1	\N	FALSE	VIS K FX M6X100 L20 AC8 Z10FJR CO	6e	92 521 674 80	92 521 674 80	1	6	3.3999999999999999	3.2999999999999998	20	0	0	0	0		8.8000000000000007
238	1	\N	\N	\N	\N	\N	\N	\N	\N	\N	\N	\N	\N	\N	\N	\N	\N	\N
239	1	\N	\N	\N	\N	\N	\N	\N	\N	\N	\N	\N	\N	\N	\N	\N	\N	\N
240	1	\N	\N	\N	\N	\N	\N	\N	\N	\N	\N	\N	\N	\N	\N	\N	\N	\N
241	1	\N	\N	\N	\N	\N	\N	\N	\N	\N	\N	\N	\N	\N	\N	\N	\N	\N
\.


--
-- Data for Name: e1028; Type: TABLE DATA; Schema: public; Owner: postgres
--

COPY e1028 (rid, version_min, version_max, p1053, p1054, p1055, p1056, p1057, p1058, p1059, p1060, p1061, p1062, p1063, p1064, p1065_max, p1065_min, p1066, p1067_max, p1067_min, p1068, p1069, p1070, p1071, p1072, p1073_max, p1073_min, p1074_max, p1074_min, p1075_max, p1075_min) FROM stdin;
10	1	\N	\N	VIS K CBX RCN NETT M8X125 L50 AC10 Z5DFNR		96 406 629 80	96 406 629 80	1.25			8	8.1500000000000004	5.5	50	9.1999999999999993	8	t	14	12.800000000000001		10.9	1.8999999999999999	t	0.69999999999999996	0	0	7.5499999999999998	7.3499999999999996	16	15.57
11	1	\N	\N	VIS K CBX RCN NETT M8X125 L40 AC10 CC		96 241 036 80	96 241 036 80	1.25			8	8.1500000000000004	5.5	40	9.1999999999999993	8	t	14	12.800000000000001		10.9	1.8999999999999999	t	0.69999999999999996	0	0	7.5499999999999998	7.3499999999999996	16	15.57
12	1	\N	\N	VIS K CBX RCN NETT M8X125 L30 AC10 CC		96 179 280 80	96 179 280 80	1.25			8	8.1500000000000004	5.5	30	9.1999999999999993	8	t	14	12.800000000000001		10.9	1.8999999999999999	t	0.69999999999999996	0	0	7.5499999999999998	7.3499999999999996	16	15.57
\.


--
-- Data for Name: e1029; Type: TABLE DATA; Schema: public; Owner: postgres
--

COPY e1029 (rid, version_min, version_max, p1053, p1054, p1055, p1056, p1057, p1058, p1061, p1062, p1063, p1064, p1065_max, p1065_min, p1067_max, p1067_min, p1068, p1069) FROM stdin;
8	1	\N	\N	VIS K CBX NETT M8X125 L60 AC10 Z5DFJR CC		C91 2522	7903025020	1.25	8	8.1500000000000004	5.5	60	9.1999999999999993	8	14	12.800000000000001		10.9
9	1	\N	\N	VIS K CBX NETT M8X125 L50 AC10 Z5DFJR CC		C91 2522	7903025019	1.25	8	8.1500000000000004	5.5	50	9.1999999999999993	8	14	12.800000000000001		10.9
\.


--
-- Data for Name: e1030; Type: TABLE DATA; Schema: public; Owner: postgres
--

COPY e1030 (rid, version_min, version_max, p1054, p1055, p1056, p1057, p1058, p1061, p1062, p1063, p1064, p1065_max, p1065_min, p1067_max, p1067_min, p1068, p1069) FROM stdin;
4	1	\N	VIS K CBX M8X125 L16 AC8 Z5FJR PL		C91 0712	7903007052	1.25	8	0	5.5	16	9.1999999999999993	8	14	12.800000000000001		8.8000000000000007
\.


--
-- Data for Name: e1031; Type: TABLE DATA; Schema: public; Owner: postgres
--

COPY e1031 (rid, version_min, version_max, p1053, p1054, p1055, p1056, p1057, p1058, p1061, p1062, p1063, p1064, p1065_max, p1065_min, p1067_max, p1067_min, p1068, p1069) FROM stdin;
115	1	\N		VIS K RLX NETT M6X100 L25 AC8 Z5FNR CY		96 370 064 80	96 370 064 80	1	6	5.5	4	25	6.7999999999999998	6	19.5	19		8.8000000000000007
116	1	\N		VIS K RLX NETT M6X100 L20 AC8 Z5FNR CY		96 203 896 80	96 203 896 80	1	6	5.5	4	20	6.7999999999999998	6	19.5	19		8.8000000000000007
117	1	\N		VIS K RLX NETT M6X100 L16 AC8 Z5FNR CY		96 290 337 80	96 290 337 80	1	6	5.5	3.7000000000000002	16	6.7999999999999998	6	13.5	12.300000000000001		8.8000000000000007
\.


--
-- Data for Name: e1032; Type: TABLE DATA; Schema: public; Owner: postgres
--

COPY e1032 (rid, version_min, version_max, p1053, p1054, p1055, p1056, p1057, p1058, p1061, p1062, p1063, p1064, p1065_max, p1065_min, p1067_max, p1067_min, p1068, p1069) FROM stdin;
118	1	\N		VIS K RLX M6X100 L16 AC8 Z5FNR CO		C13 0803	7903008211	1	6	3.3999999999999999	3.7000000000000002	16	6.7999999999999998	6	13.5	12.300000000000001		8.8000000000000007
119	1	\N		VIS K RLX M6X100 L12 AC8 Z5FJR CO		C13 0803	7903008235	1	6	3.3999999999999999	3.7000000000000002	12	6.7999999999999998	6	13.5	12.300000000000001		8.8000000000000007
\.


--
-- Data for Name: e1033; Type: TABLE DATA; Schema: public; Owner: postgres
--

COPY e1033 (rid, version_min, version_max, p1053, p1054, p1055, p1056, p1057, p1058, p1061, p1062, p1063, p1064, p1065_max, p1065_min, p1067_max, p1067_min, p1068, p1069) FROM stdin;
120	1	\N		VIS K RLX M6X100 L25 AC8 Z5FNR CY		C13 0806	7903008237	1	6	5.5	3.7000000000000002	25	6.7999999999999998	6	13.5	12.300000000000001		8.8000000000000007
121	1	\N		VIS K RLX M6X100 L16 AC8 Z5FNR CY		C13 0806	7903008222	1	6	5.5	3.7000000000000002	16	6.7999999999999998	6	13.5	12.300000000000001		8.8000000000000007
122	1	\N		VIS KV RLX M6X100 L35 AC8 ZNIN3L CY		C13 0806	7903008248	1	6	5.5	3.7000000000000002	35	6.7999999999999998	6	13.5	12.300000000000001		8.8000000000000007
\.


--
-- Data for Name: e1034; Type: TABLE DATA; Schema: public; Owner: postgres
--

COPY e1034 (rid, version_min, version_max, p1053, p1054, p1055, p1056, p1057, p1058, p1059, p1060, p1061, p1062, p1063, p1064, p1065_max, p1065_min, p1066, p1067_max, p1067_min, p1068, p1069, p1070, p1071, p1072, p1073_max, p1073_min, p1074_max, p1074_min, p1075_max, p1075_min) FROM stdin;
1	1	\N	\N	VIS K CBLX RCL M6X100 L16 AC4 DACA CO		C13 0622	7903006059	1	\N	\N	6	3.3999999999999999	4.5999999999999996	16	6.7999999999999998	6	t	12	10.800000000000001		4.7999999999999998	1.2	t	0.75	\N	\N	5	5.4500000000000002	18	17.57
139	1	\N	\N	\N	\N	norme1	numero 1	\N	\N	\N	\N	\N	\N	\N	\N	\N	\N	\N	\N	\N	\N	\N	\N	\N	\N	\N	\N	\N	\N	\N
140	1	\N	\N	\N	\N	norme2	numero 2	\N	\N	\N	\N	\N	\N	\N	\N	\N	\N	\N	\N	\N	\N	\N	\N	\N	\N	\N	\N	\N	\N	\N
141	1	\N	\N	\N	\N	norme3	numero 3	\N	\N	\N	\N	\N	\N	\N	\N	\N	\N	\N	\N	\N	\N	\N	\N	\N	\N	\N	\N	\N	\N	\N
142	1	\N	\N	\N	\N	norme4	numero 4	\N	\N	\N	\N	\N	\N	\N	\N	\N	\N	\N	\N	\N	\N	\N	\N	\N	\N	\N	\N	\N	\N	\N
143	1	\N	\N	\N	\N	norme5	numero 5	\N	\N	\N	\N	\N	\N	\N	\N	\N	\N	\N	\N	\N	\N	\N	\N	\N	\N	\N	\N	\N	\N	\N
144	1	\N	\N	\N	\N	norme6	numero 6	\N	\N	\N	\N	\N	\N	\N	\N	\N	\N	\N	\N	\N	\N	\N	\N	\N	\N	\N	\N	\N	\N	\N
145	1	\N	\N	\N	\N	norme7	numero 7	\N	\N	\N	\N	\N	\N	\N	\N	\N	\N	\N	\N	\N	\N	\N	\N	\N	\N	\N	\N	\N	\N	\N
146	1	\N	\N	\N	\N	norme8	numero 8	\N	\N	\N	\N	\N	\N	\N	\N	\N	\N	\N	\N	\N	\N	\N	\N	\N	\N	\N	\N	\N	\N	\N
147	1	\N	\N	\N	\N	norme9	numero 9	\N	\N	\N	\N	\N	\N	\N	\N	\N	\N	\N	\N	\N	\N	\N	\N	\N	\N	\N	\N	\N	\N	\N
148	1	\N	\N	\N	\N	norme10	numero 10	\N	\N	\N	\N	\N	\N	\N	\N	\N	\N	\N	\N	\N	\N	\N	\N	\N	\N	\N	\N	\N	\N	\N
149	1	\N	\N	\N	\N	norme11	numero 11	\N	\N	\N	\N	\N	\N	\N	\N	\N	\N	\N	\N	\N	\N	\N	\N	\N	\N	\N	\N	\N	\N	\N
150	1	\N	\N	\N	\N	norme12	numero 12	\N	\N	\N	\N	\N	\N	\N	\N	\N	\N	\N	\N	\N	\N	\N	\N	\N	\N	\N	\N	\N	\N	\N
151	1	\N	\N	\N	\N	norme13	numero 13	\N	\N	\N	\N	\N	\N	\N	\N	\N	\N	\N	\N	\N	\N	\N	\N	\N	\N	\N	\N	\N	\N	\N
152	1	\N	\N	\N	\N	norme14	numero 14	\N	\N	\N	\N	\N	\N	\N	\N	\N	\N	\N	\N	\N	\N	\N	\N	\N	\N	\N	\N	\N	\N	\N
153	1	\N	\N	\N	\N	norme15	numero 15	\N	\N	\N	\N	\N	\N	\N	\N	\N	\N	\N	\N	\N	\N	\N	\N	\N	\N	\N	\N	\N	\N	\N
154	1	\N	\N	\N	\N	norme16	numero 16	\N	\N	\N	\N	\N	\N	\N	\N	\N	\N	\N	\N	\N	\N	\N	\N	\N	\N	\N	\N	\N	\N	\N
155	1	\N	\N	\N	\N	norme17	numero 17	\N	\N	\N	\N	\N	\N	\N	\N	\N	\N	\N	\N	\N	\N	\N	\N	\N	\N	\N	\N	\N	\N	\N
156	1	\N	\N	\N	\N	norme18	numero 18	\N	\N	\N	\N	\N	\N	\N	\N	\N	\N	\N	\N	\N	\N	\N	\N	\N	\N	\N	\N	\N	\N	\N
157	1	\N	\N	\N	\N	norme19	numero 19	\N	\N	\N	\N	\N	\N	\N	\N	\N	\N	\N	\N	\N	\N	\N	\N	\N	\N	\N	\N	\N	\N	\N
158	1	\N	\N	\N	\N	norme20	numero 20	\N	\N	\N	\N	\N	\N	\N	\N	\N	\N	\N	\N	\N	\N	\N	\N	\N	\N	\N	\N	\N	\N	\N
159	1	\N	\N	\N	\N	norme21	numero 21	\N	\N	\N	\N	\N	\N	\N	\N	\N	\N	\N	\N	\N	\N	\N	\N	\N	\N	\N	\N	\N	\N	\N
160	1	\N	\N	\N	\N	norme22	numero 22	\N	\N	\N	\N	\N	\N	\N	\N	\N	\N	\N	\N	\N	\N	\N	\N	\N	\N	\N	\N	\N	\N	\N
161	1	\N	\N	\N	\N	norme23	numero 23	\N	\N	\N	\N	\N	\N	\N	\N	\N	\N	\N	\N	\N	\N	\N	\N	\N	\N	\N	\N	\N	\N	\N
162	1	\N	\N	\N	\N	norme24	numero 24	\N	\N	\N	\N	\N	\N	\N	\N	\N	\N	\N	\N	\N	\N	\N	\N	\N	\N	\N	\N	\N	\N	\N
163	1	\N	\N	\N	\N	norme25	numero 25	\N	\N	\N	\N	\N	\N	\N	\N	\N	\N	\N	\N	\N	\N	\N	\N	\N	\N	\N	\N	\N	\N	\N
164	1	\N	\N	\N	\N	norme26	numero 26	\N	\N	\N	\N	\N	\N	\N	\N	\N	\N	\N	\N	\N	\N	\N	\N	\N	\N	\N	\N	\N	\N	\N
165	1	\N	\N	\N	\N	norme27	numero 27	\N	\N	\N	\N	\N	\N	\N	\N	\N	\N	\N	\N	\N	\N	\N	\N	\N	\N	\N	\N	\N	\N	\N
166	1	\N	\N	\N	\N	norme28	numero 28	\N	\N	\N	\N	\N	\N	\N	\N	\N	\N	\N	\N	\N	\N	\N	\N	\N	\N	\N	\N	\N	\N	\N
167	1	\N	\N	\N	\N	norme29	numero 29	\N	\N	\N	\N	\N	\N	\N	\N	\N	\N	\N	\N	\N	\N	\N	\N	\N	\N	\N	\N	\N	\N	\N
168	1	\N	\N	\N	\N	norme30	numero 30	\N	\N	\N	\N	\N	\N	\N	\N	\N	\N	\N	\N	\N	\N	\N	\N	\N	\N	\N	\N	\N	\N	\N
169	1	\N	\N	\N	\N	norme31	numero 31	\N	\N	\N	\N	\N	\N	\N	\N	\N	\N	\N	\N	\N	\N	\N	\N	\N	\N	\N	\N	\N	\N	\N
170	1	\N	\N	\N	\N	norme32	numero 32	\N	\N	\N	\N	\N	\N	\N	\N	\N	\N	\N	\N	\N	\N	\N	\N	\N	\N	\N	\N	\N	\N	\N
171	1	\N	\N	\N	\N	norme33	numero 33	\N	\N	\N	\N	\N	\N	\N	\N	\N	\N	\N	\N	\N	\N	\N	\N	\N	\N	\N	\N	\N	\N	\N
172	1	\N	\N	\N	\N	norme34	numero 34	\N	\N	\N	\N	\N	\N	\N	\N	\N	\N	\N	\N	\N	\N	\N	\N	\N	\N	\N	\N	\N	\N	\N
173	1	\N	\N	\N	\N	norme35	numero 35	\N	\N	\N	\N	\N	\N	\N	\N	\N	\N	\N	\N	\N	\N	\N	\N	\N	\N	\N	\N	\N	\N	\N
174	1	\N	\N	\N	\N	norme36	numero 36	\N	\N	\N	\N	\N	\N	\N	\N	\N	\N	\N	\N	\N	\N	\N	\N	\N	\N	\N	\N	\N	\N	\N
175	1	\N	\N	\N	\N	norme37	numero 37	\N	\N	\N	\N	\N	\N	\N	\N	\N	\N	\N	\N	\N	\N	\N	\N	\N	\N	\N	\N	\N	\N	\N
176	1	\N	\N	\N	\N	norme38	numero 38	\N	\N	\N	\N	\N	\N	\N	\N	\N	\N	\N	\N	\N	\N	\N	\N	\N	\N	\N	\N	\N	\N	\N
177	1	\N	\N	\N	\N	norme39	numero 39	\N	\N	\N	\N	\N	\N	\N	\N	\N	\N	\N	\N	\N	\N	\N	\N	\N	\N	\N	\N	\N	\N	\N
178	1	\N	\N	\N	\N	norme40	numero 40	\N	\N	\N	\N	\N	\N	\N	\N	\N	\N	\N	\N	\N	\N	\N	\N	\N	\N	\N	\N	\N	\N	\N
179	1	\N	\N	\N	\N	norme41	numero 41	\N	\N	\N	\N	\N	\N	\N	\N	\N	\N	\N	\N	\N	\N	\N	\N	\N	\N	\N	\N	\N	\N	\N
180	1	\N	\N	\N	\N	norme42	numero 42	\N	\N	\N	\N	\N	\N	\N	\N	\N	\N	\N	\N	\N	\N	\N	\N	\N	\N	\N	\N	\N	\N	\N
181	1	\N	\N	\N	\N	norme43	numero 43	\N	\N	\N	\N	\N	\N	\N	\N	\N	\N	\N	\N	\N	\N	\N	\N	\N	\N	\N	\N	\N	\N	\N
182	1	\N	\N	\N	\N	norme44	numero 44	\N	\N	\N	\N	\N	\N	\N	\N	\N	\N	\N	\N	\N	\N	\N	\N	\N	\N	\N	\N	\N	\N	\N
183	1	\N	\N	\N	\N	norme45	numero 45	\N	\N	\N	\N	\N	\N	\N	\N	\N	\N	\N	\N	\N	\N	\N	\N	\N	\N	\N	\N	\N	\N	\N
184	1	\N	\N	\N	\N	norme46	numero 46	\N	\N	\N	\N	\N	\N	\N	\N	\N	\N	\N	\N	\N	\N	\N	\N	\N	\N	\N	\N	\N	\N	\N
185	1	\N	\N	\N	\N	norme47	numero 47	\N	\N	\N	\N	\N	\N	\N	\N	\N	\N	\N	\N	\N	\N	\N	\N	\N	\N	\N	\N	\N	\N	\N
186	1	\N	\N	\N	\N	norme48	numero 48	\N	\N	\N	\N	\N	\N	\N	\N	\N	\N	\N	\N	\N	\N	\N	\N	\N	\N	\N	\N	\N	\N	\N
187	1	\N	\N	\N	\N	norme49	numero 49	\N	\N	\N	\N	\N	\N	\N	\N	\N	\N	\N	\N	\N	\N	\N	\N	\N	\N	\N	\N	\N	\N	\N
188	1	\N	\N	\N	\N	norme50	numero 50	\N	\N	\N	\N	\N	\N	\N	\N	\N	\N	\N	\N	\N	\N	\N	\N	\N	\N	\N	\N	\N	\N	\N
189	1	\N	\N	\N	\N	norme51	numero 51	\N	\N	\N	\N	\N	\N	\N	\N	\N	\N	\N	\N	\N	\N	\N	\N	\N	\N	\N	\N	\N	\N	\N
190	1	\N	\N	\N	\N	norme52	numero 52	\N	\N	\N	\N	\N	\N	\N	\N	\N	\N	\N	\N	\N	\N	\N	\N	\N	\N	\N	\N	\N	\N	\N
191	1	\N	\N	\N	\N	norme53	numero 53	\N	\N	\N	\N	\N	\N	\N	\N	\N	\N	\N	\N	\N	\N	\N	\N	\N	\N	\N	\N	\N	\N	\N
192	1	\N	\N	\N	\N	norme54	numero 54	\N	\N	\N	\N	\N	\N	\N	\N	\N	\N	\N	\N	\N	\N	\N	\N	\N	\N	\N	\N	\N	\N	\N
193	1	\N	\N	\N	\N	norme55	numero 55	\N	\N	\N	\N	\N	\N	\N	\N	\N	\N	\N	\N	\N	\N	\N	\N	\N	\N	\N	\N	\N	\N	\N
194	1	\N	\N	\N	\N	norme56	numero 56	\N	\N	\N	\N	\N	\N	\N	\N	\N	\N	\N	\N	\N	\N	\N	\N	\N	\N	\N	\N	\N	\N	\N
195	1	\N	\N	\N	\N	norme57	numero 57	\N	\N	\N	\N	\N	\N	\N	\N	\N	\N	\N	\N	\N	\N	\N	\N	\N	\N	\N	\N	\N	\N	\N
196	1	\N	\N	\N	\N	norme58	numero 58	\N	\N	\N	\N	\N	\N	\N	\N	\N	\N	\N	\N	\N	\N	\N	\N	\N	\N	\N	\N	\N	\N	\N
197	1	\N	\N	\N	\N	norme59	numero 59	\N	\N	\N	\N	\N	\N	\N	\N	\N	\N	\N	\N	\N	\N	\N	\N	\N	\N	\N	\N	\N	\N	\N
198	1	\N	\N	\N	\N	norme60	numero 60	\N	\N	\N	\N	\N	\N	\N	\N	\N	\N	\N	\N	\N	\N	\N	\N	\N	\N	\N	\N	\N	\N	\N
199	1	\N	\N	\N	\N	norme61	numero 61	\N	\N	\N	\N	\N	\N	\N	\N	\N	\N	\N	\N	\N	\N	\N	\N	\N	\N	\N	\N	\N	\N	\N
200	1	\N	\N	\N	\N	norme62	numero 62	\N	\N	\N	\N	\N	\N	\N	\N	\N	\N	\N	\N	\N	\N	\N	\N	\N	\N	\N	\N	\N	\N	\N
201	1	\N	\N	\N	\N	norme63	numero 63	\N	\N	\N	\N	\N	\N	\N	\N	\N	\N	\N	\N	\N	\N	\N	\N	\N	\N	\N	\N	\N	\N	\N
202	1	\N	\N	\N	\N	norme64	numero 64	\N	\N	\N	\N	\N	\N	\N	\N	\N	\N	\N	\N	\N	\N	\N	\N	\N	\N	\N	\N	\N	\N	\N
203	1	\N	\N	\N	\N	norme65	numero 65	\N	\N	\N	\N	\N	\N	\N	\N	\N	\N	\N	\N	\N	\N	\N	\N	\N	\N	\N	\N	\N	\N	\N
204	1	\N	\N	\N	\N	norme66	numero 66	\N	\N	\N	\N	\N	\N	\N	\N	\N	\N	\N	\N	\N	\N	\N	\N	\N	\N	\N	\N	\N	\N	\N
205	1	\N	\N	\N	\N	norme67	numero 67	\N	\N	\N	\N	\N	\N	\N	\N	\N	\N	\N	\N	\N	\N	\N	\N	\N	\N	\N	\N	\N	\N	\N
206	1	\N	\N	\N	\N	norme68	numero 68	\N	\N	\N	\N	\N	\N	\N	\N	\N	\N	\N	\N	\N	\N	\N	\N	\N	\N	\N	\N	\N	\N	\N
207	1	\N	\N	\N	\N	norme69	numero 69	\N	\N	\N	\N	\N	\N	\N	\N	\N	\N	\N	\N	\N	\N	\N	\N	\N	\N	\N	\N	\N	\N	\N
208	1	\N	\N	\N	\N	norme70	numero 70	\N	\N	\N	\N	\N	\N	\N	\N	\N	\N	\N	\N	\N	\N	\N	\N	\N	\N	\N	\N	\N	\N	\N
209	1	\N	\N	\N	\N	norme71	numero 71	\N	\N	\N	\N	\N	\N	\N	\N	\N	\N	\N	\N	\N	\N	\N	\N	\N	\N	\N	\N	\N	\N	\N
210	1	\N	\N	\N	\N	norme72	numero 72	\N	\N	\N	\N	\N	\N	\N	\N	\N	\N	\N	\N	\N	\N	\N	\N	\N	\N	\N	\N	\N	\N	\N
211	1	\N	\N	\N	\N	norme73	numero 73	\N	\N	\N	\N	\N	\N	\N	\N	\N	\N	\N	\N	\N	\N	\N	\N	\N	\N	\N	\N	\N	\N	\N
212	1	\N	\N	\N	\N	norme74	numero 74	\N	\N	\N	\N	\N	\N	\N	\N	\N	\N	\N	\N	\N	\N	\N	\N	\N	\N	\N	\N	\N	\N	\N
213	1	\N	\N	\N	\N	norme75	numero 75	\N	\N	\N	\N	\N	\N	\N	\N	\N	\N	\N	\N	\N	\N	\N	\N	\N	\N	\N	\N	\N	\N	\N
214	1	\N	\N	\N	\N	norme76	numero 76	\N	\N	\N	\N	\N	\N	\N	\N	\N	\N	\N	\N	\N	\N	\N	\N	\N	\N	\N	\N	\N	\N	\N
215	1	\N	\N	\N	\N	norme77	numero 77	\N	\N	\N	\N	\N	\N	\N	\N	\N	\N	\N	\N	\N	\N	\N	\N	\N	\N	\N	\N	\N	\N	\N
216	1	\N	\N	\N	\N	norme78	numero 78	\N	\N	\N	\N	\N	\N	\N	\N	\N	\N	\N	\N	\N	\N	\N	\N	\N	\N	\N	\N	\N	\N	\N
217	1	\N	\N	\N	\N	norme79	numero 79	\N	\N	\N	\N	\N	\N	\N	\N	\N	\N	\N	\N	\N	\N	\N	\N	\N	\N	\N	\N	\N	\N	\N
218	1	\N	\N	\N	\N	norme80	numero 80	\N	\N	\N	\N	\N	\N	\N	\N	\N	\N	\N	\N	\N	\N	\N	\N	\N	\N	\N	\N	\N	\N	\N
219	1	\N	\N	\N	\N	norme81	numero 81	\N	\N	\N	\N	\N	\N	\N	\N	\N	\N	\N	\N	\N	\N	\N	\N	\N	\N	\N	\N	\N	\N	\N
220	1	\N	\N	\N	\N	norme82	numero 82	\N	\N	\N	\N	\N	\N	\N	\N	\N	\N	\N	\N	\N	\N	\N	\N	\N	\N	\N	\N	\N	\N	\N
221	1	\N	\N	\N	\N	norme83	numero 83	\N	\N	\N	\N	\N	\N	\N	\N	\N	\N	\N	\N	\N	\N	\N	\N	\N	\N	\N	\N	\N	\N	\N
222	1	\N	\N	\N	\N	norme84	numero 84	\N	\N	\N	\N	\N	\N	\N	\N	\N	\N	\N	\N	\N	\N	\N	\N	\N	\N	\N	\N	\N	\N	\N
223	1	\N	\N	\N	\N	norme85	numero 85	\N	\N	\N	\N	\N	\N	\N	\N	\N	\N	\N	\N	\N	\N	\N	\N	\N	\N	\N	\N	\N	\N	\N
224	1	\N	\N	\N	\N	norme86	numero 86	\N	\N	\N	\N	\N	\N	\N	\N	\N	\N	\N	\N	\N	\N	\N	\N	\N	\N	\N	\N	\N	\N	\N
225	1	\N	\N	\N	\N	norme87	numero 87	\N	\N	\N	\N	\N	\N	\N	\N	\N	\N	\N	\N	\N	\N	\N	\N	\N	\N	\N	\N	\N	\N	\N
226	1	\N	\N	\N	\N	norme88	numero 88	\N	\N	\N	\N	\N	\N	\N	\N	\N	\N	\N	\N	\N	\N	\N	\N	\N	\N	\N	\N	\N	\N	\N
227	1	\N	\N	\N	\N	norme89	numero 89	\N	\N	\N	\N	\N	\N	\N	\N	\N	\N	\N	\N	\N	\N	\N	\N	\N	\N	\N	\N	\N	\N	\N
228	1	\N	\N	\N	\N	norme90	numero 90	\N	\N	\N	\N	\N	\N	\N	\N	\N	\N	\N	\N	\N	\N	\N	\N	\N	\N	\N	\N	\N	\N	\N
229	1	\N	\N	\N	\N	norme91	numero 91	\N	\N	\N	\N	\N	\N	\N	\N	\N	\N	\N	\N	\N	\N	\N	\N	\N	\N	\N	\N	\N	\N	\N
230	1	\N	\N	\N	\N	norme92	numero 92	\N	\N	\N	\N	\N	\N	\N	\N	\N	\N	\N	\N	\N	\N	\N	\N	\N	\N	\N	\N	\N	\N	\N
231	1	\N	\N	\N	\N	norme93	numero 93	\N	\N	\N	\N	\N	\N	\N	\N	\N	\N	\N	\N	\N	\N	\N	\N	\N	\N	\N	\N	\N	\N	\N
232	1	\N	\N	\N	\N	norme94	numero 94	\N	\N	\N	\N	\N	\N	\N	\N	\N	\N	\N	\N	\N	\N	\N	\N	\N	\N	\N	\N	\N	\N	\N
233	1	\N	\N	\N	\N	norme95	numero 95	\N	\N	\N	\N	\N	\N	\N	\N	\N	\N	\N	\N	\N	\N	\N	\N	\N	\N	\N	\N	\N	\N	\N
234	1	\N	\N	\N	\N	norme96	numero 96	\N	\N	\N	\N	\N	\N	\N	\N	\N	\N	\N	\N	\N	\N	\N	\N	\N	\N	\N	\N	\N	\N	\N
235	1	\N	\N	\N	\N	norme97	numero 97	\N	\N	\N	\N	\N	\N	\N	\N	\N	\N	\N	\N	\N	\N	\N	\N	\N	\N	\N	\N	\N	\N	\N
236	1	\N	\N	\N	\N	norme98	numero 98	\N	\N	\N	\N	\N	\N	\N	\N	\N	\N	\N	\N	\N	\N	\N	\N	\N	\N	\N	\N	\N	\N	\N
237	1	\N	\N	\N	\N	norme99	numero 99	\N	\N	\N	\N	\N	\N	\N	\N	\N	\N	\N	\N	\N	\N	\N	\N	\N	\N	\N	\N	\N	\N	\N
\.


--
-- Data for Name: e1035; Type: TABLE DATA; Schema: public; Owner: postgres
--

COPY e1035 (rid, version_min, version_max, p1053, p1054, p1055, p1056, p1057, p1058, p1059, p1060, p1061, p1062, p1063, p1064, p1065_max, p1065_min, p1066, p1067_max, p1067_min, p1068, p1069, p1070, p1071, p1072, p1073_max, p1073_min, p1074_max, p1074_min, p1075_max, p1075_min) FROM stdin;
3	1	\N	\N	VIS K CBLX RCL M6X100 L16 AC4 DACA CO		C13 0622	7903006059	1			6	3.3999999999999999	4.5999999999999996	16	6.7999999999999998	6	t	12	10.800000000000001		4.7999999999999998	1.2	t	0.75	0	0	5.5999999999999996	5.4500000000000002	18	17.57
\.


--
-- Data for Name: e1036; Type: TABLE DATA; Schema: public; Owner: postgres
--

COPY e1036 (rid, version_min, version_max, p1053, p1054, p1055, p1056, p1057, p1058, p1059, p1060, p1061, p1062, p1063, p1064, p1065_max, p1065_min, p1066, p1067_max, p1067_min, p1068, p1069, p1070, p1071, p1072, p1073_max, p1073_min, p1074_max, p1074_min, p1075_max, p1075_min) FROM stdin;
2	1	\N	\N	VIS K CBLX RCN M8X125 L20 AC8 DACA CO		C13 0623	7903006096	1.25			8	4.7999999999999998	6	20	9.1999999999999993	8	t	16	14.5		8.8000000000000007	1.8999999999999999	t	0.69999999999999996	0	0	7.5499999999999998	7.3499999999999996	16	15.57
\.


--
-- Data for Name: e1038; Type: TABLE DATA; Schema: public; Owner: postgres
--

COPY e1038 (rid, version_min, version_max, p1053, p1054, p1055, p1056, p1057, p1058, p1059, p1060, p1061, p1062, p1063, p1064, p1065_max, p1065_min, p1066, p1067_max, p1067_min, p1068, p1069, p1070, p1071, p1072, p1073_max, p1073_min, p1074_max, p1074_min, p1075_max, p1075_min) FROM stdin;
5	1	\N	\N	VIS K CBLX RCL M6X100 L20 AC4 DACA CY		C13 0624	7903006088	1			6	5.5	4.5999999999999996	20	6.7999999999999998	6	t	12	10.800000000000001		4.7999999999999998	1.2	t	0.75	0	0	5.5999999999999996	5.4500000000000002	18	17.57
\.


--
-- Data for Name: e1039; Type: TABLE DATA; Schema: public; Owner: postgres
--

COPY e1039 (rid, version_min, version_max, p1053, p1054, p1055, p1056, p1057, p1058, p1059, p1060, p1061, p1062, p1063, p1064, p1065_max, p1065_min, p1066, p1067_max, p1067_min, p1068, p1069, p1070, p1071, p1072, p1073_max, p1073_min, p1074_max, p1074_min, p1075_max, p1075_min) FROM stdin;
124	1	\N	\N	VIS K XE EMB RCN M12X175 L90 AC10 DACB	6e	96 311 687 80	96 311 687 80	1.75			12	9.8000000000000007	11.5	90	13.699999999999999	12	t	24	23.800000000000001		10.9	2.7999999999999998	t	0.80000000000000004	0	0	11.5	11.199999999999999	24	23.48
\.


--
-- Data for Name: e1040; Type: TABLE DATA; Schema: public; Owner: postgres
--

COPY e1040 (rid, version_min, version_max, p1053, p1054, p1055, p1056, p1057, p1058, p1061, p1062, p1063, p1064, p1065_max, p1065_min, p1067_max, p1067_min, p1068, p1069) FROM stdin;
13	1	\N	FALSE	VIS K CHC M8X125 L30 AC8 Z5FJR CO		C91 0916	7903009236	1.25	8	4.7999999999999998	5	30	9.1999999999999993	8	13	12.33		8.8000000000000007
\.


--
-- Data for Name: e1041; Type: TABLE DATA; Schema: public; Owner: postgres
--

COPY e1041 (rid, version_min, version_max, p1053, p1054, p1055, p1056, p1057, p1058, p1061, p1062, p1063, p1064, p1065_max, p1065_min, p1067_max, p1067_min, p1068, p1069) FROM stdin;
14	1	\N		VIS K CHC M6X100 L30 AC8 Z5FJR PL		C13 0910	7903009114	1	6	0	6	30	6.7999999999999998	6	10	9.3800000000000008		8.8000000000000007
15	1	\N		VIS K CHC M6X100 L55 AC8 Z5FJR PL		C13 0910	7903009129	1	6	0	6	55	6.7999999999999998	6	10	9.3800000000000008		8.8000000000000007
16	1	\N		VIS K CHC M6X100 L20 AC8 Z5FJR PL		C13 0910	7903009125	1	6	0	6	20	6.7999999999999998	6	10	9.3800000000000008		8.8000000000000007
17	1	\N		VIS K CHC M10X150 L50 AC8 Z5FJR PL		C13 0910	7903009145	1.5	10	0	10	50	11.199999999999999	10	16	15.33		8.8000000000000007
18	1	\N		VIS K CHC M10X150 L60 AC8 Z5FJR PL		C91 0910	7903009248	1.5	10	0	10	60	11.199999999999999	10	16	15.33		8.8000000000000007
19	1	\N		VIS K CHC M10X150 L70 AC8 Z5FJR PL		C13 0910	7903009002	1.5	10	0	10	70	11.199999999999999	10	16	15.33		8.8000000000000007
20	1	\N		VIS K CHC M10X150 L40 AC8 Z5FJR PL		C13 0910	7903009144	1.5	10	0	10	40	11.199999999999999	10	16	15.33		8.8000000000000007
21	1	\N		VIS K CHC M8X125 L35 AC8 Z5FJR PL		C13 0910	7903009014	1.25	8	0	8	35	9.1999999999999993	8	13	12.33		8.8000000000000007
22	1	\N		VIS K CHC M10X150 L20 AC8 Z5FJR PL		C13 0910	7903009140	1.5	10	0	10	20	11.199999999999999	10	16	15.33		8.8000000000000007
23	1	\N		VIS K CHC M8X125 L16 AC8 Z5FJR PL		C13 0910	7903009131	1.25	8	0	8	16	9.1999999999999993	8	13	12.33		8.8000000000000007
24	1	\N		VIS K CHC M8X125 L20 AC8 Z5FJR PL		C13 0910	7903009001	1.25	8	0	8	20	9.1999999999999993	8	13	12.33		8.8000000000000007
25	1	\N		VIS K CHC M6X100 L16 AC8 Z5FJR PL		C13 0910	7903009080	1	6	0	6	16	6.7999999999999998	6	10	9.3800000000000008		8.8000000000000007
26	1	\N		VIS K CHC M6X100 L25 AC8 Z5FJR PL		C13 0910	7903009003	1	6	0	6	25	6.7999999999999998	6	10	9.3800000000000008		8.8000000000000007
27	1	\N		VIS K CHC M10X150 L30 AC8 Z5FJR PL		C13 0910	7903009142	1.5	10	0	10	30	11.199999999999999	10	16	15.33		8.8000000000000007
\.


--
-- Data for Name: e1042; Type: TABLE DATA; Schema: public; Owner: postgres
--

COPY e1042 (rid, version_min, version_max, p1053, p1054, p1055, p1056, p1057, p1058, p1061, p1062, p1063, p1064, p1065_max, p1065_min, p1067_max, p1067_min, p1068, p1069) FROM stdin;
38	1	\N	\N	VIS KV HR EMB M8X125 L75 AC8 Z5FJR CC		C12 0250	7903602254	1.25	8	6.7999999999999998	8.5	75	9.1999999999999993	8	16	15.800000000000001	\N	8
39	1	\N	\N	VIS K HR EMB M8X125 L60 AC8 Z5FJR CC		C12 0250	7903602251	1.25	8	6.7999999999999998	8.5	60	9.1999999999999993	8	16	15.800000000000001	\N	8
40	1	\N	\N	VIS K HR EMB M8X125 L55 AC8 Z5FJR CC		96 181 746 80	96 181 746 80	1.25	8	4	6.5999999999999996	55	9.1999999999999993	8	12.4	12.199999999999999	\N	8
41	1	\N		VIS K HR EMB M8X125 L40 AC8 Z5FJR CC		96 181 746 80	96 182 638 80	1.25	8	4	6.5999999999999996	40	9.1999999999999993	8	12.4	12.199999999999999		8.8000000000000007
42	1	\N		VIS K HR EMB M8X125 L45 AC8 Z5FJR CC		C12 0250	7903602248	1.25	8	6.7999999999999998	8.5	45	9.1999999999999993	8	16	15.800000000000001		8.8000000000000007
43	1	\N		VIS K HR EMB M8X125 L30 AC8 Z5FJR CC		C12 0250	7903602245	1.25	8	6.7999999999999998	8.5	30	9.1999999999999993	8	16	15.800000000000001		8.8000000000000007
44	1	\N		VIS K HR EMB M6X100 L55 AC8 Z5FJR CC		96 179 779 80	96 388 719 80	1	6	3.25	5.7999999999999998	55	6.7999999999999998	6	12.4	11.199999999999999		8.8000000000000007
45	1	\N		VIS K HR EMB M8X125 L35 AC8 Z5FJR CC		C12 0250	7903602246	1.25	8	6.7999999999999998	8.5	35	9.1999999999999993	8	16	15.800000000000001		8.8000000000000007
46	1	\N		VIS K HR EMB M6X100 L70 AC8 Z5FJR CC		C12 0250	7903602289	1	6	5.2999999999999998	6.7999999999999998	70	6.7999999999999998	6	12.4	12.199999999999999		8.8000000000000007
47	1	\N		VIS K HR EMB M6X100 L45 AC8 Z5FJR CC		96 215 632 80	96 215 632 80	1	6	3.25	5.7999999999999998	45	6.7999999999999998	6	12.4	11.199999999999999		8.8000000000000007
48	1	\N		VIS KV HR EMB M6X100 L50 AC8 Z5FJR CC		96 179 779 80	96 179 794 80	1	6	3.25	5.7999999999999998	50	6.7999999999999998	6	12.4	11.199999999999999		8.8000000000000007
49	1	\N		VIS K HR EMB M6X100 L60 AC8 Z5FJR CC		96 179 779 80	96 179 925 80	1	6	3.25	5.7999999999999998	60	6.7999999999999998	6	12.4	11.199999999999999		8.8000000000000007
50	1	\N		VIS K HR EMB M6X100 L40 AC8 Z5FJR CC		96 179 779 80	96 308 605 80	1	6	3.25	5.7999999999999998	40	6.7999999999999998	6	12.4	11.199999999999999		8.8000000000000007
51	1	\N		VIS KV HR EMB M6X100 L30 AC8 Z5FJR CC		C12 0250	7903602300	1	6	5.2999999999999998	6.7999999999999998	30	6.7999999999999998	6	12.4	12.199999999999999		8.8000000000000007
52	1	\N		VIS KV HR EMB M6X100 L35 AC8 Z5FJR CC		96 179 779 80	96 448 622 80	1	6	3.25	5.7999999999999998	35	6.7999999999999998	6	12.4	11.199999999999999		8.8000000000000007
53	1	\N		VIS K HR EMB M6X100 L18 AC8 Z5FJR CC		96 097 708 80	96 097 708 80	1	6	3.25	5.4000000000000004	18	6.7999999999999998	6	12.199999999999999	10.4		8.8000000000000007
55	1	\N	\N	VIS K HR EMB M8X125 L80 AC8 Z5FJR CC		C12 0250	7903602255	1.25	8	6.7999999999999998	8.5	80	9.1999999999999993	8	16	15.800000000000001	\N	8
54	1	\N		VIS K HR EMB M6X100 L20 AC8 DACB CC	6e	96 179 779 80	96 179 791 80	1	6	3.25	5.7999999999999998	20	6.7999999999999998	6	12.4	11.199999999999999		8.8000000000000007
56	1	\N		VIS KV HR EMB M6X100 L25 AC8 Z5FJR CC		C12 0250	7903602235	1	6	5.2999999999999998	6.7999999999999998	25	6.7999999999999998	6	12.4	12.199999999999999		8.8000000000000007
\.


--
-- Data for Name: e1043; Type: TABLE DATA; Schema: public; Owner: postgres
--

COPY e1043 (rid, version_min, version_max, p1053, p1054, p1055, p1056, p1057, p1058, p1059, p1060, p1061, p1062, p1063, p1064, p1065_max, p1065_min, p1066, p1067_max, p1067_min, p1068, p1069, p1070, p1071, p1072, p1073_max, p1073_min, p1074_max, p1074_min, p1075_max, p1075_min) FROM stdin;
60	1	\N	\N	VIS K H RCL M8X125 L20 AC8 DACA CY		C12 0170	7903301489	1.25			8	7.0999999999999996	5.2999999999999998	20	9.1999999999999993	8	t	13	11.630000000000001		8.8000000000000007	2.2000000000000002	t	0.75	0	0	7.5499999999999998	7.3499999999999996	22	21.48
61	1	\N	\N	VIS K H RCL M6X100 L30 AC8 DACA CY		C12 0170	7903301243	1			6	5.5	4	30	6.7999999999999998	6	t	10	8.8800000000000008		8.8000000000000007	1.7	t	0.65000000000000002	0	0	5.5999999999999996	5.4500000000000002	18	17.57
62	1	\N	\N	VIS K H RCL M6X100 L40 AC8 DACA CY		96 177 519 80	96 177 520 80	1			6	5.5	4	40	6.7999999999999998	6	t	10	8.8800000000000008		8.8000000000000007	2.7999999999999998	t	0.80000000000000004	0	0	5.5999999999999996	5.4500000000000002	24	23.48
63	1	\N	\N	VIS K H RCL M6X100 L20 AC8 DACA CY		C12 0170	7903301241	1			6	5.5	4	20	6.7999999999999998	6	t	10	8.8800000000000008		8.8000000000000007	1.7	t	0.65000000000000002	0	0	5.5999999999999996	5.4500000000000002	18	17.57
64	1	\N	\N	VIS K H RCL M6X100 L25 AC8 DACA CY		C12 0170	7903301242	1			6	5.5	4	25	6.7999999999999998	6	t	10	8.8800000000000008		8.8000000000000007	1.7	t	0.65000000000000002	0	0	5.5999999999999996	5.4500000000000002	18	17.57
65	1	\N	\N	VIS K H RCL M6X100 L16 AC8 DACA CY		C12 0170	7903301481	1			6	5.5	4	16	6.7999999999999998	6	t	10	8.8800000000000008		8.8000000000000007	1.7	t	0.65000000000000002	0	0	5.5999999999999996	5.4500000000000002	18	17.57
66	1	\N	\N	VIS K H RCL M8X125 L25 AC8 DACA CY		C12 0170	7903301244	1.25			8	7.0999999999999996	5.2999999999999998	25	9.1999999999999993	8	t	13	11.630000000000001		8.8000000000000007	2.2000000000000002	t	0.75	0	0	7.5499999999999998	7.3499999999999996	22	21.48
67	1	\N	\N	VIS K H RCL M8X125 L30 AC10 DACA CY		C12 0171	7903301532	1.25			8	7.0999999999999996	5.2999999999999998	30	9.1999999999999993	8	t	13	11.630000000000001		10.9	2.2000000000000002	t	0.75	0	0	7.5499999999999998	7.3499999999999996	22	21.48
68	1	\N	\N	VIS K H RCL M8X125 L30 AC8 DACA CY		C12 0170	7903301490	1.25			8	7.0999999999999996	5.2999999999999998	30	9.1999999999999993	8	t	13	11.630000000000001		8.8000000000000007	2.2000000000000002	t	0.75	0	0	7.5499999999999998	7.3499999999999996	22	21.48
69	1	\N	\N	VIS K H RCL M8X125 L35 AC8 DACA CY		C12 0170	7903301245	1.25			8	7.0999999999999996	5.2999999999999998	35	9.1999999999999993	8	t	13	11.630000000000001		8.8000000000000007	2.2000000000000002	t	0.75	0	0	7.5499999999999998	7.3499999999999996	22	21.48
\.


--
-- Data for Name: e1044; Type: TABLE DATA; Schema: public; Owner: postgres
--

COPY e1044 (rid, version_min, version_max, p1053, p1054, p1055, p1056, p1057, p1058, p1059, p1060, p1061, p1062, p1063, p1064, p1065_max, p1065_min, p1066, p1067_max, p1067_min, p1068, p1069, p1070, p1071, p1072, p1073_max, p1073_min, p1074_max, p1074_min, p1075_max, p1075_min) FROM stdin;
70	1	\N	\N	VIS K H RCN M6X100 L55 AC8 DACA CY		C12 0170	7903301234	1			6	5.5	4	55	6.7999999999999998	6	t	10	8.8800000000000008		8.8000000000000007	1.3999999999999999	t	0.55000000000000004	0	0	5.5999999999999996	5.4500000000000002	12	11.57
71	1	\N	\N	VIS K H RCN M8X125 L30 AC8 DACA CY		C12 0170	7903301236	1.25			8	7.0999999999999996	5.2999999999999998	30	9.1999999999999993	8	t	13	11.630000000000001		8.8000000000000007	1.8999999999999999	t	0.69999999999999996	0	0	7.5499999999999998	7.3499999999999996	16	15.57
72	1	\N	\N	VIS K H RCN M10X150 L55 AC10 DACA CY		C12 0171	7903301530	1.5			10	8.75	6.4000000000000004	55	11.199999999999999	10	t	16	14.630000000000001		10.9	2.2000000000000002	t	0.80000000000000004	0	0	9.5	9.25	20	19.48
73	1	\N	\N	VIS K H RCN M8X125 L50 AC8 DACA CY		C12 0170	7903301237	1.25			8	7.0999999999999996	5.2999999999999998	50	9.1999999999999993	8	t	13	11.630000000000001		8.8000000000000007	1.8999999999999999	t	0.69999999999999996	0	0	7.5499999999999998	7.3499999999999996	16	15.57
74	1	\N	\N	VIS K H RCN M10X150 L35 AC8 DACA CY		C12 0170	7903301429	1.5			10	8.75	6.4000000000000004	35	11.199999999999999	10	t	16	14.630000000000001		8.8000000000000007	2.2000000000000002	t	0.80000000000000004	0	0	9.5	9.25	20	19.48
75	1	\N	\N	VIS K H RCN M8X125 L60 AC8 DACA CY		C12 0170	7903301238	1.25			8	7.0999999999999996	5.2999999999999998	60	9.1999999999999993	8	t	13	11.630000000000001		8.8000000000000007	1.8999999999999999	t	0.69999999999999996	0	0	7.5499999999999998	7.3499999999999996	16	15.57
76	1	\N	\N	VIS K H RCN M8X125 L40 AC8 DACA CY		C12 0170	7903301422	1.25			8	7.0999999999999996	5.2999999999999998	40	9.1999999999999993	8	t	13	11.630000000000001		8.8000000000000007	1.8999999999999999	t	0.69999999999999996	0	0	7.5499999999999998	7.3499999999999996	16	15.57
77	1	\N	\N	VIS K H RCN M10X150 L30 AC8 DACA CY		C12 0170	7903301239	1.5			10	8.75	6.4000000000000004	30	11.199999999999999	10	t	16	14.630000000000001		8.8000000000000007	2.2000000000000002	t	0.80000000000000004	0	0	9.5	9.25	20	19.48
78	1	\N	\N	VIS K H RCN M8X125 L20 AC8 DACA CY		C12 0170	7903301421	1.25			8	7.0999999999999996	5.2999999999999998	20	9.1999999999999993	8	t	13	11.630000000000001		8.8000000000000007	1.8999999999999999	t	0.69999999999999996	0	0	7.5499999999999998	7.3499999999999996	16	15.57
79	1	\N	\N	VIS K H RCN M8X125 L25 AC8 DACA CY		C12 0170	7903301235	1.25			8	7.0999999999999996	5.2999999999999998	25	9.1999999999999993	8	t	13	11.630000000000001		8.8000000000000007	1.8999999999999999	t	0.69999999999999996	0	0	7.5499999999999998	7.3499999999999996	16	15.57
80	1	\N	\N	VIS K H RCN M6X100 L20 AC8 DACA CY		C12 0170	7903301230	1			6	5.5	4	20	6.7999999999999998	6	t	10	8.8800000000000008		8.8000000000000007	1.3999999999999999	t	0.55000000000000004	0	0	5.5999999999999996	5.4500000000000002	12	11.57
81	1	\N	\N	VIS K H RCN M6X100 L16 AC8 DACA CY		C12 0170	7903301415	1			6	5.5	4	16	6.7999999999999998	6	t	10	8.8800000000000008		8.8000000000000007	1.3999999999999999	t	0.55000000000000004	0	0	5.5999999999999996	5.4500000000000002	12	11.57
82	1	\N	\N	VIS K H RCN M10X150 L70 AC8 DACA CY		C12 0170	7903301435	1.5			10	8.75	6.4000000000000004	70	11.199999999999999	10	t	16	14.630000000000001		8.8000000000000007	2.2000000000000002	t	0.80000000000000004	0	0	9.5	9.25	20	19.48
\.


--
-- Data for Name: e1046; Type: TABLE DATA; Schema: public; Owner: postgres
--

COPY e1046 (rid, version_min, version_max, p1053, p1054, p1055, p1056, p1057, p1058, p1059, p1060, p1061, p1062, p1063, p1064, p1065_max, p1065_min, p1066, p1067_max, p1067_min, p1068, p1069, p1070, p1071, p1072, p1073_max, p1073_min, p1074_max, p1074_min, p1075_max, p1075_min) FROM stdin;
6	1	\N	\N	VIS K CBLX RCN M8X125 L25 AC8 DACA CY		C13 0625	7903006101	1.25			8	7.0999999999999996	6	25	9.1999999999999993	8	t	16	14.5		8.8000000000000007	1.8999999999999999	t	0.69999999999999996	0	0	7.5499999999999998	7.3499999999999996	16	15.57
7	1	\N	\N	VIS K CBLX RCN M6X100 L20 AC4 DACA CY		C13 0624	7903006117	1			6	5.5	4.5999999999999996	20	6.7999999999999998	6	t	12	10.800000000000001		4.7999999999999998	1	t	0.55000000000000004	0	0	5.5999999999999996	5.4500000000000002	12	11.57
\.


--
-- Data for Name: e1049; Type: TABLE DATA; Schema: public; Owner: postgres
--

COPY e1049 (rid, version_min, version_max, p1053, p1054, p1055, p1056, p1057, p1058, p1059, p1060, p1061, p1062, p1063, p1064, p1065_max, p1065_min, p1066, p1067_max, p1067_min, p1068, p1069, p1070, p1071, p1072, p1073_max, p1073_min, p1074_max, p1074_min, p1075_max, p1075_min) FROM stdin;
88	1	\N	\N	VIS K H RCL M6X100 L12 AC8 DACA PL		C 12 0151	7903301044	1			6	0	4	12	6.7999999999999998	6	t	10	8.8800000000000008		8.8000000000000007	1.7	t	0.65000000000000002	0	0	5.5999999999999996	5.4500000000000002	18	17.57
89	1	\N	\N	VIS K H RCL M10X150 L35 AC8 DACA PL		C 12 0151	7903301062	1.5			10	0	6.4000000000000004	35	11.199999999999999	10	t	16	14.630000000000001		8.8000000000000007	2.7999999999999998	t	0.80000000000000004	0	0	9.5	9.25	27	26.48
90	1	\N	\N	VIS K H RCL M8X125 L30 AC8 DACA PL		C 12 0151	7903301054	1.25			8	0	5.2999999999999998	30	9.1999999999999993	8	t	13	11.630000000000001		8.8000000000000007	2.2000000000000002	t	0.75	0	0	7.5499999999999998	7.3499999999999996	22	21.48
91	1	\N	\N	VIS K H RCL M8X125 L25 AC8 DACA PL		C 12 0151	7903301053	1.25			8	0	5.2999999999999998	25	9.1999999999999993	8	t	13	11.630000000000001		8.8000000000000007	2.2000000000000002	t	0.75	0	0	7.5499999999999998	7.3499999999999996	22	21.48
\.


--
-- Data for Name: e1050; Type: TABLE DATA; Schema: public; Owner: postgres
--

COPY e1050 (rid, version_min, version_max, p1053, p1054, p1055, p1056, p1057, p1058, p1059, p1060, p1061, p1062, p1063, p1064, p1065_max, p1065_min, p1066, p1067_max, p1067_min, p1068, p1069, p1070, p1071, p1072, p1073_max, p1073_min, p1074_max, p1074_min, p1075_max, p1075_min) FROM stdin;
92	1	\N	\N	VIS K H RCN M6X100 L20 AC8 DACA PL		C 12 0151	7903301007	1			6	0	4	20	6.7999999999999998	6	t	10	8.8800000000000008		8.8000000000000007	1.3999999999999999	t	0.55000000000000004	0	0	5.5999999999999996	5.4500000000000002	12	11.57
93	1	\N	\N	VIS K H RCN M6X100 L45 AC8 DACA PL		C 12 0151	7903301012	1			6	0	4	45	6.7999999999999998	6	t	10	8.8800000000000008		8.8000000000000007	1.3999999999999999	t	0.55000000000000004	0	0	5.5999999999999996	5.4500000000000002	12	11.57
94	1	\N	\N	VIS K H RCN M6X100 L50 AC8 DACA PL		C 12 0151	7903301013	1			6	0	4	50	6.7999999999999998	6	t	10	8.8800000000000008		8.8000000000000007	1.3999999999999999	t	0.55000000000000004	0	0	5.5999999999999996	5.4500000000000002	12	11.57
95	1	\N	\N	VIS K H RCN M6X100 L25 AC8 DACA PL		C 12 0151	7903301008	1			6	0	4	25	6.7999999999999998	6	t	10	8.8800000000000008		8.8000000000000007	1.3999999999999999	t	0.55000000000000004	0	0	5.5999999999999996	5.4500000000000002	12	11.57
96	1	\N	\N	VIS K H RCN M6X100 L40 AC8 DACA PL		C 12 0151	7903301011	1			6	0	4	40	6.7999999999999998	6	t	10	8.8800000000000008		8.8000000000000007	1.3999999999999999	t	0.55000000000000004	0	0	5.5999999999999996	5.4500000000000002	12	11.57
97	1	\N	\N	VIS K H RCN M8X125 L20 AC8 DACA PL		C 12 0151	7903301015	1.25			8	0	5.2999999999999998	20	9.1999999999999993	8	t	13	11.630000000000001		8.8000000000000007	1.8999999999999999	t	0.69999999999999996	0	0	7.5499999999999998	7.3499999999999996	16	15.57
98	1	\N	\N	VIS K H RCN M6X100 L30 AC8 DACA PL		C 12 0151	7903301009	1			6	0	4	30	6.7999999999999998	6	t	10	8.8800000000000008		8.8000000000000007	1.3999999999999999	t	0.55000000000000004	0	0	5.5999999999999996	5.4500000000000002	12	11.57
99	1	\N	\N	VIS K H RCN M6X100 L12 AC8 DACA PL		C 12 0151	7903301005	1			6	0	4	12	6.7999999999999998	6	t	10	8.8800000000000008		8.8000000000000007	1.3999999999999999	t	0.55000000000000004	0	0	5.5999999999999996	5.4500000000000002	12	11.57
100	1	\N	\N	VIS K H RCN M6X100 L16 AC8 DACA PL		C 12 0151	7903301006	1			6	0	4	16	6.7999999999999998	6	t	10	8.8800000000000008		8.8000000000000007	1.3999999999999999	t	0.55000000000000004	0	0	5.5999999999999996	5.4500000000000002	12	11.57
101	1	\N	\N	VIS K H RCN M10X150 L75 AC10 DACA PL		C 12 0151	7903301254	1.5	\N	\N	10	0	6.4000000000000004	75	11.199999999999999	10	t	16	14.630000000000001		10.9	2.2000000000000002	t	0.80000000000000004	\N	\N	9	9.25	20	19.48
102	1	\N	\N	VIS K H RCN M10X150 L100 AC10 DACA PL		C12 0151	7903301073	1.5	\N	\N	10	0	6.4000000000000004	100	11.199999999999999	10	t	16	14.630000000000001		10.9	2.2000000000000002	t	0.80000000000000004	\N	\N	9	9.25	20	19.48
103	1	\N	\N	VIS K H RCN M10X150 L40 AC8 DACA PL		C 12 0151	7903301030	1.5	\N	\N	10	0	6.4000000000000004	40	11.199999999999999	10	t	16	14.630000000000001		8.8000000000000007	2.2000000000000002	t	0.80000000000000004	\N	\N	9	9.25	20	19.48
104	1	\N	\N	VIS K H RCN M8X125 L55 AC8 DACA PL		C 12 0151	7903301022	1.25	\N	\N	8	0	5.2999999999999998	55	9.1999999999999993	8	t	13	11.630000000000001		8.8000000000000007	1.8999999999999999	t	0.69999999999999996	\N	\N	7.5	7.3499999999999996	16	15.57
105	1	\N	\N	VIS K H RCN M10X150 L35 AC8 DACA PL		C 12 0151	7903301029	1.5	\N	\N	10	0	6.4000000000000004	35	11.199999999999999	10	t	16	14.630000000000001		8.8000000000000007	2.2000000000000002	t	0.80000000000000004	\N	\N	9	9.25	20	19.48
106	1	\N	\N	VIS K H RCN M10X150 L30 AC8 DACA PL		C 12 0151	7903301028	1.5	\N	\N	10	0	6.4000000000000004	30	11.199999999999999	10	t	16	14.630000000000001		8.8000000000000007	2.2000000000000002	t	0.80000000000000004	\N	\N	9	9.25	20	19.48
107	1	\N	\N	VIS K H RCN M8X125 L50 AC10 DACA PL		C 12 0151	7903301071	1.25	\N	\N	8	0	5.2999999999999998	50	9.1999999999999993	8	t	13	11.630000000000001		10.9	1.8999999999999999	t	0.69999999999999996	\N	\N	7.5	7.3499999999999996	16	15.57
108	1	\N	\N	VIS K H RCN M8X125 L45 AC8 DACA PL		C 12 0151	7903301020	1.25			8	0	5.2999999999999998	45	9.1999999999999993	8	t	13	11.630000000000001		8.8000000000000007	1.8999999999999999	t	0.69999999999999996	0	0	7.5499999999999998	7.3499999999999996	16	15.57
109	1	\N	\N	VIS K H RCN M8X125 L35 AC10 DACA PL		C 12 0151	7903301070	1.25			8	0	5.2999999999999998	35	9.1999999999999993	8	t	13	11.630000000000001		10.9	1.8999999999999999	t	0.69999999999999996	0	0	7.5499999999999998	7.3499999999999996	16	15.57
110	1	\N	\N	VIS K H RCN M8X125 L30 AC8 DACA PL		C 12 0151	7903301017	1.25			8	0	5.2999999999999998	30	9.1999999999999993	8	t	13	11.630000000000001		8.8000000000000007	1.8999999999999999	t	0.69999999999999996	0	0	7.5499999999999998	7.3499999999999996	16	15.57
111	1	\N	\N	VIS K H RCN M8X125 L25 AC8 DACA PL		C 12 0151	7903301016	1.25			8	0	5.2999999999999998	25	9.1999999999999993	8	t	13	11.630000000000001		8.8000000000000007	1.8999999999999999	t	0.69999999999999996	0	0	7.5499999999999998	7.3499999999999996	16	15.57
112	1	\N	\N	VIS K H RCN M8X125 L35 AC8 DACA PL		C 12 0151	7903301018	1.25			8	0	5.2999999999999998	35	9.1999999999999993	8	t	13	11.630000000000001		8.8000000000000007	1.8999999999999999	t	0.69999999999999996	0	0	7.5499999999999998	7.3499999999999996	16	15.57
113	1	\N	\N	VIS K H RCN M8X125 L70 AC8 DACA PL		C 12 0151	7903301025	1.25	\N	\N	8	0	5.2999999999999998	70	9.1999999999999993	8	t	13	11.630000000000001		8.8000000000000007	1.8999999999999999	t	0.69999999999999996	\N	\N	7.5	7.3499999999999996	16	15.57
114	1	\N	\N	VIS K H RCN M8X125 L16 AC8 DACA PL		C 12 0151	7903301014	1.25			8	0	5.2999999999999998	16	9.1999999999999993	8	t	13	11.630000000000001		8.8000000000000007	1.8999999999999999	t	0.69999999999999996	0	0	7.5499999999999998	7.3499999999999996	16	15.57
\.


--
-- Data for Name: e1051; Type: TABLE DATA; Schema: public; Owner: postgres
--

COPY e1051 (rid, version_min, version_max, p1053, p1054, p1055, p1056, p1057, p1058, p1059, p1060, p1061, p1062, p1063, p1064, p1065_max, p1065_min, p1066, p1067_max, p1067_min, p1068, p1069, p1070, p1071, p1072, p1073_max, p1073_min, p1074_max, p1074_min, p1075_max, p1075_min) FROM stdin;
86	1	\N	\N	VIS K H RCN M8X125 L20 AC8 DACA OF		C12 0180	7903301363	1.25			8	0	5.2999999999999998	20	9.1999999999999993	8	t	13	11.630000000000001		8.8000000000000007	1.8999999999999999	t	0.69999999999999996	0	0	7.5499999999999998	7.3499999999999996	16	15.57
87	1	\N	\N	VIS K H RCN M6X100 L20 AC8 DACA OF		C12 0180	7903301354	1			6	0	4	20	6.7999999999999998	6	t	10	8.8800000000000008		8.8000000000000007	1.3999999999999999	t	0.55000000000000004	0	0	5.5999999999999996	5.4500000000000002	12	11.57
\.


--
-- Data for Name: e1052; Type: TABLE DATA; Schema: public; Owner: postgres
--

COPY e1052 (rid, version_min, version_max, p1053, p1054, p1055, p1056, p1057, p1058, p1061, p1062, p1063, p1064, p1065_max, p1065_min, p1067_max, p1067_min, p1068, p1069) FROM stdin;
57	1	\N		VIS K H EMB M8X125 L30 AC10 DACA OF		7703602103	7703602103	1.25	8	0	8.0999999999999996	30	9.1999999999999993	8	16	15.800000000000001		10.9
58	1	\N		VIS K H EMB M6X100 L20 AC8 Z5FJR OF		C12 0280	7903602167	1	6	0	6.5999999999999996	20	6.7999999999999998	6	12.4	12.199999999999999		8.8000000000000007
59	1	\N		VIS K H EMB M10X150 L30 AC10 DACA OF		96 400 036 80	96 400 036 80	1.5	10	0	10.4	30	11.199999999999999	10	19.800000000000001	19.600000000000001		10.9
\.


--
-- Data for Name: e1703; Type: TABLE DATA; Schema: public; Owner: postgres
--

COPY e1703 (rid, version_min, version_max, p1663, p1667, p1671, p1675, p1679, p1057, p1054, p1056, p1695, p1691, p1707_rid, p1707_tablename) FROM stdin;
136	1	\N	\N	\N	\N	\N	\N	\N	\N	\N	\N	\N	\N	\N
137	1	\N	\N	\N	\N	\N	\N	\N	\N	\N	\N	\N	\N	\N
138	1	\N	\N	\N	\N	\N	\N	\N	\N	\N	\N	\N	\N	\N
133	1	\N	\N	\N	\N	\N	\N	\N	\N	\N	\N	\N	1711	PROPERTY_VALUE_EXTERNAL_ITEM_E
134	1	\N	\N	\N	\N	\N	\N	\N	\N	\N	\N	\N	1749	PROPERTY_VALUE_EXTERNAL_ITEM_E
135	1	\N	\N	\N	\N	\N	\N	\N	\N	\N	\N	\N	1756	PROPERTY_VALUE_EXTERNAL_ITEM_E
\.


--
-- Data for Name: electric_current_measure_t; Type: TABLE DATA; Schema: public; Owner: postgres
--

COPY electric_current_measure_t (rid, value) FROM stdin;
\.


--
-- Data for Name: entity_info_2_derived; Type: TABLE DATA; Schema: public; Owner: postgres
--

COPY entity_info_2_derived (rid, rid_s, tablename_s, rid_d, tablename_d) FROM stdin;
71	21	ENTITY_INFO_E	994	DER_ATTRIBUTE_E
254	59	ENTITY_INFO_E	571	DER_ATTRIBUTE_E
364	82	ENTITY_INFO_E	565	DER_ATTRIBUTE_E
446	85	ENTITY_INFO_E	474	DER_ATTRIBUTE_E
447	85	ENTITY_INFO_E	473	DER_ATTRIBUTE_E
448	85	ENTITY_INFO_E	472	DER_ATTRIBUTE_E
449	85	ENTITY_INFO_E	471	DER_ATTRIBUTE_E
450	85	ENTITY_INFO_E	470	DER_ATTRIBUTE_E
560	89	ENTITY_INFO_E	434	DER_ATTRIBUTE_E
561	89	ENTITY_INFO_E	433	DER_ATTRIBUTE_E
562	89	ENTITY_INFO_E	432	DER_ATTRIBUTE_E
563	89	ENTITY_INFO_E	431	DER_ATTRIBUTE_E
564	89	ENTITY_INFO_E	430	DER_ATTRIBUTE_E
592	90	ENTITY_INFO_E	399	DER_ATTRIBUTE_E
593	90	ENTITY_INFO_E	398	DER_ATTRIBUTE_E
594	90	ENTITY_INFO_E	397	DER_ATTRIBUTE_E
632	93	ENTITY_INFO_E	327	DER_ATTRIBUTE_E
713	101	ENTITY_INFO_E	228	DER_ATTRIBUTE_E
856	119	ENTITY_INFO_E	696	DER_ATTRIBUTE_E
857	119	ENTITY_INFO_E	695	DER_ATTRIBUTE_E
858	119	ENTITY_INFO_E	694	DER_ATTRIBUTE_E
859	119	ENTITY_INFO_E	693	DER_ATTRIBUTE_E
860	119	ENTITY_INFO_E	692	DER_ATTRIBUTE_E
903	123	ENTITY_INFO_E	484	DER_ATTRIBUTE_E
931	135	ENTITY_INFO_E	131	DER_ATTRIBUTE_E
963	148	ENTITY_INFO_E	670	DER_ATTRIBUTE_E
970	149	ENTITY_INFO_E	629	DER_ATTRIBUTE_E
975	150	ENTITY_INFO_E	608	DER_ATTRIBUTE_E
991	152	ENTITY_INFO_E	557	DER_ATTRIBUTE_E
992	152	ENTITY_INFO_E	556	DER_ATTRIBUTE_E
993	152	ENTITY_INFO_E	555	DER_ATTRIBUTE_E
995	153	ENTITY_INFO_E	532	DER_ATTRIBUTE_E
1005	155	ENTITY_INFO_E	349	DER_ATTRIBUTE_E
1006	155	ENTITY_INFO_E	348	DER_ATTRIBUTE_E
1023	156	ENTITY_INFO_E	145	DER_ATTRIBUTE_E
1239	225	ENTITY_INFO_E	457	DER_ATTRIBUTE_E
1240	225	ENTITY_INFO_E	456	DER_ATTRIBUTE_E
1259	227	ENTITY_INFO_E	219	DER_ATTRIBUTE_E
1940	401	ENTITY_INFO_E	439	DER_ATTRIBUTE_E
1941	402	ENTITY_INFO_E	436	DER_ATTRIBUTE_E
2027	429	ENTITY_INFO_E	425	DER_ATTRIBUTE_E
2192	491	ENTITY_INFO_E	489	DER_ATTRIBUTE_E
2193	491	ENTITY_INFO_E	488	DER_ATTRIBUTE_E
2235	508	ENTITY_INFO_E	505	DER_ATTRIBUTE_E
2275	525	ENTITY_INFO_E	520	DER_ATTRIBUTE_E
2434	594	ENTITY_INFO_E	536	DER_ATTRIBUTE_E
2440	596	ENTITY_INFO_E	580	DER_ATTRIBUTE_E
2441	596	ENTITY_INFO_E	579	DER_ATTRIBUTE_E
2582	651	ENTITY_INFO_E	649	DER_ATTRIBUTE_E
\.


--
-- Data for Name: entity_info_2_explicit; Type: TABLE DATA; Schema: public; Owner: postgres
--

COPY entity_info_2_explicit (rid, rid_s, tablename_s, rid_d, tablename_d) FROM stdin;
25	12	ENTITY_INFO_E	51	ATTRIBUTE_E
26	12	ENTITY_INFO_E	6	ATTRIBUTE_E
27	12	ENTITY_INFO_E	5	ATTRIBUTE_E
28	12	ENTITY_INFO_E	9	ATTRIBUTE_E
29	12	ENTITY_INFO_E	8	ATTRIBUTE_E
30	12	ENTITY_INFO_E	10	ATTRIBUTE_E
31	12	ENTITY_INFO_E	11	ATTRIBUTE_E
32	12	ENTITY_INFO_E	53	ATTRIBUTE_E
33	12	ENTITY_INFO_E	52	ATTRIBUTE_E
35	13	ENTITY_INFO_E	362	ATTRIBUTE_E
36	13	ENTITY_INFO_E	389	ATTRIBUTE_E
37	13	ENTITY_INFO_E	347	ATTRIBUTE_E
38	13	ENTITY_INFO_E	328	ATTRIBUTE_E
39	13	ENTITY_INFO_E	668	ATTRIBUTE_E
40	13	ENTITY_INFO_E	648	ATTRIBUTE_E
41	13	ENTITY_INFO_E	621	ATTRIBUTE_E
42	13	ENTITY_INFO_E	612	ATTRIBUTE_E
43	13	ENTITY_INFO_E	633	ATTRIBUTE_E
44	13	ENTITY_INFO_E	972	ATTRIBUTE_E
52	18	ENTITY_INFO_E	17	ATTRIBUTE_E
53	18	ENTITY_INFO_E	15	ATTRIBUTE_E
56	19	ENTITY_INFO_E	17	ATTRIBUTE_E
57	19	ENTITY_INFO_E	15	ATTRIBUTE_E
58	19	ENTITY_INFO_E	14	ATTRIBUTE_E
61	20	ENTITY_INFO_E	39	ATTRIBUTE_E
62	20	ENTITY_INFO_E	38	ATTRIBUTE_E
63	20	ENTITY_INFO_E	37	ATTRIBUTE_E
64	20	ENTITY_INFO_E	36	ATTRIBUTE_E
65	20	ENTITY_INFO_E	35	ATTRIBUTE_E
66	20	ENTITY_INFO_E	34	ATTRIBUTE_E
67	20	ENTITY_INFO_E	33	ATTRIBUTE_E
68	20	ENTITY_INFO_E	32	ATTRIBUTE_E
69	20	ENTITY_INFO_E	31	ATTRIBUTE_E
72	21	ENTITY_INFO_E	389	ATTRIBUTE_E
73	21	ENTITY_INFO_E	362	ATTRIBUTE_E
87	22	ENTITY_INFO_E	389	ATTRIBUTE_E
88	22	ENTITY_INFO_E	362	ATTRIBUTE_E
89	22	ENTITY_INFO_E	347	ATTRIBUTE_E
90	22	ENTITY_INFO_E	328	ATTRIBUTE_E
101	25	ENTITY_INFO_E	57	ATTRIBUTE_E
102	25	ENTITY_INFO_E	23	ATTRIBUTE_E
103	25	ENTITY_INFO_E	24	ATTRIBUTE_E
105	26	ENTITY_INFO_E	24	ATTRIBUTE_E
106	26	ENTITY_INFO_E	23	ATTRIBUTE_E
107	26	ENTITY_INFO_E	57	ATTRIBUTE_E
114	30	ENTITY_INFO_E	29	ATTRIBUTE_E
115	30	ENTITY_INFO_E	28	ATTRIBUTE_E
116	30	ENTITY_INFO_E	27	ATTRIBUTE_E
136	40	ENTITY_INFO_E	33	ATTRIBUTE_E
137	40	ENTITY_INFO_E	35	ATTRIBUTE_E
138	40	ENTITY_INFO_E	606	ATTRIBUTE_E
139	40	ENTITY_INFO_E	605	ATTRIBUTE_E
140	40	ENTITY_INFO_E	31	ATTRIBUTE_E
141	40	ENTITY_INFO_E	34	ATTRIBUTE_E
142	40	ENTITY_INFO_E	39	ATTRIBUTE_E
143	40	ENTITY_INFO_E	38	ATTRIBUTE_E
144	40	ENTITY_INFO_E	37	ATTRIBUTE_E
145	40	ENTITY_INFO_E	36	ATTRIBUTE_E
146	40	ENTITY_INFO_E	32	ATTRIBUTE_E
148	41	ENTITY_INFO_E	32	ATTRIBUTE_E
149	41	ENTITY_INFO_E	36	ATTRIBUTE_E
150	41	ENTITY_INFO_E	37	ATTRIBUTE_E
151	41	ENTITY_INFO_E	38	ATTRIBUTE_E
152	41	ENTITY_INFO_E	39	ATTRIBUTE_E
153	41	ENTITY_INFO_E	31	ATTRIBUTE_E
154	41	ENTITY_INFO_E	33	ATTRIBUTE_E
155	41	ENTITY_INFO_E	310	ATTRIBUTE_E
156	41	ENTITY_INFO_E	35	ATTRIBUTE_E
157	41	ENTITY_INFO_E	34	ATTRIBUTE_E
162	42	ENTITY_INFO_E	39	ATTRIBUTE_E
163	42	ENTITY_INFO_E	38	ATTRIBUTE_E
164	42	ENTITY_INFO_E	690	ATTRIBUTE_E
165	42	ENTITY_INFO_E	36	ATTRIBUTE_E
166	42	ENTITY_INFO_E	37	ATTRIBUTE_E
167	42	ENTITY_INFO_E	32	ATTRIBUTE_E
168	42	ENTITY_INFO_E	31	ATTRIBUTE_E
192	44	ENTITY_INFO_E	70	ATTRIBUTE_E
198	47	ENTITY_INFO_E	285	ATTRIBUTE_E
199	47	ENTITY_INFO_E	45	ATTRIBUTE_E
200	48	ENTITY_INFO_E	46	ATTRIBUTE_E
201	48	ENTITY_INFO_E	45	ATTRIBUTE_E
205	50	ENTITY_INFO_E	49	ATTRIBUTE_E
212	54	ENTITY_INFO_E	51	ATTRIBUTE_E
213	54	ENTITY_INFO_E	11	ATTRIBUTE_E
214	54	ENTITY_INFO_E	10	ATTRIBUTE_E
215	54	ENTITY_INFO_E	9	ATTRIBUTE_E
216	54	ENTITY_INFO_E	8	ATTRIBUTE_E
217	54	ENTITY_INFO_E	6	ATTRIBUTE_E
218	54	ENTITY_INFO_E	5	ATTRIBUTE_E
219	54	ENTITY_INFO_E	53	ATTRIBUTE_E
220	54	ENTITY_INFO_E	52	ATTRIBUTE_E
223	55	ENTITY_INFO_E	53	ATTRIBUTE_E
224	55	ENTITY_INFO_E	52	ATTRIBUTE_E
225	55	ENTITY_INFO_E	51	ATTRIBUTE_E
236	56	ENTITY_INFO_E	53	ATTRIBUTE_E
237	56	ENTITY_INFO_E	52	ATTRIBUTE_E
238	56	ENTITY_INFO_E	51	ATTRIBUTE_E
241	58	ENTITY_INFO_E	105	ATTRIBUTE_E
242	58	ENTITY_INFO_E	1	ATTRIBUTE_E
244	59	ENTITY_INFO_E	105	ATTRIBUTE_E
255	60	ENTITY_INFO_E	105	ATTRIBUTE_E
272	68	ENTITY_INFO_E	246	ATTRIBUTE_E
273	68	ENTITY_INFO_E	66	ATTRIBUTE_E
274	68	ENTITY_INFO_E	67	ATTRIBUTE_E
285	69	ENTITY_INFO_E	67	ATTRIBUTE_E
286	69	ENTITY_INFO_E	66	ATTRIBUTE_E
287	69	ENTITY_INFO_E	65	ATTRIBUTE_E
288	69	ENTITY_INFO_E	64	ATTRIBUTE_E
289	69	ENTITY_INFO_E	63	ATTRIBUTE_E
290	69	ENTITY_INFO_E	62	ATTRIBUTE_E
291	69	ENTITY_INFO_E	61	ATTRIBUTE_E
295	71	ENTITY_INFO_E	70	ATTRIBUTE_E
296	72	ENTITY_INFO_E	70	ATTRIBUTE_E
299	73	ENTITY_INFO_E	70	ATTRIBUTE_E
301	74	ENTITY_INFO_E	70	ATTRIBUTE_E
302	75	ENTITY_INFO_E	480	ATTRIBUTE_E
303	75	ENTITY_INFO_E	70	ATTRIBUTE_E
309	76	ENTITY_INFO_E	70	ATTRIBUTE_E
311	77	ENTITY_INFO_E	70	ATTRIBUTE_E
312	78	ENTITY_INFO_E	70	ATTRIBUTE_E
315	79	ENTITY_INFO_E	70	ATTRIBUTE_E
316	80	ENTITY_INFO_E	311	ATTRIBUTE_E
317	80	ENTITY_INFO_E	171	ATTRIBUTE_E
318	80	ENTITY_INFO_E	170	ATTRIBUTE_E
319	80	ENTITY_INFO_E	172	ATTRIBUTE_E
320	80	ENTITY_INFO_E	169	ATTRIBUTE_E
321	80	ENTITY_INFO_E	168	ATTRIBUTE_E
322	80	ENTITY_INFO_E	316	ATTRIBUTE_E
323	80	ENTITY_INFO_E	315	ATTRIBUTE_E
324	80	ENTITY_INFO_E	317	ATTRIBUTE_E
325	80	ENTITY_INFO_E	314	ATTRIBUTE_E
326	80	ENTITY_INFO_E	313	ATTRIBUTE_E
327	80	ENTITY_INFO_E	312	ATTRIBUTE_E
328	80	ENTITY_INFO_E	32	ATTRIBUTE_E
329	80	ENTITY_INFO_E	31	ATTRIBUTE_E
332	81	ENTITY_INFO_E	313	ATTRIBUTE_E
333	81	ENTITY_INFO_E	312	ATTRIBUTE_E
334	81	ENTITY_INFO_E	311	ATTRIBUTE_E
335	81	ENTITY_INFO_E	32	ATTRIBUTE_E
336	81	ENTITY_INFO_E	31	ATTRIBUTE_E
337	81	ENTITY_INFO_E	171	ATTRIBUTE_E
338	81	ENTITY_INFO_E	170	ATTRIBUTE_E
339	81	ENTITY_INFO_E	172	ATTRIBUTE_E
340	81	ENTITY_INFO_E	168	ATTRIBUTE_E
341	81	ENTITY_INFO_E	169	ATTRIBUTE_E
342	81	ENTITY_INFO_E	316	ATTRIBUTE_E
343	81	ENTITY_INFO_E	317	ATTRIBUTE_E
344	81	ENTITY_INFO_E	314	ATTRIBUTE_E
345	81	ENTITY_INFO_E	315	ATTRIBUTE_E
346	82	ENTITY_INFO_E	172	ATTRIBUTE_E
347	82	ENTITY_INFO_E	316	ATTRIBUTE_E
348	82	ENTITY_INFO_E	314	ATTRIBUTE_E
349	82	ENTITY_INFO_E	313	ATTRIBUTE_E
350	82	ENTITY_INFO_E	312	ATTRIBUTE_E
351	82	ENTITY_INFO_E	311	ATTRIBUTE_E
352	82	ENTITY_INFO_E	315	ATTRIBUTE_E
353	82	ENTITY_INFO_E	317	ATTRIBUTE_E
354	82	ENTITY_INFO_E	32	ATTRIBUTE_E
355	82	ENTITY_INFO_E	31	ATTRIBUTE_E
356	82	ENTITY_INFO_E	171	ATTRIBUTE_E
357	82	ENTITY_INFO_E	170	ATTRIBUTE_E
358	82	ENTITY_INFO_E	169	ATTRIBUTE_E
359	82	ENTITY_INFO_E	168	ATTRIBUTE_E
366	83	ENTITY_INFO_E	171	ATTRIBUTE_E
367	83	ENTITY_INFO_E	32	ATTRIBUTE_E
368	83	ENTITY_INFO_E	31	ATTRIBUTE_E
369	83	ENTITY_INFO_E	118	ATTRIBUTE_E
370	83	ENTITY_INFO_E	170	ATTRIBUTE_E
371	83	ENTITY_INFO_E	172	ATTRIBUTE_E
372	83	ENTITY_INFO_E	168	ATTRIBUTE_E
373	83	ENTITY_INFO_E	169	ATTRIBUTE_E
396	84	ENTITY_INFO_E	166	ATTRIBUTE_E
397	84	ENTITY_INFO_E	164	ATTRIBUTE_E
398	84	ENTITY_INFO_E	174	ATTRIBUTE_E
399	84	ENTITY_INFO_E	173	ATTRIBUTE_E
400	84	ENTITY_INFO_E	169	ATTRIBUTE_E
401	84	ENTITY_INFO_E	168	ATTRIBUTE_E
402	84	ENTITY_INFO_E	167	ATTRIBUTE_E
403	84	ENTITY_INFO_E	165	ATTRIBUTE_E
404	84	ENTITY_INFO_E	2	ATTRIBUTE_E
405	84	ENTITY_INFO_E	3	ATTRIBUTE_E
406	84	ENTITY_INFO_E	32	ATTRIBUTE_E
407	84	ENTITY_INFO_E	31	ATTRIBUTE_E
408	84	ENTITY_INFO_E	171	ATTRIBUTE_E
409	84	ENTITY_INFO_E	170	ATTRIBUTE_E
410	84	ENTITY_INFO_E	172	ATTRIBUTE_E
412	85	ENTITY_INFO_E	31	ATTRIBUTE_E
413	85	ENTITY_INFO_E	458	ATTRIBUTE_E
414	85	ENTITY_INFO_E	171	ATTRIBUTE_E
415	85	ENTITY_INFO_E	464	ATTRIBUTE_E
416	85	ENTITY_INFO_E	170	ATTRIBUTE_E
417	85	ENTITY_INFO_E	172	ATTRIBUTE_E
418	85	ENTITY_INFO_E	296	ATTRIBUTE_E
419	85	ENTITY_INFO_E	298	ATTRIBUTE_E
420	85	ENTITY_INFO_E	478	ATTRIBUTE_E
421	85	ENTITY_INFO_E	479	ATTRIBUTE_E
422	85	ENTITY_INFO_E	463	ATTRIBUTE_E
423	85	ENTITY_INFO_E	462	ATTRIBUTE_E
424	85	ENTITY_INFO_E	461	ATTRIBUTE_E
425	85	ENTITY_INFO_E	467	ATTRIBUTE_E
426	85	ENTITY_INFO_E	468	ATTRIBUTE_E
427	85	ENTITY_INFO_E	466	ATTRIBUTE_E
428	85	ENTITY_INFO_E	32	ATTRIBUTE_E
429	85	ENTITY_INFO_E	168	ATTRIBUTE_E
430	85	ENTITY_INFO_E	169	ATTRIBUTE_E
431	85	ENTITY_INFO_E	460	ATTRIBUTE_E
432	85	ENTITY_INFO_E	465	ATTRIBUTE_E
433	85	ENTITY_INFO_E	167	ATTRIBUTE_E
434	85	ENTITY_INFO_E	459	ATTRIBUTE_E
435	85	ENTITY_INFO_E	165	ATTRIBUTE_E
436	85	ENTITY_INFO_E	164	ATTRIBUTE_E
437	85	ENTITY_INFO_E	166	ATTRIBUTE_E
438	85	ENTITY_INFO_E	295	ATTRIBUTE_E
439	85	ENTITY_INFO_E	294	ATTRIBUTE_E
440	85	ENTITY_INFO_E	297	ATTRIBUTE_E
441	85	ENTITY_INFO_E	477	ATTRIBUTE_E
442	85	ENTITY_INFO_E	476	ATTRIBUTE_E
443	85	ENTITY_INFO_E	475	ATTRIBUTE_E
453	86	ENTITY_INFO_E	32	ATTRIBUTE_E
454	86	ENTITY_INFO_E	31	ATTRIBUTE_E
455	86	ENTITY_INFO_E	295	ATTRIBUTE_E
456	86	ENTITY_INFO_E	171	ATTRIBUTE_E
457	86	ENTITY_INFO_E	294	ATTRIBUTE_E
458	86	ENTITY_INFO_E	170	ATTRIBUTE_E
459	86	ENTITY_INFO_E	296	ATTRIBUTE_E
460	86	ENTITY_INFO_E	298	ATTRIBUTE_E
461	86	ENTITY_INFO_E	299	ATTRIBUTE_E
462	86	ENTITY_INFO_E	271	ATTRIBUTE_E
463	86	ENTITY_INFO_E	97	ATTRIBUTE_E
464	86	ENTITY_INFO_E	4	ATTRIBUTE_E
465	86	ENTITY_INFO_E	100	ATTRIBUTE_E
466	86	ENTITY_INFO_E	172	ATTRIBUTE_E
467	86	ENTITY_INFO_E	169	ATTRIBUTE_E
468	86	ENTITY_INFO_E	168	ATTRIBUTE_E
469	86	ENTITY_INFO_E	167	ATTRIBUTE_E
470	86	ENTITY_INFO_E	297	ATTRIBUTE_E
471	86	ENTITY_INFO_E	166	ATTRIBUTE_E
472	86	ENTITY_INFO_E	165	ATTRIBUTE_E
473	86	ENTITY_INFO_E	164	ATTRIBUTE_E
474	86	ENTITY_INFO_E	174	ATTRIBUTE_E
475	86	ENTITY_INFO_E	173	ATTRIBUTE_E
476	86	ENTITY_INFO_E	3	ATTRIBUTE_E
477	86	ENTITY_INFO_E	2	ATTRIBUTE_E
480	87	ENTITY_INFO_E	468	ATTRIBUTE_E
481	87	ENTITY_INFO_E	467	ATTRIBUTE_E
482	87	ENTITY_INFO_E	466	ATTRIBUTE_E
483	87	ENTITY_INFO_E	465	ATTRIBUTE_E
484	87	ENTITY_INFO_E	171	ATTRIBUTE_E
485	87	ENTITY_INFO_E	170	ATTRIBUTE_E
486	87	ENTITY_INFO_E	172	ATTRIBUTE_E
487	87	ENTITY_INFO_E	169	ATTRIBUTE_E
488	87	ENTITY_INFO_E	168	ATTRIBUTE_E
489	87	ENTITY_INFO_E	167	ATTRIBUTE_E
490	87	ENTITY_INFO_E	165	ATTRIBUTE_E
491	87	ENTITY_INFO_E	166	ATTRIBUTE_E
492	87	ENTITY_INFO_E	463	ATTRIBUTE_E
493	87	ENTITY_INFO_E	164	ATTRIBUTE_E
494	87	ENTITY_INFO_E	462	ATTRIBUTE_E
495	87	ENTITY_INFO_E	461	ATTRIBUTE_E
496	87	ENTITY_INFO_E	460	ATTRIBUTE_E
497	87	ENTITY_INFO_E	464	ATTRIBUTE_E
498	87	ENTITY_INFO_E	459	ATTRIBUTE_E
499	87	ENTITY_INFO_E	32	ATTRIBUTE_E
500	87	ENTITY_INFO_E	31	ATTRIBUTE_E
501	87	ENTITY_INFO_E	458	ATTRIBUTE_E
503	88	ENTITY_INFO_E	2	ATTRIBUTE_E
504	88	ENTITY_INFO_E	3	ATTRIBUTE_E
505	88	ENTITY_INFO_E	299	ATTRIBUTE_E
506	88	ENTITY_INFO_E	271	ATTRIBUTE_E
507	88	ENTITY_INFO_E	97	ATTRIBUTE_E
508	88	ENTITY_INFO_E	296	ATTRIBUTE_E
509	88	ENTITY_INFO_E	100	ATTRIBUTE_E
510	88	ENTITY_INFO_E	174	ATTRIBUTE_E
511	88	ENTITY_INFO_E	295	ATTRIBUTE_E
512	88	ENTITY_INFO_E	173	ATTRIBUTE_E
513	88	ENTITY_INFO_E	4	ATTRIBUTE_E
514	88	ENTITY_INFO_E	32	ATTRIBUTE_E
515	88	ENTITY_INFO_E	31	ATTRIBUTE_E
516	88	ENTITY_INFO_E	171	ATTRIBUTE_E
517	88	ENTITY_INFO_E	170	ATTRIBUTE_E
518	88	ENTITY_INFO_E	297	ATTRIBUTE_E
519	88	ENTITY_INFO_E	172	ATTRIBUTE_E
520	88	ENTITY_INFO_E	168	ATTRIBUTE_E
521	88	ENTITY_INFO_E	169	ATTRIBUTE_E
522	88	ENTITY_INFO_E	298	ATTRIBUTE_E
523	88	ENTITY_INFO_E	294	ATTRIBUTE_E
524	88	ENTITY_INFO_E	167	ATTRIBUTE_E
525	88	ENTITY_INFO_E	165	ATTRIBUTE_E
526	88	ENTITY_INFO_E	166	ATTRIBUTE_E
527	88	ENTITY_INFO_E	164	ATTRIBUTE_E
530	89	ENTITY_INFO_E	97	ATTRIBUTE_E
531	89	ENTITY_INFO_E	298	ATTRIBUTE_E
532	89	ENTITY_INFO_E	4	ATTRIBUTE_E
533	89	ENTITY_INFO_E	100	ATTRIBUTE_E
534	89	ENTITY_INFO_E	167	ATTRIBUTE_E
535	89	ENTITY_INFO_E	166	ATTRIBUTE_E
536	89	ENTITY_INFO_E	165	ATTRIBUTE_E
537	89	ENTITY_INFO_E	164	ATTRIBUTE_E
538	89	ENTITY_INFO_E	174	ATTRIBUTE_E
539	89	ENTITY_INFO_E	173	ATTRIBUTE_E
540	89	ENTITY_INFO_E	2	ATTRIBUTE_E
541	89	ENTITY_INFO_E	3	ATTRIBUTE_E
542	89	ENTITY_INFO_E	299	ATTRIBUTE_E
543	89	ENTITY_INFO_E	271	ATTRIBUTE_E
544	89	ENTITY_INFO_E	32	ATTRIBUTE_E
545	89	ENTITY_INFO_E	31	ATTRIBUTE_E
546	89	ENTITY_INFO_E	295	ATTRIBUTE_E
547	89	ENTITY_INFO_E	171	ATTRIBUTE_E
548	89	ENTITY_INFO_E	297	ATTRIBUTE_E
549	89	ENTITY_INFO_E	170	ATTRIBUTE_E
550	89	ENTITY_INFO_E	172	ATTRIBUTE_E
551	89	ENTITY_INFO_E	169	ATTRIBUTE_E
552	89	ENTITY_INFO_E	168	ATTRIBUTE_E
553	89	ENTITY_INFO_E	296	ATTRIBUTE_E
554	89	ENTITY_INFO_E	294	ATTRIBUTE_E
566	90	ENTITY_INFO_E	164	ATTRIBUTE_E
567	90	ENTITY_INFO_E	166	ATTRIBUTE_E
568	90	ENTITY_INFO_E	172	ATTRIBUTE_E
569	90	ENTITY_INFO_E	169	ATTRIBUTE_E
570	90	ENTITY_INFO_E	168	ATTRIBUTE_E
571	90	ENTITY_INFO_E	167	ATTRIBUTE_E
572	90	ENTITY_INFO_E	165	ATTRIBUTE_E
573	90	ENTITY_INFO_E	32	ATTRIBUTE_E
574	90	ENTITY_INFO_E	31	ATTRIBUTE_E
575	90	ENTITY_INFO_E	171	ATTRIBUTE_E
576	90	ENTITY_INFO_E	170	ATTRIBUTE_E
596	91	ENTITY_INFO_E	32	ATTRIBUTE_E
597	91	ENTITY_INFO_E	31	ATTRIBUTE_E
598	91	ENTITY_INFO_E	171	ATTRIBUTE_E
599	91	ENTITY_INFO_E	170	ATTRIBUTE_E
600	91	ENTITY_INFO_E	172	ATTRIBUTE_E
601	91	ENTITY_INFO_E	169	ATTRIBUTE_E
602	91	ENTITY_INFO_E	168	ATTRIBUTE_E
603	91	ENTITY_INFO_E	316	ATTRIBUTE_E
604	91	ENTITY_INFO_E	315	ATTRIBUTE_E
605	91	ENTITY_INFO_E	317	ATTRIBUTE_E
606	91	ENTITY_INFO_E	314	ATTRIBUTE_E
607	91	ENTITY_INFO_E	313	ATTRIBUTE_E
608	91	ENTITY_INFO_E	312	ATTRIBUTE_E
609	91	ENTITY_INFO_E	311	ATTRIBUTE_E
610	91	ENTITY_INFO_E	335	ATTRIBUTE_E
611	92	ENTITY_INFO_E	32	ATTRIBUTE_E
612	92	ENTITY_INFO_E	31	ATTRIBUTE_E
613	92	ENTITY_INFO_E	331	ATTRIBUTE_E
614	92	ENTITY_INFO_E	330	ATTRIBUTE_E
615	92	ENTITY_INFO_E	329	ATTRIBUTE_E
618	93	ENTITY_INFO_E	166	ATTRIBUTE_E
619	93	ENTITY_INFO_E	32	ATTRIBUTE_E
620	93	ENTITY_INFO_E	169	ATTRIBUTE_E
621	93	ENTITY_INFO_E	31	ATTRIBUTE_E
622	93	ENTITY_INFO_E	168	ATTRIBUTE_E
623	93	ENTITY_INFO_E	171	ATTRIBUTE_E
624	93	ENTITY_INFO_E	170	ATTRIBUTE_E
625	93	ENTITY_INFO_E	172	ATTRIBUTE_E
626	93	ENTITY_INFO_E	167	ATTRIBUTE_E
627	93	ENTITY_INFO_E	165	ATTRIBUTE_E
628	93	ENTITY_INFO_E	164	ATTRIBUTE_E
629	93	ENTITY_INFO_E	200	ATTRIBUTE_E
630	93	ENTITY_INFO_E	230	ATTRIBUTE_E
631	93	ENTITY_INFO_E	229	ATTRIBUTE_E
633	94	ENTITY_INFO_E	271	ATTRIBUTE_E
634	94	ENTITY_INFO_E	4	ATTRIBUTE_E
635	94	ENTITY_INFO_E	97	ATTRIBUTE_E
636	94	ENTITY_INFO_E	100	ATTRIBUTE_E
637	94	ENTITY_INFO_E	299	ATTRIBUTE_E
638	94	ENTITY_INFO_E	165	ATTRIBUTE_E
639	94	ENTITY_INFO_E	164	ATTRIBUTE_E
640	94	ENTITY_INFO_E	174	ATTRIBUTE_E
641	94	ENTITY_INFO_E	173	ATTRIBUTE_E
642	94	ENTITY_INFO_E	3	ATTRIBUTE_E
643	94	ENTITY_INFO_E	2	ATTRIBUTE_E
644	94	ENTITY_INFO_E	298	ATTRIBUTE_E
645	94	ENTITY_INFO_E	32	ATTRIBUTE_E
646	94	ENTITY_INFO_E	31	ATTRIBUTE_E
647	94	ENTITY_INFO_E	297	ATTRIBUTE_E
648	94	ENTITY_INFO_E	171	ATTRIBUTE_E
649	94	ENTITY_INFO_E	296	ATTRIBUTE_E
650	94	ENTITY_INFO_E	170	ATTRIBUTE_E
651	94	ENTITY_INFO_E	172	ATTRIBUTE_E
652	94	ENTITY_INFO_E	168	ATTRIBUTE_E
653	94	ENTITY_INFO_E	169	ATTRIBUTE_E
654	94	ENTITY_INFO_E	167	ATTRIBUTE_E
655	94	ENTITY_INFO_E	166	ATTRIBUTE_E
656	94	ENTITY_INFO_E	295	ATTRIBUTE_E
657	94	ENTITY_INFO_E	294	ATTRIBUTE_E
660	95	ENTITY_INFO_E	231	ATTRIBUTE_E
661	95	ENTITY_INFO_E	117	ATTRIBUTE_E
662	95	ENTITY_INFO_E	115	ATTRIBUTE_E
663	95	ENTITY_INFO_E	114	ATTRIBUTE_E
664	95	ENTITY_INFO_E	113	ATTRIBUTE_E
665	95	ENTITY_INFO_E	32	ATTRIBUTE_E
666	95	ENTITY_INFO_E	31	ATTRIBUTE_E
669	96	ENTITY_INFO_E	32	ATTRIBUTE_E
670	96	ENTITY_INFO_E	31	ATTRIBUTE_E
671	96	ENTITY_INFO_E	171	ATTRIBUTE_E
672	96	ENTITY_INFO_E	170	ATTRIBUTE_E
673	96	ENTITY_INFO_E	172	ATTRIBUTE_E
674	96	ENTITY_INFO_E	2	ATTRIBUTE_E
675	96	ENTITY_INFO_E	3	ATTRIBUTE_E
676	96	ENTITY_INFO_E	169	ATTRIBUTE_E
677	96	ENTITY_INFO_E	168	ATTRIBUTE_E
678	96	ENTITY_INFO_E	167	ATTRIBUTE_E
679	96	ENTITY_INFO_E	165	ATTRIBUTE_E
680	96	ENTITY_INFO_E	164	ATTRIBUTE_E
681	96	ENTITY_INFO_E	166	ATTRIBUTE_E
682	96	ENTITY_INFO_E	174	ATTRIBUTE_E
683	96	ENTITY_INFO_E	173	ATTRIBUTE_E
689	98	ENTITY_INFO_E	244	ATTRIBUTE_E
690	98	ENTITY_INFO_E	243	ATTRIBUTE_E
691	98	ENTITY_INFO_E	242	ATTRIBUTE_E
692	98	ENTITY_INFO_E	32	ATTRIBUTE_E
693	98	ENTITY_INFO_E	31	ATTRIBUTE_E
694	99	ENTITY_INFO_E	170	ATTRIBUTE_E
695	99	ENTITY_INFO_E	171	ATTRIBUTE_E
696	99	ENTITY_INFO_E	172	ATTRIBUTE_E
697	99	ENTITY_INFO_E	31	ATTRIBUTE_E
698	99	ENTITY_INFO_E	32	ATTRIBUTE_E
699	99	ENTITY_INFO_E	168	ATTRIBUTE_E
700	99	ENTITY_INFO_E	169	ATTRIBUTE_E
701	99	ENTITY_INFO_E	167	ATTRIBUTE_E
702	99	ENTITY_INFO_E	166	ATTRIBUTE_E
703	99	ENTITY_INFO_E	165	ATTRIBUTE_E
704	99	ENTITY_INFO_E	164	ATTRIBUTE_E
705	99	ENTITY_INFO_E	174	ATTRIBUTE_E
706	99	ENTITY_INFO_E	173	ATTRIBUTE_E
707	99	ENTITY_INFO_E	2	ATTRIBUTE_E
708	99	ENTITY_INFO_E	3	ATTRIBUTE_E
714	101	ENTITY_INFO_E	165	ATTRIBUTE_E
715	101	ENTITY_INFO_E	200	ATTRIBUTE_E
716	101	ENTITY_INFO_E	230	ATTRIBUTE_E
717	101	ENTITY_INFO_E	164	ATTRIBUTE_E
718	101	ENTITY_INFO_E	229	ATTRIBUTE_E
719	101	ENTITY_INFO_E	31	ATTRIBUTE_E
720	101	ENTITY_INFO_E	166	ATTRIBUTE_E
721	101	ENTITY_INFO_E	167	ATTRIBUTE_E
722	101	ENTITY_INFO_E	172	ATTRIBUTE_E
723	101	ENTITY_INFO_E	32	ATTRIBUTE_E
724	101	ENTITY_INFO_E	171	ATTRIBUTE_E
725	101	ENTITY_INFO_E	170	ATTRIBUTE_E
726	101	ENTITY_INFO_E	169	ATTRIBUTE_E
727	101	ENTITY_INFO_E	168	ATTRIBUTE_E
731	102	ENTITY_INFO_E	3	ATTRIBUTE_E
732	102	ENTITY_INFO_E	2	ATTRIBUTE_E
733	102	ENTITY_INFO_E	174	ATTRIBUTE_E
734	102	ENTITY_INFO_E	173	ATTRIBUTE_E
735	102	ENTITY_INFO_E	31	ATTRIBUTE_E
736	102	ENTITY_INFO_E	171	ATTRIBUTE_E
737	102	ENTITY_INFO_E	170	ATTRIBUTE_E
738	102	ENTITY_INFO_E	169	ATTRIBUTE_E
739	102	ENTITY_INFO_E	168	ATTRIBUTE_E
740	102	ENTITY_INFO_E	172	ATTRIBUTE_E
741	102	ENTITY_INFO_E	167	ATTRIBUTE_E
742	102	ENTITY_INFO_E	166	ATTRIBUTE_E
743	102	ENTITY_INFO_E	165	ATTRIBUTE_E
744	102	ENTITY_INFO_E	164	ATTRIBUTE_E
745	102	ENTITY_INFO_E	32	ATTRIBUTE_E
753	103	ENTITY_INFO_E	32	ATTRIBUTE_E
754	103	ENTITY_INFO_E	31	ATTRIBUTE_E
755	103	ENTITY_INFO_E	117	ATTRIBUTE_E
756	103	ENTITY_INFO_E	116	ATTRIBUTE_E
757	103	ENTITY_INFO_E	115	ATTRIBUTE_E
758	103	ENTITY_INFO_E	114	ATTRIBUTE_E
759	103	ENTITY_INFO_E	113	ATTRIBUTE_E
762	104	ENTITY_INFO_E	32	ATTRIBUTE_E
763	104	ENTITY_INFO_E	31	ATTRIBUTE_E
764	104	ENTITY_INFO_E	118	ATTRIBUTE_E
802	109	ENTITY_INFO_E	108	ATTRIBUTE_E
803	109	ENTITY_INFO_E	107	ATTRIBUTE_E
804	109	ENTITY_INFO_E	106	ATTRIBUTE_E
805	109	ENTITY_INFO_E	137	ATTRIBUTE_E
806	109	ENTITY_INFO_E	136	ATTRIBUTE_E
812	112	ENTITY_INFO_E	105	ATTRIBUTE_E
813	112	ENTITY_INFO_E	111	ATTRIBUTE_E
814	112	ENTITY_INFO_E	110	ATTRIBUTE_E
827	119	ENTITY_INFO_E	462	ATTRIBUTE_E
828	119	ENTITY_INFO_E	468	ATTRIBUTE_E
829	119	ENTITY_INFO_E	463	ATTRIBUTE_E
830	119	ENTITY_INFO_E	458	ATTRIBUTE_E
831	119	ENTITY_INFO_E	459	ATTRIBUTE_E
832	119	ENTITY_INFO_E	166	ATTRIBUTE_E
833	119	ENTITY_INFO_E	295	ATTRIBUTE_E
834	119	ENTITY_INFO_E	294	ATTRIBUTE_E
835	119	ENTITY_INFO_E	297	ATTRIBUTE_E
836	119	ENTITY_INFO_E	296	ATTRIBUTE_E
837	119	ENTITY_INFO_E	464	ATTRIBUTE_E
838	119	ENTITY_INFO_E	168	ATTRIBUTE_E
839	119	ENTITY_INFO_E	172	ATTRIBUTE_E
840	119	ENTITY_INFO_E	461	ATTRIBUTE_E
841	119	ENTITY_INFO_E	169	ATTRIBUTE_E
842	119	ENTITY_INFO_E	167	ATTRIBUTE_E
843	119	ENTITY_INFO_E	465	ATTRIBUTE_E
844	119	ENTITY_INFO_E	165	ATTRIBUTE_E
845	119	ENTITY_INFO_E	164	ATTRIBUTE_E
846	119	ENTITY_INFO_E	298	ATTRIBUTE_E
847	119	ENTITY_INFO_E	460	ATTRIBUTE_E
848	119	ENTITY_INFO_E	467	ATTRIBUTE_E
849	119	ENTITY_INFO_E	466	ATTRIBUTE_E
850	119	ENTITY_INFO_E	32	ATTRIBUTE_E
851	119	ENTITY_INFO_E	31	ATTRIBUTE_E
852	119	ENTITY_INFO_E	171	ATTRIBUTE_E
853	119	ENTITY_INFO_E	170	ATTRIBUTE_E
861	120	ENTITY_INFO_E	32	ATTRIBUTE_E
862	120	ENTITY_INFO_E	31	ATTRIBUTE_E
863	120	ENTITY_INFO_E	171	ATTRIBUTE_E
864	120	ENTITY_INFO_E	170	ATTRIBUTE_E
865	120	ENTITY_INFO_E	172	ATTRIBUTE_E
866	120	ENTITY_INFO_E	169	ATTRIBUTE_E
867	120	ENTITY_INFO_E	168	ATTRIBUTE_E
868	120	ENTITY_INFO_E	316	ATTRIBUTE_E
869	120	ENTITY_INFO_E	317	ATTRIBUTE_E
870	120	ENTITY_INFO_E	314	ATTRIBUTE_E
871	120	ENTITY_INFO_E	315	ATTRIBUTE_E
872	120	ENTITY_INFO_E	313	ATTRIBUTE_E
873	120	ENTITY_INFO_E	312	ATTRIBUTE_E
874	120	ENTITY_INFO_E	311	ATTRIBUTE_E
878	122	ENTITY_INFO_E	295	ATTRIBUTE_E
879	122	ENTITY_INFO_E	294	ATTRIBUTE_E
880	122	ENTITY_INFO_E	297	ATTRIBUTE_E
881	122	ENTITY_INFO_E	298	ATTRIBUTE_E
882	122	ENTITY_INFO_E	296	ATTRIBUTE_E
883	122	ENTITY_INFO_E	171	ATTRIBUTE_E
884	122	ENTITY_INFO_E	170	ATTRIBUTE_E
885	122	ENTITY_INFO_E	172	ATTRIBUTE_E
886	122	ENTITY_INFO_E	168	ATTRIBUTE_E
887	122	ENTITY_INFO_E	169	ATTRIBUTE_E
888	122	ENTITY_INFO_E	167	ATTRIBUTE_E
889	122	ENTITY_INFO_E	165	ATTRIBUTE_E
890	122	ENTITY_INFO_E	164	ATTRIBUTE_E
891	122	ENTITY_INFO_E	166	ATTRIBUTE_E
892	122	ENTITY_INFO_E	32	ATTRIBUTE_E
893	122	ENTITY_INFO_E	31	ATTRIBUTE_E
900	123	ENTITY_INFO_E	147	ATTRIBUTE_E
901	123	ENTITY_INFO_E	486	ATTRIBUTE_E
902	123	ENTITY_INFO_E	485	ATTRIBUTE_E
911	127	ENTITY_INFO_E	126	ATTRIBUTE_E
912	127	ENTITY_INFO_E	125	ATTRIBUTE_E
917	130	ENTITY_INFO_E	129	ATTRIBUTE_E
918	130	ENTITY_INFO_E	128	ATTRIBUTE_E
928	134	ENTITY_INFO_E	133	ATTRIBUTE_E
929	134	ENTITY_INFO_E	105	ATTRIBUTE_E
932	135	ENTITY_INFO_E	133	ATTRIBUTE_E
933	135	ENTITY_INFO_E	105	ATTRIBUTE_E
934	135	ENTITY_INFO_E	132	ATTRIBUTE_E
949	142	ENTITY_INFO_E	141	ATTRIBUTE_E
950	142	ENTITY_INFO_E	140	ATTRIBUTE_E
951	142	ENTITY_INFO_E	139	ATTRIBUTE_E
965	148	ENTITY_INFO_E	147	ATTRIBUTE_E
966	148	ENTITY_INFO_E	672	ATTRIBUTE_E
967	148	ENTITY_INFO_E	671	ATTRIBUTE_E
971	149	ENTITY_INFO_E	147	ATTRIBUTE_E
972	149	ENTITY_INFO_E	631	ATTRIBUTE_E
973	149	ENTITY_INFO_E	630	ATTRIBUTE_E
976	150	ENTITY_INFO_E	147	ATTRIBUTE_E
977	150	ENTITY_INFO_E	610	ATTRIBUTE_E
978	150	ENTITY_INFO_E	609	ATTRIBUTE_E
980	151	ENTITY_INFO_E	147	ATTRIBUTE_E
981	151	ENTITY_INFO_E	146	ATTRIBUTE_E
985	152	ENTITY_INFO_E	147	ATTRIBUTE_E
986	152	ENTITY_INFO_E	559	ATTRIBUTE_E
987	152	ENTITY_INFO_E	558	ATTRIBUTE_E
997	153	ENTITY_INFO_E	534	ATTRIBUTE_E
998	153	ENTITY_INFO_E	533	ATTRIBUTE_E
999	153	ENTITY_INFO_E	147	ATTRIBUTE_E
1002	154	ENTITY_INFO_E	146	ATTRIBUTE_E
1003	154	ENTITY_INFO_E	147	ATTRIBUTE_E
1007	155	ENTITY_INFO_E	147	ATTRIBUTE_E
1008	155	ENTITY_INFO_E	350	ATTRIBUTE_E
1019	156	ENTITY_INFO_E	147	ATTRIBUTE_E
1020	156	ENTITY_INFO_E	146	ATTRIBUTE_E
1026	158	ENTITY_INFO_E	199	ATTRIBUTE_E
1031	159	ENTITY_INFO_E	157	ATTRIBUTE_E
1032	159	ENTITY_INFO_E	199	ATTRIBUTE_E
1038	162	ENTITY_INFO_E	684	ATTRIBUTE_E
1039	162	ENTITY_INFO_E	161	ATTRIBUTE_E
1040	163	ENTITY_INFO_E	161	ATTRIBUTE_E
1041	163	ENTITY_INFO_E	160	ATTRIBUTE_E
1097	191	ENTITY_INFO_E	183	ATTRIBUTE_E
1098	191	ENTITY_INFO_E	182	ATTRIBUTE_E
1099	191	ENTITY_INFO_E	178	ATTRIBUTE_E
1100	191	ENTITY_INFO_E	190	ATTRIBUTE_E
1101	191	ENTITY_INFO_E	189	ATTRIBUTE_E
1102	191	ENTITY_INFO_E	180	ATTRIBUTE_E
1103	191	ENTITY_INFO_E	176	ATTRIBUTE_E
1104	191	ENTITY_INFO_E	175	ATTRIBUTE_E
1105	191	ENTITY_INFO_E	187	ATTRIBUTE_E
1106	191	ENTITY_INFO_E	184	ATTRIBUTE_E
1107	191	ENTITY_INFO_E	186	ATTRIBUTE_E
1108	191	ENTITY_INFO_E	181	ATTRIBUTE_E
1109	191	ENTITY_INFO_E	185	ATTRIBUTE_E
1110	191	ENTITY_INFO_E	179	ATTRIBUTE_E
1111	191	ENTITY_INFO_E	177	ATTRIBUTE_E
1114	192	ENTITY_INFO_E	180	ATTRIBUTE_E
1115	192	ENTITY_INFO_E	178	ATTRIBUTE_E
1116	192	ENTITY_INFO_E	189	ATTRIBUTE_E
1117	192	ENTITY_INFO_E	190	ATTRIBUTE_E
1118	192	ENTITY_INFO_E	188	ATTRIBUTE_E
1119	192	ENTITY_INFO_E	175	ATTRIBUTE_E
1120	192	ENTITY_INFO_E	187	ATTRIBUTE_E
1121	192	ENTITY_INFO_E	184	ATTRIBUTE_E
1122	192	ENTITY_INFO_E	186	ATTRIBUTE_E
1123	192	ENTITY_INFO_E	183	ATTRIBUTE_E
1124	192	ENTITY_INFO_E	182	ATTRIBUTE_E
1125	192	ENTITY_INFO_E	181	ATTRIBUTE_E
1126	192	ENTITY_INFO_E	185	ATTRIBUTE_E
1127	192	ENTITY_INFO_E	179	ATTRIBUTE_E
1128	192	ENTITY_INFO_E	177	ATTRIBUTE_E
1129	192	ENTITY_INFO_E	176	ATTRIBUTE_E
1132	193	ENTITY_INFO_E	190	ATTRIBUTE_E
1133	193	ENTITY_INFO_E	189	ATTRIBUTE_E
1134	193	ENTITY_INFO_E	188	ATTRIBUTE_E
1135	193	ENTITY_INFO_E	187	ATTRIBUTE_E
1136	193	ENTITY_INFO_E	186	ATTRIBUTE_E
1137	193	ENTITY_INFO_E	184	ATTRIBUTE_E
1138	193	ENTITY_INFO_E	183	ATTRIBUTE_E
1139	193	ENTITY_INFO_E	182	ATTRIBUTE_E
1140	193	ENTITY_INFO_E	181	ATTRIBUTE_E
1141	193	ENTITY_INFO_E	185	ATTRIBUTE_E
1142	193	ENTITY_INFO_E	180	ATTRIBUTE_E
1143	193	ENTITY_INFO_E	179	ATTRIBUTE_E
1144	193	ENTITY_INFO_E	178	ATTRIBUTE_E
1145	193	ENTITY_INFO_E	177	ATTRIBUTE_E
1146	193	ENTITY_INFO_E	176	ATTRIBUTE_E
1147	193	ENTITY_INFO_E	175	ATTRIBUTE_E
1156	197	ENTITY_INFO_E	196	ATTRIBUTE_E
1163	198	ENTITY_INFO_E	196	ATTRIBUTE_E
1164	198	ENTITY_INFO_E	195	ATTRIBUTE_E
1165	198	ENTITY_INFO_E	194	ATTRIBUTE_E
1176	204	ENTITY_INFO_E	201	ATTRIBUTE_E
1177	204	ENTITY_INFO_E	517	ATTRIBUTE_E
1178	204	ENTITY_INFO_E	67	ATTRIBUTE_E
1179	204	ENTITY_INFO_E	246	ATTRIBUTE_E
1182	205	ENTITY_INFO_E	203	ATTRIBUTE_E
1183	205	ENTITY_INFO_E	202	ATTRIBUTE_E
1184	205	ENTITY_INFO_E	67	ATTRIBUTE_E
1185	205	ENTITY_INFO_E	201	ATTRIBUTE_E
1189	207	ENTITY_INFO_E	210	ATTRIBUTE_E
1190	207	ENTITY_INFO_E	538	ATTRIBUTE_E
1193	208	ENTITY_INFO_E	210	ATTRIBUTE_E
1195	209	ENTITY_INFO_E	389	ATTRIBUTE_E
1196	209	ENTITY_INFO_E	362	ATTRIBUTE_E
1197	209	ENTITY_INFO_E	347	ATTRIBUTE_E
1198	209	ENTITY_INFO_E	328	ATTRIBUTE_E
1199	209	ENTITY_INFO_E	996	ATTRIBUTE_E
1202	211	ENTITY_INFO_E	210	ATTRIBUTE_E
1208	212	ENTITY_INFO_E	210	ATTRIBUTE_E
1209	213	ENTITY_INFO_E	240	ATTRIBUTE_E
1210	213	ENTITY_INFO_E	105	ATTRIBUTE_E
1218	217	ENTITY_INFO_E	216	ATTRIBUTE_E
1219	217	ENTITY_INFO_E	215	ATTRIBUTE_E
1224	218	ENTITY_INFO_E	216	ATTRIBUTE_E
1225	218	ENTITY_INFO_E	215	ATTRIBUTE_E
1226	218	ENTITY_INFO_E	214	ATTRIBUTE_E
1241	225	ENTITY_INFO_E	220	ATTRIBUTE_E
1242	225	ENTITY_INFO_E	222	ATTRIBUTE_E
1243	225	ENTITY_INFO_E	221	ATTRIBUTE_E
1256	226	ENTITY_INFO_E	53	ATTRIBUTE_E
1257	226	ENTITY_INFO_E	52	ATTRIBUTE_E
1258	226	ENTITY_INFO_E	51	ATTRIBUTE_E
1260	227	ENTITY_INFO_E	224	ATTRIBUTE_E
1261	227	ENTITY_INFO_E	223	ATTRIBUTE_E
1262	227	ENTITY_INFO_E	51	ATTRIBUTE_E
1263	227	ENTITY_INFO_E	222	ATTRIBUTE_E
1264	227	ENTITY_INFO_E	221	ATTRIBUTE_E
1265	227	ENTITY_INFO_E	53	ATTRIBUTE_E
1266	227	ENTITY_INFO_E	220	ATTRIBUTE_E
1267	227	ENTITY_INFO_E	52	ATTRIBUTE_E
1283	234	ENTITY_INFO_E	318	ATTRIBUTE_E
1284	234	ENTITY_INFO_E	67	ATTRIBUTE_E
1285	234	ENTITY_INFO_E	246	ATTRIBUTE_E
1286	234	ENTITY_INFO_E	201	ATTRIBUTE_E
1289	235	ENTITY_INFO_E	233	ATTRIBUTE_E
1290	235	ENTITY_INFO_E	67	ATTRIBUTE_E
1291	235	ENTITY_INFO_E	201	ATTRIBUTE_E
1292	235	ENTITY_INFO_E	232	ATTRIBUTE_E
1297	238	ENTITY_INFO_E	389	ATTRIBUTE_E
1298	238	ENTITY_INFO_E	362	ATTRIBUTE_E
1299	238	ENTITY_INFO_E	347	ATTRIBUTE_E
1300	238	ENTITY_INFO_E	328	ATTRIBUTE_E
1301	238	ENTITY_INFO_E	591	ATTRIBUTE_E
1303	239	ENTITY_INFO_E	237	ATTRIBUTE_E
1304	239	ENTITY_INFO_E	236	ATTRIBUTE_E
1319	247	ENTITY_INFO_E	409	ATTRIBUTE_E
1320	247	ENTITY_INFO_E	67	ATTRIBUTE_E
1321	247	ENTITY_INFO_E	66	ATTRIBUTE_E
1322	247	ENTITY_INFO_E	412	ATTRIBUTE_E
1323	247	ENTITY_INFO_E	411	ATTRIBUTE_E
1324	247	ENTITY_INFO_E	410	ATTRIBUTE_E
1333	248	ENTITY_INFO_E	412	ATTRIBUTE_E
1334	248	ENTITY_INFO_E	66	ATTRIBUTE_E
1335	248	ENTITY_INFO_E	67	ATTRIBUTE_E
1338	249	ENTITY_INFO_E	67	ATTRIBUTE_E
1339	249	ENTITY_INFO_E	66	ATTRIBUTE_E
1340	249	ENTITY_INFO_E	412	ATTRIBUTE_E
1342	250	ENTITY_INFO_E	66	ATTRIBUTE_E
1343	250	ENTITY_INFO_E	412	ATTRIBUTE_E
1344	250	ENTITY_INFO_E	411	ATTRIBUTE_E
1345	250	ENTITY_INFO_E	410	ATTRIBUTE_E
1346	250	ENTITY_INFO_E	409	ATTRIBUTE_E
1347	250	ENTITY_INFO_E	67	ATTRIBUTE_E
1349	251	ENTITY_INFO_E	412	ATTRIBUTE_E
1350	251	ENTITY_INFO_E	411	ATTRIBUTE_E
1351	251	ENTITY_INFO_E	410	ATTRIBUTE_E
1352	251	ENTITY_INFO_E	409	ATTRIBUTE_E
1353	251	ENTITY_INFO_E	67	ATTRIBUTE_E
1354	251	ENTITY_INFO_E	66	ATTRIBUTE_E
1356	252	ENTITY_INFO_E	321	ATTRIBUTE_E
1357	252	ENTITY_INFO_E	320	ATTRIBUTE_E
1358	252	ENTITY_INFO_E	67	ATTRIBUTE_E
1359	252	ENTITY_INFO_E	66	ATTRIBUTE_E
1374	253	ENTITY_INFO_E	67	ATTRIBUTE_E
1375	253	ENTITY_INFO_E	246	ATTRIBUTE_E
1389	260	ENTITY_INFO_E	256	ATTRIBUTE_E
1390	260	ENTITY_INFO_E	259	ATTRIBUTE_E
1391	260	ENTITY_INFO_E	254	ATTRIBUTE_E
1392	260	ENTITY_INFO_E	286	ATTRIBUTE_E
1393	260	ENTITY_INFO_E	258	ATTRIBUTE_E
1394	260	ENTITY_INFO_E	287	ATTRIBUTE_E
1395	260	ENTITY_INFO_E	338	ATTRIBUTE_E
1396	260	ENTITY_INFO_E	337	ATTRIBUTE_E
1397	260	ENTITY_INFO_E	339	ATTRIBUTE_E
1398	260	ENTITY_INFO_E	257	ATTRIBUTE_E
1399	260	ENTITY_INFO_E	255	ATTRIBUTE_E
1402	261	ENTITY_INFO_E	422	ATTRIBUTE_E
1403	261	ENTITY_INFO_E	338	ATTRIBUTE_E
1404	261	ENTITY_INFO_E	337	ATTRIBUTE_E
1405	261	ENTITY_INFO_E	445	ATTRIBUTE_E
1406	261	ENTITY_INFO_E	257	ATTRIBUTE_E
1407	261	ENTITY_INFO_E	255	ATTRIBUTE_E
1408	261	ENTITY_INFO_E	287	ATTRIBUTE_E
1409	261	ENTITY_INFO_E	259	ATTRIBUTE_E
1410	261	ENTITY_INFO_E	254	ATTRIBUTE_E
1411	261	ENTITY_INFO_E	286	ATTRIBUTE_E
1412	261	ENTITY_INFO_E	256	ATTRIBUTE_E
1413	261	ENTITY_INFO_E	258	ATTRIBUTE_E
1414	261	ENTITY_INFO_E	339	ATTRIBUTE_E
1415	261	ENTITY_INFO_E	444	ATTRIBUTE_E
1416	261	ENTITY_INFO_E	443	ATTRIBUTE_E
1417	261	ENTITY_INFO_E	442	ATTRIBUTE_E
1418	261	ENTITY_INFO_E	441	ATTRIBUTE_E
1421	262	ENTITY_INFO_E	346	ATTRIBUTE_E
1422	262	ENTITY_INFO_E	345	ATTRIBUTE_E
1423	262	ENTITY_INFO_E	344	ATTRIBUTE_E
1424	262	ENTITY_INFO_E	343	ATTRIBUTE_E
1425	262	ENTITY_INFO_E	342	ATTRIBUTE_E
1426	262	ENTITY_INFO_E	340	ATTRIBUTE_E
1427	262	ENTITY_INFO_E	339	ATTRIBUTE_E
1428	262	ENTITY_INFO_E	338	ATTRIBUTE_E
1429	262	ENTITY_INFO_E	337	ATTRIBUTE_E
1430	262	ENTITY_INFO_E	341	ATTRIBUTE_E
1431	262	ENTITY_INFO_E	257	ATTRIBUTE_E
1432	262	ENTITY_INFO_E	287	ATTRIBUTE_E
1433	262	ENTITY_INFO_E	255	ATTRIBUTE_E
1434	262	ENTITY_INFO_E	259	ATTRIBUTE_E
1435	262	ENTITY_INFO_E	256	ATTRIBUTE_E
1436	262	ENTITY_INFO_E	254	ATTRIBUTE_E
1437	262	ENTITY_INFO_E	286	ATTRIBUTE_E
1438	262	ENTITY_INFO_E	258	ATTRIBUTE_E
1440	263	ENTITY_INFO_E	287	ATTRIBUTE_E
1445	264	ENTITY_INFO_E	259	ATTRIBUTE_E
1446	264	ENTITY_INFO_E	258	ATTRIBUTE_E
1447	264	ENTITY_INFO_E	257	ATTRIBUTE_E
1448	264	ENTITY_INFO_E	256	ATTRIBUTE_E
1449	264	ENTITY_INFO_E	255	ATTRIBUTE_E
1450	264	ENTITY_INFO_E	254	ATTRIBUTE_E
1451	264	ENTITY_INFO_E	287	ATTRIBUTE_E
1452	264	ENTITY_INFO_E	286	ATTRIBUTE_E
1463	266	ENTITY_INFO_E	199	ATTRIBUTE_E
1465	267	ENTITY_INFO_E	347	ATTRIBUTE_E
1466	267	ENTITY_INFO_E	328	ATTRIBUTE_E
1467	267	ENTITY_INFO_E	962	ATTRIBUTE_E
1468	267	ENTITY_INFO_E	389	ATTRIBUTE_E
1469	267	ENTITY_INFO_E	362	ATTRIBUTE_E
1471	268	ENTITY_INFO_E	199	ATTRIBUTE_E
1472	268	ENTITY_INFO_E	265	ATTRIBUTE_E
1475	270	ENTITY_INFO_E	269	ATTRIBUTE_E
1476	270	ENTITY_INFO_E	199	ATTRIBUTE_E
1495	279	ENTITY_INFO_E	272	ATTRIBUTE_E
1496	279	ENTITY_INFO_E	530	ATTRIBUTE_E
1497	279	ENTITY_INFO_E	277	ATTRIBUTE_E
1498	279	ENTITY_INFO_E	273	ATTRIBUTE_E
1499	279	ENTITY_INFO_E	278	ATTRIBUTE_E
1500	279	ENTITY_INFO_E	276	ATTRIBUTE_E
1501	279	ENTITY_INFO_E	275	ATTRIBUTE_E
1502	279	ENTITY_INFO_E	274	ATTRIBUTE_E
1505	280	ENTITY_INFO_E	290	ATTRIBUTE_E
1506	280	ENTITY_INFO_E	278	ATTRIBUTE_E
1507	280	ENTITY_INFO_E	274	ATTRIBUTE_E
1508	280	ENTITY_INFO_E	272	ATTRIBUTE_E
1509	280	ENTITY_INFO_E	293	ATTRIBUTE_E
1510	280	ENTITY_INFO_E	277	ATTRIBUTE_E
1511	280	ENTITY_INFO_E	273	ATTRIBUTE_E
1512	280	ENTITY_INFO_E	275	ATTRIBUTE_E
1513	280	ENTITY_INFO_E	276	ATTRIBUTE_E
1514	280	ENTITY_INFO_E	289	ATTRIBUTE_E
1515	280	ENTITY_INFO_E	292	ATTRIBUTE_E
1516	280	ENTITY_INFO_E	291	ATTRIBUTE_E
1517	281	ENTITY_INFO_E	272	ATTRIBUTE_E
1518	281	ENTITY_INFO_E	293	ATTRIBUTE_E
1519	281	ENTITY_INFO_E	292	ATTRIBUTE_E
1520	281	ENTITY_INFO_E	291	ATTRIBUTE_E
1521	281	ENTITY_INFO_E	290	ATTRIBUTE_E
1522	281	ENTITY_INFO_E	289	ATTRIBUTE_E
1523	281	ENTITY_INFO_E	277	ATTRIBUTE_E
1524	281	ENTITY_INFO_E	273	ATTRIBUTE_E
1525	281	ENTITY_INFO_E	278	ATTRIBUTE_E
1526	281	ENTITY_INFO_E	274	ATTRIBUTE_E
1527	281	ENTITY_INFO_E	276	ATTRIBUTE_E
1528	281	ENTITY_INFO_E	275	ATTRIBUTE_E
1534	282	ENTITY_INFO_E	293	ATTRIBUTE_E
1535	282	ENTITY_INFO_E	277	ATTRIBUTE_E
1536	282	ENTITY_INFO_E	291	ATTRIBUTE_E
1537	282	ENTITY_INFO_E	273	ATTRIBUTE_E
1538	282	ENTITY_INFO_E	278	ATTRIBUTE_E
1539	282	ENTITY_INFO_E	276	ATTRIBUTE_E
1540	282	ENTITY_INFO_E	275	ATTRIBUTE_E
1541	282	ENTITY_INFO_E	274	ATTRIBUTE_E
1542	282	ENTITY_INFO_E	272	ATTRIBUTE_E
1543	282	ENTITY_INFO_E	289	ATTRIBUTE_E
1544	282	ENTITY_INFO_E	292	ATTRIBUTE_E
1545	282	ENTITY_INFO_E	290	ATTRIBUTE_E
1546	283	ENTITY_INFO_E	277	ATTRIBUTE_E
1547	283	ENTITY_INFO_E	275	ATTRIBUTE_E
1548	283	ENTITY_INFO_E	273	ATTRIBUTE_E
1549	283	ENTITY_INFO_E	278	ATTRIBUTE_E
1550	283	ENTITY_INFO_E	274	ATTRIBUTE_E
1551	283	ENTITY_INFO_E	276	ATTRIBUTE_E
1552	283	ENTITY_INFO_E	272	ATTRIBUTE_E
1564	284	ENTITY_INFO_E	278	ATTRIBUTE_E
1565	284	ENTITY_INFO_E	277	ATTRIBUTE_E
1566	284	ENTITY_INFO_E	276	ATTRIBUTE_E
1567	284	ENTITY_INFO_E	275	ATTRIBUTE_E
1568	284	ENTITY_INFO_E	274	ATTRIBUTE_E
1569	284	ENTITY_INFO_E	273	ATTRIBUTE_E
1570	284	ENTITY_INFO_E	272	ATTRIBUTE_E
1582	288	ENTITY_INFO_E	277	ATTRIBUTE_E
1583	288	ENTITY_INFO_E	273	ATTRIBUTE_E
1584	288	ENTITY_INFO_E	278	ATTRIBUTE_E
1585	288	ENTITY_INFO_E	274	ATTRIBUTE_E
1586	288	ENTITY_INFO_E	276	ATTRIBUTE_E
1587	288	ENTITY_INFO_E	275	ATTRIBUTE_E
1588	288	ENTITY_INFO_E	272	ATTRIBUTE_E
1615	300	ENTITY_INFO_E	324	ATTRIBUTE_E
1616	300	ENTITY_INFO_E	323	ATTRIBUTE_E
1617	300	ENTITY_INFO_E	322	ATTRIBUTE_E
1622	303	ENTITY_INFO_E	302	ATTRIBUTE_E
1623	303	ENTITY_INFO_E	301	ATTRIBUTE_E
1624	304	ENTITY_INFO_E	666	ATTRIBUTE_E
1626	305	ENTITY_INFO_E	563	ATTRIBUTE_E
1632	308	ENTITY_INFO_E	307	ATTRIBUTE_E
1639	309	ENTITY_INFO_E	307	ATTRIBUTE_E
1664	319	ENTITY_INFO_E	67	ATTRIBUTE_E
1665	319	ENTITY_INFO_E	246	ATTRIBUTE_E
1666	319	ENTITY_INFO_E	493	ATTRIBUTE_E
1667	319	ENTITY_INFO_E	201	ATTRIBUTE_E
1680	326	ENTITY_INFO_E	325	ATTRIBUTE_E
1681	326	ENTITY_INFO_E	355	ATTRIBUTE_E
1682	326	ENTITY_INFO_E	354	ATTRIBUTE_E
1683	326	ENTITY_INFO_E	353	ATTRIBUTE_E
1684	326	ENTITY_INFO_E	352	ATTRIBUTE_E
1685	326	ENTITY_INFO_E	351	ATTRIBUTE_E
1700	334	ENTITY_INFO_E	333	ATTRIBUTE_E
1701	334	ENTITY_INFO_E	307	ATTRIBUTE_E
1702	334	ENTITY_INFO_E	332	ATTRIBUTE_E
1717	336	ENTITY_INFO_E	199	ATTRIBUTE_E
1771	363	ENTITY_INFO_E	361	ATTRIBUTE_E
1772	363	ENTITY_INFO_E	360	ATTRIBUTE_E
1773	363	ENTITY_INFO_E	359	ATTRIBUTE_E
1774	363	ENTITY_INFO_E	358	ATTRIBUTE_E
1775	363	ENTITY_INFO_E	357	ATTRIBUTE_E
1776	363	ENTITY_INFO_E	356	ATTRIBUTE_E
1777	363	ENTITY_INFO_E	382	ATTRIBUTE_E
1779	364	ENTITY_INFO_E	273	ATTRIBUTE_E
1780	364	ENTITY_INFO_E	277	ATTRIBUTE_E
1781	364	ENTITY_INFO_E	278	ATTRIBUTE_E
1782	364	ENTITY_INFO_E	274	ATTRIBUTE_E
1783	364	ENTITY_INFO_E	276	ATTRIBUTE_E
1784	364	ENTITY_INFO_E	275	ATTRIBUTE_E
1785	364	ENTITY_INFO_E	272	ATTRIBUTE_E
1786	364	ENTITY_INFO_E	535	ATTRIBUTE_E
1788	365	ENTITY_INFO_E	277	ATTRIBUTE_E
1789	365	ENTITY_INFO_E	273	ATTRIBUTE_E
1790	365	ENTITY_INFO_E	275	ATTRIBUTE_E
1791	365	ENTITY_INFO_E	276	ATTRIBUTE_E
1792	365	ENTITY_INFO_E	278	ATTRIBUTE_E
1793	365	ENTITY_INFO_E	274	ATTRIBUTE_E
1794	365	ENTITY_INFO_E	272	ATTRIBUTE_E
1798	366	ENTITY_INFO_E	273	ATTRIBUTE_E
1799	366	ENTITY_INFO_E	278	ATTRIBUTE_E
1800	366	ENTITY_INFO_E	276	ATTRIBUTE_E
1801	366	ENTITY_INFO_E	275	ATTRIBUTE_E
1802	366	ENTITY_INFO_E	274	ATTRIBUTE_E
1803	366	ENTITY_INFO_E	272	ATTRIBUTE_E
1804	366	ENTITY_INFO_E	277	ATTRIBUTE_E
1808	367	ENTITY_INFO_E	199	ATTRIBUTE_E
1810	368	ENTITY_INFO_E	611	ATTRIBUTE_E
1811	368	ENTITY_INFO_E	199	ATTRIBUTE_E
1813	369	ENTITY_INFO_E	199	ATTRIBUTE_E
1814	369	ENTITY_INFO_E	560	ATTRIBUTE_E
1816	370	ENTITY_INFO_E	199	ATTRIBUTE_E
1819	371	ENTITY_INFO_E	199	ATTRIBUTE_E
1820	371	ENTITY_INFO_E	395	ATTRIBUTE_E
1822	372	ENTITY_INFO_E	199	ATTRIBUTE_E
1859	375	ENTITY_INFO_E	374	ATTRIBUTE_E
1864	378	ENTITY_INFO_E	377	ATTRIBUTE_E
1865	378	ENTITY_INFO_E	376	ATTRIBUTE_E
1867	379	ENTITY_INFO_E	377	ATTRIBUTE_E
1868	379	ENTITY_INFO_E	376	ATTRIBUTE_E
1873	381	ENTITY_INFO_E	216	ATTRIBUTE_E
1874	381	ENTITY_INFO_E	215	ATTRIBUTE_E
1875	381	ENTITY_INFO_E	518	ATTRIBUTE_E
1879	383	ENTITY_INFO_E	24	ATTRIBUTE_E
1880	383	ENTITY_INFO_E	23	ATTRIBUTE_E
1881	383	ENTITY_INFO_E	57	ATTRIBUTE_E
1882	384	ENTITY_INFO_E	676	ATTRIBUTE_E
1883	384	ENTITY_INFO_E	675	ATTRIBUTE_E
1884	384	ENTITY_INFO_E	674	ATTRIBUTE_E
1885	384	ENTITY_INFO_E	673	ATTRIBUTE_E
1886	384	ENTITY_INFO_E	24	ATTRIBUTE_E
1889	385	ENTITY_INFO_E	24	ATTRIBUTE_E
1890	385	ENTITY_INFO_E	23	ATTRIBUTE_E
1891	385	ENTITY_INFO_E	57	ATTRIBUTE_E
1892	385	ENTITY_INFO_E	537	ATTRIBUTE_E
1893	386	ENTITY_INFO_E	24	ATTRIBUTE_E
1894	386	ENTITY_INFO_E	23	ATTRIBUTE_E
1895	386	ENTITY_INFO_E	57	ATTRIBUTE_E
1896	386	ENTITY_INFO_E	448	ATTRIBUTE_E
1897	386	ENTITY_INFO_E	447	ATTRIBUTE_E
1899	387	ENTITY_INFO_E	572	ATTRIBUTE_E
1907	390	ENTITY_INFO_E	407	ATTRIBUTE_E
1908	390	ENTITY_INFO_E	406	ATTRIBUTE_E
1909	390	ENTITY_INFO_E	405	ATTRIBUTE_E
1910	390	ENTITY_INFO_E	404	ATTRIBUTE_E
1917	394	ENTITY_INFO_E	393	ATTRIBUTE_E
1918	394	ENTITY_INFO_E	392	ATTRIBUTE_E
1919	394	ENTITY_INFO_E	391	ATTRIBUTE_E
1933	400	ENTITY_INFO_E	53	ATTRIBUTE_E
1934	400	ENTITY_INFO_E	52	ATTRIBUTE_E
1935	400	ENTITY_INFO_E	51	ATTRIBUTE_E
1936	401	ENTITY_INFO_E	105	ATTRIBUTE_E
1937	401	ENTITY_INFO_E	133	ATTRIBUTE_E
1938	401	ENTITY_INFO_E	440	ATTRIBUTE_E
1943	402	ENTITY_INFO_E	133	ATTRIBUTE_E
1944	402	ENTITY_INFO_E	438	ATTRIBUTE_E
1945	402	ENTITY_INFO_E	437	ATTRIBUTE_E
1946	402	ENTITY_INFO_E	105	ATTRIBUTE_E
1957	403	ENTITY_INFO_E	493	ATTRIBUTE_E
1968	408	ENTITY_INFO_E	419	ATTRIBUTE_E
1977	413	ENTITY_INFO_E	6	ATTRIBUTE_E
1978	413	ENTITY_INFO_E	5	ATTRIBUTE_E
1979	413	ENTITY_INFO_E	53	ATTRIBUTE_E
1980	413	ENTITY_INFO_E	11	ATTRIBUTE_E
1981	413	ENTITY_INFO_E	52	ATTRIBUTE_E
1982	413	ENTITY_INFO_E	51	ATTRIBUTE_E
1983	413	ENTITY_INFO_E	8	ATTRIBUTE_E
1984	413	ENTITY_INFO_E	10	ATTRIBUTE_E
1985	413	ENTITY_INFO_E	9	ATTRIBUTE_E
1994	417	ENTITY_INFO_E	416	ATTRIBUTE_E
1995	417	ENTITY_INFO_E	415	ATTRIBUTE_E
1996	417	ENTITY_INFO_E	414	ATTRIBUTE_E
2000	418	ENTITY_INFO_E	273	ATTRIBUTE_E
2001	418	ENTITY_INFO_E	278	ATTRIBUTE_E
2002	418	ENTITY_INFO_E	275	ATTRIBUTE_E
2003	418	ENTITY_INFO_E	272	ATTRIBUTE_E
2004	418	ENTITY_INFO_E	276	ATTRIBUTE_E
2005	418	ENTITY_INFO_E	277	ATTRIBUTE_E
2006	418	ENTITY_INFO_E	274	ATTRIBUTE_E
2010	420	ENTITY_INFO_E	691	ATTRIBUTE_E
2012	421	ENTITY_INFO_E	662	ATTRIBUTE_E
2018	424	ENTITY_INFO_E	423	ATTRIBUTE_E
2028	429	ENTITY_INFO_E	428	ATTRIBUTE_E
2029	429	ENTITY_INFO_E	427	ATTRIBUTE_E
2030	429	ENTITY_INFO_E	426	ATTRIBUTE_E
2043	435	ENTITY_INFO_E	53	ATTRIBUTE_E
2044	435	ENTITY_INFO_E	52	ATTRIBUTE_E
2045	435	ENTITY_INFO_E	51	ATTRIBUTE_E
2069	446	ENTITY_INFO_E	180	ATTRIBUTE_E
2070	446	ENTITY_INFO_E	178	ATTRIBUTE_E
2071	446	ENTITY_INFO_E	189	ATTRIBUTE_E
2072	446	ENTITY_INFO_E	187	ATTRIBUTE_E
2073	446	ENTITY_INFO_E	175	ATTRIBUTE_E
2074	446	ENTITY_INFO_E	184	ATTRIBUTE_E
2075	446	ENTITY_INFO_E	186	ATTRIBUTE_E
2076	446	ENTITY_INFO_E	181	ATTRIBUTE_E
2077	446	ENTITY_INFO_E	185	ATTRIBUTE_E
2078	446	ENTITY_INFO_E	183	ATTRIBUTE_E
2079	446	ENTITY_INFO_E	182	ATTRIBUTE_E
2080	446	ENTITY_INFO_E	179	ATTRIBUTE_E
2081	446	ENTITY_INFO_E	190	ATTRIBUTE_E
2082	446	ENTITY_INFO_E	177	ATTRIBUTE_E
2083	446	ENTITY_INFO_E	176	ATTRIBUTE_E
2088	449	ENTITY_INFO_E	53	ATTRIBUTE_E
2089	449	ENTITY_INFO_E	52	ATTRIBUTE_E
2090	449	ENTITY_INFO_E	51	ATTRIBUTE_E
2091	449	ENTITY_INFO_E	9	ATTRIBUTE_E
2092	449	ENTITY_INFO_E	10	ATTRIBUTE_E
2093	449	ENTITY_INFO_E	11	ATTRIBUTE_E
2094	449	ENTITY_INFO_E	8	ATTRIBUTE_E
2095	449	ENTITY_INFO_E	6	ATTRIBUTE_E
2096	449	ENTITY_INFO_E	5	ATTRIBUTE_E
2108	450	ENTITY_INFO_E	105	ATTRIBUTE_E
2113	453	ENTITY_INFO_E	452	ATTRIBUTE_E
2114	453	ENTITY_INFO_E	451	ATTRIBUTE_E
2118	455	ENTITY_INFO_E	307	ATTRIBUTE_E
2119	455	ENTITY_INFO_E	454	ATTRIBUTE_E
2147	469	ENTITY_INFO_E	67	ATTRIBUTE_E
2148	469	ENTITY_INFO_E	246	ATTRIBUTE_E
2175	483	ENTITY_INFO_E	482	ATTRIBUTE_E
2176	483	ENTITY_INFO_E	481	ATTRIBUTE_E
2194	491	ENTITY_INFO_E	490	ATTRIBUTE_E
2195	492	ENTITY_INFO_E	515	ATTRIBUTE_E
2196	492	ENTITY_INFO_E	514	ATTRIBUTE_E
2216	503	ENTITY_INFO_E	502	ATTRIBUTE_E
2217	503	ENTITY_INFO_E	501	ATTRIBUTE_E
2221	504	ENTITY_INFO_E	502	ATTRIBUTE_E
2222	504	ENTITY_INFO_E	501	ATTRIBUTE_E
2223	504	ENTITY_INFO_E	500	ATTRIBUTE_E
2224	504	ENTITY_INFO_E	499	ATTRIBUTE_E
2225	504	ENTITY_INFO_E	498	ATTRIBUTE_E
2226	504	ENTITY_INFO_E	497	ATTRIBUTE_E
2227	504	ENTITY_INFO_E	496	ATTRIBUTE_E
2228	504	ENTITY_INFO_E	495	ATTRIBUTE_E
2237	508	ENTITY_INFO_E	307	ATTRIBUTE_E
2238	508	ENTITY_INFO_E	507	ATTRIBUTE_E
2239	508	ENTITY_INFO_E	506	ATTRIBUTE_E
2244	511	ENTITY_INFO_E	510	ATTRIBUTE_E
2245	511	ENTITY_INFO_E	509	ATTRIBUTE_E
2247	512	ENTITY_INFO_E	681	ATTRIBUTE_E
2248	512	ENTITY_INFO_E	680	ATTRIBUTE_E
2249	513	ENTITY_INFO_E	634	ATTRIBUTE_E
2255	516	ENTITY_INFO_E	307	ATTRIBUTE_E
2256	516	ENTITY_INFO_E	547	ATTRIBUTE_E
2276	525	ENTITY_INFO_E	524	ATTRIBUTE_E
2277	525	ENTITY_INFO_E	523	ATTRIBUTE_E
2278	525	ENTITY_INFO_E	522	ATTRIBUTE_E
2279	525	ENTITY_INFO_E	521	ATTRIBUTE_E
2280	526	ENTITY_INFO_E	677	ATTRIBUTE_E
2286	529	ENTITY_INFO_E	528	ATTRIBUTE_E
2287	529	ENTITY_INFO_E	527	ATTRIBUTE_E
2309	540	ENTITY_INFO_E	539	ATTRIBUTE_E
2310	541	ENTITY_INFO_E	53	ATTRIBUTE_E
2311	541	ENTITY_INFO_E	52	ATTRIBUTE_E
2312	541	ENTITY_INFO_E	51	ATTRIBUTE_E
2314	542	ENTITY_INFO_E	52	ATTRIBUTE_E
2315	542	ENTITY_INFO_E	51	ATTRIBUTE_E
2316	542	ENTITY_INFO_E	53	ATTRIBUTE_E
2325	546	ENTITY_INFO_E	545	ATTRIBUTE_E
2326	546	ENTITY_INFO_E	544	ATTRIBUTE_E
2327	546	ENTITY_INFO_E	543	ATTRIBUTE_E
2334	550	ENTITY_INFO_E	575	ATTRIBUTE_E
2335	550	ENTITY_INFO_E	601	ATTRIBUTE_E
2336	550	ENTITY_INFO_E	564	ATTRIBUTE_E
2337	551	ENTITY_INFO_E	549	ATTRIBUTE_E
2338	551	ENTITY_INFO_E	548	ATTRIBUTE_E
2358	561	ENTITY_INFO_E	389	ATTRIBUTE_E
2359	561	ENTITY_INFO_E	362	ATTRIBUTE_E
2360	561	ENTITY_INFO_E	595	ATTRIBUTE_E
2361	561	ENTITY_INFO_E	569	ATTRIBUTE_E
2364	562	ENTITY_INFO_E	274	ATTRIBUTE_E
2365	562	ENTITY_INFO_E	276	ATTRIBUTE_E
2366	562	ENTITY_INFO_E	272	ATTRIBUTE_E
2367	562	ENTITY_INFO_E	273	ATTRIBUTE_E
2368	562	ENTITY_INFO_E	278	ATTRIBUTE_E
2369	562	ENTITY_INFO_E	275	ATTRIBUTE_E
2370	562	ENTITY_INFO_E	277	ATTRIBUTE_E
2385	570	ENTITY_INFO_E	567	ATTRIBUTE_E
2386	570	ENTITY_INFO_E	566	ATTRIBUTE_E
2391	573	ENTITY_INFO_E	602	ATTRIBUTE_E
2392	573	ENTITY_INFO_E	600	ATTRIBUTE_E
2395	574	ENTITY_INFO_E	661	ATTRIBUTE_E
2402	578	ENTITY_INFO_E	576	ATTRIBUTE_E
2435	594	ENTITY_INFO_E	389	ATTRIBUTE_E
2436	594	ENTITY_INFO_E	362	ATTRIBUTE_E
2437	594	ENTITY_INFO_E	568	ATTRIBUTE_E
2442	596	ENTITY_INFO_E	593	ATTRIBUTE_E
2443	596	ENTITY_INFO_E	592	ATTRIBUTE_E
2444	596	ENTITY_INFO_E	590	ATTRIBUTE_E
2445	596	ENTITY_INFO_E	589	ATTRIBUTE_E
2446	596	ENTITY_INFO_E	588	ATTRIBUTE_E
2447	596	ENTITY_INFO_E	586	ATTRIBUTE_E
2448	596	ENTITY_INFO_E	585	ATTRIBUTE_E
2449	596	ENTITY_INFO_E	584	ATTRIBUTE_E
2450	596	ENTITY_INFO_E	583	ATTRIBUTE_E
2451	596	ENTITY_INFO_E	587	ATTRIBUTE_E
2452	596	ENTITY_INFO_E	582	ATTRIBUTE_E
2453	596	ENTITY_INFO_E	581	ATTRIBUTE_E
2458	599	ENTITY_INFO_E	598	ATTRIBUTE_E
2459	599	ENTITY_INFO_E	597	ATTRIBUTE_E
2466	603	ENTITY_INFO_E	602	ATTRIBUTE_E
2470	604	ENTITY_INFO_E	620	ATTRIBUTE_E
2471	604	ENTITY_INFO_E	619	ATTRIBUTE_E
2492	615	ENTITY_INFO_E	614	ATTRIBUTE_E
2493	615	ENTITY_INFO_E	613	ATTRIBUTE_E
2498	618	ENTITY_INFO_E	617	ATTRIBUTE_E
2499	618	ENTITY_INFO_E	616	ATTRIBUTE_E
2506	622	ENTITY_INFO_E	647	ATTRIBUTE_E
2507	622	ENTITY_INFO_E	646	ATTRIBUTE_E
2508	622	ENTITY_INFO_E	645	ATTRIBUTE_E
2519	627	ENTITY_INFO_E	625	ATTRIBUTE_E
2520	627	ENTITY_INFO_E	624	ATTRIBUTE_E
2521	627	ENTITY_INFO_E	623	ATTRIBUTE_E
2552	643	ENTITY_INFO_E	641	ATTRIBUTE_E
2553	643	ENTITY_INFO_E	640	ATTRIBUTE_E
2554	643	ENTITY_INFO_E	637	ATTRIBUTE_E
2555	643	ENTITY_INFO_E	636	ATTRIBUTE_E
2556	643	ENTITY_INFO_E	635	ATTRIBUTE_E
2557	643	ENTITY_INFO_E	639	ATTRIBUTE_E
2558	643	ENTITY_INFO_E	642	ATTRIBUTE_E
2561	644	ENTITY_INFO_E	642	ATTRIBUTE_E
2562	644	ENTITY_INFO_E	641	ATTRIBUTE_E
2563	644	ENTITY_INFO_E	640	ATTRIBUTE_E
2564	644	ENTITY_INFO_E	639	ATTRIBUTE_E
2565	644	ENTITY_INFO_E	638	ATTRIBUTE_E
2566	644	ENTITY_INFO_E	637	ATTRIBUTE_E
2567	644	ENTITY_INFO_E	636	ATTRIBUTE_E
2568	644	ENTITY_INFO_E	635	ATTRIBUTE_E
2583	651	ENTITY_INFO_E	650	ATTRIBUTE_E
2590	655	ENTITY_INFO_E	654	ATTRIBUTE_E
2591	655	ENTITY_INFO_E	653	ATTRIBUTE_E
2592	655	ENTITY_INFO_E	652	ATTRIBUTE_E
2601	660	ENTITY_INFO_E	659	ATTRIBUTE_E
2602	660	ENTITY_INFO_E	658	ATTRIBUTE_E
2603	660	ENTITY_INFO_E	657	ATTRIBUTE_E
2604	660	ENTITY_INFO_E	656	ATTRIBUTE_E
2609	664	ENTITY_INFO_E	602	ATTRIBUTE_E
2610	664	ENTITY_INFO_E	683	ATTRIBUTE_E
2611	664	ENTITY_INFO_E	682	ATTRIBUTE_E
2613	665	ENTITY_INFO_E	602	ATTRIBUTE_E
2614	665	ENTITY_INFO_E	679	ATTRIBUTE_E
2615	665	ENTITY_INFO_E	678	ATTRIBUTE_E
2619	667	ENTITY_INFO_E	636	ATTRIBUTE_E
2620	667	ENTITY_INFO_E	635	ATTRIBUTE_E
2621	667	ENTITY_INFO_E	641	ATTRIBUTE_E
2622	667	ENTITY_INFO_E	639	ATTRIBUTE_E
2623	667	ENTITY_INFO_E	642	ATTRIBUTE_E
2624	667	ENTITY_INFO_E	640	ATTRIBUTE_E
2625	667	ENTITY_INFO_E	637	ATTRIBUTE_E
2669	689	ENTITY_INFO_E	688	ATTRIBUTE_E
2670	689	ENTITY_INFO_E	687	ATTRIBUTE_E
2671	689	ENTITY_INFO_E	686	ATTRIBUTE_E
2672	689	ENTITY_INFO_E	685	ATTRIBUTE_E
3336	961	ENTITY_INFO_E	982	ATTRIBUTE_E
3337	961	ENTITY_INFO_E	981	ATTRIBUTE_E
3338	961	ENTITY_INFO_E	980	ATTRIBUTE_E
3339	961	ENTITY_INFO_E	979	ATTRIBUTE_E
3340	961	ENTITY_INFO_E	978	ATTRIBUTE_E
3341	961	ENTITY_INFO_E	977	ATTRIBUTE_E
3357	968	ENTITY_INFO_E	389	ATTRIBUTE_E
3358	968	ENTITY_INFO_E	362	ATTRIBUTE_E
3359	968	ENTITY_INFO_E	967	ATTRIBUTE_E
3360	968	ENTITY_INFO_E	966	ATTRIBUTE_E
3361	968	ENTITY_INFO_E	965	ATTRIBUTE_E
3362	968	ENTITY_INFO_E	964	ATTRIBUTE_E
3363	968	ENTITY_INFO_E	963	ATTRIBUTE_E
3370	971	ENTITY_INFO_E	970	ATTRIBUTE_E
3371	971	ENTITY_INFO_E	969	ATTRIBUTE_E
3372	971	ENTITY_INFO_E	389	ATTRIBUTE_E
3373	971	ENTITY_INFO_E	362	ATTRIBUTE_E
3380	975	ENTITY_INFO_E	974	ATTRIBUTE_E
3381	975	ENTITY_INFO_E	973	ATTRIBUTE_E
3396	983	ENTITY_INFO_E	976	ATTRIBUTE_E
3397	983	ENTITY_INFO_E	982	ATTRIBUTE_E
3398	983	ENTITY_INFO_E	981	ATTRIBUTE_E
3399	983	ENTITY_INFO_E	980	ATTRIBUTE_E
3400	983	ENTITY_INFO_E	977	ATTRIBUTE_E
3401	983	ENTITY_INFO_E	979	ATTRIBUTE_E
3402	983	ENTITY_INFO_E	978	ATTRIBUTE_E
3404	984	ENTITY_INFO_E	980	ATTRIBUTE_E
3405	984	ENTITY_INFO_E	979	ATTRIBUTE_E
3406	984	ENTITY_INFO_E	977	ATTRIBUTE_E
3407	984	ENTITY_INFO_E	978	ATTRIBUTE_E
3408	984	ENTITY_INFO_E	982	ATTRIBUTE_E
3409	984	ENTITY_INFO_E	981	ATTRIBUTE_E
3412	985	ENTITY_INFO_E	978	ATTRIBUTE_E
3413	985	ENTITY_INFO_E	982	ATTRIBUTE_E
3414	985	ENTITY_INFO_E	981	ATTRIBUTE_E
3415	985	ENTITY_INFO_E	980	ATTRIBUTE_E
3416	985	ENTITY_INFO_E	995	ATTRIBUTE_E
3417	985	ENTITY_INFO_E	977	ATTRIBUTE_E
3418	985	ENTITY_INFO_E	979	ATTRIBUTE_E
\.


--
-- Data for Name: entity_info_2_inv; Type: TABLE DATA; Schema: public; Owner: postgres
--

COPY entity_info_2_inv (rid, rid_s, tablename_s, rid_d, tablename_d) FROM stdin;
275	68	ENTITY_INFO_E	245	INV_ATTRIBUTE_E
577	90	ENTITY_INFO_E	396	INV_ATTRIBUTE_E
687	98	ENTITY_INFO_E	241	INV_ATTRIBUTE_E
948	142	ENTITY_INFO_E	138	INV_ATTRIBUTE_E
962	148	ENTITY_INFO_E	669	INV_ATTRIBUTE_E
968	149	ENTITY_INFO_E	628	INV_ATTRIBUTE_E
979	150	ENTITY_INFO_E	607	INV_ATTRIBUTE_E
988	152	ENTITY_INFO_E	554	INV_ATTRIBUTE_E
989	152	ENTITY_INFO_E	553	INV_ATTRIBUTE_E
990	152	ENTITY_INFO_E	552	INV_ATTRIBUTE_E
1000	153	ENTITY_INFO_E	531	INV_ATTRIBUTE_E
1021	156	ENTITY_INFO_E	144	INV_ATTRIBUTE_E
1022	156	ENTITY_INFO_E	143	INV_ATTRIBUTE_E
1206	211	ENTITY_INFO_E	206	INV_ATTRIBUTE_E
1222	217	ENTITY_INFO_E	380	INV_ATTRIBUTE_E
2191	491	ENTITY_INFO_E	487	INV_ATTRIBUTE_E
2219	503	ENTITY_INFO_E	632	INV_ATTRIBUTE_E
2274	525	ENTITY_INFO_E	519	INV_ATTRIBUTE_E
\.


--
-- Data for Name: entity_info_2_subtypes; Type: TABLE DATA; Schema: public; Owner: postgres
--

COPY entity_info_2_subtypes (rid, rid_s, tablename_s, rid_d, tablename_d) FROM stdin;
22	12	ENTITY_INFO_E	54	ENTITY_INFO_E
23	12	ENTITY_INFO_E	413	ENTITY_INFO_E
24	12	ENTITY_INFO_E	449	ENTITY_INFO_E
54	18	ENTITY_INFO_E	19	ENTITY_INFO_E
59	20	ENTITY_INFO_E	40	ENTITY_INFO_E
60	20	ENTITY_INFO_E	41	ENTITY_INFO_E
74	21	ENTITY_INFO_E	13	ENTITY_INFO_E
75	21	ENTITY_INFO_E	22	ENTITY_INFO_E
76	21	ENTITY_INFO_E	209	ENTITY_INFO_E
77	21	ENTITY_INFO_E	238	ENTITY_INFO_E
78	21	ENTITY_INFO_E	267	ENTITY_INFO_E
79	21	ENTITY_INFO_E	561	ENTITY_INFO_E
80	21	ENTITY_INFO_E	594	ENTITY_INFO_E
81	21	ENTITY_INFO_E	968	ENTITY_INFO_E
82	21	ENTITY_INFO_E	971	ENTITY_INFO_E
83	22	ENTITY_INFO_E	13	ENTITY_INFO_E
84	22	ENTITY_INFO_E	209	ENTITY_INFO_E
85	22	ENTITY_INFO_E	238	ENTITY_INFO_E
86	22	ENTITY_INFO_E	267	ENTITY_INFO_E
96	25	ENTITY_INFO_E	26	ENTITY_INFO_E
97	25	ENTITY_INFO_E	383	ENTITY_INFO_E
98	25	ENTITY_INFO_E	384	ENTITY_INFO_E
99	25	ENTITY_INFO_E	385	ENTITY_INFO_E
100	25	ENTITY_INFO_E	386	ENTITY_INFO_E
158	42	ENTITY_INFO_E	20	ENTITY_INFO_E
159	42	ENTITY_INFO_E	40	ENTITY_INFO_E
160	42	ENTITY_INFO_E	41	ENTITY_INFO_E
169	43	ENTITY_INFO_E	44	ENTITY_INFO_E
170	43	ENTITY_INFO_E	71	ENTITY_INFO_E
171	43	ENTITY_INFO_E	72	ENTITY_INFO_E
172	43	ENTITY_INFO_E	73	ENTITY_INFO_E
173	43	ENTITY_INFO_E	74	ENTITY_INFO_E
174	43	ENTITY_INFO_E	75	ENTITY_INFO_E
175	43	ENTITY_INFO_E	76	ENTITY_INFO_E
176	43	ENTITY_INFO_E	77	ENTITY_INFO_E
177	43	ENTITY_INFO_E	78	ENTITY_INFO_E
178	43	ENTITY_INFO_E	79	ENTITY_INFO_E
179	43	ENTITY_INFO_E	512	ENTITY_INFO_E
180	43	ENTITY_INFO_E	513	ENTITY_INFO_E
182	44	ENTITY_INFO_E	71	ENTITY_INFO_E
183	44	ENTITY_INFO_E	72	ENTITY_INFO_E
184	44	ENTITY_INFO_E	73	ENTITY_INFO_E
185	44	ENTITY_INFO_E	74	ENTITY_INFO_E
186	44	ENTITY_INFO_E	75	ENTITY_INFO_E
187	44	ENTITY_INFO_E	76	ENTITY_INFO_E
188	44	ENTITY_INFO_E	77	ENTITY_INFO_E
189	44	ENTITY_INFO_E	78	ENTITY_INFO_E
190	44	ENTITY_INFO_E	79	ENTITY_INFO_E
197	47	ENTITY_INFO_E	48	ENTITY_INFO_E
227	55	ENTITY_INFO_E	12	ENTITY_INFO_E
228	55	ENTITY_INFO_E	54	ENTITY_INFO_E
229	55	ENTITY_INFO_E	56	ENTITY_INFO_E
230	55	ENTITY_INFO_E	400	ENTITY_INFO_E
231	55	ENTITY_INFO_E	413	ENTITY_INFO_E
232	55	ENTITY_INFO_E	435	ENTITY_INFO_E
233	55	ENTITY_INFO_E	449	ENTITY_INFO_E
235	56	ENTITY_INFO_E	54	ENTITY_INFO_E
246	59	ENTITY_INFO_E	58	ENTITY_INFO_E
247	59	ENTITY_INFO_E	60	ENTITY_INFO_E
248	59	ENTITY_INFO_E	112	ENTITY_INFO_E
249	59	ENTITY_INFO_E	134	ENTITY_INFO_E
250	59	ENTITY_INFO_E	135	ENTITY_INFO_E
251	59	ENTITY_INFO_E	213	ENTITY_INFO_E
252	59	ENTITY_INFO_E	401	ENTITY_INFO_E
253	59	ENTITY_INFO_E	402	ENTITY_INFO_E
257	60	ENTITY_INFO_E	58	ENTITY_INFO_E
277	68	ENTITY_INFO_E	69	ENTITY_INFO_E
278	68	ENTITY_INFO_E	247	ENTITY_INFO_E
279	68	ENTITY_INFO_E	248	ENTITY_INFO_E
280	68	ENTITY_INFO_E	249	ENTITY_INFO_E
281	68	ENTITY_INFO_E	250	ENTITY_INFO_E
282	68	ENTITY_INFO_E	251	ENTITY_INFO_E
283	68	ENTITY_INFO_E	252	ENTITY_INFO_E
306	76	ENTITY_INFO_E	73	ENTITY_INFO_E
307	76	ENTITY_INFO_E	74	ENTITY_INFO_E
308	76	ENTITY_INFO_E	78	ENTITY_INFO_E
360	82	ENTITY_INFO_E	80	ENTITY_INFO_E
361	82	ENTITY_INFO_E	81	ENTITY_INFO_E
362	82	ENTITY_INFO_E	91	ENTITY_INFO_E
363	82	ENTITY_INFO_E	120	ENTITY_INFO_E
375	83	ENTITY_INFO_E	80	ENTITY_INFO_E
376	83	ENTITY_INFO_E	81	ENTITY_INFO_E
377	83	ENTITY_INFO_E	82	ENTITY_INFO_E
378	83	ENTITY_INFO_E	84	ENTITY_INFO_E
379	83	ENTITY_INFO_E	85	ENTITY_INFO_E
380	83	ENTITY_INFO_E	86	ENTITY_INFO_E
381	83	ENTITY_INFO_E	87	ENTITY_INFO_E
382	83	ENTITY_INFO_E	88	ENTITY_INFO_E
383	83	ENTITY_INFO_E	89	ENTITY_INFO_E
384	83	ENTITY_INFO_E	90	ENTITY_INFO_E
385	83	ENTITY_INFO_E	91	ENTITY_INFO_E
386	83	ENTITY_INFO_E	93	ENTITY_INFO_E
387	83	ENTITY_INFO_E	94	ENTITY_INFO_E
388	83	ENTITY_INFO_E	96	ENTITY_INFO_E
389	83	ENTITY_INFO_E	99	ENTITY_INFO_E
390	83	ENTITY_INFO_E	101	ENTITY_INFO_E
391	83	ENTITY_INFO_E	102	ENTITY_INFO_E
392	83	ENTITY_INFO_E	119	ENTITY_INFO_E
393	83	ENTITY_INFO_E	120	ENTITY_INFO_E
394	83	ENTITY_INFO_E	122	ENTITY_INFO_E
395	84	ENTITY_INFO_E	88	ENTITY_INFO_E
478	87	ENTITY_INFO_E	85	ENTITY_INFO_E
479	87	ENTITY_INFO_E	119	ENTITY_INFO_E
555	89	ENTITY_INFO_E	86	ENTITY_INFO_E
556	89	ENTITY_INFO_E	88	ENTITY_INFO_E
557	89	ENTITY_INFO_E	94	ENTITY_INFO_E
578	90	ENTITY_INFO_E	84	ENTITY_INFO_E
579	90	ENTITY_INFO_E	85	ENTITY_INFO_E
580	90	ENTITY_INFO_E	86	ENTITY_INFO_E
581	90	ENTITY_INFO_E	87	ENTITY_INFO_E
582	90	ENTITY_INFO_E	88	ENTITY_INFO_E
583	90	ENTITY_INFO_E	89	ENTITY_INFO_E
584	90	ENTITY_INFO_E	93	ENTITY_INFO_E
585	90	ENTITY_INFO_E	94	ENTITY_INFO_E
586	90	ENTITY_INFO_E	96	ENTITY_INFO_E
587	90	ENTITY_INFO_E	99	ENTITY_INFO_E
588	90	ENTITY_INFO_E	101	ENTITY_INFO_E
589	90	ENTITY_INFO_E	102	ENTITY_INFO_E
590	90	ENTITY_INFO_E	119	ENTITY_INFO_E
591	90	ENTITY_INFO_E	122	ENTITY_INFO_E
668	96	ENTITY_INFO_E	86	ENTITY_INFO_E
709	99	ENTITY_INFO_E	94	ENTITY_INFO_E
729	101	ENTITY_INFO_E	93	ENTITY_INFO_E
746	102	ENTITY_INFO_E	84	ENTITY_INFO_E
747	102	ENTITY_INFO_E	86	ENTITY_INFO_E
748	102	ENTITY_INFO_E	88	ENTITY_INFO_E
749	102	ENTITY_INFO_E	89	ENTITY_INFO_E
750	102	ENTITY_INFO_E	94	ENTITY_INFO_E
751	102	ENTITY_INFO_E	96	ENTITY_INFO_E
752	102	ENTITY_INFO_E	99	ENTITY_INFO_E
760	103	ENTITY_INFO_E	95	ENTITY_INFO_E
765	104	ENTITY_INFO_E	20	ENTITY_INFO_E
766	104	ENTITY_INFO_E	40	ENTITY_INFO_E
767	104	ENTITY_INFO_E	41	ENTITY_INFO_E
768	104	ENTITY_INFO_E	42	ENTITY_INFO_E
769	104	ENTITY_INFO_E	80	ENTITY_INFO_E
770	104	ENTITY_INFO_E	81	ENTITY_INFO_E
771	104	ENTITY_INFO_E	82	ENTITY_INFO_E
772	104	ENTITY_INFO_E	83	ENTITY_INFO_E
773	104	ENTITY_INFO_E	84	ENTITY_INFO_E
774	104	ENTITY_INFO_E	85	ENTITY_INFO_E
775	104	ENTITY_INFO_E	86	ENTITY_INFO_E
776	104	ENTITY_INFO_E	87	ENTITY_INFO_E
777	104	ENTITY_INFO_E	88	ENTITY_INFO_E
778	104	ENTITY_INFO_E	89	ENTITY_INFO_E
779	104	ENTITY_INFO_E	90	ENTITY_INFO_E
780	104	ENTITY_INFO_E	91	ENTITY_INFO_E
781	104	ENTITY_INFO_E	92	ENTITY_INFO_E
782	104	ENTITY_INFO_E	93	ENTITY_INFO_E
783	104	ENTITY_INFO_E	94	ENTITY_INFO_E
784	104	ENTITY_INFO_E	95	ENTITY_INFO_E
785	104	ENTITY_INFO_E	96	ENTITY_INFO_E
786	104	ENTITY_INFO_E	98	ENTITY_INFO_E
787	104	ENTITY_INFO_E	99	ENTITY_INFO_E
788	104	ENTITY_INFO_E	101	ENTITY_INFO_E
789	104	ENTITY_INFO_E	102	ENTITY_INFO_E
790	104	ENTITY_INFO_E	103	ENTITY_INFO_E
791	104	ENTITY_INFO_E	119	ENTITY_INFO_E
792	104	ENTITY_INFO_E	120	ENTITY_INFO_E
793	104	ENTITY_INFO_E	122	ENTITY_INFO_E
894	122	ENTITY_INFO_E	85	ENTITY_INFO_E
895	122	ENTITY_INFO_E	86	ENTITY_INFO_E
896	122	ENTITY_INFO_E	88	ENTITY_INFO_E
897	122	ENTITY_INFO_E	89	ENTITY_INFO_E
898	122	ENTITY_INFO_E	94	ENTITY_INFO_E
899	122	ENTITY_INFO_E	119	ENTITY_INFO_E
906	124	ENTITY_INFO_E	123	ENTITY_INFO_E
925	134	ENTITY_INFO_E	135	ENTITY_INFO_E
926	134	ENTITY_INFO_E	401	ENTITY_INFO_E
927	134	ENTITY_INFO_E	402	ENTITY_INFO_E
983	151	ENTITY_INFO_E	123	ENTITY_INFO_E
984	151	ENTITY_INFO_E	153	ENTITY_INFO_E
1001	154	ENTITY_INFO_E	149	ENTITY_INFO_E
1010	156	ENTITY_INFO_E	123	ENTITY_INFO_E
1011	156	ENTITY_INFO_E	148	ENTITY_INFO_E
1012	156	ENTITY_INFO_E	149	ENTITY_INFO_E
1013	156	ENTITY_INFO_E	150	ENTITY_INFO_E
1014	156	ENTITY_INFO_E	151	ENTITY_INFO_E
1015	156	ENTITY_INFO_E	152	ENTITY_INFO_E
1016	156	ENTITY_INFO_E	153	ENTITY_INFO_E
1017	156	ENTITY_INFO_E	154	ENTITY_INFO_E
1018	156	ENTITY_INFO_E	155	ENTITY_INFO_E
1028	158	ENTITY_INFO_E	159	ENTITY_INFO_E
1029	158	ENTITY_INFO_E	270	ENTITY_INFO_E
1042	163	ENTITY_INFO_E	162	ENTITY_INFO_E
1112	191	ENTITY_INFO_E	193	ENTITY_INFO_E
1130	192	ENTITY_INFO_E	193	ENTITY_INFO_E
1157	197	ENTITY_INFO_E	198	ENTITY_INFO_E
1158	197	ENTITY_INFO_E	394	ENTITY_INFO_E
1159	197	ENTITY_INFO_E	424	ENTITY_INFO_E
1160	197	ENTITY_INFO_E	540	ENTITY_INFO_E
1161	197	ENTITY_INFO_E	574	ENTITY_INFO_E
1180	204	ENTITY_INFO_E	205	ENTITY_INFO_E
1203	211	ENTITY_INFO_E	207	ENTITY_INFO_E
1204	211	ENTITY_INFO_E	208	ENTITY_INFO_E
1205	211	ENTITY_INFO_E	212	ENTITY_INFO_E
1220	217	ENTITY_INFO_E	218	ENTITY_INFO_E
1221	217	ENTITY_INFO_E	381	ENTITY_INFO_E
1244	225	ENTITY_INFO_E	227	ENTITY_INFO_E
1245	226	ENTITY_INFO_E	12	ENTITY_INFO_E
1246	226	ENTITY_INFO_E	54	ENTITY_INFO_E
1247	226	ENTITY_INFO_E	55	ENTITY_INFO_E
1248	226	ENTITY_INFO_E	56	ENTITY_INFO_E
1249	226	ENTITY_INFO_E	227	ENTITY_INFO_E
1250	226	ENTITY_INFO_E	400	ENTITY_INFO_E
1251	226	ENTITY_INFO_E	413	ENTITY_INFO_E
1252	226	ENTITY_INFO_E	435	ENTITY_INFO_E
1253	226	ENTITY_INFO_E	449	ENTITY_INFO_E
1254	226	ENTITY_INFO_E	541	ENTITY_INFO_E
1255	226	ENTITY_INFO_E	542	ENTITY_INFO_E
1287	234	ENTITY_INFO_E	235	ENTITY_INFO_E
1325	247	ENTITY_INFO_E	250	ENTITY_INFO_E
1326	247	ENTITY_INFO_E	251	ENTITY_INFO_E
1329	248	ENTITY_INFO_E	247	ENTITY_INFO_E
1330	248	ENTITY_INFO_E	249	ENTITY_INFO_E
1331	248	ENTITY_INFO_E	250	ENTITY_INFO_E
1332	248	ENTITY_INFO_E	251	ENTITY_INFO_E
1360	253	ENTITY_INFO_E	68	ENTITY_INFO_E
1361	253	ENTITY_INFO_E	69	ENTITY_INFO_E
1362	253	ENTITY_INFO_E	204	ENTITY_INFO_E
1363	253	ENTITY_INFO_E	205	ENTITY_INFO_E
1364	253	ENTITY_INFO_E	234	ENTITY_INFO_E
1365	253	ENTITY_INFO_E	235	ENTITY_INFO_E
1366	253	ENTITY_INFO_E	247	ENTITY_INFO_E
1367	253	ENTITY_INFO_E	248	ENTITY_INFO_E
1368	253	ENTITY_INFO_E	249	ENTITY_INFO_E
1369	253	ENTITY_INFO_E	250	ENTITY_INFO_E
1370	253	ENTITY_INFO_E	251	ENTITY_INFO_E
1371	253	ENTITY_INFO_E	252	ENTITY_INFO_E
1372	253	ENTITY_INFO_E	319	ENTITY_INFO_E
1373	253	ENTITY_INFO_E	469	ENTITY_INFO_E
1400	260	ENTITY_INFO_E	261	ENTITY_INFO_E
1401	260	ENTITY_INFO_E	262	ENTITY_INFO_E
1441	263	ENTITY_INFO_E	260	ENTITY_INFO_E
1442	263	ENTITY_INFO_E	261	ENTITY_INFO_E
1443	263	ENTITY_INFO_E	262	ENTITY_INFO_E
1444	263	ENTITY_INFO_E	264	ENTITY_INFO_E
1453	264	ENTITY_INFO_E	260	ENTITY_INFO_E
1454	264	ENTITY_INFO_E	261	ENTITY_INFO_E
1455	264	ENTITY_INFO_E	262	ENTITY_INFO_E
1460	266	ENTITY_INFO_E	268	ENTITY_INFO_E
1461	266	ENTITY_INFO_E	369	ENTITY_INFO_E
1462	266	ENTITY_INFO_E	371	ENTITY_INFO_E
1530	281	ENTITY_INFO_E	280	ENTITY_INFO_E
1531	281	ENTITY_INFO_E	282	ENTITY_INFO_E
1553	283	ENTITY_INFO_E	279	ENTITY_INFO_E
1554	283	ENTITY_INFO_E	280	ENTITY_INFO_E
1555	283	ENTITY_INFO_E	281	ENTITY_INFO_E
1556	283	ENTITY_INFO_E	282	ENTITY_INFO_E
1557	283	ENTITY_INFO_E	284	ENTITY_INFO_E
1558	283	ENTITY_INFO_E	288	ENTITY_INFO_E
1559	283	ENTITY_INFO_E	364	ENTITY_INFO_E
1560	283	ENTITY_INFO_E	365	ENTITY_INFO_E
1561	283	ENTITY_INFO_E	366	ENTITY_INFO_E
1562	283	ENTITY_INFO_E	418	ENTITY_INFO_E
1563	283	ENTITY_INFO_E	562	ENTITY_INFO_E
1571	284	ENTITY_INFO_E	279	ENTITY_INFO_E
1572	284	ENTITY_INFO_E	280	ENTITY_INFO_E
1573	284	ENTITY_INFO_E	281	ENTITY_INFO_E
1574	284	ENTITY_INFO_E	282	ENTITY_INFO_E
1589	288	ENTITY_INFO_E	282	ENTITY_INFO_E
1590	288	ENTITY_INFO_E	364	ENTITY_INFO_E
1591	288	ENTITY_INFO_E	366	ENTITY_INFO_E
1628	306	ENTITY_INFO_E	304	ENTITY_INFO_E
1629	306	ENTITY_INFO_E	305	ENTITY_INFO_E
1633	308	ENTITY_INFO_E	309	ENTITY_INFO_E
1634	308	ENTITY_INFO_E	334	ENTITY_INFO_E
1635	308	ENTITY_INFO_E	455	ENTITY_INFO_E
1636	308	ENTITY_INFO_E	508	ENTITY_INFO_E
1637	308	ENTITY_INFO_E	516	ENTITY_INFO_E
1660	319	ENTITY_INFO_E	204	ENTITY_INFO_E
1661	319	ENTITY_INFO_E	205	ENTITY_INFO_E
1662	319	ENTITY_INFO_E	234	ENTITY_INFO_E
1663	319	ENTITY_INFO_E	235	ENTITY_INFO_E
1706	336	ENTITY_INFO_E	158	ENTITY_INFO_E
1707	336	ENTITY_INFO_E	159	ENTITY_INFO_E
1708	336	ENTITY_INFO_E	266	ENTITY_INFO_E
1709	336	ENTITY_INFO_E	268	ENTITY_INFO_E
1710	336	ENTITY_INFO_E	270	ENTITY_INFO_E
1711	336	ENTITY_INFO_E	367	ENTITY_INFO_E
1712	336	ENTITY_INFO_E	368	ENTITY_INFO_E
1713	336	ENTITY_INFO_E	369	ENTITY_INFO_E
1714	336	ENTITY_INFO_E	370	ENTITY_INFO_E
1715	336	ENTITY_INFO_E	371	ENTITY_INFO_E
1716	336	ENTITY_INFO_E	372	ENTITY_INFO_E
1795	365	ENTITY_INFO_E	364	ENTITY_INFO_E
1796	365	ENTITY_INFO_E	366	ENTITY_INFO_E
1797	365	ENTITY_INFO_E	562	ENTITY_INFO_E
1805	366	ENTITY_INFO_E	364	ENTITY_INFO_E
1818	370	ENTITY_INFO_E	368	ENTITY_INFO_E
1823	372	ENTITY_INFO_E	158	ENTITY_INFO_E
1824	372	ENTITY_INFO_E	159	ENTITY_INFO_E
1825	372	ENTITY_INFO_E	266	ENTITY_INFO_E
1826	372	ENTITY_INFO_E	268	ENTITY_INFO_E
1827	372	ENTITY_INFO_E	270	ENTITY_INFO_E
1828	372	ENTITY_INFO_E	369	ENTITY_INFO_E
1829	372	ENTITY_INFO_E	371	ENTITY_INFO_E
1831	373	ENTITY_INFO_E	43	ENTITY_INFO_E
1832	373	ENTITY_INFO_E	44	ENTITY_INFO_E
1833	373	ENTITY_INFO_E	71	ENTITY_INFO_E
1834	373	ENTITY_INFO_E	72	ENTITY_INFO_E
1835	373	ENTITY_INFO_E	73	ENTITY_INFO_E
1836	373	ENTITY_INFO_E	74	ENTITY_INFO_E
1837	373	ENTITY_INFO_E	75	ENTITY_INFO_E
1838	373	ENTITY_INFO_E	76	ENTITY_INFO_E
1839	373	ENTITY_INFO_E	77	ENTITY_INFO_E
1840	373	ENTITY_INFO_E	78	ENTITY_INFO_E
1841	373	ENTITY_INFO_E	79	ENTITY_INFO_E
1842	373	ENTITY_INFO_E	158	ENTITY_INFO_E
1843	373	ENTITY_INFO_E	159	ENTITY_INFO_E
1844	373	ENTITY_INFO_E	266	ENTITY_INFO_E
1845	373	ENTITY_INFO_E	268	ENTITY_INFO_E
1846	373	ENTITY_INFO_E	270	ENTITY_INFO_E
1847	373	ENTITY_INFO_E	336	ENTITY_INFO_E
1848	373	ENTITY_INFO_E	367	ENTITY_INFO_E
1849	373	ENTITY_INFO_E	368	ENTITY_INFO_E
1850	373	ENTITY_INFO_E	369	ENTITY_INFO_E
1851	373	ENTITY_INFO_E	370	ENTITY_INFO_E
1852	373	ENTITY_INFO_E	371	ENTITY_INFO_E
1853	373	ENTITY_INFO_E	372	ENTITY_INFO_E
1854	373	ENTITY_INFO_E	512	ENTITY_INFO_E
1855	373	ENTITY_INFO_E	513	ENTITY_INFO_E
1856	373	ENTITY_INFO_E	526	ENTITY_INFO_E
1866	378	ENTITY_INFO_E	379	ENTITY_INFO_E
1901	388	ENTITY_INFO_E	247	ENTITY_INFO_E
1902	388	ENTITY_INFO_E	250	ENTITY_INFO_E
1903	388	ENTITY_INFO_E	251	ENTITY_INFO_E
1904	388	ENTITY_INFO_E	387	ENTITY_INFO_E
1932	400	ENTITY_INFO_E	413	ENTITY_INFO_E
1947	403	ENTITY_INFO_E	204	ENTITY_INFO_E
1948	403	ENTITY_INFO_E	205	ENTITY_INFO_E
1949	403	ENTITY_INFO_E	234	ENTITY_INFO_E
1950	403	ENTITY_INFO_E	235	ENTITY_INFO_E
1951	403	ENTITY_INFO_E	260	ENTITY_INFO_E
1952	403	ENTITY_INFO_E	261	ENTITY_INFO_E
1953	403	ENTITY_INFO_E	262	ENTITY_INFO_E
1954	403	ENTITY_INFO_E	263	ENTITY_INFO_E
1955	403	ENTITY_INFO_E	264	ENTITY_INFO_E
1956	403	ENTITY_INFO_E	319	ENTITY_INFO_E
1966	408	ENTITY_INFO_E	420	ENTITY_INFO_E
1967	408	ENTITY_INFO_E	421	ENTITY_INFO_E
1997	418	ENTITY_INFO_E	280	ENTITY_INFO_E
1998	418	ENTITY_INFO_E	562	ENTITY_INFO_E
2041	435	ENTITY_INFO_E	449	ENTITY_INFO_E
2066	446	ENTITY_INFO_E	191	ENTITY_INFO_E
2067	446	ENTITY_INFO_E	192	ENTITY_INFO_E
2068	446	ENTITY_INFO_E	193	ENTITY_INFO_E
2099	450	ENTITY_INFO_E	58	ENTITY_INFO_E
2100	450	ENTITY_INFO_E	59	ENTITY_INFO_E
2101	450	ENTITY_INFO_E	60	ENTITY_INFO_E
2102	450	ENTITY_INFO_E	112	ENTITY_INFO_E
2103	450	ENTITY_INFO_E	134	ENTITY_INFO_E
2104	450	ENTITY_INFO_E	135	ENTITY_INFO_E
2105	450	ENTITY_INFO_E	213	ENTITY_INFO_E
2106	450	ENTITY_INFO_E	401	ENTITY_INFO_E
2107	450	ENTITY_INFO_E	402	ENTITY_INFO_E
2218	503	ENTITY_INFO_E	504	ENTITY_INFO_E
2317	542	ENTITY_INFO_E	541	ENTITY_INFO_E
2400	577	ENTITY_INFO_E	578	ENTITY_INFO_E
2467	603	ENTITY_INFO_E	573	ENTITY_INFO_E
2468	603	ENTITY_INFO_E	664	ENTITY_INFO_E
2469	603	ENTITY_INFO_E	665	ENTITY_INFO_E
2516	626	ENTITY_INFO_E	622	ENTITY_INFO_E
2517	626	ENTITY_INFO_E	627	ENTITY_INFO_E
2559	643	ENTITY_INFO_E	644	ENTITY_INFO_E
2560	643	ENTITY_INFO_E	667	ENTITY_INFO_E
3342	961	ENTITY_INFO_E	983	ENTITY_INFO_E
3343	961	ENTITY_INFO_E	984	ENTITY_INFO_E
3344	961	ENTITY_INFO_E	985	ENTITY_INFO_E
\.


--
-- Data for Name: entity_info_2_supertypes; Type: TABLE DATA; Schema: public; Owner: postgres
--

COPY entity_info_2_supertypes (rid, rid_s, tablename_s, rid_d, tablename_d) FROM stdin;
34	12	ENTITY_INFO_E	55	ENTITY_INFO_E
45	13	ENTITY_INFO_E	22	ENTITY_INFO_E
55	19	ENTITY_INFO_E	18	ENTITY_INFO_E
70	20	ENTITY_INFO_E	42	ENTITY_INFO_E
91	22	ENTITY_INFO_E	21	ENTITY_INFO_E
104	26	ENTITY_INFO_E	25	ENTITY_INFO_E
135	40	ENTITY_INFO_E	20	ENTITY_INFO_E
147	41	ENTITY_INFO_E	20	ENTITY_INFO_E
161	42	ENTITY_INFO_E	104	ENTITY_INFO_E
181	43	ENTITY_INFO_E	373	ENTITY_INFO_E
191	44	ENTITY_INFO_E	43	ENTITY_INFO_E
202	48	ENTITY_INFO_E	47	ENTITY_INFO_E
221	54	ENTITY_INFO_E	56	ENTITY_INFO_E
222	54	ENTITY_INFO_E	12	ENTITY_INFO_E
226	55	ENTITY_INFO_E	226	ENTITY_INFO_E
234	56	ENTITY_INFO_E	55	ENTITY_INFO_E
243	58	ENTITY_INFO_E	60	ENTITY_INFO_E
245	59	ENTITY_INFO_E	450	ENTITY_INFO_E
256	60	ENTITY_INFO_E	59	ENTITY_INFO_E
276	68	ENTITY_INFO_E	253	ENTITY_INFO_E
284	69	ENTITY_INFO_E	68	ENTITY_INFO_E
294	71	ENTITY_INFO_E	44	ENTITY_INFO_E
297	72	ENTITY_INFO_E	44	ENTITY_INFO_E
298	73	ENTITY_INFO_E	76	ENTITY_INFO_E
300	74	ENTITY_INFO_E	76	ENTITY_INFO_E
304	75	ENTITY_INFO_E	44	ENTITY_INFO_E
305	76	ENTITY_INFO_E	44	ENTITY_INFO_E
310	77	ENTITY_INFO_E	44	ENTITY_INFO_E
313	78	ENTITY_INFO_E	76	ENTITY_INFO_E
314	79	ENTITY_INFO_E	44	ENTITY_INFO_E
330	80	ENTITY_INFO_E	82	ENTITY_INFO_E
331	81	ENTITY_INFO_E	82	ENTITY_INFO_E
365	82	ENTITY_INFO_E	83	ENTITY_INFO_E
374	83	ENTITY_INFO_E	104	ENTITY_INFO_E
411	84	ENTITY_INFO_E	102	ENTITY_INFO_E
444	85	ENTITY_INFO_E	122	ENTITY_INFO_E
445	85	ENTITY_INFO_E	87	ENTITY_INFO_E
451	86	ENTITY_INFO_E	89	ENTITY_INFO_E
452	86	ENTITY_INFO_E	96	ENTITY_INFO_E
502	87	ENTITY_INFO_E	90	ENTITY_INFO_E
528	88	ENTITY_INFO_E	89	ENTITY_INFO_E
529	88	ENTITY_INFO_E	84	ENTITY_INFO_E
558	89	ENTITY_INFO_E	102	ENTITY_INFO_E
559	89	ENTITY_INFO_E	122	ENTITY_INFO_E
565	90	ENTITY_INFO_E	83	ENTITY_INFO_E
595	91	ENTITY_INFO_E	82	ENTITY_INFO_E
616	92	ENTITY_INFO_E	104	ENTITY_INFO_E
617	93	ENTITY_INFO_E	101	ENTITY_INFO_E
658	94	ENTITY_INFO_E	89	ENTITY_INFO_E
659	94	ENTITY_INFO_E	99	ENTITY_INFO_E
667	95	ENTITY_INFO_E	103	ENTITY_INFO_E
684	96	ENTITY_INFO_E	102	ENTITY_INFO_E
688	98	ENTITY_INFO_E	104	ENTITY_INFO_E
710	99	ENTITY_INFO_E	102	ENTITY_INFO_E
728	101	ENTITY_INFO_E	90	ENTITY_INFO_E
730	102	ENTITY_INFO_E	90	ENTITY_INFO_E
761	103	ENTITY_INFO_E	104	ENTITY_INFO_E
811	112	ENTITY_INFO_E	59	ENTITY_INFO_E
854	119	ENTITY_INFO_E	122	ENTITY_INFO_E
855	119	ENTITY_INFO_E	87	ENTITY_INFO_E
875	120	ENTITY_INFO_E	82	ENTITY_INFO_E
877	122	ENTITY_INFO_E	90	ENTITY_INFO_E
904	123	ENTITY_INFO_E	151	ENTITY_INFO_E
905	123	ENTITY_INFO_E	124	ENTITY_INFO_E
930	134	ENTITY_INFO_E	59	ENTITY_INFO_E
935	135	ENTITY_INFO_E	134	ENTITY_INFO_E
964	148	ENTITY_INFO_E	156	ENTITY_INFO_E
969	149	ENTITY_INFO_E	154	ENTITY_INFO_E
974	150	ENTITY_INFO_E	156	ENTITY_INFO_E
982	151	ENTITY_INFO_E	156	ENTITY_INFO_E
994	152	ENTITY_INFO_E	156	ENTITY_INFO_E
996	153	ENTITY_INFO_E	151	ENTITY_INFO_E
1004	154	ENTITY_INFO_E	156	ENTITY_INFO_E
1009	155	ENTITY_INFO_E	156	ENTITY_INFO_E
1027	158	ENTITY_INFO_E	372	ENTITY_INFO_E
1030	159	ENTITY_INFO_E	158	ENTITY_INFO_E
1037	162	ENTITY_INFO_E	163	ENTITY_INFO_E
1113	191	ENTITY_INFO_E	446	ENTITY_INFO_E
1131	192	ENTITY_INFO_E	446	ENTITY_INFO_E
1148	193	ENTITY_INFO_E	192	ENTITY_INFO_E
1149	193	ENTITY_INFO_E	191	ENTITY_INFO_E
1162	198	ENTITY_INFO_E	197	ENTITY_INFO_E
1181	204	ENTITY_INFO_E	319	ENTITY_INFO_E
1186	205	ENTITY_INFO_E	204	ENTITY_INFO_E
1191	207	ENTITY_INFO_E	211	ENTITY_INFO_E
1192	208	ENTITY_INFO_E	211	ENTITY_INFO_E
1194	209	ENTITY_INFO_E	22	ENTITY_INFO_E
1207	212	ENTITY_INFO_E	211	ENTITY_INFO_E
1211	213	ENTITY_INFO_E	59	ENTITY_INFO_E
1223	218	ENTITY_INFO_E	217	ENTITY_INFO_E
1268	227	ENTITY_INFO_E	226	ENTITY_INFO_E
1269	227	ENTITY_INFO_E	225	ENTITY_INFO_E
1282	234	ENTITY_INFO_E	319	ENTITY_INFO_E
1288	235	ENTITY_INFO_E	234	ENTITY_INFO_E
1302	238	ENTITY_INFO_E	22	ENTITY_INFO_E
1327	247	ENTITY_INFO_E	248	ENTITY_INFO_E
1328	247	ENTITY_INFO_E	388	ENTITY_INFO_E
1336	248	ENTITY_INFO_E	68	ENTITY_INFO_E
1337	249	ENTITY_INFO_E	248	ENTITY_INFO_E
1341	250	ENTITY_INFO_E	247	ENTITY_INFO_E
1348	251	ENTITY_INFO_E	247	ENTITY_INFO_E
1355	252	ENTITY_INFO_E	68	ENTITY_INFO_E
1388	260	ENTITY_INFO_E	264	ENTITY_INFO_E
1419	261	ENTITY_INFO_E	260	ENTITY_INFO_E
1420	262	ENTITY_INFO_E	260	ENTITY_INFO_E
1439	263	ENTITY_INFO_E	403	ENTITY_INFO_E
1456	264	ENTITY_INFO_E	263	ENTITY_INFO_E
1459	266	ENTITY_INFO_E	372	ENTITY_INFO_E
1464	267	ENTITY_INFO_E	22	ENTITY_INFO_E
1470	268	ENTITY_INFO_E	266	ENTITY_INFO_E
1477	270	ENTITY_INFO_E	158	ENTITY_INFO_E
1494	279	ENTITY_INFO_E	284	ENTITY_INFO_E
1503	280	ENTITY_INFO_E	418	ENTITY_INFO_E
1504	280	ENTITY_INFO_E	281	ENTITY_INFO_E
1529	281	ENTITY_INFO_E	284	ENTITY_INFO_E
1532	282	ENTITY_INFO_E	288	ENTITY_INFO_E
1533	282	ENTITY_INFO_E	281	ENTITY_INFO_E
1575	284	ENTITY_INFO_E	283	ENTITY_INFO_E
1592	288	ENTITY_INFO_E	283	ENTITY_INFO_E
1625	304	ENTITY_INFO_E	306	ENTITY_INFO_E
1627	305	ENTITY_INFO_E	306	ENTITY_INFO_E
1638	309	ENTITY_INFO_E	308	ENTITY_INFO_E
1658	319	ENTITY_INFO_E	403	ENTITY_INFO_E
1659	319	ENTITY_INFO_E	253	ENTITY_INFO_E
1703	334	ENTITY_INFO_E	308	ENTITY_INFO_E
1718	336	ENTITY_INFO_E	373	ENTITY_INFO_E
1778	364	ENTITY_INFO_E	366	ENTITY_INFO_E
1787	365	ENTITY_INFO_E	283	ENTITY_INFO_E
1806	366	ENTITY_INFO_E	365	ENTITY_INFO_E
1807	366	ENTITY_INFO_E	288	ENTITY_INFO_E
1809	367	ENTITY_INFO_E	336	ENTITY_INFO_E
1812	368	ENTITY_INFO_E	370	ENTITY_INFO_E
1815	369	ENTITY_INFO_E	266	ENTITY_INFO_E
1817	370	ENTITY_INFO_E	336	ENTITY_INFO_E
1821	371	ENTITY_INFO_E	266	ENTITY_INFO_E
1830	372	ENTITY_INFO_E	336	ENTITY_INFO_E
1869	379	ENTITY_INFO_E	378	ENTITY_INFO_E
1872	381	ENTITY_INFO_E	217	ENTITY_INFO_E
1878	383	ENTITY_INFO_E	25	ENTITY_INFO_E
1887	384	ENTITY_INFO_E	25	ENTITY_INFO_E
1888	385	ENTITY_INFO_E	25	ENTITY_INFO_E
1898	386	ENTITY_INFO_E	25	ENTITY_INFO_E
1900	387	ENTITY_INFO_E	388	ENTITY_INFO_E
1920	394	ENTITY_INFO_E	197	ENTITY_INFO_E
1931	400	ENTITY_INFO_E	55	ENTITY_INFO_E
1939	401	ENTITY_INFO_E	134	ENTITY_INFO_E
1942	402	ENTITY_INFO_E	134	ENTITY_INFO_E
1986	413	ENTITY_INFO_E	400	ENTITY_INFO_E
1987	413	ENTITY_INFO_E	12	ENTITY_INFO_E
1999	418	ENTITY_INFO_E	283	ENTITY_INFO_E
2009	420	ENTITY_INFO_E	408	ENTITY_INFO_E
2011	421	ENTITY_INFO_E	408	ENTITY_INFO_E
2017	424	ENTITY_INFO_E	197	ENTITY_INFO_E
2042	435	ENTITY_INFO_E	55	ENTITY_INFO_E
2097	449	ENTITY_INFO_E	435	ENTITY_INFO_E
2098	449	ENTITY_INFO_E	12	ENTITY_INFO_E
2117	455	ENTITY_INFO_E	308	ENTITY_INFO_E
2146	469	ENTITY_INFO_E	253	ENTITY_INFO_E
2220	504	ENTITY_INFO_E	503	ENTITY_INFO_E
2236	508	ENTITY_INFO_E	308	ENTITY_INFO_E
2246	512	ENTITY_INFO_E	43	ENTITY_INFO_E
2250	513	ENTITY_INFO_E	43	ENTITY_INFO_E
2257	516	ENTITY_INFO_E	308	ENTITY_INFO_E
2281	526	ENTITY_INFO_E	373	ENTITY_INFO_E
2308	540	ENTITY_INFO_E	197	ENTITY_INFO_E
2313	541	ENTITY_INFO_E	542	ENTITY_INFO_E
2318	542	ENTITY_INFO_E	226	ENTITY_INFO_E
2357	561	ENTITY_INFO_E	21	ENTITY_INFO_E
2362	562	ENTITY_INFO_E	365	ENTITY_INFO_E
2363	562	ENTITY_INFO_E	418	ENTITY_INFO_E
2393	573	ENTITY_INFO_E	603	ENTITY_INFO_E
2394	574	ENTITY_INFO_E	197	ENTITY_INFO_E
2401	578	ENTITY_INFO_E	577	ENTITY_INFO_E
2433	594	ENTITY_INFO_E	21	ENTITY_INFO_E
2509	622	ENTITY_INFO_E	626	ENTITY_INFO_E
2518	627	ENTITY_INFO_E	626	ENTITY_INFO_E
2569	644	ENTITY_INFO_E	643	ENTITY_INFO_E
2612	664	ENTITY_INFO_E	603	ENTITY_INFO_E
2616	665	ENTITY_INFO_E	603	ENTITY_INFO_E
2626	667	ENTITY_INFO_E	643	ENTITY_INFO_E
3364	968	ENTITY_INFO_E	21	ENTITY_INFO_E
3369	971	ENTITY_INFO_E	21	ENTITY_INFO_E
3403	983	ENTITY_INFO_E	961	ENTITY_INFO_E
3410	984	ENTITY_INFO_E	961	ENTITY_INFO_E
3411	985	ENTITY_INFO_E	961	ENTITY_INFO_E
\.


--
-- Data for Name: entity_info_e; Type: TABLE DATA; Schema: public; Owner: postgres
--

COPY entity_info_e (rid, obj, category, name, of_schema, is_abstract, supertypes, subtypes, explicit, derived, inv) FROM stdin;
109	\N	73	ITEM_NAMES	ISO13584_25_IEC61360_5_LIBRARY_IMPLICIT_SCHEMA	f	{}	{}	{802,803,804,805,806}	{}	{}
12	\N	73	LIB_ITEM_INSTANCE	ISO13584_25_IEC61360_5_LIBRARY_IMPLICIT_SCHEMA	f	{34}	{22,23,24}	{25,26,27,28,29,30,31,32,33}	{}	{}
13	\N	73	ENTITY_INFO	META	f	{45}	{}	{35,36,37,38,39,40,41,42,43,44}	{}	{}
18	\N	73	PROPERTY_VALUE	ISO13584_25_IEC61360_5_LIBRARY_IMPLICIT_SCHEMA	f	{}	{54}	{52,53}	{}	{}
19	\N	73	CONTEXT_DEPENDENT_PROPERTY_VALUE	ISO13584_25_IEC61360_5_LIBRARY_IMPLICIT_SCHEMA	f	{55}	{}	{56,57,58}	{}	{}
20	\N	73	DOCUMENT_ELEMENT	ISO13584_25_IEC61360_5_LIBRARY_IMPLICIT_SCHEMA	f	{70}	{59,60}	{61,62,63,64,65,66,67,68,69}	{}	{}
21	\N	73	TYPE_INFO	META	f	{}	{74,75,76,77,78,79,80,81,82}	{72,73}	{71}	{}
22	\N	73	NAMED_INFO	META	f	{91}	{83,84,85,86}	{87,88,89,90}	{}	{}
25	\N	73	AGGREGATE_TYPE	ISO13584_25_IEC61360_5_LIBRARY_IMPLICIT_SCHEMA	t	{}	{96,97,98,99,100}	{101,102,103}	{}	{}
26	\N	73	SET_TYPE	ISO13584_25_IEC61360_5_LIBRARY_IMPLICIT_SCHEMA	f	{104}	{}	{105,106,107}	{}	{}
30	\N	73	ORGANIZATION	ISO13584_25_IEC61360_5_LIBRARY_IMPLICIT_SCHEMA	f	{}	{}	{114,115,116}	{}	{}
40	\N	73	DOCUMENT_ELEMENT_WITH_TRANSLATED_HTTP_ACCESS	ISO13584_25_IEC61360_5_LIBRARY_IMPLICIT_SCHEMA	f	{135}	{}	{136,137,138,139,140,141,142,143,144,145,146}	{}	{}
41	\N	73	DOCUMENT_ELEMENT_WITH_HTTP_ACCESS	ISO13584_25_IEC61360_5_LIBRARY_IMPLICIT_SCHEMA	f	{147}	{}	{148,149,150,151,152,153,154,155,156,157}	{}	{}
42	\N	73	CLASS_RELATED_DICTIONARY_ELEMENT	ISO13584_25_IEC61360_5_LIBRARY_IMPLICIT_SCHEMA	t	{161}	{158,159,160}	{162,163,164,165,166,167,168}	{}	{}
43	\N	73	COMPLEX_TYPE	ISO13584_25_IEC61360_5_LIBRARY_IMPLICIT_SCHEMA	t	{181}	{169,170,171,172,173,174,175,176,177,178,179,180}	{}	{}	{}
44	\N	73	ENTITY_INSTANCE_TYPE	ISO13584_25_IEC61360_5_LIBRARY_IMPLICIT_SCHEMA	f	{191}	{182,183,184,185,186,187,188,189,190}	{192}	{}	{}
47	\N	73	CLASS_BSU_RELATIONSHIP	ISO13584_25_IEC61360_5_LIBRARY_IMPLICIT_SCHEMA	t	{}	{197}	{198,199}	{}	{}
48	\N	73	CLASS_DOCUMENT_RELATIONSHIP	ISO13584_25_IEC61360_5_LIBRARY_IMPLICIT_SCHEMA	f	{202}	{}	{200,201}	{}	{}
50	\N	73	GLOBAL_LANGUAGE_ASSIGNMENT	ISO13584_25_IEC61360_5_LIBRARY_IMPLICIT_SCHEMA	f	{}	{}	{205}	{}	{}
54	\N	73	LIB_MATERIAL_INSTANCE	ISO13584_25_IEC61360_5_LIBRARY_IMPLICIT_SCHEMA	f	{221,222}	{}	{212,213,214,215,216,217,218,219,220}	{}	{}
55	\N	73	DIC_ITEM_INSTANCE	ISO13584_25_IEC61360_5_LIBRARY_IMPLICIT_SCHEMA	f	{226}	{227,228,229,230,231,232,233}	{223,224,225}	{}	{}
56	\N	73	DIC_MATERIAL_INSTANCE	ISO13584_25_IEC61360_5_LIBRARY_IMPLICIT_SCHEMA	f	{234}	{235}	{236,237,238}	{}	{}
58	\N	73	CARTESIAN_POINT	ISO13584_25_IEC61360_5_LIBRARY_IMPLICIT_SCHEMA	f	{243}	{}	{241,242}	{}	{}
59	\N	73	GEOMETRIC_REPRESENTATION_ITEM	ISO13584_25_IEC61360_5_LIBRARY_IMPLICIT_SCHEMA	f	{245}	{246,247,248,249,250,251,252,253}	{244}	{254}	{}
60	\N	73	POINT	ISO13584_25_IEC61360_5_LIBRARY_IMPLICIT_SCHEMA	f	{256}	{257}	{255}	{}	{}
68	\N	73	CLASS_EXTENSION_EXTERNAL_ITEM	ISO13584_25_IEC61360_5_LIBRARY_IMPLICIT_SCHEMA	t	{276}	{277,278,279,280,281,282,283}	{272,273,274}	{}	{275}
69	\N	73	PROGRAM_REFERENCE	ISO13584_25_IEC61360_5_LIBRARY_IMPLICIT_SCHEMA	f	{284}	{}	{285,286,287,288,289,290,291}	{}	{}
71	\N	73	REPRESENTATION_REFERENCE_TYPE	ISO13584_25_IEC61360_5_LIBRARY_IMPLICIT_SCHEMA	f	{294}	{}	{295}	{}	{}
72	\N	73	REPRESENTATION_TYPE	ISO13584_25_IEC61360_5_LIBRARY_IMPLICIT_SCHEMA	f	{297}	{}	{296}	{}	{}
73	\N	73	AXIS2_PLACEMENT_2D_TYPE	ISO13584_25_IEC61360_5_LIBRARY_IMPLICIT_SCHEMA	f	{298}	{}	{299}	{}	{}
74	\N	73	AXIS2_PLACEMENT_3D_TYPE	ISO13584_25_IEC61360_5_LIBRARY_IMPLICIT_SCHEMA	f	{300}	{}	{301}	{}	{}
75	\N	73	ENTITY_INSTANCE_TYPE_FOR_AGGREGATE	ISO13584_25_IEC61360_5_LIBRARY_IMPLICIT_SCHEMA	f	{304}	{}	{302,303}	{}	{}
76	\N	73	PLACEMENT_TYPE	ISO13584_25_IEC61360_5_LIBRARY_IMPLICIT_SCHEMA	f	{305}	{306,307,308}	{309}	{}	{}
77	\N	73	GEOMETRIC_REPRESENTATION_CONTEXT_TYPE	ISO13584_25_IEC61360_5_LIBRARY_IMPLICIT_SCHEMA	f	{310}	{}	{311}	{}	{}
78	\N	73	AXIS1_PLACEMENT_TYPE	ISO13584_25_IEC61360_5_LIBRARY_IMPLICIT_SCHEMA	f	{313}	{}	{312}	{}	{}
79	\N	73	PROGRAM_REFERENCE_TYPE	ISO13584_25_IEC61360_5_LIBRARY_IMPLICIT_SCHEMA	f	{314}	{}	{315}	{}	{}
80	\N	73	REPRESENTATION_P_DET	ISO13584_25_IEC61360_5_LIBRARY_IMPLICIT_SCHEMA	f	{330}	{}	{316,317,318,319,320,321,322,323,324,325,326,327,328,329}	{}	{}
81	\N	73	NON_DEPENDENT_P_DET	ISO13584_25_IEC61360_5_LIBRARY_IMPLICIT_SCHEMA	f	{331}	{}	{332,333,334,335,336,337,338,339,340,341,342,343,344,345}	{}	{}
82	\N	73	PROPERTY_DET	ISO13584_25_IEC61360_5_LIBRARY_IMPLICIT_SCHEMA	t	{365}	{360,361,362,363}	{346,347,348,349,350,351,352,353,354,355,356,357,358,359}	{364}	{}
83	\N	73	CLASS_AND_PROPERTY_ELEMENTS	ISO13584_25_IEC61360_5_LIBRARY_IMPLICIT_SCHEMA	t	{374}	{375,376,377,378,379,380,381,382,383,384,385,386,387,388,389,390,391,392,393,394}	{366,367,368,369,370,371,372,373}	{}	{}
84	\N	73	MATERIAL_CLASS	ISO13584_25_IEC61360_5_LIBRARY_IMPLICIT_SCHEMA	f	{411}	{395}	{396,397,398,399,400,401,402,403,404,405,406,407,408,409,410}	{}	{}
85	\N	73	FM_CLASS_VIEW_OF	ISO13584_25_IEC61360_5_LIBRARY_IMPLICIT_SCHEMA	f	{444,445}	{}	{412,413,414,415,416,417,418,419,420,421,422,423,424,425,426,427,428,429,430,431,432,433,434,435,436,437,438,439,440,441,442,443}	{446,447,448,449,450}	{}
86	\N	73	COMPONENT_CLASS_CASE_OF	ISO13584_25_IEC61360_5_LIBRARY_IMPLICIT_SCHEMA	f	{451,452}	{}	{453,454,455,456,457,458,459,460,461,462,463,464,465,466,467,468,469,470,471,472,473,474,475,476,477}	{}	{}
87	\N	73	ABSTRACT_FUNCTIONAL_MODEL_CLASS	ISO13584_25_IEC61360_5_LIBRARY_IMPLICIT_SCHEMA	t	{502}	{478,479}	{480,481,482,483,484,485,486,487,488,489,490,491,492,493,494,495,496,497,498,499,500,501}	{}	{}
88	\N	73	MATERIAL_CLASS_CASE_OF	ISO13584_25_IEC61360_5_LIBRARY_IMPLICIT_SCHEMA	f	{528,529}	{}	{503,504,505,506,507,508,509,510,511,512,513,514,515,516,517,518,519,520,521,522,523,524,525,526,527}	{}	{}
89	\N	73	ITEM_CLASS_CASE_OF	ISO13584_25_IEC61360_5_LIBRARY_IMPLICIT_SCHEMA	f	{558,559}	{555,556,557}	{530,531,532,533,534,535,536,537,538,539,540,541,542,543,544,545,546,547,548,549,550,551,552,553,554}	{560,561,562,563,564}	{}
90	\N	73	CLASS	ISO13584_25_IEC61360_5_LIBRARY_IMPLICIT_SCHEMA	t	{565}	{578,579,580,581,582,583,584,585,586,587,588,589,590,591}	{566,567,568,569,570,571,572,573,574,575,576}	{592,593,594}	{577}
91	\N	73	DEPENDENT_P_DET	ISO13584_25_IEC61360_5_LIBRARY_IMPLICIT_SCHEMA	f	{595}	{}	{596,597,598,599,600,601,602,603,604,605,606,607,608,609,610}	{}	{}
92	\N	73	DATA_TYPE_ELEMENT	ISO13584_25_IEC61360_5_LIBRARY_IMPLICIT_SCHEMA	f	{616}	{}	{611,612,613,614,615}	{}	{}
93	\N	73	NON_INSTANTIABLE_FUNCTIONAL_VIEW_CLASS	ISO13584_25_IEC61360_5_LIBRARY_IMPLICIT_SCHEMA	f	{617}	{}	{618,619,620,621,622,623,624,625,626,627,628,629,630,631}	{632}	{}
94	\N	73	FEATURE_CLASS_CASE_OF	ISO13584_25_IEC61360_5_LIBRARY_IMPLICIT_SCHEMA	f	{658,659}	{}	{633,634,635,636,637,638,639,640,641,642,643,644,645,646,647,648,649,650,651,652,653,654,655,656,657}	{}	{}
95	\N	73	PROGRAM_LIBRARY_ELEMENT	ISO13584_25_IEC61360_5_LIBRARY_IMPLICIT_SCHEMA	f	{667}	{}	{660,661,662,663,664,665,666}	{}	{}
96	\N	73	COMPONENT_CLASS	ISO13584_25_IEC61360_5_LIBRARY_IMPLICIT_SCHEMA	f	{684}	{668}	{669,670,671,672,673,674,675,676,677,678,679,680,681,682,683}	{}	{}
98	\N	73	SUPPLIER_ELEMENT	ISO13584_25_IEC61360_5_LIBRARY_IMPLICIT_SCHEMA	f	{688}	{}	{689,690,691,692,693}	{}	{687}
99	\N	73	FEATURE_CLASS	ISO13584_25_IEC61360_5_LIBRARY_IMPLICIT_SCHEMA	f	{710}	{709}	{694,695,696,697,698,699,700,701,702,703,704,705,706,707,708}	{}	{}
101	\N	73	FUNCTIONAL_VIEW_CLASS	ISO13584_25_IEC61360_5_LIBRARY_IMPLICIT_SCHEMA	f	{728}	{729}	{714,715,716,717,718,719,720,721,722,723,724,725,726,727}	{713}	{}
102	\N	73	ITEM_CLASS	ISO13584_25_IEC61360_5_LIBRARY_IMPLICIT_SCHEMA	f	{730}	{746,747,748,749,750,751,752}	{731,732,733,734,735,736,737,738,739,740,741,742,743,744,745}	{}	{}
103	\N	73	SUPPLIER_RELATED_DICTIONARY_ELEMENT	ISO13584_25_IEC61360_5_LIBRARY_IMPLICIT_SCHEMA	t	{761}	{760}	{753,754,755,756,757,758,759}	{}	{}
104	\N	73	DICTIONARY_ELEMENT	ISO13584_25_IEC61360_5_LIBRARY_IMPLICIT_SCHEMA	t	{}	{765,766,767,768,769,770,771,772,773,774,775,776,777,778,779,780,781,782,783,784,785,786,787,788,789,790,791,792,793}	{762,763,764}	{}	{}
112	\N	73	VECTOR	ISO13584_25_IEC61360_5_LIBRARY_IMPLICIT_SCHEMA	f	{811}	{}	{812,813,814}	{}	{}
119	\N	73	FUNCTIONAL_MODEL_CLASS	ISO13584_25_IEC61360_5_LIBRARY_IMPLICIT_SCHEMA	f	{854,855}	{}	{827,828,829,830,831,832,833,834,835,836,837,838,839,840,841,842,843,844,845,846,847,848,849,850,851,852,853}	{856,857,858,859,860}	{}
120	\N	73	CONDITION_DET	ISO13584_25_IEC61360_5_LIBRARY_IMPLICIT_SCHEMA	f	{875}	{}	{861,862,863,864,865,866,867,868,869,870,871,872,873,874}	{}	{}
122	\N	73	A_PRIORI_SEMANTIC_RELATIONSHIP	ISO13584_25_IEC61360_5_LIBRARY_IMPLICIT_SCHEMA	t	{877}	{894,895,896,897,898,899}	{878,879,880,881,882,883,884,885,886,887,888,889,890,891,892,893}	{}	{}
123	\N	73	TABLE_BSU	ISO13584_25_IEC61360_5_LIBRARY_IMPLICIT_SCHEMA	f	{904,905}	{}	{900,901,902}	{903}	{}
124	\N	73	TABLE_IDENTIFICATION	ISO13584_25_IEC61360_5_LIBRARY_IMPLICIT_SCHEMA	t	{}	{906}	{}	{}	{}
127	\N	73	MATHEMATICAL_STRING	ISO13584_25_IEC61360_5_LIBRARY_IMPLICIT_SCHEMA	f	{}	{}	{911,912}	{}	{}
130	\N	73	DATE_AND_TIME	ISO13584_25_IEC61360_5_LIBRARY_IMPLICIT_SCHEMA	f	{}	{}	{917,918}	{}	{}
134	\N	73	PLACEMENT	ISO13584_25_IEC61360_5_LIBRARY_IMPLICIT_SCHEMA	f	{930}	{925,926,927}	{928,929}	{}	{}
135	\N	73	AXIS1_PLACEMENT	ISO13584_25_IEC61360_5_LIBRARY_IMPLICIT_SCHEMA	f	{935}	{}	{932,933,934}	{931}	{}
142	\N	73	LANGUAGE_SPECIFIC_CONTENT	ISO13584_25_IEC61360_5_LIBRARY_IMPLICIT_SCHEMA	f	{}	{}	{949,950,951}	{}	{948}
148	\N	73	PROPERTY_BSU	ISO13584_25_IEC61360_5_LIBRARY_IMPLICIT_SCHEMA	f	{964}	{}	{965,966,967}	{963}	{962}
149	\N	73	PROGRAM_LIBRARY_BSU	ISO13584_25_IEC61360_5_LIBRARY_IMPLICIT_SCHEMA	f	{969}	{}	{971,972,973}	{970}	{968}
150	\N	73	DATA_TYPE_BSU	ISO13584_25_IEC61360_5_LIBRARY_IMPLICIT_SCHEMA	f	{974}	{}	{976,977,978}	{975}	{979}
151	\N	73	CLASS_RELATED_BSU	ISO13584_25_IEC61360_5_LIBRARY_IMPLICIT_SCHEMA	t	{982}	{983,984}	{980,981}	{}	{}
152	\N	73	CLASS_BSU	ISO13584_25_IEC61360_5_LIBRARY_IMPLICIT_SCHEMA	f	{994}	{}	{985,986,987}	{991,992,993}	{988,989,990}
153	\N	73	DOCUMENT_BSU	ISO13584_25_IEC61360_5_LIBRARY_IMPLICIT_SCHEMA	f	{996}	{}	{997,998,999}	{995}	{1000}
154	\N	73	SUPPLIER_RELATED_BSU	ISO13584_25_IEC61360_5_LIBRARY_IMPLICIT_SCHEMA	t	{1004}	{1001}	{1002,1003}	{}	{}
155	\N	73	SUPPLIER_BSU	ISO13584_25_IEC61360_5_LIBRARY_IMPLICIT_SCHEMA	f	{1009}	{}	{1007,1008}	{1005,1006}	{}
156	\N	73	BASIC_SEMANTIC_UNIT	ISO13584_25_IEC61360_5_LIBRARY_IMPLICIT_SCHEMA	t	{}	{1010,1011,1012,1013,1014,1015,1016,1017,1018}	{1019,1020}	{1023}	{1021,1022}
158	\N	73	REAL_TYPE	ISO13584_25_IEC61360_5_LIBRARY_IMPLICIT_SCHEMA	f	{1027}	{1028,1029}	{1026}	{}	{}
159	\N	73	REAL_CURRENCY_TYPE	ISO13584_25_IEC61360_5_LIBRARY_IMPLICIT_SCHEMA	f	{1030}	{}	{1031,1032}	{}	{}
162	\N	73	SUPPLIER_PROGRAM_LIBRARY_RELATIONSHIP	ISO13584_25_IEC61360_5_LIBRARY_IMPLICIT_SCHEMA	f	{1037}	{}	{1038,1039}	{}	{}
163	\N	73	SUPPLIER_BSU_RELATIONSHIP	ISO13584_25_IEC61360_5_LIBRARY_IMPLICIT_SCHEMA	t	{}	{1042}	{1040,1041}	{}	{}
191	\N	73	DICTIONARY_IN_STANDARD_FORMAT	ISO13584_25_IEC61360_5_LIBRARY_IMPLICIT_SCHEMA	f	{1113}	{1112}	{1097,1098,1099,1100,1101,1102,1103,1104,1105,1106,1107,1108,1109,1110,1111}	{}	{}
192	\N	73	LIBRARY	ISO13584_25_IEC61360_5_LIBRARY_IMPLICIT_SCHEMA	f	{1131}	{1130}	{1114,1115,1116,1117,1118,1119,1120,1121,1122,1123,1124,1125,1126,1127,1128,1129}	{}	{}
193	\N	73	LIBRARY_IN_STANDARD_FORMAT	ISO13584_25_IEC61360_5_LIBRARY_IMPLICIT_SCHEMA	f	{1148,1149}	{}	{1132,1133,1134,1135,1136,1137,1138,1139,1140,1141,1142,1143,1144,1145,1146,1147}	{}	{}
197	\N	73	AGGREGATE_VALUE	ISO13584_25_IEC61360_5_LIBRARY_IMPLICIT_SCHEMA	t	{}	{1157,1158,1159,1160,1161}	{1156}	{}	{}
198	\N	73	ARRAY_VALUE	ISO13584_25_IEC61360_5_LIBRARY_IMPLICIT_SCHEMA	f	{1162}	{}	{1163,1164,1165}	{}	{}
204	\N	73	CLASS_BSU_RELATED_CONTENT	ISO13584_25_IEC61360_5_LIBRARY_IMPLICIT_SCHEMA	t	{1181}	{1180}	{1176,1177,1178,1179}	{}	{}
205	\N	73	DOCUMENT_CONTENT	ISO13584_25_IEC61360_5_LIBRARY_IMPLICIT_SCHEMA	f	{1186}	{}	{1182,1183,1184,1185}	{}	{}
207	\N	73	TRANSLATED_EXTERNAL_CONTENT	ISO13584_25_IEC61360_5_LIBRARY_IMPLICIT_SCHEMA	f	{1191}	{}	{1189,1190}	{}	{}
208	\N	73	NOT_TRANSLATABLE_EXTERNAL_CONTENT	ISO13584_25_IEC61360_5_LIBRARY_IMPLICIT_SCHEMA	f	{1192}	{}	{1193}	{}	{}
209	\N	73	SELECT_INFO	META	f	{1194}	{}	{1195,1196,1197,1198,1199}	{}	{}
211	\N	73	EXTERNAL_CONTENT	ISO13584_25_IEC61360_5_LIBRARY_IMPLICIT_SCHEMA	t	{}	{1203,1204,1205}	{1202}	{}	{1206}
212	\N	73	NOT_TRANSLATED_EXTERNAL_CONTENT	ISO13584_25_IEC61360_5_LIBRARY_IMPLICIT_SCHEMA	f	{1207}	{}	{1208}	{}	{}
213	\N	73	DIRECTION	ISO13584_25_IEC61360_5_LIBRARY_IMPLICIT_SCHEMA	f	{1211}	{}	{1209,1210}	{}	{}
217	\N	73	REPRESENTATION_CONTEXT	ISO13584_25_IEC61360_5_LIBRARY_IMPLICIT_SCHEMA	f	{}	{1220,1221}	{1218,1219}	{}	{1222}
218	\N	73	GEOMETRIC_REPRESENTATION_CONTEXT	ISO13584_25_IEC61360_5_LIBRARY_IMPLICIT_SCHEMA	f	{1223}	{}	{1224,1225,1226}	{}	{}
225	\N	73	REPRESENTATION	ISO13584_25_IEC61360_5_LIBRARY_IMPLICIT_SCHEMA	f	{}	{1244}	{1241,1242,1243}	{1239,1240}	{}
226	\N	73	DIC_CLASS_INSTANCE	ISO13584_25_IEC61360_5_LIBRARY_IMPLICIT_SCHEMA	t	{}	{1245,1246,1247,1248,1249,1250,1251,1252,1253,1254,1255}	{1256,1257,1258}	{}	{}
227	\N	73	DIC_F_VIEW_INSTANCE	ISO13584_25_IEC61360_5_LIBRARY_IMPLICIT_SCHEMA	f	{1268,1269}	{}	{1260,1261,1262,1263,1264,1265,1266,1267}	{1259}	{}
234	\N	73	SUPPLIER_BSU_RELATED_CONTENT	ISO13584_25_IEC61360_5_LIBRARY_IMPLICIT_SCHEMA	t	{1282}	{1287}	{1283,1284,1285,1286}	{}	{}
235	\N	73	PROGRAM_LIBRARY_CONTENT	ISO13584_25_IEC61360_5_LIBRARY_IMPLICIT_SCHEMA	f	{1288}	{}	{1289,1290,1291,1292}	{}	{}
238	\N	73	ENUM_INFO	META	f	{1302}	{}	{1297,1298,1299,1300,1301}	{}	{}
239	\N	73	DESCRIPTION_ATTRIBUTE	ISO13584_25_IEC61360_5_LIBRARY_IMPLICIT_SCHEMA	f	{}	{}	{1303,1304}	{}	{}
247	\N	73	ILLUSTRATION	ISO13584_25_IEC61360_5_LIBRARY_IMPLICIT_SCHEMA	f	{1327,1328}	{1325,1326}	{1319,1320,1321,1322,1323,1324}	{}	{}
248	\N	73	DIALOGUE_RESOURCE	ISO13584_25_IEC61360_5_LIBRARY_IMPLICIT_SCHEMA	t	{1336}	{1329,1330,1331,1332}	{1333,1334,1335}	{}	{}
249	\N	73	MESSAGE	ISO13584_25_IEC61360_5_LIBRARY_IMPLICIT_SCHEMA	f	{1337}	{}	{1338,1339,1340}	{}	{}
250	\N	73	A6_ILLUSTRATION	ISO13584_25_IEC61360_5_LIBRARY_IMPLICIT_SCHEMA	f	{1341}	{}	{1342,1343,1344,1345,1346,1347}	{}	{}
251	\N	73	A9_ILLUSTRATION	ISO13584_25_IEC61360_5_LIBRARY_IMPLICIT_SCHEMA	f	{1348}	{}	{1349,1350,1351,1352,1353,1354}	{}	{}
252	\N	73	REPRESENTATION_REFERENCE	ISO13584_25_IEC61360_5_LIBRARY_IMPLICIT_SCHEMA	f	{1355}	{}	{1356,1357,1358,1359}	{}	{}
253	\N	73	EXTERNAL_ITEM	ISO13584_25_IEC61360_5_LIBRARY_IMPLICIT_SCHEMA	t	{}	{1360,1361,1362,1363,1364,1365,1366,1367,1368,1369,1370,1371,1372,1373}	{1374,1375}	{}	{}
260	\N	73	EXPLICIT_MODEL_CLASS_EXTENSION	ISO13584_25_IEC61360_5_LIBRARY_IMPLICIT_SCHEMA	t	{1388}	{1400,1401}	{1389,1390,1391,1392,1393,1394,1395,1396,1397,1398,1399}	{}	{}
261	\N	73	EXPLICIT_ITEM_CLASS_EXTENSION	ISO13584_25_IEC61360_5_LIBRARY_IMPLICIT_SCHEMA	f	{1419}	{}	{1402,1403,1404,1405,1406,1407,1408,1409,1410,1411,1412,1413,1414,1415,1416,1417,1418}	{}	{}
262	\N	73	EXPLICIT_FUNCTIONAL_MODEL_CLASS_EXTENSION	ISO13584_25_IEC61360_5_LIBRARY_IMPLICIT_SCHEMA	f	{1420}	{}	{1421,1422,1423,1424,1425,1426,1427,1428,1429,1430,1431,1432,1433,1434,1435,1436,1437,1438}	{}	{}
263	\N	73	CLASS_EXTENSION	ISO13584_25_IEC61360_5_LIBRARY_IMPLICIT_SCHEMA	t	{1439}	{1441,1442,1443,1444}	{1440}	{}	{}
264	\N	73	MODEL_CLASS_EXTENSION	ISO13584_25_IEC61360_5_LIBRARY_IMPLICIT_SCHEMA	t	{1456}	{1453,1454,1455}	{1445,1446,1447,1448,1449,1450,1451,1452}	{}	{}
266	\N	73	INT_TYPE	ISO13584_25_IEC61360_5_LIBRARY_IMPLICIT_SCHEMA	f	{1459}	{1460,1461,1462}	{1463}	{}	{}
267	\N	73	DEFINED_INFO	META	f	{1464}	{}	{1465,1466,1467,1468,1469}	{}	{}
268	\N	73	INT_MEASURE_TYPE	ISO13584_25_IEC61360_5_LIBRARY_IMPLICIT_SCHEMA	f	{1470}	{}	{1471,1472}	{}	{}
270	\N	73	REAL_MEASURE_TYPE	ISO13584_25_IEC61360_5_LIBRARY_IMPLICIT_SCHEMA	f	{1477}	{}	{1475,1476}	{}	{}
279	\N	73	LINKED_INTERFACE_PROGRAM_PROTOCOL	ISO13584_25_IEC61360_5_LIBRARY_IMPLICIT_SCHEMA	f	{1494}	{}	{1495,1496,1497,1498,1499,1500,1501,1502}	{}	{}
280	\N	73	NON_STANDARD_SIMPLE_PROGRAM_PROTOCOL	ISO13584_25_IEC61360_5_LIBRARY_IMPLICIT_SCHEMA	f	{1503,1504}	{}	{1505,1506,1507,1508,1509,1510,1511,1512,1513,1514,1515,1516}	{}	{}
281	\N	73	SIMPLE_PROGRAM_PROTOCOL	ISO13584_25_IEC61360_5_LIBRARY_IMPLICIT_SCHEMA	t	{1529}	{1530,1531}	{1517,1518,1519,1520,1521,1522,1523,1524,1525,1526,1527,1528}	{}	{}
282	\N	73	STANDARD_SIMPLE_PROGRAM_PROTOCOL	ISO13584_25_IEC61360_5_LIBRARY_IMPLICIT_SCHEMA	f	{1532,1533}	{}	{1534,1535,1536,1537,1538,1539,1540,1541,1542,1543,1544,1545}	{}	{}
283	\N	73	EXTERNAL_FILE_PROTOCOL	ISO13584_25_IEC61360_5_LIBRARY_IMPLICIT_SCHEMA	t	{}	{1553,1554,1555,1556,1557,1558,1559,1560,1561,1562,1563}	{1546,1547,1548,1549,1550,1551,1552}	{}	{}
284	\N	73	PROGRAM_PROTOCOL	ISO13584_25_IEC61360_5_LIBRARY_IMPLICIT_SCHEMA	t	{1575}	{1571,1572,1573,1574}	{1564,1565,1566,1567,1568,1569,1570}	{}	{}
288	\N	73	STANDARD_PROTOCOL	ISO13584_25_IEC61360_5_LIBRARY_IMPLICIT_SCHEMA	t	{1592}	{1589,1590,1591}	{1582,1583,1584,1585,1586,1587,1588}	{}	{}
300	\N	73	VIEW_CONTROL_VARIABLE_RANGE	ISO13584_25_IEC61360_5_LIBRARY_IMPLICIT_SCHEMA	f	{}	{}	{1615,1616,1617}	{}	{}
303	\N	73	TRANSLATED_LABEL	ISO13584_25_IEC61360_5_LIBRARY_IMPLICIT_SCHEMA	f	{}	{}	{1622,1623}	{}	{}
304	\N	73	REFERENCED_DOCUMENT	ISO13584_25_IEC61360_5_LIBRARY_IMPLICIT_SCHEMA	f	{1625}	{}	{1624}	{}	{}
305	\N	73	IDENTIFIED_DOCUMENT	ISO13584_25_IEC61360_5_LIBRARY_IMPLICIT_SCHEMA	f	{1627}	{}	{1626}	{}	{}
306	\N	73	DOCUMENT	ISO13584_25_IEC61360_5_LIBRARY_IMPLICIT_SCHEMA	t	{}	{1628,1629}	{}	{}	{}
308	\N	73	NAMED_UNIT	ISO13584_25_IEC61360_5_LIBRARY_IMPLICIT_SCHEMA	f	{}	{1633,1634,1635,1636,1637}	{1632}	{}	{}
309	\N	73	LENGTH_UNIT	ISO13584_25_IEC61360_5_LIBRARY_IMPLICIT_SCHEMA	f	{1638}	{}	{1639}	{}	{}
319	\N	73	DICTIONARY_EXTERNAL_ITEM	ISO13584_25_IEC61360_5_LIBRARY_IMPLICIT_SCHEMA	t	{1658,1659}	{1660,1661,1662,1663}	{1664,1665,1666,1667}	{}	{}
326	\N	73	PERSON	ISO13584_25_IEC61360_5_LIBRARY_IMPLICIT_SCHEMA	f	{}	{}	{1680,1681,1682,1683,1684,1685}	{}	{}
334	\N	73	CONVERSION_BASED_UNIT	ISO13584_25_IEC61360_5_LIBRARY_IMPLICIT_SCHEMA	f	{1703}	{}	{1700,1701,1702}	{}	{}
336	\N	73	SIMPLE_TYPE	ISO13584_25_IEC61360_5_LIBRARY_IMPLICIT_SCHEMA	t	{1718}	{1706,1707,1708,1709,1710,1711,1712,1713,1714,1715,1716}	{1717}	{}	{}
363	\N	73	DIMENSIONAL_EXPONENTS	ISO13584_25_IEC61360_5_LIBRARY_IMPLICIT_SCHEMA	f	{}	{}	{1771,1772,1773,1774,1775,1776,1777}	{}	{}
364	\N	73	HTTP_PROTOCOL	ISO13584_25_IEC61360_5_LIBRARY_IMPLICIT_SCHEMA	f	{1778}	{}	{1779,1780,1781,1782,1783,1784,1785,1786}	{}	{}
365	\N	73	DATA_PROTOCOL	ISO13584_25_IEC61360_5_LIBRARY_IMPLICIT_SCHEMA	t	{1787}	{1795,1796,1797}	{1788,1789,1790,1791,1792,1793,1794}	{}	{}
366	\N	73	STANDARD_DATA_PROTOCOL	ISO13584_25_IEC61360_5_LIBRARY_IMPLICIT_SCHEMA	f	{1806,1807}	{1805}	{1798,1799,1800,1801,1802,1803,1804}	{}	{}
367	\N	73	BOOLEAN_TYPE	ISO13584_25_IEC61360_5_LIBRARY_IMPLICIT_SCHEMA	f	{1809}	{}	{1808}	{}	{}
368	\N	73	NON_QUANTITATIVE_CODE_TYPE	ISO13584_25_IEC61360_5_LIBRARY_IMPLICIT_SCHEMA	f	{1812}	{}	{1810,1811}	{}	{}
369	\N	73	INT_CURRENCY_TYPE	ISO13584_25_IEC61360_5_LIBRARY_IMPLICIT_SCHEMA	f	{1815}	{}	{1813,1814}	{}	{}
370	\N	73	STRING_TYPE	ISO13584_25_IEC61360_5_LIBRARY_IMPLICIT_SCHEMA	f	{1817}	{1818}	{1816}	{}	{}
371	\N	73	NON_QUANTITATIVE_INT_TYPE	ISO13584_25_IEC61360_5_LIBRARY_IMPLICIT_SCHEMA	f	{1821}	{}	{1819,1820}	{}	{}
372	\N	73	NUMBER_TYPE	ISO13584_25_IEC61360_5_LIBRARY_IMPLICIT_SCHEMA	f	{1830}	{1823,1824,1825,1826,1827,1828,1829}	{1822}	{}	{}
373	\N	73	DATA_TYPE	ISO13584_25_IEC61360_5_LIBRARY_IMPLICIT_SCHEMA	t	{}	{1831,1832,1833,1834,1835,1836,1837,1838,1839,1840,1841,1842,1843,1844,1845,1846,1847,1848,1849,1850,1851,1852,1853,1854,1855,1856}	{}	{}	{}
375	\N	73	PRESENT_TRANSLATIONS	ISO13584_25_IEC61360_5_LIBRARY_IMPLICIT_SCHEMA	f	{}	{}	{1859}	{}	{}
378	\N	73	MEASURE_WITH_UNIT	ISO13584_25_IEC61360_5_LIBRARY_IMPLICIT_SCHEMA	f	{}	{1866}	{1864,1865}	{}	{}
379	\N	73	LENGTH_MEASURE_WITH_UNIT	ISO13584_25_IEC61360_5_LIBRARY_IMPLICIT_SCHEMA	f	{1869}	{}	{1867,1868}	{}	{}
381	\N	73	GLOBAL_UNIT_ASSIGNED_CONTEXT	ISO13584_25_IEC61360_5_LIBRARY_IMPLICIT_SCHEMA	f	{1872}	{}	{1873,1874,1875}	{}	{}
383	\N	73	BAG_TYPE	ISO13584_25_IEC61360_5_LIBRARY_IMPLICIT_SCHEMA	f	{1878}	{}	{1879,1880,1881}	{}	{}
384	\N	73	ARRAY_TYPE	ISO13584_25_IEC61360_5_LIBRARY_IMPLICIT_SCHEMA	f	{1887}	{}	{1882,1883,1884,1885,1886}	{}	{}
385	\N	73	LIST_TYPE	ISO13584_25_IEC61360_5_LIBRARY_IMPLICIT_SCHEMA	f	{1888}	{}	{1889,1890,1891,1892}	{}	{}
386	\N	73	SET_WITH_SUBSET_CONSTRAINT_TYPE	ISO13584_25_IEC61360_5_LIBRARY_IMPLICIT_SCHEMA	f	{1898}	{}	{1893,1894,1895,1896,1897}	{}	{}
387	\N	73	REFERENCED_GRAPHICS	ISO13584_25_IEC61360_5_LIBRARY_IMPLICIT_SCHEMA	f	{1900}	{}	{1899}	{}	{}
388	\N	73	GRAPHICS	ISO13584_25_IEC61360_5_LIBRARY_IMPLICIT_SCHEMA	t	{}	{1901,1902,1903,1904}	{}	{}	{}
390	\N	73	VALUE_DOMAIN	ISO13584_25_IEC61360_5_LIBRARY_IMPLICIT_SCHEMA	f	{}	{}	{1907,1908,1909,1910}	{}	{}
394	\N	73	SET_WITH_SUBSET_CONSTRAINT_VALUE	ISO13584_25_IEC61360_5_LIBRARY_IMPLICIT_SCHEMA	f	{1920}	{}	{1917,1918,1919}	{}	{}
400	\N	73	DIC_COMPONENT_INSTANCE	ISO13584_25_IEC61360_5_LIBRARY_IMPLICIT_SCHEMA	f	{1931}	{1932}	{1933,1934,1935}	{}	{}
401	\N	73	AXIS2_PLACEMENT_2D	ISO13584_25_IEC61360_5_LIBRARY_IMPLICIT_SCHEMA	f	{1939}	{}	{1936,1937,1938}	{1940}	{}
402	\N	73	AXIS2_PLACEMENT_3D	ISO13584_25_IEC61360_5_LIBRARY_IMPLICIT_SCHEMA	f	{1942}	{}	{1943,1944,1945,1946}	{1941}	{}
403	\N	73	CONTENT_ITEM	ISO13584_25_IEC61360_5_LIBRARY_IMPLICIT_SCHEMA	t	{}	{1947,1948,1949,1950,1951,1952,1953,1954,1955,1956}	{1957}	{}	{}
408	\N	73	LEVEL_SPEC_VALUE	ISO13584_25_IEC61360_5_LIBRARY_IMPLICIT_SCHEMA	t	{}	{1966,1967}	{1968}	{}	{}
413	\N	73	LIB_COMPONENT_INSTANCE	ISO13584_25_IEC61360_5_LIBRARY_IMPLICIT_SCHEMA	f	{1986,1987}	{}	{1977,1978,1979,1980,1981,1982,1983,1984,1985}	{}	{}
417	\N	73	DIC_VALUE	ISO13584_25_IEC61360_5_LIBRARY_IMPLICIT_SCHEMA	f	{}	{}	{1994,1995,1996}	{}	{}
418	\N	73	NON_STANDARD_PROTOCOL	ISO13584_25_IEC61360_5_LIBRARY_IMPLICIT_SCHEMA	t	{1999}	{1997,1998}	{2000,2001,2002,2003,2004,2005,2006}	{}	{}
420	\N	73	INT_LEVEL_SPEC_VALUE	ISO13584_25_IEC61360_5_LIBRARY_IMPLICIT_SCHEMA	f	{2009}	{}	{2010}	{}	{}
421	\N	73	REAL_LEVEL_SPEC_VALUE	ISO13584_25_IEC61360_5_LIBRARY_IMPLICIT_SCHEMA	f	{2011}	{}	{2012}	{}	{}
424	\N	73	BAG_VALUE	ISO13584_25_IEC61360_5_LIBRARY_IMPLICIT_SCHEMA	f	{2017}	{}	{2018}	{}	{}
429	\N	73	COORDINATED_UNIVERSAL_TIME_OFFSET	ISO13584_25_IEC61360_5_LIBRARY_IMPLICIT_SCHEMA	f	{}	{}	{2028,2029,2030}	{2027}	{}
435	\N	73	DIC_FEATURE_INSTANCE	ISO13584_25_IEC61360_5_LIBRARY_IMPLICIT_SCHEMA	f	{2042}	{2041}	{2043,2044,2045}	{}	{}
446	\N	73	DICTIONARY	ISO13584_25_IEC61360_5_LIBRARY_IMPLICIT_SCHEMA	f	{}	{2066,2067,2068}	{2069,2070,2071,2072,2073,2074,2075,2076,2077,2078,2079,2080,2081,2082,2083}	{}	{}
449	\N	73	LIB_FEATURE_INSTANCE	ISO13584_25_IEC61360_5_LIBRARY_IMPLICIT_SCHEMA	f	{2097,2098}	{}	{2088,2089,2090,2091,2092,2093,2094,2095,2096}	{}	{}
450	\N	73	REPRESENTATION_ITEM	ISO13584_25_IEC61360_5_LIBRARY_IMPLICIT_SCHEMA	f	{}	{2099,2100,2101,2102,2103,2104,2105,2106,2107}	{2108}	{}	{}
453	\N	73	NAME_ATTRIBUTE	ISO13584_25_IEC61360_5_LIBRARY_IMPLICIT_SCHEMA	f	{}	{}	{2113,2114}	{}	{}
455	\N	73	NON_SI_UNIT	ISO13584_25_IEC61360_5_LIBRARY_IMPLICIT_SCHEMA	f	{2117}	{}	{2118,2119}	{}	{}
469	\N	73	PROPERTY_VALUE_EXTERNAL_ITEM	ISO13584_25_IEC61360_5_LIBRARY_IMPLICIT_SCHEMA	f	{2146}	{}	{2147,2148}	{}	{}
483	\N	73	TRANSLATED_TEXT	ISO13584_25_IEC61360_5_LIBRARY_IMPLICIT_SCHEMA	f	{}	{}	{2175,2176}	{}	{}
491	\N	73	APPLICATION_CONTEXT	ISO13584_25_IEC61360_5_LIBRARY_IMPLICIT_SCHEMA	f	{}	{}	{2194}	{2192,2193}	{2191}
492	\N	73	APPLICATION_CONTEXT_ELEMENT	ISO13584_25_IEC61360_5_LIBRARY_IMPLICIT_SCHEMA	f	{}	{}	{2195,2196}	{}	{}
503	\N	73	EXTERNAL_FILE_UNIT	ISO13584_25_IEC61360_5_LIBRARY_IMPLICIT_SCHEMA	f	{}	{2218}	{2216,2217}	{}	{2219}
504	\N	73	HTTP_FILE	ISO13584_25_IEC61360_5_LIBRARY_IMPLICIT_SCHEMA	f	{2220}	{}	{2221,2222,2223,2224,2225,2226,2227,2228}	{}	{}
508	\N	73	SI_UNIT	ISO13584_25_IEC61360_5_LIBRARY_IMPLICIT_SCHEMA	f	{2236}	{}	{2237,2238,2239}	{2235}	{}
511	\N	73	CLASS_VALUE_ASSIGNMENT	ISO13584_25_IEC61360_5_LIBRARY_IMPLICIT_SCHEMA	f	{}	{}	{2244,2245}	{}	{}
512	\N	73	LEVEL_TYPE	ISO13584_25_IEC61360_5_LIBRARY_IMPLICIT_SCHEMA	f	{2246}	{}	{2247,2248}	{}	{}
513	\N	73	CLASS_INSTANCE_TYPE	ISO13584_25_IEC61360_5_LIBRARY_IMPLICIT_SCHEMA	f	{2250}	{}	{2249}	{}	{}
516	\N	73	CONTEXT_DEPENDENT_UNIT	ISO13584_25_IEC61360_5_LIBRARY_IMPLICIT_SCHEMA	f	{2257}	{}	{2255,2256}	{}	{}
525	\N	73	DICTIONARY_IDENTIFICATION	ISO13584_25_IEC61360_5_LIBRARY_IMPLICIT_SCHEMA	f	{}	{}	{2276,2277,2278,2279}	{2275}	{2274}
526	\N	73	NAMED_TYPE	ISO13584_25_IEC61360_5_LIBRARY_IMPLICIT_SCHEMA	f	{2281}	{}	{2280}	{}	{}
529	\N	73	PROPERTY_CLASSIFICATION	ISO13584_25_IEC61360_5_LIBRARY_IMPLICIT_SCHEMA	f	{}	{}	{2286,2287}	{}	{}
540	\N	73	SET_VALUE	ISO13584_25_IEC61360_5_LIBRARY_IMPLICIT_SCHEMA	f	{2308}	{}	{2309}	{}	{}
541	\N	73	LIB_F_MODEL_INSTANCE	ISO13584_25_IEC61360_5_LIBRARY_IMPLICIT_SCHEMA	f	{2313}	{}	{2310,2311,2312}	{}	{}
542	\N	73	DIC_F_MODEL_INSTANCE	ISO13584_25_IEC61360_5_LIBRARY_IMPLICIT_SCHEMA	f	{2318}	{2317}	{2314,2315,2316}	{}	{}
546	\N	73	DATES	ISO13584_25_IEC61360_5_LIBRARY_IMPLICIT_SCHEMA	f	{}	{}	{2325,2326,2327}	{}	{}
550	\N	73	SCHEMA_INFO	META	f	{}	{}	{2334,2335,2336}	{}	{}
551	\N	73	ID_ATTRIBUTE	ISO13584_25_IEC61360_5_LIBRARY_IMPLICIT_SCHEMA	f	{}	{}	{2337,2338}	{}	{}
561	\N	73	STRING_INFO	META	f	{2357}	{}	{2358,2359,2360,2361}	{}	{}
562	\N	73	NON_STANDARD_DATA_PROTOCOL	ISO13584_25_IEC61360_5_LIBRARY_IMPLICIT_SCHEMA	f	{2362,2363}	{}	{2364,2365,2366,2367,2368,2369,2370}	{}	{}
570	\N	73	DIC_UNIT	ISO13584_25_IEC61360_5_LIBRARY_IMPLICIT_SCHEMA	f	{}	{}	{2385,2386}	{}	{}
573	\N	73	ORDINAL_DATE	ISO13584_25_IEC61360_5_LIBRARY_IMPLICIT_SCHEMA	f	{2393}	{}	{2391,2392}	{}	{}
574	\N	73	LIST_VALUE	ISO13584_25_IEC61360_5_LIBRARY_IMPLICIT_SCHEMA	f	{2394}	{}	{2395}	{}	{}
577	\N	73	UNCONTROLLED_ENTITY_INSTANCE_VALUE	ISO13584_25_IEC61360_5_LIBRARY_IMPLICIT_SCHEMA	t	{}	{2400}	{}	{}	{}
578	\N	73	AGGREGATE_ENTITY_INSTANCE_VALUE	ISO13584_25_IEC61360_5_LIBRARY_IMPLICIT_SCHEMA	f	{2401}	{}	{2402}	{}	{}
594	\N	73	COMPLEX_ENTITY_INFO	META	f	{2433}	{}	{2435,2436,2437}	{2434}	{}
596	\N	73	ADDRESS	ISO13584_25_IEC61360_5_LIBRARY_IMPLICIT_SCHEMA	f	{}	{}	{2442,2443,2444,2445,2446,2447,2448,2449,2450,2451,2452,2453}	{2440,2441}	{}
599	\N	73	HTTP_CLASS_DIRECTORY	ISO13584_25_IEC61360_5_LIBRARY_IMPLICIT_SCHEMA	f	{}	{}	{2458,2459}	{}	{}
603	\N	73	DATE	ISO13584_25_IEC61360_5_LIBRARY_IMPLICIT_SCHEMA	f	{}	{2467,2468,2469}	{2466}	{}	{}
604	\N	73	DERIVED_UNIT_ELEMENT	ISO13584_25_IEC61360_5_LIBRARY_IMPLICIT_SCHEMA	f	{}	{}	{2470,2471}	{}	{}
615	\N	73	TRANSLATED_STRING_VALUE	ISO13584_25_IEC61360_5_LIBRARY_IMPLICIT_SCHEMA	f	{}	{}	{2492,2493}	{}	{}
618	\N	73	LABEL_WITH_LANGUAGE	ISO13584_25_IEC61360_5_LIBRARY_IMPLICIT_SCHEMA	f	{}	{}	{2498,2499}	{}	{}
622	\N	73	A_POSTERIORI_VIEW_OF	ISO13584_25_IEC61360_5_LIBRARY_IMPLICIT_SCHEMA	f	{2509}	{}	{2506,2507,2508}	{}	{}
626	\N	73	A_POSTERIORI_SEMANTIC_RELATIONSHIP	ISO13584_25_IEC61360_5_LIBRARY_IMPLICIT_SCHEMA	t	{}	{2516,2517}	{}	{}	{}
627	\N	73	A_POSTERIORI_CASE_OF	ISO13584_25_IEC61360_5_LIBRARY_IMPLICIT_SCHEMA	f	{2518}	{}	{2519,2520,2521}	{}	{}
643	\N	73	DATA_EXCHANGE_SPECIFICATION_IDENTIFICATION	ISO13584_25_IEC61360_5_LIBRARY_IMPLICIT_SCHEMA	t	{}	{2559,2560}	{2552,2553,2554,2555,2556,2557,2558}	{}	{}
644	\N	73	VIEW_EXCHANGE_PROTOCOL_IDENTIFICATION	ISO13584_25_IEC61360_5_LIBRARY_IMPLICIT_SCHEMA	f	{2569}	{}	{2561,2562,2563,2564,2565,2566,2567,2568}	{}	{}
651	\N	73	DERIVED_UNIT	ISO13584_25_IEC61360_5_LIBRARY_IMPLICIT_SCHEMA	f	{}	{}	{2583}	{2582}	{}
655	\N	73	PROPERTY_VALUE_RECOMMENDED_PRESENTATION	ISO13584_25_IEC61360_5_LIBRARY_IMPLICIT_SCHEMA	f	{}	{}	{2590,2591,2592}	{}	{}
660	\N	73	APPLICATION_PROTOCOL_DEFINITION	ISO13584_25_IEC61360_5_LIBRARY_IMPLICIT_SCHEMA	f	{}	{}	{2601,2602,2603,2604}	{}	{}
663	\N	73	NULL_VALUE	ISO13584_25_IEC61360_5_LIBRARY_IMPLICIT_SCHEMA	f	{}	{}	{}	{}	{}
664	\N	73	WEEK_OF_YEAR_AND_DAY_DATE	ISO13584_25_IEC61360_5_LIBRARY_IMPLICIT_SCHEMA	f	{2612}	{}	{2609,2610,2611}	{}	{}
665	\N	73	CALENDAR_DATE	ISO13584_25_IEC61360_5_LIBRARY_IMPLICIT_SCHEMA	f	{2616}	{}	{2613,2614,2615}	{}	{}
667	\N	73	LIBRARY_IIM_IDENTIFICATION	ISO13584_25_IEC61360_5_LIBRARY_IMPLICIT_SCHEMA	f	{2626}	{}	{2619,2620,2621,2622,2623,2624,2625}	{}	{}
689	\N	73	LOCAL_TIME	ISO13584_25_IEC61360_5_LIBRARY_IMPLICIT_SCHEMA	f	{}	{}	{2669,2670,2671,2672}	{}	{}
961	\N	73	ATTRIBUTE	META	f	{}	{3342,3343,3344}	{3336,3337,3338,3339,3340,3341}	{}	{}
968	\N	73	AGGREGATE_INFO	META	f	{3364}	{}	{3357,3358,3359,3360,3361,3362,3363}	{}	{}
971	\N	73	BINARY_INFO	META	f	{3369}	{}	{3370,3371,3372,3373}	{}	{}
975	\N	73	APPLICATION_INFO	META	f	{}	{}	{3380,3381}	{}	{}
983	\N	73	INV_ATTRIBUTE	META	f	{3403}	{}	{3396,3397,3398,3399,3400,3401,3402}	{}	{}
984	\N	73	DER_ATTRIBUTE	META	f	{3410}	{}	{3404,3405,3406,3407,3408,3409}	{}	{}
985	\N	73	REDEF_ATTRIBUTE	META	f	{3411}	{}	{3412,3413,3414,3415,3416,3417,3418}	{}	{}
\.


--
-- Data for Name: entity_instance_type_e; Type: TABLE DATA; Schema: public; Owner: postgres
--

COPY entity_instance_type_e (rid, type_name) FROM stdin;
1558	\N
1710	{1}
\.


--
-- Data for Name: entity_instance_type_for_aggregate_2_type_structure; Type: TABLE DATA; Schema: public; Owner: postgres
--

COPY entity_instance_type_for_aggregate_2_type_structure (rid, rid_s, tablename_s, rid_d, tablename_d) FROM stdin;
\.


--
-- Data for Name: entity_instance_type_for_aggregate_e; Type: TABLE DATA; Schema: public; Owner: postgres
--

COPY entity_instance_type_for_aggregate_e (rid, type_name, type_structure) FROM stdin;
\.


--
-- Data for Name: enum_info_e; Type: TABLE DATA; Schema: public; Owner: postgres
--

COPY enum_info_e (rid, obj, category, name, of_schema, literals) FROM stdin;
715	\N	71	PROGRAM_STATUS	ISO13584_25_IEC61360_5_LIBRARY_IMPLICIT_SCHEMA	{1,2}
774	\N	71	SI_UNIT_NAME	ISO13584_25_IEC61360_5_LIBRARY_IMPLICIT_SCHEMA	{3,4,5,6,7,8,9,10,11,12,13,14,15,16,17,18,19,20,21,22,23,24,25,26,27,28,29,30}
784	\N	71	SI_PREFIX	ISO13584_25_IEC61360_5_LIBRARY_IMPLICIT_SCHEMA	{31,32,33,34,35,36,37,38,39,40,41,42,43,44,45,46}
789	\N	71	AHEAD_OR_BEHIND	ISO13584_25_IEC61360_5_LIBRARY_IMPLICIT_SCHEMA	{47,48,49}
806	\N	71	LEVEL	ISO13584_25_IEC61360_5_LIBRARY_IMPLICIT_SCHEMA	{50,51,52,53}
817	\N	71	ILLUSTRATION_TYPE	ISO13584_25_IEC61360_5_LIBRARY_IMPLICIT_SCHEMA	{54,55,56}
986	\N	71	TYPE_CATEGORY	META	{57,58,59,60,61,62,63,64,65,66,67,68,69,70,71,72,73}
\.


--
-- Data for Name: explicit_functional_model_class_extension_2_available_views_ico; Type: TABLE DATA; Schema: public; Owner: postgres
--

COPY explicit_functional_model_class_extension_2_available_views_ico (rid, rid_s, tablename_s, rid_d, tablename_d) FROM stdin;
\.


--
-- Data for Name: explicit_functional_model_class_extension_2_available_views_msg; Type: TABLE DATA; Schema: public; Owner: postgres
--

COPY explicit_functional_model_class_extension_2_available_views_msg (rid, rid_s, tablename_s, rid_d, tablename_d) FROM stdin;
\.


--
-- Data for Name: explicit_functional_model_class_extension_2_context_param_icon; Type: TABLE DATA; Schema: public; Owner: postgres
--

COPY explicit_functional_model_class_extension_2_context_param_icon (rid, rid_s, tablename_s, rid_d, tablename_d) FROM stdin;
\.


--
-- Data for Name: explicit_functional_model_class_extension_2_context_param_msg; Type: TABLE DATA; Schema: public; Owner: postgres
--

COPY explicit_functional_model_class_extension_2_context_param_msg (rid, rid_s, tablename_s, rid_d, tablename_d) FROM stdin;
\.


--
-- Data for Name: explicit_functional_model_class_extension_2_measure_unit; Type: TABLE DATA; Schema: public; Owner: postgres
--

COPY explicit_functional_model_class_extension_2_measure_unit (rid, rid_s, tablename_s, rid_d, tablename_d) FROM stdin;
\.


--
-- Data for Name: explicit_functional_model_class_extension_2_referenced_represen; Type: TABLE DATA; Schema: public; Owner: postgres
--

COPY explicit_functional_model_class_extension_2_referenced_represen (rid, rid_s, tablename_s, rid_d, tablename_d) FROM stdin;
\.


--
-- Data for Name: explicit_functional_model_class_extension_2_required_item_value; Type: TABLE DATA; Schema: public; Owner: postgres
--

COPY explicit_functional_model_class_extension_2_required_item_value (rid, rid_s, tablename_s, rid_d, tablename_d) FROM stdin;
\.


--
-- Data for Name: explicit_functional_model_class_extension_e; Type: TABLE DATA; Schema: public; Owner: postgres
--

COPY explicit_functional_model_class_extension_e (rid, dictionary_definition, rid_bsu, tablename_bsu, properties, referenced_external_items, used_protocols, referenced_view_exchange_protocol, content_version, content_revision, recommended_presentation, classification, instance_identification, population, table_like, measure_unit, required_item_values, referenced_representation, available_views_icon, available_views_msg, context_param_icon, context_param_msg) FROM stdin;
\.


--
-- Data for Name: explicit_item_class_extension_2_access_icon; Type: TABLE DATA; Schema: public; Owner: postgres
--

COPY explicit_item_class_extension_2_access_icon (rid, rid_s, tablename_s, rid_d, tablename_d) FROM stdin;
\.


--
-- Data for Name: explicit_item_class_extension_2_class_presentation_on_paper; Type: TABLE DATA; Schema: public; Owner: postgres
--

COPY explicit_item_class_extension_2_class_presentation_on_paper (rid, rid_s, tablename_s, rid_d, tablename_d) FROM stdin;
\.


--
-- Data for Name: explicit_item_class_extension_2_class_presentation_on_screen; Type: TABLE DATA; Schema: public; Owner: postgres
--

COPY explicit_item_class_extension_2_class_presentation_on_screen (rid, rid_s, tablename_s, rid_d, tablename_d) FROM stdin;
\.


--
-- Data for Name: explicit_item_class_extension_2_content_msg; Type: TABLE DATA; Schema: public; Owner: postgres
--

COPY explicit_item_class_extension_2_content_msg (rid, rid_s, tablename_s, rid_d, tablename_d) FROM stdin;
\.


--
-- Data for Name: explicit_item_class_extension_2_create_icon; Type: TABLE DATA; Schema: public; Owner: postgres
--

COPY explicit_item_class_extension_2_create_icon (rid, rid_s, tablename_s, rid_d, tablename_d) FROM stdin;
\.


--
-- Data for Name: explicit_item_class_extension_2_create_msg; Type: TABLE DATA; Schema: public; Owner: postgres
--

COPY explicit_item_class_extension_2_create_msg (rid, rid_s, tablename_s, rid_d, tablename_d) FROM stdin;
\.


--
-- Data for Name: explicit_item_class_extension_e; Type: TABLE DATA; Schema: public; Owner: postgres
--

COPY explicit_item_class_extension_e (rid, dictionary_definition, rid_bsu, tablename_bsu, properties, referenced_external_items, used_protocols, referenced_view_exchange_protocol, content_version, content_revision, recommended_presentation, classification, instance_identification, population, table_like, access_icon, content_msg, create_icon, create_msg, class_presentation_on_paper, class_presentation_on_screen) FROM stdin;
1266	4315	1030	CLASS_BSU_E	{1054,1057,1056,1061,1058,1064,1062,1063,1067,1065,1055,1069,1068}	{}	{}	{}	001	001	{}	{}	{4289,4290,4291,4292,4293,4294,4295,4296,4297,4298,4299,4300,4301,4302,4303,4304,4305,4306,4307,4308,4309,4310,4311,4312,4313,4314}	{}	t	\N	\N	{}	\N	{}	{}
1263	4194	1034	CLASS_BSU_E	{1054,1057,1056,1061,1058,1064,1062,1063,1067,1065,1055,1069,1068,1066,1071,1070,1072,1075,1074,1073,1059,1060,1053}	{}	{}	{}	001	001	{}	{}	{4148,4149,4150,4151,4152,4153,4154,4155,4156,4157,4158,4159,4160,4161,4162,4163,4164,4165,4166,4167,4168,4169,4170,4171,4172,4173,4174,4175,4176,4177,4178,4179,4180,4181,4182,4183,4184,4185,4186,4187,4188,4189,4190,4191,4192,4193}	{}	t	\N	\N	{}	\N	{}	{}
1264	4241	1036	CLASS_BSU_E	{1054,1057,1056,1061,1058,1064,1062,1063,1067,1065,1055,1069,1068,1066,1071,1070,1072,1075,1074,1073,1059,1060,1053}	{}	{}	{}	001	001	{}	{}	{4195,4196,4197,4198,4199,4200,4201,4202,4203,4204,4205,4206,4207,4208,4209,4210,4211,4212,4213,4214,4215,4216,4217,4218,4219,4220,4221,4222,4223,4224,4225,4226,4227,4228,4229,4230,4231,4232,4233,4234,4235,4236,4237,4238,4239,4240}	{}	t	\N	\N	{}	\N	{}	{}
1265	4288	1035	CLASS_BSU_E	{1054,1057,1056,1061,1058,1064,1062,1063,1067,1065,1055,1069,1068,1071,1066,1070,1072,1075,1074,1073,1059,1060,1053}	{}	{}	{}	001	001	{}	{}	{4242,4243,4244,4245,4246,4247,4248,4249,4250,4251,4252,4253,4254,4255,4256,4257,4258,4259,4260,4261,4262,4263,4264,4265,4266,4267,4268,4269,4270,4271,4272,4273,4274,4275,4276,4277,4278,4279,4280,4281,4282,4283,4284,4285,4286,4287}	{}	t	\N	\N	{}	\N	{}	{}
1267	4362	1038	CLASS_BSU_E	{1054,1057,1056,1061,1058,1064,1062,1063,1067,1065,1055,1069,1068,1066,1071,1070,1072,1075,1074,1073,1059,1060,1053}	{}	{}	{}	001	001	{}	{}	{4316,4317,4318,4319,4320,4321,4322,4323,4324,4325,4326,4327,4328,4329,4330,4331,4332,4333,4334,4335,4336,4337,4338,4339,4340,4341,4342,4343,4344,4345,4346,4347,4348,4349,4350,4351,4352,4353,4354,4355,4356,4357,4358,4359,4360,4361}	{}	t	\N	\N	{}	\N	{}	{}
1268	4409	1046	CLASS_BSU_E	{1054,1057,1056,1061,1058,1064,1062,1063,1067,1065,1055,1069,1068,1066,1071,1070,1072,1075,1074,1073,1059,1060,1053}	{}	{}	{}	001	001	{}	{}	{4363,4364,4365,4366,4367,4368,4369,4370,4371,4372,4373,4374,4375,4376,4377,4378,4379,4380,4381,4382,4383,4384,4385,4386,4387,4388,4389,4390,4391,4392,4393,4394,4395,4396,4397,4398,4399,4400,4401,4402,4403,4404,4405,4406,4407,4408}	{}	t	\N	\N	{}	\N	{}	{}
1269	4438	1029	CLASS_BSU_E	{1054,1057,1056,1061,1058,1064,1062,1063,1067,1065,1055,1069,1068,1053}	{}	{}	{}	001	001	{}	{}	{4410,4411,4412,4413,4414,4415,4416,4417,4418,4419,4420,4421,4422,4423,4424,4425,4426,4427,4428,4429,4430,4431,4432,4433,4434,4435,4436,4437}	{}	t	\N	\N	{}	\N	{}	{}
1270	4485	1028	CLASS_BSU_E	{1054,1057,1056,1061,1058,1064,1062,1063,1067,1065,1055,1069,1068,1066,1071,1070,1072,1075,1074,1073,1059,1060,1053}	{}	{}	{}	001	001	{}	{}	{4439,4440,4441,4442,4443,4444,4445,4446,4447,4448,4449,4450,4451,4452,4453,4454,4455,4456,4457,4458,4459,4460,4461,4462,4463,4464,4465,4466,4467,4468,4469,4470,4471,4472,4473,4474,4475,4476,4477,4478,4479,4480,4481,4482,4483,4484}	{}	t	\N	\N	{}	\N	{}	{}
1271	4514	1040	CLASS_BSU_E	{1054,1057,1056,1061,1058,1064,1062,1063,1067,1065,1055,1069,1068,1053}	{}	{}	{}	001	001	{}	{}	{4486,4487,4488,4489,4490,4491,4492,4493,4494,4495,4496,4497,4498,4499,4500,4501,4502,4503,4504,4505,4506,4507,4508,4509,4510,4511,4512,4513}	{}	t	\N	\N	{}	\N	{}	{}
1272	4543	1041	CLASS_BSU_E	{1054,1057,1056,1061,1058,1064,1062,1063,1067,1065,1055,1069,1068,1053}	{}	{}	{}	001	001	{}	{}	{4515,4516,4517,4518,4519,4520,4521,4522,4523,4524,4525,4526,4527,4528,4529,4530,4531,4532,4533,4534,4535,4536,4537,4538,4539,4540,4541,4542}	{}	t	\N	\N	{}	\N	{}	{}
1273	4590	1023	CLASS_BSU_E	{1054,1057,1056,1061,1058,1064,1062,1063,1067,1065,1055,1069,1068,1066,1071,1070,1072,1075,1074,1073,1059,1060,1053}	{}	{}	{}	001	001	{}	{}	{4544,4545,4546,4547,4548,4549,4550,4551,4552,4553,4554,4555,4556,4557,4558,4559,4560,4561,4562,4563,4564,4565,4566,4567,4568,4569,4570,4571,4572,4573,4574,4575,4576,4577,4578,4579,4580,4581,4582,4583,4584,4585,4586,4587,4588,4589}	{}	t	\N	\N	{}	\N	{}	{}
1274	4637	1026	CLASS_BSU_E	{1054,1057,1056,1061,1058,1064,1062,1063,1067,1065,1055,1069,1068,1066,1071,1070,1072,1075,1074,1073,1059,1060,1053}	{}	{}	{}	001	001	{}	{}	{4591,4592,4593,4594,4595,4596,4597,4598,4599,4600,4601,4602,4603,4604,4605,4606,4607,4608,4609,4610,4611,4612,4613,4614,4615,4616,4617,4618,4619,4620,4621,4622,4623,4624,4625,4626,4627,4628,4629,4630,4631,4632,4633,4634,4635,4636}	{}	t	\N	\N	{}	\N	{}	{}
1275	4666	1025	CLASS_BSU_E	{1054,1057,1056,1061,1058,1064,1062,1063,1067,1065,1055,1069,1068,1053}	{}	{}	{}	001	001	{}	{}	{4638,4639,4640,4641,4642,4643,4644,4645,4646,4647,4648,4649,4650,4651,4652,4653,4654,4655,4656,4657,4658,4659,4660,4661,4662,4663,4664,4665}	{}	t	\N	\N	{}	\N	{}	{}
1276	4695	1027	CLASS_BSU_E	{1054,1057,1056,1061,1058,1064,1062,1063,1067,1065,1055,1069,1068,1053}	{}	{}	{}	001	001	{}	{}	{4667,4668,4669,4670,4671,4672,4673,4674,4675,4676,4677,4678,4679,4680,4681,4682,4683,4684,4685,4686,4687,4688,4689,4690,4691,4692,4693,4694}	{}	t	\N	\N	{}	\N	{}	{}
1277	4724	1042	CLASS_BSU_E	{1054,1057,1056,1061,1058,1064,1062,1063,1067,1065,1055,1069,1068,1053}	{}	{}	{}	001	001	{}	{}	{4696,4697,4698,4699,4700,4701,4702,4703,4704,4705,4706,4707,4708,4709,4710,4711,4712,4713,4714,4715,4716,4717,4718,4719,4720,4721,4722,4723}	{}	t	\N	\N	{}	\N	{}	{}
1278	4753	1052	CLASS_BSU_E	{1054,1057,1056,1061,1058,1064,1062,1063,1067,1065,1055,1069,1068,1053}	{}	{}	{}	001	001	{}	{}	{4725,4726,4727,4728,4729,4730,4731,4732,4733,4734,4735,4736,4737,4738,4739,4740,4741,4742,4743,4744,4745,4746,4747,4748,4749,4750,4751,4752}	{}	t	\N	\N	{}	\N	{}	{}
1279	4800	1043	CLASS_BSU_E	{1054,1057,1056,1061,1058,1064,1062,1063,1067,1065,1055,1069,1068,1066,1071,1070,1072,1075,1074,1073,1059,1060,1053}	{}	{}	{}	001	001	{}	{}	{4754,4755,4756,4757,4758,4759,4760,4761,4762,4763,4764,4765,4766,4767,4768,4769,4770,4771,4772,4773,4774,4775,4776,4777,4778,4779,4780,4781,4782,4783,4784,4785,4786,4787,4788,4789,4790,4791,4792,4793,4794,4795,4796,4797,4798,4799}	{}	t	\N	\N	{}	\N	{}	{}
1280	4847	1044	CLASS_BSU_E	{1054,1057,1056,1061,1058,1064,1062,1063,1067,1065,1055,1069,1068,1066,1071,1070,1072,1075,1074,1073,1059,1060,1053}	{}	{}	{}	001	001	{}	{}	{4801,4802,4803,4804,4805,4806,4807,4808,4809,4810,4811,4812,4813,4814,4815,4816,4817,4818,4819,4820,4821,4822,4823,4824,4825,4826,4827,4828,4829,4830,4831,4832,4833,4834,4835,4836,4837,4838,4839,4840,4841,4842,4843,4844,4845,4846}	{}	t	\N	\N	{}	\N	{}	{}
1281	4894	1021	CLASS_BSU_E	{1054,1057,1056,1061,1058,1064,1062,1063,1067,1065,1055,1069,1068,1066,1071,1070,1072,1075,1074,1073,1059,1060,1053}	{}	{}	{}	001	001	{}	{}	{4848,4849,4850,4851,4852,4853,4854,4855,4856,4857,4858,4859,4860,4861,4862,4863,4864,4865,4866,4867,4868,4869,4870,4871,4872,4873,4874,4875,4876,4877,4878,4879,4880,4881,4882,4883,4884,4885,4886,4887,4888,4889,4890,4891,4892,4893}	{}	t	\N	\N	{}	\N	{}	{}
1282	4941	1051	CLASS_BSU_E	{1054,1057,1056,1061,1058,1064,1062,1063,1067,1065,1055,1069,1068,1066,1071,1070,1072,1075,1074,1073,1059,1060,1053}	{}	{}	{}	001	001	{}	{}	{4895,4896,4897,4898,4899,4900,4901,4902,4903,4904,4905,4906,4907,4908,4909,4910,4911,4912,4913,4914,4915,4916,4917,4918,4919,4920,4921,4922,4923,4924,4925,4926,4927,4928,4929,4930,4931,4932,4933,4934,4935,4936,4937,4938,4939,4940}	{}	t	\N	\N	{}	\N	{}	{}
1283	4988	1049	CLASS_BSU_E	{1054,1057,1056,1061,1058,1064,1062,1063,1067,1065,1055,1069,1068,1066,1071,1070,1072,1075,1074,1073,1059,1060,1053}	{}	{}	{}	001	001	{}	{}	{4942,4943,4944,4945,4946,4947,4948,4949,4950,4951,4952,4953,4954,4955,4956,4957,4958,4959,4960,4961,4962,4963,4964,4965,4966,4967,4968,4969,4970,4971,4972,4973,4974,4975,4976,4977,4978,4979,4980,4981,4982,4983,4984,4985,4986,4987}	{}	t	\N	\N	{}	\N	{}	{}
1284	5035	1050	CLASS_BSU_E	{1054,1057,1056,1061,1058,1064,1062,1063,1067,1065,1055,1069,1068,1066,1071,1070,1072,1075,1074,1073,1059,1060,1053}	{}	{}	{}	001	001	{}	{}	{4989,4990,4991,4992,4993,4994,4995,4996,4997,4998,4999,5000,5001,5002,5003,5004,5005,5006,5007,5008,5009,5010,5011,5012,5013,5014,5015,5016,5017,5018,5019,5020,5021,5022,5023,5024,5025,5026,5027,5028,5029,5030,5031,5032,5033,5034}	{}	t	\N	\N	{}	\N	{}	{}
1285	5064	1031	CLASS_BSU_E	{1054,1057,1056,1061,1058,1064,1062,1063,1067,1065,1055,1069,1068,1053}	{}	{}	{}	001	001	{}	{}	{5036,5037,5038,5039,5040,5041,5042,5043,5044,5045,5046,5047,5048,5049,5050,5051,5052,5053,5054,5055,5056,5057,5058,5059,5060,5061,5062,5063}	{}	t	\N	\N	{}	\N	{}	{}
1286	5093	1032	CLASS_BSU_E	{1054,1057,1056,1061,1058,1064,1062,1063,1067,1065,1055,1069,1068,1053}	{}	{}	{}	001	001	{}	{}	{5065,5066,5067,5068,5069,5070,5071,5072,5073,5074,5075,5076,5077,5078,5079,5080,5081,5082,5083,5084,5085,5086,5087,5088,5089,5090,5091,5092}	{}	t	\N	\N	{}	\N	{}	{}
1287	5122	1033	CLASS_BSU_E	{1054,1057,1056,1061,1058,1064,1062,1063,1067,1065,1055,1069,1068,1053}	{}	{}	{}	001	001	{}	{}	{5094,5095,5096,5097,5098,5099,5100,5101,5102,5103,5104,5105,5106,5107,5108,5109,5110,5111,5112,5113,5114,5115,5116,5117,5118,5119,5120,5121}	{}	t	\N	\N	{}	\N	{}	{}
1288	5151	1024	CLASS_BSU_E	{1054,1057,1056,1061,1058,1064,1062,1063,1067,1065,1055,1069,1068,1053}	{}	{}	{}	001	001	{}	{}	{5123,5124,5125,5126,5127,5128,5129,5130,5131,5132,5133,5134,5135,5136,5137,5138,5139,5140,5141,5142,5143,5144,5145,5146,5147,5148,5149,5150}	{}	t	\N	\N	{}	\N	{}	{}
1289	5198	1039	CLASS_BSU_E	{1054,1057,1056,1061,1058,1064,1062,1063,1067,1065,1055,1069,1068,1066,1071,1070,1072,1075,1074,1073,1059,1060,1053}	{}	{}	{}	001	001	{}	{}	{5152,5153,5154,5155,5156,5157,5158,5159,5160,5161,5162,5163,5164,5165,5166,5167,5168,5169,5170,5171,5172,5173,5174,5175,5176,5177,5178,5179,5180,5181,5182,5183,5184,5185,5186,5187,5188,5189,5190,5191,5192,5193,5194,5195,5196,5197}	{}	t	\N	\N	{}	\N	{}	{}
1444	5412	1017	CLASS_BSU_E	{1057,1663,1667,1671,1675,1687,1056,1054,1053,1635,1699,1699_1695,1691}	{}	{}	{}	001	001	{}	{}	{5414,5745,5746,5747,5748,5751,5752,5753,5754,5755,5759,5760}	{}	t	\N	\N	{}	\N	{}	{}
1705	5767	1703	CLASS_BSU_E	{1663,1667,1671,1675,1679,1057,1054,1056,1695,1691,1707}	{}	{}	{}	001	001	{}	{}	{5768,5769,5770,5771,5772,5773,5774,5775,5776,5777,5783}	{}	t	\N	\N	{}	\N	{}	{}
\.


--
-- Data for Name: explicit_model_class_extension_2_instance_identification; Type: TABLE DATA; Schema: public; Owner: postgres
--

COPY explicit_model_class_extension_2_instance_identification (rid, rid_s, tablename_s, rid_d, tablename_d) FROM stdin;
4148	1263	EXPLICIT_ITEM_CLASS_EXTENSION_E	1054	PROPERTY_BSU_E
4149	1263	EXPLICIT_ITEM_CLASS_EXTENSION_E	1054	PROPERTY_BSU_E
4150	1263	EXPLICIT_ITEM_CLASS_EXTENSION_E	1057	PROPERTY_BSU_E
4151	1263	EXPLICIT_ITEM_CLASS_EXTENSION_E	1057	PROPERTY_BSU_E
4152	1263	EXPLICIT_ITEM_CLASS_EXTENSION_E	1056	PROPERTY_BSU_E
4153	1263	EXPLICIT_ITEM_CLASS_EXTENSION_E	1056	PROPERTY_BSU_E
4154	1263	EXPLICIT_ITEM_CLASS_EXTENSION_E	1061	PROPERTY_BSU_E
4155	1263	EXPLICIT_ITEM_CLASS_EXTENSION_E	1061	PROPERTY_BSU_E
4156	1263	EXPLICIT_ITEM_CLASS_EXTENSION_E	1058	PROPERTY_BSU_E
4157	1263	EXPLICIT_ITEM_CLASS_EXTENSION_E	1058	PROPERTY_BSU_E
4158	1263	EXPLICIT_ITEM_CLASS_EXTENSION_E	1064	PROPERTY_BSU_E
4159	1263	EXPLICIT_ITEM_CLASS_EXTENSION_E	1064	PROPERTY_BSU_E
4160	1263	EXPLICIT_ITEM_CLASS_EXTENSION_E	1062	PROPERTY_BSU_E
4161	1263	EXPLICIT_ITEM_CLASS_EXTENSION_E	1062	PROPERTY_BSU_E
4162	1263	EXPLICIT_ITEM_CLASS_EXTENSION_E	1063	PROPERTY_BSU_E
4163	1263	EXPLICIT_ITEM_CLASS_EXTENSION_E	1063	PROPERTY_BSU_E
4164	1263	EXPLICIT_ITEM_CLASS_EXTENSION_E	1067	PROPERTY_BSU_E
4165	1263	EXPLICIT_ITEM_CLASS_EXTENSION_E	1067	PROPERTY_BSU_E
4166	1263	EXPLICIT_ITEM_CLASS_EXTENSION_E	1065	PROPERTY_BSU_E
4167	1263	EXPLICIT_ITEM_CLASS_EXTENSION_E	1065	PROPERTY_BSU_E
4168	1263	EXPLICIT_ITEM_CLASS_EXTENSION_E	1055	PROPERTY_BSU_E
4169	1263	EXPLICIT_ITEM_CLASS_EXTENSION_E	1055	PROPERTY_BSU_E
4170	1263	EXPLICIT_ITEM_CLASS_EXTENSION_E	1069	PROPERTY_BSU_E
4171	1263	EXPLICIT_ITEM_CLASS_EXTENSION_E	1069	PROPERTY_BSU_E
4172	1263	EXPLICIT_ITEM_CLASS_EXTENSION_E	1068	PROPERTY_BSU_E
4173	1263	EXPLICIT_ITEM_CLASS_EXTENSION_E	1068	PROPERTY_BSU_E
4174	1263	EXPLICIT_ITEM_CLASS_EXTENSION_E	1066	PROPERTY_BSU_E
4175	1263	EXPLICIT_ITEM_CLASS_EXTENSION_E	1066	PROPERTY_BSU_E
4176	1263	EXPLICIT_ITEM_CLASS_EXTENSION_E	1071	PROPERTY_BSU_E
4177	1263	EXPLICIT_ITEM_CLASS_EXTENSION_E	1071	PROPERTY_BSU_E
4178	1263	EXPLICIT_ITEM_CLASS_EXTENSION_E	1070	PROPERTY_BSU_E
4179	1263	EXPLICIT_ITEM_CLASS_EXTENSION_E	1070	PROPERTY_BSU_E
4180	1263	EXPLICIT_ITEM_CLASS_EXTENSION_E	1072	PROPERTY_BSU_E
4181	1263	EXPLICIT_ITEM_CLASS_EXTENSION_E	1072	PROPERTY_BSU_E
4182	1263	EXPLICIT_ITEM_CLASS_EXTENSION_E	1075	PROPERTY_BSU_E
4183	1263	EXPLICIT_ITEM_CLASS_EXTENSION_E	1075	PROPERTY_BSU_E
4184	1263	EXPLICIT_ITEM_CLASS_EXTENSION_E	1074	PROPERTY_BSU_E
4185	1263	EXPLICIT_ITEM_CLASS_EXTENSION_E	1074	PROPERTY_BSU_E
4186	1263	EXPLICIT_ITEM_CLASS_EXTENSION_E	1073	PROPERTY_BSU_E
4187	1263	EXPLICIT_ITEM_CLASS_EXTENSION_E	1073	PROPERTY_BSU_E
4188	1263	EXPLICIT_ITEM_CLASS_EXTENSION_E	1059	PROPERTY_BSU_E
4189	1263	EXPLICIT_ITEM_CLASS_EXTENSION_E	1059	PROPERTY_BSU_E
4190	1263	EXPLICIT_ITEM_CLASS_EXTENSION_E	1060	PROPERTY_BSU_E
4191	1263	EXPLICIT_ITEM_CLASS_EXTENSION_E	1060	PROPERTY_BSU_E
4192	1263	EXPLICIT_ITEM_CLASS_EXTENSION_E	1053	PROPERTY_BSU_E
4193	1263	EXPLICIT_ITEM_CLASS_EXTENSION_E	1053	PROPERTY_BSU_E
4195	1264	EXPLICIT_ITEM_CLASS_EXTENSION_E	1054	PROPERTY_BSU_E
4196	1264	EXPLICIT_ITEM_CLASS_EXTENSION_E	1054	PROPERTY_BSU_E
4197	1264	EXPLICIT_ITEM_CLASS_EXTENSION_E	1057	PROPERTY_BSU_E
4198	1264	EXPLICIT_ITEM_CLASS_EXTENSION_E	1057	PROPERTY_BSU_E
4199	1264	EXPLICIT_ITEM_CLASS_EXTENSION_E	1056	PROPERTY_BSU_E
4200	1264	EXPLICIT_ITEM_CLASS_EXTENSION_E	1056	PROPERTY_BSU_E
4201	1264	EXPLICIT_ITEM_CLASS_EXTENSION_E	1061	PROPERTY_BSU_E
4202	1264	EXPLICIT_ITEM_CLASS_EXTENSION_E	1061	PROPERTY_BSU_E
4203	1264	EXPLICIT_ITEM_CLASS_EXTENSION_E	1058	PROPERTY_BSU_E
4204	1264	EXPLICIT_ITEM_CLASS_EXTENSION_E	1058	PROPERTY_BSU_E
4205	1264	EXPLICIT_ITEM_CLASS_EXTENSION_E	1064	PROPERTY_BSU_E
4206	1264	EXPLICIT_ITEM_CLASS_EXTENSION_E	1064	PROPERTY_BSU_E
4207	1264	EXPLICIT_ITEM_CLASS_EXTENSION_E	1062	PROPERTY_BSU_E
4208	1264	EXPLICIT_ITEM_CLASS_EXTENSION_E	1062	PROPERTY_BSU_E
4209	1264	EXPLICIT_ITEM_CLASS_EXTENSION_E	1063	PROPERTY_BSU_E
4210	1264	EXPLICIT_ITEM_CLASS_EXTENSION_E	1063	PROPERTY_BSU_E
4211	1264	EXPLICIT_ITEM_CLASS_EXTENSION_E	1067	PROPERTY_BSU_E
4212	1264	EXPLICIT_ITEM_CLASS_EXTENSION_E	1067	PROPERTY_BSU_E
4213	1264	EXPLICIT_ITEM_CLASS_EXTENSION_E	1065	PROPERTY_BSU_E
4214	1264	EXPLICIT_ITEM_CLASS_EXTENSION_E	1065	PROPERTY_BSU_E
4215	1264	EXPLICIT_ITEM_CLASS_EXTENSION_E	1055	PROPERTY_BSU_E
4216	1264	EXPLICIT_ITEM_CLASS_EXTENSION_E	1055	PROPERTY_BSU_E
4217	1264	EXPLICIT_ITEM_CLASS_EXTENSION_E	1069	PROPERTY_BSU_E
4218	1264	EXPLICIT_ITEM_CLASS_EXTENSION_E	1069	PROPERTY_BSU_E
4219	1264	EXPLICIT_ITEM_CLASS_EXTENSION_E	1068	PROPERTY_BSU_E
4220	1264	EXPLICIT_ITEM_CLASS_EXTENSION_E	1068	PROPERTY_BSU_E
4221	1264	EXPLICIT_ITEM_CLASS_EXTENSION_E	1066	PROPERTY_BSU_E
4222	1264	EXPLICIT_ITEM_CLASS_EXTENSION_E	1066	PROPERTY_BSU_E
4223	1264	EXPLICIT_ITEM_CLASS_EXTENSION_E	1071	PROPERTY_BSU_E
4224	1264	EXPLICIT_ITEM_CLASS_EXTENSION_E	1071	PROPERTY_BSU_E
4225	1264	EXPLICIT_ITEM_CLASS_EXTENSION_E	1072	PROPERTY_BSU_E
4226	1264	EXPLICIT_ITEM_CLASS_EXTENSION_E	1072	PROPERTY_BSU_E
4227	1264	EXPLICIT_ITEM_CLASS_EXTENSION_E	1070	PROPERTY_BSU_E
4228	1264	EXPLICIT_ITEM_CLASS_EXTENSION_E	1070	PROPERTY_BSU_E
4229	1264	EXPLICIT_ITEM_CLASS_EXTENSION_E	1075	PROPERTY_BSU_E
4230	1264	EXPLICIT_ITEM_CLASS_EXTENSION_E	1075	PROPERTY_BSU_E
4231	1264	EXPLICIT_ITEM_CLASS_EXTENSION_E	1074	PROPERTY_BSU_E
4232	1264	EXPLICIT_ITEM_CLASS_EXTENSION_E	1074	PROPERTY_BSU_E
4233	1264	EXPLICIT_ITEM_CLASS_EXTENSION_E	1073	PROPERTY_BSU_E
4234	1264	EXPLICIT_ITEM_CLASS_EXTENSION_E	1073	PROPERTY_BSU_E
4235	1264	EXPLICIT_ITEM_CLASS_EXTENSION_E	1059	PROPERTY_BSU_E
4236	1264	EXPLICIT_ITEM_CLASS_EXTENSION_E	1059	PROPERTY_BSU_E
4237	1264	EXPLICIT_ITEM_CLASS_EXTENSION_E	1060	PROPERTY_BSU_E
4238	1264	EXPLICIT_ITEM_CLASS_EXTENSION_E	1060	PROPERTY_BSU_E
4239	1264	EXPLICIT_ITEM_CLASS_EXTENSION_E	1053	PROPERTY_BSU_E
4240	1264	EXPLICIT_ITEM_CLASS_EXTENSION_E	1053	PROPERTY_BSU_E
4242	1265	EXPLICIT_ITEM_CLASS_EXTENSION_E	1054	PROPERTY_BSU_E
4243	1265	EXPLICIT_ITEM_CLASS_EXTENSION_E	1054	PROPERTY_BSU_E
4244	1265	EXPLICIT_ITEM_CLASS_EXTENSION_E	1057	PROPERTY_BSU_E
4245	1265	EXPLICIT_ITEM_CLASS_EXTENSION_E	1057	PROPERTY_BSU_E
4246	1265	EXPLICIT_ITEM_CLASS_EXTENSION_E	1056	PROPERTY_BSU_E
4247	1265	EXPLICIT_ITEM_CLASS_EXTENSION_E	1056	PROPERTY_BSU_E
4248	1265	EXPLICIT_ITEM_CLASS_EXTENSION_E	1061	PROPERTY_BSU_E
4249	1265	EXPLICIT_ITEM_CLASS_EXTENSION_E	1061	PROPERTY_BSU_E
4250	1265	EXPLICIT_ITEM_CLASS_EXTENSION_E	1064	PROPERTY_BSU_E
4251	1265	EXPLICIT_ITEM_CLASS_EXTENSION_E	1064	PROPERTY_BSU_E
4252	1265	EXPLICIT_ITEM_CLASS_EXTENSION_E	1058	PROPERTY_BSU_E
4253	1265	EXPLICIT_ITEM_CLASS_EXTENSION_E	1058	PROPERTY_BSU_E
4254	1265	EXPLICIT_ITEM_CLASS_EXTENSION_E	1063	PROPERTY_BSU_E
4255	1265	EXPLICIT_ITEM_CLASS_EXTENSION_E	1063	PROPERTY_BSU_E
4256	1265	EXPLICIT_ITEM_CLASS_EXTENSION_E	1065	PROPERTY_BSU_E
4257	1265	EXPLICIT_ITEM_CLASS_EXTENSION_E	1065	PROPERTY_BSU_E
4258	1265	EXPLICIT_ITEM_CLASS_EXTENSION_E	1067	PROPERTY_BSU_E
4259	1265	EXPLICIT_ITEM_CLASS_EXTENSION_E	1067	PROPERTY_BSU_E
4260	1265	EXPLICIT_ITEM_CLASS_EXTENSION_E	1069	PROPERTY_BSU_E
4261	1265	EXPLICIT_ITEM_CLASS_EXTENSION_E	1069	PROPERTY_BSU_E
4262	1265	EXPLICIT_ITEM_CLASS_EXTENSION_E	1062	PROPERTY_BSU_E
4263	1265	EXPLICIT_ITEM_CLASS_EXTENSION_E	1062	PROPERTY_BSU_E
4264	1265	EXPLICIT_ITEM_CLASS_EXTENSION_E	1071	PROPERTY_BSU_E
4265	1265	EXPLICIT_ITEM_CLASS_EXTENSION_E	1071	PROPERTY_BSU_E
4266	1265	EXPLICIT_ITEM_CLASS_EXTENSION_E	1066	PROPERTY_BSU_E
4267	1265	EXPLICIT_ITEM_CLASS_EXTENSION_E	1066	PROPERTY_BSU_E
4268	1265	EXPLICIT_ITEM_CLASS_EXTENSION_E	1068	PROPERTY_BSU_E
4269	1265	EXPLICIT_ITEM_CLASS_EXTENSION_E	1068	PROPERTY_BSU_E
4270	1265	EXPLICIT_ITEM_CLASS_EXTENSION_E	1072	PROPERTY_BSU_E
4271	1265	EXPLICIT_ITEM_CLASS_EXTENSION_E	1072	PROPERTY_BSU_E
4272	1265	EXPLICIT_ITEM_CLASS_EXTENSION_E	1055	PROPERTY_BSU_E
4273	1265	EXPLICIT_ITEM_CLASS_EXTENSION_E	1055	PROPERTY_BSU_E
4274	1265	EXPLICIT_ITEM_CLASS_EXTENSION_E	1070	PROPERTY_BSU_E
4275	1265	EXPLICIT_ITEM_CLASS_EXTENSION_E	1070	PROPERTY_BSU_E
4276	1265	EXPLICIT_ITEM_CLASS_EXTENSION_E	1074	PROPERTY_BSU_E
4277	1265	EXPLICIT_ITEM_CLASS_EXTENSION_E	1074	PROPERTY_BSU_E
4278	1265	EXPLICIT_ITEM_CLASS_EXTENSION_E	1075	PROPERTY_BSU_E
4279	1265	EXPLICIT_ITEM_CLASS_EXTENSION_E	1075	PROPERTY_BSU_E
4280	1265	EXPLICIT_ITEM_CLASS_EXTENSION_E	1059	PROPERTY_BSU_E
4281	1265	EXPLICIT_ITEM_CLASS_EXTENSION_E	1059	PROPERTY_BSU_E
4282	1265	EXPLICIT_ITEM_CLASS_EXTENSION_E	1073	PROPERTY_BSU_E
4283	1265	EXPLICIT_ITEM_CLASS_EXTENSION_E	1073	PROPERTY_BSU_E
4284	1265	EXPLICIT_ITEM_CLASS_EXTENSION_E	1060	PROPERTY_BSU_E
4285	1265	EXPLICIT_ITEM_CLASS_EXTENSION_E	1060	PROPERTY_BSU_E
4286	1265	EXPLICIT_ITEM_CLASS_EXTENSION_E	1053	PROPERTY_BSU_E
4287	1265	EXPLICIT_ITEM_CLASS_EXTENSION_E	1053	PROPERTY_BSU_E
4289	1266	EXPLICIT_ITEM_CLASS_EXTENSION_E	1054	PROPERTY_BSU_E
4290	1266	EXPLICIT_ITEM_CLASS_EXTENSION_E	1054	PROPERTY_BSU_E
4291	1266	EXPLICIT_ITEM_CLASS_EXTENSION_E	1057	PROPERTY_BSU_E
4292	1266	EXPLICIT_ITEM_CLASS_EXTENSION_E	1057	PROPERTY_BSU_E
4293	1266	EXPLICIT_ITEM_CLASS_EXTENSION_E	1056	PROPERTY_BSU_E
4294	1266	EXPLICIT_ITEM_CLASS_EXTENSION_E	1056	PROPERTY_BSU_E
4295	1266	EXPLICIT_ITEM_CLASS_EXTENSION_E	1061	PROPERTY_BSU_E
4296	1266	EXPLICIT_ITEM_CLASS_EXTENSION_E	1061	PROPERTY_BSU_E
4297	1266	EXPLICIT_ITEM_CLASS_EXTENSION_E	1058	PROPERTY_BSU_E
4298	1266	EXPLICIT_ITEM_CLASS_EXTENSION_E	1058	PROPERTY_BSU_E
4299	1266	EXPLICIT_ITEM_CLASS_EXTENSION_E	1064	PROPERTY_BSU_E
4300	1266	EXPLICIT_ITEM_CLASS_EXTENSION_E	1064	PROPERTY_BSU_E
4301	1266	EXPLICIT_ITEM_CLASS_EXTENSION_E	1062	PROPERTY_BSU_E
4302	1266	EXPLICIT_ITEM_CLASS_EXTENSION_E	1062	PROPERTY_BSU_E
4303	1266	EXPLICIT_ITEM_CLASS_EXTENSION_E	1063	PROPERTY_BSU_E
4304	1266	EXPLICIT_ITEM_CLASS_EXTENSION_E	1063	PROPERTY_BSU_E
4305	1266	EXPLICIT_ITEM_CLASS_EXTENSION_E	1067	PROPERTY_BSU_E
4306	1266	EXPLICIT_ITEM_CLASS_EXTENSION_E	1067	PROPERTY_BSU_E
4307	1266	EXPLICIT_ITEM_CLASS_EXTENSION_E	1065	PROPERTY_BSU_E
4308	1266	EXPLICIT_ITEM_CLASS_EXTENSION_E	1065	PROPERTY_BSU_E
4309	1266	EXPLICIT_ITEM_CLASS_EXTENSION_E	1055	PROPERTY_BSU_E
4310	1266	EXPLICIT_ITEM_CLASS_EXTENSION_E	1055	PROPERTY_BSU_E
4311	1266	EXPLICIT_ITEM_CLASS_EXTENSION_E	1069	PROPERTY_BSU_E
4312	1266	EXPLICIT_ITEM_CLASS_EXTENSION_E	1069	PROPERTY_BSU_E
4313	1266	EXPLICIT_ITEM_CLASS_EXTENSION_E	1068	PROPERTY_BSU_E
4314	1266	EXPLICIT_ITEM_CLASS_EXTENSION_E	1068	PROPERTY_BSU_E
4316	1267	EXPLICIT_ITEM_CLASS_EXTENSION_E	1054	PROPERTY_BSU_E
4317	1267	EXPLICIT_ITEM_CLASS_EXTENSION_E	1054	PROPERTY_BSU_E
4318	1267	EXPLICIT_ITEM_CLASS_EXTENSION_E	1057	PROPERTY_BSU_E
4319	1267	EXPLICIT_ITEM_CLASS_EXTENSION_E	1057	PROPERTY_BSU_E
4320	1267	EXPLICIT_ITEM_CLASS_EXTENSION_E	1056	PROPERTY_BSU_E
4321	1267	EXPLICIT_ITEM_CLASS_EXTENSION_E	1056	PROPERTY_BSU_E
4322	1267	EXPLICIT_ITEM_CLASS_EXTENSION_E	1061	PROPERTY_BSU_E
4323	1267	EXPLICIT_ITEM_CLASS_EXTENSION_E	1061	PROPERTY_BSU_E
4324	1267	EXPLICIT_ITEM_CLASS_EXTENSION_E	1058	PROPERTY_BSU_E
4325	1267	EXPLICIT_ITEM_CLASS_EXTENSION_E	1058	PROPERTY_BSU_E
4326	1267	EXPLICIT_ITEM_CLASS_EXTENSION_E	1064	PROPERTY_BSU_E
4327	1267	EXPLICIT_ITEM_CLASS_EXTENSION_E	1064	PROPERTY_BSU_E
4328	1267	EXPLICIT_ITEM_CLASS_EXTENSION_E	1062	PROPERTY_BSU_E
4329	1267	EXPLICIT_ITEM_CLASS_EXTENSION_E	1062	PROPERTY_BSU_E
4330	1267	EXPLICIT_ITEM_CLASS_EXTENSION_E	1063	PROPERTY_BSU_E
4331	1267	EXPLICIT_ITEM_CLASS_EXTENSION_E	1063	PROPERTY_BSU_E
4332	1267	EXPLICIT_ITEM_CLASS_EXTENSION_E	1067	PROPERTY_BSU_E
4333	1267	EXPLICIT_ITEM_CLASS_EXTENSION_E	1067	PROPERTY_BSU_E
4334	1267	EXPLICIT_ITEM_CLASS_EXTENSION_E	1065	PROPERTY_BSU_E
4335	1267	EXPLICIT_ITEM_CLASS_EXTENSION_E	1065	PROPERTY_BSU_E
4336	1267	EXPLICIT_ITEM_CLASS_EXTENSION_E	1055	PROPERTY_BSU_E
4337	1267	EXPLICIT_ITEM_CLASS_EXTENSION_E	1055	PROPERTY_BSU_E
4338	1267	EXPLICIT_ITEM_CLASS_EXTENSION_E	1069	PROPERTY_BSU_E
4339	1267	EXPLICIT_ITEM_CLASS_EXTENSION_E	1069	PROPERTY_BSU_E
4340	1267	EXPLICIT_ITEM_CLASS_EXTENSION_E	1068	PROPERTY_BSU_E
4341	1267	EXPLICIT_ITEM_CLASS_EXTENSION_E	1068	PROPERTY_BSU_E
4342	1267	EXPLICIT_ITEM_CLASS_EXTENSION_E	1066	PROPERTY_BSU_E
4343	1267	EXPLICIT_ITEM_CLASS_EXTENSION_E	1066	PROPERTY_BSU_E
4344	1267	EXPLICIT_ITEM_CLASS_EXTENSION_E	1071	PROPERTY_BSU_E
4345	1267	EXPLICIT_ITEM_CLASS_EXTENSION_E	1071	PROPERTY_BSU_E
4346	1267	EXPLICIT_ITEM_CLASS_EXTENSION_E	1070	PROPERTY_BSU_E
4347	1267	EXPLICIT_ITEM_CLASS_EXTENSION_E	1070	PROPERTY_BSU_E
4348	1267	EXPLICIT_ITEM_CLASS_EXTENSION_E	1072	PROPERTY_BSU_E
4349	1267	EXPLICIT_ITEM_CLASS_EXTENSION_E	1072	PROPERTY_BSU_E
4350	1267	EXPLICIT_ITEM_CLASS_EXTENSION_E	1075	PROPERTY_BSU_E
4351	1267	EXPLICIT_ITEM_CLASS_EXTENSION_E	1075	PROPERTY_BSU_E
4352	1267	EXPLICIT_ITEM_CLASS_EXTENSION_E	1074	PROPERTY_BSU_E
4353	1267	EXPLICIT_ITEM_CLASS_EXTENSION_E	1074	PROPERTY_BSU_E
4354	1267	EXPLICIT_ITEM_CLASS_EXTENSION_E	1073	PROPERTY_BSU_E
4355	1267	EXPLICIT_ITEM_CLASS_EXTENSION_E	1073	PROPERTY_BSU_E
4356	1267	EXPLICIT_ITEM_CLASS_EXTENSION_E	1059	PROPERTY_BSU_E
4357	1267	EXPLICIT_ITEM_CLASS_EXTENSION_E	1059	PROPERTY_BSU_E
4358	1267	EXPLICIT_ITEM_CLASS_EXTENSION_E	1060	PROPERTY_BSU_E
4359	1267	EXPLICIT_ITEM_CLASS_EXTENSION_E	1060	PROPERTY_BSU_E
4360	1267	EXPLICIT_ITEM_CLASS_EXTENSION_E	1053	PROPERTY_BSU_E
4361	1267	EXPLICIT_ITEM_CLASS_EXTENSION_E	1053	PROPERTY_BSU_E
4363	1268	EXPLICIT_ITEM_CLASS_EXTENSION_E	1054	PROPERTY_BSU_E
4364	1268	EXPLICIT_ITEM_CLASS_EXTENSION_E	1054	PROPERTY_BSU_E
4365	1268	EXPLICIT_ITEM_CLASS_EXTENSION_E	1057	PROPERTY_BSU_E
4366	1268	EXPLICIT_ITEM_CLASS_EXTENSION_E	1057	PROPERTY_BSU_E
4367	1268	EXPLICIT_ITEM_CLASS_EXTENSION_E	1056	PROPERTY_BSU_E
4368	1268	EXPLICIT_ITEM_CLASS_EXTENSION_E	1056	PROPERTY_BSU_E
4369	1268	EXPLICIT_ITEM_CLASS_EXTENSION_E	1061	PROPERTY_BSU_E
4370	1268	EXPLICIT_ITEM_CLASS_EXTENSION_E	1061	PROPERTY_BSU_E
4371	1268	EXPLICIT_ITEM_CLASS_EXTENSION_E	1058	PROPERTY_BSU_E
4372	1268	EXPLICIT_ITEM_CLASS_EXTENSION_E	1058	PROPERTY_BSU_E
4373	1268	EXPLICIT_ITEM_CLASS_EXTENSION_E	1064	PROPERTY_BSU_E
4374	1268	EXPLICIT_ITEM_CLASS_EXTENSION_E	1064	PROPERTY_BSU_E
4375	1268	EXPLICIT_ITEM_CLASS_EXTENSION_E	1062	PROPERTY_BSU_E
4376	1268	EXPLICIT_ITEM_CLASS_EXTENSION_E	1062	PROPERTY_BSU_E
4377	1268	EXPLICIT_ITEM_CLASS_EXTENSION_E	1063	PROPERTY_BSU_E
4378	1268	EXPLICIT_ITEM_CLASS_EXTENSION_E	1063	PROPERTY_BSU_E
4379	1268	EXPLICIT_ITEM_CLASS_EXTENSION_E	1067	PROPERTY_BSU_E
4380	1268	EXPLICIT_ITEM_CLASS_EXTENSION_E	1067	PROPERTY_BSU_E
4381	1268	EXPLICIT_ITEM_CLASS_EXTENSION_E	1065	PROPERTY_BSU_E
4382	1268	EXPLICIT_ITEM_CLASS_EXTENSION_E	1065	PROPERTY_BSU_E
4383	1268	EXPLICIT_ITEM_CLASS_EXTENSION_E	1055	PROPERTY_BSU_E
4384	1268	EXPLICIT_ITEM_CLASS_EXTENSION_E	1055	PROPERTY_BSU_E
4385	1268	EXPLICIT_ITEM_CLASS_EXTENSION_E	1069	PROPERTY_BSU_E
4386	1268	EXPLICIT_ITEM_CLASS_EXTENSION_E	1069	PROPERTY_BSU_E
4387	1268	EXPLICIT_ITEM_CLASS_EXTENSION_E	1068	PROPERTY_BSU_E
4388	1268	EXPLICIT_ITEM_CLASS_EXTENSION_E	1068	PROPERTY_BSU_E
4389	1268	EXPLICIT_ITEM_CLASS_EXTENSION_E	1066	PROPERTY_BSU_E
4390	1268	EXPLICIT_ITEM_CLASS_EXTENSION_E	1066	PROPERTY_BSU_E
4391	1268	EXPLICIT_ITEM_CLASS_EXTENSION_E	1071	PROPERTY_BSU_E
4392	1268	EXPLICIT_ITEM_CLASS_EXTENSION_E	1071	PROPERTY_BSU_E
4393	1268	EXPLICIT_ITEM_CLASS_EXTENSION_E	1070	PROPERTY_BSU_E
4394	1268	EXPLICIT_ITEM_CLASS_EXTENSION_E	1070	PROPERTY_BSU_E
4395	1268	EXPLICIT_ITEM_CLASS_EXTENSION_E	1072	PROPERTY_BSU_E
4396	1268	EXPLICIT_ITEM_CLASS_EXTENSION_E	1072	PROPERTY_BSU_E
4397	1268	EXPLICIT_ITEM_CLASS_EXTENSION_E	1075	PROPERTY_BSU_E
4398	1268	EXPLICIT_ITEM_CLASS_EXTENSION_E	1075	PROPERTY_BSU_E
4399	1268	EXPLICIT_ITEM_CLASS_EXTENSION_E	1074	PROPERTY_BSU_E
4400	1268	EXPLICIT_ITEM_CLASS_EXTENSION_E	1074	PROPERTY_BSU_E
4401	1268	EXPLICIT_ITEM_CLASS_EXTENSION_E	1073	PROPERTY_BSU_E
4402	1268	EXPLICIT_ITEM_CLASS_EXTENSION_E	1073	PROPERTY_BSU_E
4403	1268	EXPLICIT_ITEM_CLASS_EXTENSION_E	1059	PROPERTY_BSU_E
4404	1268	EXPLICIT_ITEM_CLASS_EXTENSION_E	1059	PROPERTY_BSU_E
4405	1268	EXPLICIT_ITEM_CLASS_EXTENSION_E	1060	PROPERTY_BSU_E
4406	1268	EXPLICIT_ITEM_CLASS_EXTENSION_E	1060	PROPERTY_BSU_E
4407	1268	EXPLICIT_ITEM_CLASS_EXTENSION_E	1053	PROPERTY_BSU_E
4408	1268	EXPLICIT_ITEM_CLASS_EXTENSION_E	1053	PROPERTY_BSU_E
4410	1269	EXPLICIT_ITEM_CLASS_EXTENSION_E	1054	PROPERTY_BSU_E
4411	1269	EXPLICIT_ITEM_CLASS_EXTENSION_E	1054	PROPERTY_BSU_E
4412	1269	EXPLICIT_ITEM_CLASS_EXTENSION_E	1057	PROPERTY_BSU_E
4413	1269	EXPLICIT_ITEM_CLASS_EXTENSION_E	1057	PROPERTY_BSU_E
4414	1269	EXPLICIT_ITEM_CLASS_EXTENSION_E	1056	PROPERTY_BSU_E
4415	1269	EXPLICIT_ITEM_CLASS_EXTENSION_E	1056	PROPERTY_BSU_E
4416	1269	EXPLICIT_ITEM_CLASS_EXTENSION_E	1061	PROPERTY_BSU_E
4417	1269	EXPLICIT_ITEM_CLASS_EXTENSION_E	1061	PROPERTY_BSU_E
4418	1269	EXPLICIT_ITEM_CLASS_EXTENSION_E	1058	PROPERTY_BSU_E
4419	1269	EXPLICIT_ITEM_CLASS_EXTENSION_E	1058	PROPERTY_BSU_E
4420	1269	EXPLICIT_ITEM_CLASS_EXTENSION_E	1064	PROPERTY_BSU_E
4421	1269	EXPLICIT_ITEM_CLASS_EXTENSION_E	1064	PROPERTY_BSU_E
4422	1269	EXPLICIT_ITEM_CLASS_EXTENSION_E	1062	PROPERTY_BSU_E
4423	1269	EXPLICIT_ITEM_CLASS_EXTENSION_E	1062	PROPERTY_BSU_E
4424	1269	EXPLICIT_ITEM_CLASS_EXTENSION_E	1063	PROPERTY_BSU_E
4425	1269	EXPLICIT_ITEM_CLASS_EXTENSION_E	1063	PROPERTY_BSU_E
4426	1269	EXPLICIT_ITEM_CLASS_EXTENSION_E	1067	PROPERTY_BSU_E
4427	1269	EXPLICIT_ITEM_CLASS_EXTENSION_E	1067	PROPERTY_BSU_E
4428	1269	EXPLICIT_ITEM_CLASS_EXTENSION_E	1065	PROPERTY_BSU_E
4429	1269	EXPLICIT_ITEM_CLASS_EXTENSION_E	1065	PROPERTY_BSU_E
4430	1269	EXPLICIT_ITEM_CLASS_EXTENSION_E	1055	PROPERTY_BSU_E
4431	1269	EXPLICIT_ITEM_CLASS_EXTENSION_E	1055	PROPERTY_BSU_E
4432	1269	EXPLICIT_ITEM_CLASS_EXTENSION_E	1069	PROPERTY_BSU_E
4433	1269	EXPLICIT_ITEM_CLASS_EXTENSION_E	1069	PROPERTY_BSU_E
4434	1269	EXPLICIT_ITEM_CLASS_EXTENSION_E	1068	PROPERTY_BSU_E
4435	1269	EXPLICIT_ITEM_CLASS_EXTENSION_E	1068	PROPERTY_BSU_E
4436	1269	EXPLICIT_ITEM_CLASS_EXTENSION_E	1053	PROPERTY_BSU_E
4437	1269	EXPLICIT_ITEM_CLASS_EXTENSION_E	1053	PROPERTY_BSU_E
4439	1270	EXPLICIT_ITEM_CLASS_EXTENSION_E	1054	PROPERTY_BSU_E
4440	1270	EXPLICIT_ITEM_CLASS_EXTENSION_E	1054	PROPERTY_BSU_E
4441	1270	EXPLICIT_ITEM_CLASS_EXTENSION_E	1057	PROPERTY_BSU_E
4442	1270	EXPLICIT_ITEM_CLASS_EXTENSION_E	1057	PROPERTY_BSU_E
4443	1270	EXPLICIT_ITEM_CLASS_EXTENSION_E	1056	PROPERTY_BSU_E
4444	1270	EXPLICIT_ITEM_CLASS_EXTENSION_E	1056	PROPERTY_BSU_E
4445	1270	EXPLICIT_ITEM_CLASS_EXTENSION_E	1061	PROPERTY_BSU_E
4446	1270	EXPLICIT_ITEM_CLASS_EXTENSION_E	1061	PROPERTY_BSU_E
4447	1270	EXPLICIT_ITEM_CLASS_EXTENSION_E	1058	PROPERTY_BSU_E
4448	1270	EXPLICIT_ITEM_CLASS_EXTENSION_E	1058	PROPERTY_BSU_E
4449	1270	EXPLICIT_ITEM_CLASS_EXTENSION_E	1064	PROPERTY_BSU_E
4450	1270	EXPLICIT_ITEM_CLASS_EXTENSION_E	1064	PROPERTY_BSU_E
4451	1270	EXPLICIT_ITEM_CLASS_EXTENSION_E	1062	PROPERTY_BSU_E
4452	1270	EXPLICIT_ITEM_CLASS_EXTENSION_E	1062	PROPERTY_BSU_E
4453	1270	EXPLICIT_ITEM_CLASS_EXTENSION_E	1063	PROPERTY_BSU_E
4454	1270	EXPLICIT_ITEM_CLASS_EXTENSION_E	1063	PROPERTY_BSU_E
4455	1270	EXPLICIT_ITEM_CLASS_EXTENSION_E	1067	PROPERTY_BSU_E
4456	1270	EXPLICIT_ITEM_CLASS_EXTENSION_E	1067	PROPERTY_BSU_E
4457	1270	EXPLICIT_ITEM_CLASS_EXTENSION_E	1065	PROPERTY_BSU_E
4458	1270	EXPLICIT_ITEM_CLASS_EXTENSION_E	1065	PROPERTY_BSU_E
4459	1270	EXPLICIT_ITEM_CLASS_EXTENSION_E	1055	PROPERTY_BSU_E
4460	1270	EXPLICIT_ITEM_CLASS_EXTENSION_E	1055	PROPERTY_BSU_E
4461	1270	EXPLICIT_ITEM_CLASS_EXTENSION_E	1069	PROPERTY_BSU_E
4462	1270	EXPLICIT_ITEM_CLASS_EXTENSION_E	1069	PROPERTY_BSU_E
4463	1270	EXPLICIT_ITEM_CLASS_EXTENSION_E	1068	PROPERTY_BSU_E
4464	1270	EXPLICIT_ITEM_CLASS_EXTENSION_E	1068	PROPERTY_BSU_E
4465	1270	EXPLICIT_ITEM_CLASS_EXTENSION_E	1066	PROPERTY_BSU_E
4466	1270	EXPLICIT_ITEM_CLASS_EXTENSION_E	1066	PROPERTY_BSU_E
4467	1270	EXPLICIT_ITEM_CLASS_EXTENSION_E	1071	PROPERTY_BSU_E
4468	1270	EXPLICIT_ITEM_CLASS_EXTENSION_E	1071	PROPERTY_BSU_E
4469	1270	EXPLICIT_ITEM_CLASS_EXTENSION_E	1070	PROPERTY_BSU_E
4470	1270	EXPLICIT_ITEM_CLASS_EXTENSION_E	1070	PROPERTY_BSU_E
4471	1270	EXPLICIT_ITEM_CLASS_EXTENSION_E	1072	PROPERTY_BSU_E
4472	1270	EXPLICIT_ITEM_CLASS_EXTENSION_E	1072	PROPERTY_BSU_E
4473	1270	EXPLICIT_ITEM_CLASS_EXTENSION_E	1075	PROPERTY_BSU_E
4474	1270	EXPLICIT_ITEM_CLASS_EXTENSION_E	1075	PROPERTY_BSU_E
4475	1270	EXPLICIT_ITEM_CLASS_EXTENSION_E	1074	PROPERTY_BSU_E
4476	1270	EXPLICIT_ITEM_CLASS_EXTENSION_E	1074	PROPERTY_BSU_E
4477	1270	EXPLICIT_ITEM_CLASS_EXTENSION_E	1073	PROPERTY_BSU_E
4478	1270	EXPLICIT_ITEM_CLASS_EXTENSION_E	1073	PROPERTY_BSU_E
4479	1270	EXPLICIT_ITEM_CLASS_EXTENSION_E	1059	PROPERTY_BSU_E
4480	1270	EXPLICIT_ITEM_CLASS_EXTENSION_E	1059	PROPERTY_BSU_E
4481	1270	EXPLICIT_ITEM_CLASS_EXTENSION_E	1060	PROPERTY_BSU_E
4482	1270	EXPLICIT_ITEM_CLASS_EXTENSION_E	1060	PROPERTY_BSU_E
4483	1270	EXPLICIT_ITEM_CLASS_EXTENSION_E	1053	PROPERTY_BSU_E
4484	1270	EXPLICIT_ITEM_CLASS_EXTENSION_E	1053	PROPERTY_BSU_E
4486	1271	EXPLICIT_ITEM_CLASS_EXTENSION_E	1054	PROPERTY_BSU_E
4487	1271	EXPLICIT_ITEM_CLASS_EXTENSION_E	1054	PROPERTY_BSU_E
4488	1271	EXPLICIT_ITEM_CLASS_EXTENSION_E	1057	PROPERTY_BSU_E
4489	1271	EXPLICIT_ITEM_CLASS_EXTENSION_E	1057	PROPERTY_BSU_E
4490	1271	EXPLICIT_ITEM_CLASS_EXTENSION_E	1056	PROPERTY_BSU_E
4491	1271	EXPLICIT_ITEM_CLASS_EXTENSION_E	1056	PROPERTY_BSU_E
4492	1271	EXPLICIT_ITEM_CLASS_EXTENSION_E	1061	PROPERTY_BSU_E
4493	1271	EXPLICIT_ITEM_CLASS_EXTENSION_E	1061	PROPERTY_BSU_E
4494	1271	EXPLICIT_ITEM_CLASS_EXTENSION_E	1058	PROPERTY_BSU_E
4495	1271	EXPLICIT_ITEM_CLASS_EXTENSION_E	1058	PROPERTY_BSU_E
4496	1271	EXPLICIT_ITEM_CLASS_EXTENSION_E	1064	PROPERTY_BSU_E
4497	1271	EXPLICIT_ITEM_CLASS_EXTENSION_E	1064	PROPERTY_BSU_E
4498	1271	EXPLICIT_ITEM_CLASS_EXTENSION_E	1062	PROPERTY_BSU_E
4499	1271	EXPLICIT_ITEM_CLASS_EXTENSION_E	1062	PROPERTY_BSU_E
4500	1271	EXPLICIT_ITEM_CLASS_EXTENSION_E	1063	PROPERTY_BSU_E
4501	1271	EXPLICIT_ITEM_CLASS_EXTENSION_E	1063	PROPERTY_BSU_E
4502	1271	EXPLICIT_ITEM_CLASS_EXTENSION_E	1067	PROPERTY_BSU_E
4503	1271	EXPLICIT_ITEM_CLASS_EXTENSION_E	1067	PROPERTY_BSU_E
4504	1271	EXPLICIT_ITEM_CLASS_EXTENSION_E	1065	PROPERTY_BSU_E
4505	1271	EXPLICIT_ITEM_CLASS_EXTENSION_E	1065	PROPERTY_BSU_E
4506	1271	EXPLICIT_ITEM_CLASS_EXTENSION_E	1055	PROPERTY_BSU_E
4507	1271	EXPLICIT_ITEM_CLASS_EXTENSION_E	1055	PROPERTY_BSU_E
4508	1271	EXPLICIT_ITEM_CLASS_EXTENSION_E	1069	PROPERTY_BSU_E
4509	1271	EXPLICIT_ITEM_CLASS_EXTENSION_E	1069	PROPERTY_BSU_E
4510	1271	EXPLICIT_ITEM_CLASS_EXTENSION_E	1068	PROPERTY_BSU_E
4511	1271	EXPLICIT_ITEM_CLASS_EXTENSION_E	1068	PROPERTY_BSU_E
4512	1271	EXPLICIT_ITEM_CLASS_EXTENSION_E	1053	PROPERTY_BSU_E
4513	1271	EXPLICIT_ITEM_CLASS_EXTENSION_E	1053	PROPERTY_BSU_E
4515	1272	EXPLICIT_ITEM_CLASS_EXTENSION_E	1054	PROPERTY_BSU_E
4516	1272	EXPLICIT_ITEM_CLASS_EXTENSION_E	1054	PROPERTY_BSU_E
4517	1272	EXPLICIT_ITEM_CLASS_EXTENSION_E	1057	PROPERTY_BSU_E
4518	1272	EXPLICIT_ITEM_CLASS_EXTENSION_E	1057	PROPERTY_BSU_E
4519	1272	EXPLICIT_ITEM_CLASS_EXTENSION_E	1056	PROPERTY_BSU_E
4520	1272	EXPLICIT_ITEM_CLASS_EXTENSION_E	1056	PROPERTY_BSU_E
4521	1272	EXPLICIT_ITEM_CLASS_EXTENSION_E	1061	PROPERTY_BSU_E
4522	1272	EXPLICIT_ITEM_CLASS_EXTENSION_E	1061	PROPERTY_BSU_E
4523	1272	EXPLICIT_ITEM_CLASS_EXTENSION_E	1058	PROPERTY_BSU_E
4524	1272	EXPLICIT_ITEM_CLASS_EXTENSION_E	1058	PROPERTY_BSU_E
4525	1272	EXPLICIT_ITEM_CLASS_EXTENSION_E	1064	PROPERTY_BSU_E
4526	1272	EXPLICIT_ITEM_CLASS_EXTENSION_E	1064	PROPERTY_BSU_E
4527	1272	EXPLICIT_ITEM_CLASS_EXTENSION_E	1062	PROPERTY_BSU_E
4528	1272	EXPLICIT_ITEM_CLASS_EXTENSION_E	1062	PROPERTY_BSU_E
4529	1272	EXPLICIT_ITEM_CLASS_EXTENSION_E	1063	PROPERTY_BSU_E
4530	1272	EXPLICIT_ITEM_CLASS_EXTENSION_E	1063	PROPERTY_BSU_E
4531	1272	EXPLICIT_ITEM_CLASS_EXTENSION_E	1067	PROPERTY_BSU_E
4532	1272	EXPLICIT_ITEM_CLASS_EXTENSION_E	1067	PROPERTY_BSU_E
4533	1272	EXPLICIT_ITEM_CLASS_EXTENSION_E	1065	PROPERTY_BSU_E
4534	1272	EXPLICIT_ITEM_CLASS_EXTENSION_E	1065	PROPERTY_BSU_E
4535	1272	EXPLICIT_ITEM_CLASS_EXTENSION_E	1055	PROPERTY_BSU_E
4536	1272	EXPLICIT_ITEM_CLASS_EXTENSION_E	1055	PROPERTY_BSU_E
4537	1272	EXPLICIT_ITEM_CLASS_EXTENSION_E	1069	PROPERTY_BSU_E
4538	1272	EXPLICIT_ITEM_CLASS_EXTENSION_E	1069	PROPERTY_BSU_E
4539	1272	EXPLICIT_ITEM_CLASS_EXTENSION_E	1068	PROPERTY_BSU_E
4540	1272	EXPLICIT_ITEM_CLASS_EXTENSION_E	1068	PROPERTY_BSU_E
4541	1272	EXPLICIT_ITEM_CLASS_EXTENSION_E	1053	PROPERTY_BSU_E
4542	1272	EXPLICIT_ITEM_CLASS_EXTENSION_E	1053	PROPERTY_BSU_E
4544	1273	EXPLICIT_ITEM_CLASS_EXTENSION_E	1054	PROPERTY_BSU_E
4545	1273	EXPLICIT_ITEM_CLASS_EXTENSION_E	1054	PROPERTY_BSU_E
4546	1273	EXPLICIT_ITEM_CLASS_EXTENSION_E	1057	PROPERTY_BSU_E
4547	1273	EXPLICIT_ITEM_CLASS_EXTENSION_E	1057	PROPERTY_BSU_E
4548	1273	EXPLICIT_ITEM_CLASS_EXTENSION_E	1056	PROPERTY_BSU_E
4549	1273	EXPLICIT_ITEM_CLASS_EXTENSION_E	1056	PROPERTY_BSU_E
4550	1273	EXPLICIT_ITEM_CLASS_EXTENSION_E	1061	PROPERTY_BSU_E
4551	1273	EXPLICIT_ITEM_CLASS_EXTENSION_E	1061	PROPERTY_BSU_E
4552	1273	EXPLICIT_ITEM_CLASS_EXTENSION_E	1058	PROPERTY_BSU_E
4553	1273	EXPLICIT_ITEM_CLASS_EXTENSION_E	1058	PROPERTY_BSU_E
4554	1273	EXPLICIT_ITEM_CLASS_EXTENSION_E	1064	PROPERTY_BSU_E
4555	1273	EXPLICIT_ITEM_CLASS_EXTENSION_E	1064	PROPERTY_BSU_E
4556	1273	EXPLICIT_ITEM_CLASS_EXTENSION_E	1062	PROPERTY_BSU_E
4557	1273	EXPLICIT_ITEM_CLASS_EXTENSION_E	1062	PROPERTY_BSU_E
4558	1273	EXPLICIT_ITEM_CLASS_EXTENSION_E	1063	PROPERTY_BSU_E
4559	1273	EXPLICIT_ITEM_CLASS_EXTENSION_E	1063	PROPERTY_BSU_E
4560	1273	EXPLICIT_ITEM_CLASS_EXTENSION_E	1067	PROPERTY_BSU_E
4561	1273	EXPLICIT_ITEM_CLASS_EXTENSION_E	1067	PROPERTY_BSU_E
4562	1273	EXPLICIT_ITEM_CLASS_EXTENSION_E	1065	PROPERTY_BSU_E
4563	1273	EXPLICIT_ITEM_CLASS_EXTENSION_E	1065	PROPERTY_BSU_E
4564	1273	EXPLICIT_ITEM_CLASS_EXTENSION_E	1055	PROPERTY_BSU_E
4565	1273	EXPLICIT_ITEM_CLASS_EXTENSION_E	1055	PROPERTY_BSU_E
4566	1273	EXPLICIT_ITEM_CLASS_EXTENSION_E	1069	PROPERTY_BSU_E
4567	1273	EXPLICIT_ITEM_CLASS_EXTENSION_E	1069	PROPERTY_BSU_E
4568	1273	EXPLICIT_ITEM_CLASS_EXTENSION_E	1068	PROPERTY_BSU_E
4569	1273	EXPLICIT_ITEM_CLASS_EXTENSION_E	1068	PROPERTY_BSU_E
4570	1273	EXPLICIT_ITEM_CLASS_EXTENSION_E	1066	PROPERTY_BSU_E
4571	1273	EXPLICIT_ITEM_CLASS_EXTENSION_E	1066	PROPERTY_BSU_E
4572	1273	EXPLICIT_ITEM_CLASS_EXTENSION_E	1071	PROPERTY_BSU_E
4573	1273	EXPLICIT_ITEM_CLASS_EXTENSION_E	1071	PROPERTY_BSU_E
4574	1273	EXPLICIT_ITEM_CLASS_EXTENSION_E	1070	PROPERTY_BSU_E
4575	1273	EXPLICIT_ITEM_CLASS_EXTENSION_E	1070	PROPERTY_BSU_E
4576	1273	EXPLICIT_ITEM_CLASS_EXTENSION_E	1072	PROPERTY_BSU_E
4577	1273	EXPLICIT_ITEM_CLASS_EXTENSION_E	1072	PROPERTY_BSU_E
4578	1273	EXPLICIT_ITEM_CLASS_EXTENSION_E	1075	PROPERTY_BSU_E
4579	1273	EXPLICIT_ITEM_CLASS_EXTENSION_E	1075	PROPERTY_BSU_E
4580	1273	EXPLICIT_ITEM_CLASS_EXTENSION_E	1074	PROPERTY_BSU_E
4581	1273	EXPLICIT_ITEM_CLASS_EXTENSION_E	1074	PROPERTY_BSU_E
4582	1273	EXPLICIT_ITEM_CLASS_EXTENSION_E	1073	PROPERTY_BSU_E
4583	1273	EXPLICIT_ITEM_CLASS_EXTENSION_E	1073	PROPERTY_BSU_E
4584	1273	EXPLICIT_ITEM_CLASS_EXTENSION_E	1059	PROPERTY_BSU_E
4585	1273	EXPLICIT_ITEM_CLASS_EXTENSION_E	1059	PROPERTY_BSU_E
4586	1273	EXPLICIT_ITEM_CLASS_EXTENSION_E	1060	PROPERTY_BSU_E
4587	1273	EXPLICIT_ITEM_CLASS_EXTENSION_E	1060	PROPERTY_BSU_E
4588	1273	EXPLICIT_ITEM_CLASS_EXTENSION_E	1053	PROPERTY_BSU_E
4589	1273	EXPLICIT_ITEM_CLASS_EXTENSION_E	1053	PROPERTY_BSU_E
4591	1274	EXPLICIT_ITEM_CLASS_EXTENSION_E	1054	PROPERTY_BSU_E
4592	1274	EXPLICIT_ITEM_CLASS_EXTENSION_E	1054	PROPERTY_BSU_E
4593	1274	EXPLICIT_ITEM_CLASS_EXTENSION_E	1057	PROPERTY_BSU_E
4594	1274	EXPLICIT_ITEM_CLASS_EXTENSION_E	1057	PROPERTY_BSU_E
4595	1274	EXPLICIT_ITEM_CLASS_EXTENSION_E	1056	PROPERTY_BSU_E
4596	1274	EXPLICIT_ITEM_CLASS_EXTENSION_E	1056	PROPERTY_BSU_E
4597	1274	EXPLICIT_ITEM_CLASS_EXTENSION_E	1061	PROPERTY_BSU_E
4598	1274	EXPLICIT_ITEM_CLASS_EXTENSION_E	1061	PROPERTY_BSU_E
4599	1274	EXPLICIT_ITEM_CLASS_EXTENSION_E	1058	PROPERTY_BSU_E
4600	1274	EXPLICIT_ITEM_CLASS_EXTENSION_E	1058	PROPERTY_BSU_E
4601	1274	EXPLICIT_ITEM_CLASS_EXTENSION_E	1064	PROPERTY_BSU_E
4602	1274	EXPLICIT_ITEM_CLASS_EXTENSION_E	1064	PROPERTY_BSU_E
4603	1274	EXPLICIT_ITEM_CLASS_EXTENSION_E	1062	PROPERTY_BSU_E
4604	1274	EXPLICIT_ITEM_CLASS_EXTENSION_E	1062	PROPERTY_BSU_E
4605	1274	EXPLICIT_ITEM_CLASS_EXTENSION_E	1063	PROPERTY_BSU_E
4606	1274	EXPLICIT_ITEM_CLASS_EXTENSION_E	1063	PROPERTY_BSU_E
4607	1274	EXPLICIT_ITEM_CLASS_EXTENSION_E	1067	PROPERTY_BSU_E
4608	1274	EXPLICIT_ITEM_CLASS_EXTENSION_E	1067	PROPERTY_BSU_E
4609	1274	EXPLICIT_ITEM_CLASS_EXTENSION_E	1065	PROPERTY_BSU_E
4610	1274	EXPLICIT_ITEM_CLASS_EXTENSION_E	1065	PROPERTY_BSU_E
4611	1274	EXPLICIT_ITEM_CLASS_EXTENSION_E	1055	PROPERTY_BSU_E
4612	1274	EXPLICIT_ITEM_CLASS_EXTENSION_E	1055	PROPERTY_BSU_E
4613	1274	EXPLICIT_ITEM_CLASS_EXTENSION_E	1069	PROPERTY_BSU_E
4614	1274	EXPLICIT_ITEM_CLASS_EXTENSION_E	1069	PROPERTY_BSU_E
4615	1274	EXPLICIT_ITEM_CLASS_EXTENSION_E	1068	PROPERTY_BSU_E
4616	1274	EXPLICIT_ITEM_CLASS_EXTENSION_E	1068	PROPERTY_BSU_E
4617	1274	EXPLICIT_ITEM_CLASS_EXTENSION_E	1066	PROPERTY_BSU_E
4618	1274	EXPLICIT_ITEM_CLASS_EXTENSION_E	1066	PROPERTY_BSU_E
4619	1274	EXPLICIT_ITEM_CLASS_EXTENSION_E	1071	PROPERTY_BSU_E
4620	1274	EXPLICIT_ITEM_CLASS_EXTENSION_E	1071	PROPERTY_BSU_E
4621	1274	EXPLICIT_ITEM_CLASS_EXTENSION_E	1070	PROPERTY_BSU_E
4622	1274	EXPLICIT_ITEM_CLASS_EXTENSION_E	1070	PROPERTY_BSU_E
4623	1274	EXPLICIT_ITEM_CLASS_EXTENSION_E	1072	PROPERTY_BSU_E
4624	1274	EXPLICIT_ITEM_CLASS_EXTENSION_E	1072	PROPERTY_BSU_E
4625	1274	EXPLICIT_ITEM_CLASS_EXTENSION_E	1075	PROPERTY_BSU_E
4626	1274	EXPLICIT_ITEM_CLASS_EXTENSION_E	1075	PROPERTY_BSU_E
4627	1274	EXPLICIT_ITEM_CLASS_EXTENSION_E	1074	PROPERTY_BSU_E
4628	1274	EXPLICIT_ITEM_CLASS_EXTENSION_E	1074	PROPERTY_BSU_E
4629	1274	EXPLICIT_ITEM_CLASS_EXTENSION_E	1073	PROPERTY_BSU_E
4630	1274	EXPLICIT_ITEM_CLASS_EXTENSION_E	1073	PROPERTY_BSU_E
4631	1274	EXPLICIT_ITEM_CLASS_EXTENSION_E	1059	PROPERTY_BSU_E
4632	1274	EXPLICIT_ITEM_CLASS_EXTENSION_E	1059	PROPERTY_BSU_E
4633	1274	EXPLICIT_ITEM_CLASS_EXTENSION_E	1060	PROPERTY_BSU_E
4634	1274	EXPLICIT_ITEM_CLASS_EXTENSION_E	1060	PROPERTY_BSU_E
4635	1274	EXPLICIT_ITEM_CLASS_EXTENSION_E	1053	PROPERTY_BSU_E
4636	1274	EXPLICIT_ITEM_CLASS_EXTENSION_E	1053	PROPERTY_BSU_E
4638	1275	EXPLICIT_ITEM_CLASS_EXTENSION_E	1054	PROPERTY_BSU_E
4639	1275	EXPLICIT_ITEM_CLASS_EXTENSION_E	1054	PROPERTY_BSU_E
4640	1275	EXPLICIT_ITEM_CLASS_EXTENSION_E	1057	PROPERTY_BSU_E
4641	1275	EXPLICIT_ITEM_CLASS_EXTENSION_E	1057	PROPERTY_BSU_E
4642	1275	EXPLICIT_ITEM_CLASS_EXTENSION_E	1056	PROPERTY_BSU_E
4643	1275	EXPLICIT_ITEM_CLASS_EXTENSION_E	1056	PROPERTY_BSU_E
4644	1275	EXPLICIT_ITEM_CLASS_EXTENSION_E	1061	PROPERTY_BSU_E
4645	1275	EXPLICIT_ITEM_CLASS_EXTENSION_E	1061	PROPERTY_BSU_E
4646	1275	EXPLICIT_ITEM_CLASS_EXTENSION_E	1058	PROPERTY_BSU_E
4647	1275	EXPLICIT_ITEM_CLASS_EXTENSION_E	1058	PROPERTY_BSU_E
4648	1275	EXPLICIT_ITEM_CLASS_EXTENSION_E	1064	PROPERTY_BSU_E
4649	1275	EXPLICIT_ITEM_CLASS_EXTENSION_E	1064	PROPERTY_BSU_E
4650	1275	EXPLICIT_ITEM_CLASS_EXTENSION_E	1062	PROPERTY_BSU_E
4651	1275	EXPLICIT_ITEM_CLASS_EXTENSION_E	1062	PROPERTY_BSU_E
4652	1275	EXPLICIT_ITEM_CLASS_EXTENSION_E	1063	PROPERTY_BSU_E
4653	1275	EXPLICIT_ITEM_CLASS_EXTENSION_E	1063	PROPERTY_BSU_E
4654	1275	EXPLICIT_ITEM_CLASS_EXTENSION_E	1067	PROPERTY_BSU_E
4655	1275	EXPLICIT_ITEM_CLASS_EXTENSION_E	1067	PROPERTY_BSU_E
4656	1275	EXPLICIT_ITEM_CLASS_EXTENSION_E	1065	PROPERTY_BSU_E
4657	1275	EXPLICIT_ITEM_CLASS_EXTENSION_E	1065	PROPERTY_BSU_E
4658	1275	EXPLICIT_ITEM_CLASS_EXTENSION_E	1055	PROPERTY_BSU_E
4659	1275	EXPLICIT_ITEM_CLASS_EXTENSION_E	1055	PROPERTY_BSU_E
4660	1275	EXPLICIT_ITEM_CLASS_EXTENSION_E	1069	PROPERTY_BSU_E
4661	1275	EXPLICIT_ITEM_CLASS_EXTENSION_E	1069	PROPERTY_BSU_E
4662	1275	EXPLICIT_ITEM_CLASS_EXTENSION_E	1068	PROPERTY_BSU_E
4663	1275	EXPLICIT_ITEM_CLASS_EXTENSION_E	1068	PROPERTY_BSU_E
4664	1275	EXPLICIT_ITEM_CLASS_EXTENSION_E	1053	PROPERTY_BSU_E
4665	1275	EXPLICIT_ITEM_CLASS_EXTENSION_E	1053	PROPERTY_BSU_E
4667	1276	EXPLICIT_ITEM_CLASS_EXTENSION_E	1054	PROPERTY_BSU_E
4668	1276	EXPLICIT_ITEM_CLASS_EXTENSION_E	1054	PROPERTY_BSU_E
4669	1276	EXPLICIT_ITEM_CLASS_EXTENSION_E	1057	PROPERTY_BSU_E
4670	1276	EXPLICIT_ITEM_CLASS_EXTENSION_E	1057	PROPERTY_BSU_E
4671	1276	EXPLICIT_ITEM_CLASS_EXTENSION_E	1056	PROPERTY_BSU_E
4672	1276	EXPLICIT_ITEM_CLASS_EXTENSION_E	1056	PROPERTY_BSU_E
4673	1276	EXPLICIT_ITEM_CLASS_EXTENSION_E	1061	PROPERTY_BSU_E
4674	1276	EXPLICIT_ITEM_CLASS_EXTENSION_E	1061	PROPERTY_BSU_E
4675	1276	EXPLICIT_ITEM_CLASS_EXTENSION_E	1058	PROPERTY_BSU_E
4676	1276	EXPLICIT_ITEM_CLASS_EXTENSION_E	1058	PROPERTY_BSU_E
4677	1276	EXPLICIT_ITEM_CLASS_EXTENSION_E	1064	PROPERTY_BSU_E
4678	1276	EXPLICIT_ITEM_CLASS_EXTENSION_E	1064	PROPERTY_BSU_E
4679	1276	EXPLICIT_ITEM_CLASS_EXTENSION_E	1062	PROPERTY_BSU_E
4680	1276	EXPLICIT_ITEM_CLASS_EXTENSION_E	1062	PROPERTY_BSU_E
4681	1276	EXPLICIT_ITEM_CLASS_EXTENSION_E	1063	PROPERTY_BSU_E
4682	1276	EXPLICIT_ITEM_CLASS_EXTENSION_E	1063	PROPERTY_BSU_E
4683	1276	EXPLICIT_ITEM_CLASS_EXTENSION_E	1067	PROPERTY_BSU_E
4684	1276	EXPLICIT_ITEM_CLASS_EXTENSION_E	1067	PROPERTY_BSU_E
4685	1276	EXPLICIT_ITEM_CLASS_EXTENSION_E	1065	PROPERTY_BSU_E
4686	1276	EXPLICIT_ITEM_CLASS_EXTENSION_E	1065	PROPERTY_BSU_E
4687	1276	EXPLICIT_ITEM_CLASS_EXTENSION_E	1055	PROPERTY_BSU_E
4688	1276	EXPLICIT_ITEM_CLASS_EXTENSION_E	1055	PROPERTY_BSU_E
4689	1276	EXPLICIT_ITEM_CLASS_EXTENSION_E	1069	PROPERTY_BSU_E
4690	1276	EXPLICIT_ITEM_CLASS_EXTENSION_E	1069	PROPERTY_BSU_E
4691	1276	EXPLICIT_ITEM_CLASS_EXTENSION_E	1068	PROPERTY_BSU_E
4692	1276	EXPLICIT_ITEM_CLASS_EXTENSION_E	1068	PROPERTY_BSU_E
4693	1276	EXPLICIT_ITEM_CLASS_EXTENSION_E	1053	PROPERTY_BSU_E
4694	1276	EXPLICIT_ITEM_CLASS_EXTENSION_E	1053	PROPERTY_BSU_E
4696	1277	EXPLICIT_ITEM_CLASS_EXTENSION_E	1054	PROPERTY_BSU_E
4697	1277	EXPLICIT_ITEM_CLASS_EXTENSION_E	1054	PROPERTY_BSU_E
4698	1277	EXPLICIT_ITEM_CLASS_EXTENSION_E	1057	PROPERTY_BSU_E
4699	1277	EXPLICIT_ITEM_CLASS_EXTENSION_E	1057	PROPERTY_BSU_E
4700	1277	EXPLICIT_ITEM_CLASS_EXTENSION_E	1056	PROPERTY_BSU_E
4701	1277	EXPLICIT_ITEM_CLASS_EXTENSION_E	1056	PROPERTY_BSU_E
4702	1277	EXPLICIT_ITEM_CLASS_EXTENSION_E	1061	PROPERTY_BSU_E
4703	1277	EXPLICIT_ITEM_CLASS_EXTENSION_E	1061	PROPERTY_BSU_E
4704	1277	EXPLICIT_ITEM_CLASS_EXTENSION_E	1058	PROPERTY_BSU_E
4705	1277	EXPLICIT_ITEM_CLASS_EXTENSION_E	1058	PROPERTY_BSU_E
4706	1277	EXPLICIT_ITEM_CLASS_EXTENSION_E	1064	PROPERTY_BSU_E
4707	1277	EXPLICIT_ITEM_CLASS_EXTENSION_E	1064	PROPERTY_BSU_E
4708	1277	EXPLICIT_ITEM_CLASS_EXTENSION_E	1062	PROPERTY_BSU_E
4709	1277	EXPLICIT_ITEM_CLASS_EXTENSION_E	1062	PROPERTY_BSU_E
4710	1277	EXPLICIT_ITEM_CLASS_EXTENSION_E	1063	PROPERTY_BSU_E
4711	1277	EXPLICIT_ITEM_CLASS_EXTENSION_E	1063	PROPERTY_BSU_E
4712	1277	EXPLICIT_ITEM_CLASS_EXTENSION_E	1067	PROPERTY_BSU_E
4713	1277	EXPLICIT_ITEM_CLASS_EXTENSION_E	1067	PROPERTY_BSU_E
4714	1277	EXPLICIT_ITEM_CLASS_EXTENSION_E	1065	PROPERTY_BSU_E
4715	1277	EXPLICIT_ITEM_CLASS_EXTENSION_E	1065	PROPERTY_BSU_E
4716	1277	EXPLICIT_ITEM_CLASS_EXTENSION_E	1055	PROPERTY_BSU_E
4717	1277	EXPLICIT_ITEM_CLASS_EXTENSION_E	1055	PROPERTY_BSU_E
4718	1277	EXPLICIT_ITEM_CLASS_EXTENSION_E	1069	PROPERTY_BSU_E
4719	1277	EXPLICIT_ITEM_CLASS_EXTENSION_E	1069	PROPERTY_BSU_E
4720	1277	EXPLICIT_ITEM_CLASS_EXTENSION_E	1068	PROPERTY_BSU_E
4721	1277	EXPLICIT_ITEM_CLASS_EXTENSION_E	1068	PROPERTY_BSU_E
4722	1277	EXPLICIT_ITEM_CLASS_EXTENSION_E	1053	PROPERTY_BSU_E
4723	1277	EXPLICIT_ITEM_CLASS_EXTENSION_E	1053	PROPERTY_BSU_E
4725	1278	EXPLICIT_ITEM_CLASS_EXTENSION_E	1054	PROPERTY_BSU_E
4726	1278	EXPLICIT_ITEM_CLASS_EXTENSION_E	1054	PROPERTY_BSU_E
4727	1278	EXPLICIT_ITEM_CLASS_EXTENSION_E	1057	PROPERTY_BSU_E
4728	1278	EXPLICIT_ITEM_CLASS_EXTENSION_E	1057	PROPERTY_BSU_E
4729	1278	EXPLICIT_ITEM_CLASS_EXTENSION_E	1056	PROPERTY_BSU_E
4730	1278	EXPLICIT_ITEM_CLASS_EXTENSION_E	1056	PROPERTY_BSU_E
4731	1278	EXPLICIT_ITEM_CLASS_EXTENSION_E	1061	PROPERTY_BSU_E
4732	1278	EXPLICIT_ITEM_CLASS_EXTENSION_E	1061	PROPERTY_BSU_E
4733	1278	EXPLICIT_ITEM_CLASS_EXTENSION_E	1058	PROPERTY_BSU_E
4734	1278	EXPLICIT_ITEM_CLASS_EXTENSION_E	1058	PROPERTY_BSU_E
4735	1278	EXPLICIT_ITEM_CLASS_EXTENSION_E	1064	PROPERTY_BSU_E
4736	1278	EXPLICIT_ITEM_CLASS_EXTENSION_E	1064	PROPERTY_BSU_E
4737	1278	EXPLICIT_ITEM_CLASS_EXTENSION_E	1062	PROPERTY_BSU_E
4738	1278	EXPLICIT_ITEM_CLASS_EXTENSION_E	1062	PROPERTY_BSU_E
4739	1278	EXPLICIT_ITEM_CLASS_EXTENSION_E	1063	PROPERTY_BSU_E
4740	1278	EXPLICIT_ITEM_CLASS_EXTENSION_E	1063	PROPERTY_BSU_E
4741	1278	EXPLICIT_ITEM_CLASS_EXTENSION_E	1067	PROPERTY_BSU_E
4742	1278	EXPLICIT_ITEM_CLASS_EXTENSION_E	1067	PROPERTY_BSU_E
4743	1278	EXPLICIT_ITEM_CLASS_EXTENSION_E	1065	PROPERTY_BSU_E
4744	1278	EXPLICIT_ITEM_CLASS_EXTENSION_E	1065	PROPERTY_BSU_E
4745	1278	EXPLICIT_ITEM_CLASS_EXTENSION_E	1055	PROPERTY_BSU_E
4746	1278	EXPLICIT_ITEM_CLASS_EXTENSION_E	1055	PROPERTY_BSU_E
4747	1278	EXPLICIT_ITEM_CLASS_EXTENSION_E	1069	PROPERTY_BSU_E
4748	1278	EXPLICIT_ITEM_CLASS_EXTENSION_E	1069	PROPERTY_BSU_E
4749	1278	EXPLICIT_ITEM_CLASS_EXTENSION_E	1068	PROPERTY_BSU_E
4750	1278	EXPLICIT_ITEM_CLASS_EXTENSION_E	1068	PROPERTY_BSU_E
4751	1278	EXPLICIT_ITEM_CLASS_EXTENSION_E	1053	PROPERTY_BSU_E
4752	1278	EXPLICIT_ITEM_CLASS_EXTENSION_E	1053	PROPERTY_BSU_E
4754	1279	EXPLICIT_ITEM_CLASS_EXTENSION_E	1054	PROPERTY_BSU_E
4755	1279	EXPLICIT_ITEM_CLASS_EXTENSION_E	1054	PROPERTY_BSU_E
4756	1279	EXPLICIT_ITEM_CLASS_EXTENSION_E	1057	PROPERTY_BSU_E
4757	1279	EXPLICIT_ITEM_CLASS_EXTENSION_E	1057	PROPERTY_BSU_E
4758	1279	EXPLICIT_ITEM_CLASS_EXTENSION_E	1056	PROPERTY_BSU_E
4759	1279	EXPLICIT_ITEM_CLASS_EXTENSION_E	1056	PROPERTY_BSU_E
4760	1279	EXPLICIT_ITEM_CLASS_EXTENSION_E	1061	PROPERTY_BSU_E
4761	1279	EXPLICIT_ITEM_CLASS_EXTENSION_E	1061	PROPERTY_BSU_E
4762	1279	EXPLICIT_ITEM_CLASS_EXTENSION_E	1058	PROPERTY_BSU_E
4763	1279	EXPLICIT_ITEM_CLASS_EXTENSION_E	1058	PROPERTY_BSU_E
4764	1279	EXPLICIT_ITEM_CLASS_EXTENSION_E	1064	PROPERTY_BSU_E
4765	1279	EXPLICIT_ITEM_CLASS_EXTENSION_E	1064	PROPERTY_BSU_E
4766	1279	EXPLICIT_ITEM_CLASS_EXTENSION_E	1062	PROPERTY_BSU_E
4767	1279	EXPLICIT_ITEM_CLASS_EXTENSION_E	1062	PROPERTY_BSU_E
4768	1279	EXPLICIT_ITEM_CLASS_EXTENSION_E	1063	PROPERTY_BSU_E
4769	1279	EXPLICIT_ITEM_CLASS_EXTENSION_E	1063	PROPERTY_BSU_E
4770	1279	EXPLICIT_ITEM_CLASS_EXTENSION_E	1067	PROPERTY_BSU_E
4771	1279	EXPLICIT_ITEM_CLASS_EXTENSION_E	1067	PROPERTY_BSU_E
4772	1279	EXPLICIT_ITEM_CLASS_EXTENSION_E	1065	PROPERTY_BSU_E
4773	1279	EXPLICIT_ITEM_CLASS_EXTENSION_E	1065	PROPERTY_BSU_E
4774	1279	EXPLICIT_ITEM_CLASS_EXTENSION_E	1055	PROPERTY_BSU_E
4775	1279	EXPLICIT_ITEM_CLASS_EXTENSION_E	1055	PROPERTY_BSU_E
4776	1279	EXPLICIT_ITEM_CLASS_EXTENSION_E	1069	PROPERTY_BSU_E
4777	1279	EXPLICIT_ITEM_CLASS_EXTENSION_E	1069	PROPERTY_BSU_E
4778	1279	EXPLICIT_ITEM_CLASS_EXTENSION_E	1068	PROPERTY_BSU_E
4779	1279	EXPLICIT_ITEM_CLASS_EXTENSION_E	1068	PROPERTY_BSU_E
4780	1279	EXPLICIT_ITEM_CLASS_EXTENSION_E	1066	PROPERTY_BSU_E
4781	1279	EXPLICIT_ITEM_CLASS_EXTENSION_E	1066	PROPERTY_BSU_E
4782	1279	EXPLICIT_ITEM_CLASS_EXTENSION_E	1071	PROPERTY_BSU_E
4783	1279	EXPLICIT_ITEM_CLASS_EXTENSION_E	1071	PROPERTY_BSU_E
4784	1279	EXPLICIT_ITEM_CLASS_EXTENSION_E	1070	PROPERTY_BSU_E
4785	1279	EXPLICIT_ITEM_CLASS_EXTENSION_E	1070	PROPERTY_BSU_E
4786	1279	EXPLICIT_ITEM_CLASS_EXTENSION_E	1072	PROPERTY_BSU_E
4787	1279	EXPLICIT_ITEM_CLASS_EXTENSION_E	1072	PROPERTY_BSU_E
4788	1279	EXPLICIT_ITEM_CLASS_EXTENSION_E	1075	PROPERTY_BSU_E
4789	1279	EXPLICIT_ITEM_CLASS_EXTENSION_E	1075	PROPERTY_BSU_E
4790	1279	EXPLICIT_ITEM_CLASS_EXTENSION_E	1074	PROPERTY_BSU_E
4791	1279	EXPLICIT_ITEM_CLASS_EXTENSION_E	1074	PROPERTY_BSU_E
4792	1279	EXPLICIT_ITEM_CLASS_EXTENSION_E	1073	PROPERTY_BSU_E
4793	1279	EXPLICIT_ITEM_CLASS_EXTENSION_E	1073	PROPERTY_BSU_E
4794	1279	EXPLICIT_ITEM_CLASS_EXTENSION_E	1059	PROPERTY_BSU_E
4795	1279	EXPLICIT_ITEM_CLASS_EXTENSION_E	1059	PROPERTY_BSU_E
4796	1279	EXPLICIT_ITEM_CLASS_EXTENSION_E	1060	PROPERTY_BSU_E
4797	1279	EXPLICIT_ITEM_CLASS_EXTENSION_E	1060	PROPERTY_BSU_E
4798	1279	EXPLICIT_ITEM_CLASS_EXTENSION_E	1053	PROPERTY_BSU_E
4799	1279	EXPLICIT_ITEM_CLASS_EXTENSION_E	1053	PROPERTY_BSU_E
4801	1280	EXPLICIT_ITEM_CLASS_EXTENSION_E	1054	PROPERTY_BSU_E
4802	1280	EXPLICIT_ITEM_CLASS_EXTENSION_E	1054	PROPERTY_BSU_E
4803	1280	EXPLICIT_ITEM_CLASS_EXTENSION_E	1057	PROPERTY_BSU_E
4804	1280	EXPLICIT_ITEM_CLASS_EXTENSION_E	1057	PROPERTY_BSU_E
4805	1280	EXPLICIT_ITEM_CLASS_EXTENSION_E	1056	PROPERTY_BSU_E
4806	1280	EXPLICIT_ITEM_CLASS_EXTENSION_E	1056	PROPERTY_BSU_E
4807	1280	EXPLICIT_ITEM_CLASS_EXTENSION_E	1061	PROPERTY_BSU_E
4808	1280	EXPLICIT_ITEM_CLASS_EXTENSION_E	1061	PROPERTY_BSU_E
4809	1280	EXPLICIT_ITEM_CLASS_EXTENSION_E	1058	PROPERTY_BSU_E
4810	1280	EXPLICIT_ITEM_CLASS_EXTENSION_E	1058	PROPERTY_BSU_E
4811	1280	EXPLICIT_ITEM_CLASS_EXTENSION_E	1064	PROPERTY_BSU_E
4812	1280	EXPLICIT_ITEM_CLASS_EXTENSION_E	1064	PROPERTY_BSU_E
4813	1280	EXPLICIT_ITEM_CLASS_EXTENSION_E	1062	PROPERTY_BSU_E
4814	1280	EXPLICIT_ITEM_CLASS_EXTENSION_E	1062	PROPERTY_BSU_E
4815	1280	EXPLICIT_ITEM_CLASS_EXTENSION_E	1063	PROPERTY_BSU_E
4816	1280	EXPLICIT_ITEM_CLASS_EXTENSION_E	1063	PROPERTY_BSU_E
4817	1280	EXPLICIT_ITEM_CLASS_EXTENSION_E	1067	PROPERTY_BSU_E
4818	1280	EXPLICIT_ITEM_CLASS_EXTENSION_E	1067	PROPERTY_BSU_E
4819	1280	EXPLICIT_ITEM_CLASS_EXTENSION_E	1065	PROPERTY_BSU_E
4820	1280	EXPLICIT_ITEM_CLASS_EXTENSION_E	1065	PROPERTY_BSU_E
4821	1280	EXPLICIT_ITEM_CLASS_EXTENSION_E	1055	PROPERTY_BSU_E
4822	1280	EXPLICIT_ITEM_CLASS_EXTENSION_E	1055	PROPERTY_BSU_E
4823	1280	EXPLICIT_ITEM_CLASS_EXTENSION_E	1069	PROPERTY_BSU_E
4824	1280	EXPLICIT_ITEM_CLASS_EXTENSION_E	1069	PROPERTY_BSU_E
4825	1280	EXPLICIT_ITEM_CLASS_EXTENSION_E	1068	PROPERTY_BSU_E
4826	1280	EXPLICIT_ITEM_CLASS_EXTENSION_E	1068	PROPERTY_BSU_E
4827	1280	EXPLICIT_ITEM_CLASS_EXTENSION_E	1066	PROPERTY_BSU_E
4828	1280	EXPLICIT_ITEM_CLASS_EXTENSION_E	1066	PROPERTY_BSU_E
4829	1280	EXPLICIT_ITEM_CLASS_EXTENSION_E	1071	PROPERTY_BSU_E
4830	1280	EXPLICIT_ITEM_CLASS_EXTENSION_E	1071	PROPERTY_BSU_E
4831	1280	EXPLICIT_ITEM_CLASS_EXTENSION_E	1070	PROPERTY_BSU_E
4832	1280	EXPLICIT_ITEM_CLASS_EXTENSION_E	1070	PROPERTY_BSU_E
4833	1280	EXPLICIT_ITEM_CLASS_EXTENSION_E	1072	PROPERTY_BSU_E
4834	1280	EXPLICIT_ITEM_CLASS_EXTENSION_E	1072	PROPERTY_BSU_E
4835	1280	EXPLICIT_ITEM_CLASS_EXTENSION_E	1075	PROPERTY_BSU_E
4836	1280	EXPLICIT_ITEM_CLASS_EXTENSION_E	1075	PROPERTY_BSU_E
4837	1280	EXPLICIT_ITEM_CLASS_EXTENSION_E	1074	PROPERTY_BSU_E
4838	1280	EXPLICIT_ITEM_CLASS_EXTENSION_E	1074	PROPERTY_BSU_E
4839	1280	EXPLICIT_ITEM_CLASS_EXTENSION_E	1073	PROPERTY_BSU_E
4840	1280	EXPLICIT_ITEM_CLASS_EXTENSION_E	1073	PROPERTY_BSU_E
4841	1280	EXPLICIT_ITEM_CLASS_EXTENSION_E	1059	PROPERTY_BSU_E
4842	1280	EXPLICIT_ITEM_CLASS_EXTENSION_E	1059	PROPERTY_BSU_E
4843	1280	EXPLICIT_ITEM_CLASS_EXTENSION_E	1060	PROPERTY_BSU_E
4844	1280	EXPLICIT_ITEM_CLASS_EXTENSION_E	1060	PROPERTY_BSU_E
4845	1280	EXPLICIT_ITEM_CLASS_EXTENSION_E	1053	PROPERTY_BSU_E
4846	1280	EXPLICIT_ITEM_CLASS_EXTENSION_E	1053	PROPERTY_BSU_E
4848	1281	EXPLICIT_ITEM_CLASS_EXTENSION_E	1054	PROPERTY_BSU_E
4849	1281	EXPLICIT_ITEM_CLASS_EXTENSION_E	1054	PROPERTY_BSU_E
4850	1281	EXPLICIT_ITEM_CLASS_EXTENSION_E	1057	PROPERTY_BSU_E
4851	1281	EXPLICIT_ITEM_CLASS_EXTENSION_E	1057	PROPERTY_BSU_E
4852	1281	EXPLICIT_ITEM_CLASS_EXTENSION_E	1056	PROPERTY_BSU_E
4853	1281	EXPLICIT_ITEM_CLASS_EXTENSION_E	1056	PROPERTY_BSU_E
4854	1281	EXPLICIT_ITEM_CLASS_EXTENSION_E	1061	PROPERTY_BSU_E
4855	1281	EXPLICIT_ITEM_CLASS_EXTENSION_E	1061	PROPERTY_BSU_E
4856	1281	EXPLICIT_ITEM_CLASS_EXTENSION_E	1058	PROPERTY_BSU_E
4857	1281	EXPLICIT_ITEM_CLASS_EXTENSION_E	1058	PROPERTY_BSU_E
4858	1281	EXPLICIT_ITEM_CLASS_EXTENSION_E	1064	PROPERTY_BSU_E
4859	1281	EXPLICIT_ITEM_CLASS_EXTENSION_E	1064	PROPERTY_BSU_E
4860	1281	EXPLICIT_ITEM_CLASS_EXTENSION_E	1062	PROPERTY_BSU_E
4861	1281	EXPLICIT_ITEM_CLASS_EXTENSION_E	1062	PROPERTY_BSU_E
4862	1281	EXPLICIT_ITEM_CLASS_EXTENSION_E	1063	PROPERTY_BSU_E
4863	1281	EXPLICIT_ITEM_CLASS_EXTENSION_E	1063	PROPERTY_BSU_E
4864	1281	EXPLICIT_ITEM_CLASS_EXTENSION_E	1067	PROPERTY_BSU_E
4865	1281	EXPLICIT_ITEM_CLASS_EXTENSION_E	1067	PROPERTY_BSU_E
4866	1281	EXPLICIT_ITEM_CLASS_EXTENSION_E	1065	PROPERTY_BSU_E
4867	1281	EXPLICIT_ITEM_CLASS_EXTENSION_E	1065	PROPERTY_BSU_E
4868	1281	EXPLICIT_ITEM_CLASS_EXTENSION_E	1055	PROPERTY_BSU_E
4869	1281	EXPLICIT_ITEM_CLASS_EXTENSION_E	1055	PROPERTY_BSU_E
4870	1281	EXPLICIT_ITEM_CLASS_EXTENSION_E	1069	PROPERTY_BSU_E
4871	1281	EXPLICIT_ITEM_CLASS_EXTENSION_E	1069	PROPERTY_BSU_E
4872	1281	EXPLICIT_ITEM_CLASS_EXTENSION_E	1068	PROPERTY_BSU_E
4873	1281	EXPLICIT_ITEM_CLASS_EXTENSION_E	1068	PROPERTY_BSU_E
4874	1281	EXPLICIT_ITEM_CLASS_EXTENSION_E	1066	PROPERTY_BSU_E
4875	1281	EXPLICIT_ITEM_CLASS_EXTENSION_E	1066	PROPERTY_BSU_E
4876	1281	EXPLICIT_ITEM_CLASS_EXTENSION_E	1071	PROPERTY_BSU_E
4877	1281	EXPLICIT_ITEM_CLASS_EXTENSION_E	1071	PROPERTY_BSU_E
4878	1281	EXPLICIT_ITEM_CLASS_EXTENSION_E	1070	PROPERTY_BSU_E
4879	1281	EXPLICIT_ITEM_CLASS_EXTENSION_E	1070	PROPERTY_BSU_E
4880	1281	EXPLICIT_ITEM_CLASS_EXTENSION_E	1072	PROPERTY_BSU_E
4881	1281	EXPLICIT_ITEM_CLASS_EXTENSION_E	1072	PROPERTY_BSU_E
4882	1281	EXPLICIT_ITEM_CLASS_EXTENSION_E	1075	PROPERTY_BSU_E
4883	1281	EXPLICIT_ITEM_CLASS_EXTENSION_E	1075	PROPERTY_BSU_E
4884	1281	EXPLICIT_ITEM_CLASS_EXTENSION_E	1074	PROPERTY_BSU_E
4885	1281	EXPLICIT_ITEM_CLASS_EXTENSION_E	1074	PROPERTY_BSU_E
4886	1281	EXPLICIT_ITEM_CLASS_EXTENSION_E	1073	PROPERTY_BSU_E
4887	1281	EXPLICIT_ITEM_CLASS_EXTENSION_E	1073	PROPERTY_BSU_E
4888	1281	EXPLICIT_ITEM_CLASS_EXTENSION_E	1059	PROPERTY_BSU_E
4889	1281	EXPLICIT_ITEM_CLASS_EXTENSION_E	1059	PROPERTY_BSU_E
4890	1281	EXPLICIT_ITEM_CLASS_EXTENSION_E	1060	PROPERTY_BSU_E
4891	1281	EXPLICIT_ITEM_CLASS_EXTENSION_E	1060	PROPERTY_BSU_E
4892	1281	EXPLICIT_ITEM_CLASS_EXTENSION_E	1053	PROPERTY_BSU_E
4893	1281	EXPLICIT_ITEM_CLASS_EXTENSION_E	1053	PROPERTY_BSU_E
4895	1282	EXPLICIT_ITEM_CLASS_EXTENSION_E	1054	PROPERTY_BSU_E
4896	1282	EXPLICIT_ITEM_CLASS_EXTENSION_E	1054	PROPERTY_BSU_E
4897	1282	EXPLICIT_ITEM_CLASS_EXTENSION_E	1057	PROPERTY_BSU_E
4898	1282	EXPLICIT_ITEM_CLASS_EXTENSION_E	1057	PROPERTY_BSU_E
4899	1282	EXPLICIT_ITEM_CLASS_EXTENSION_E	1056	PROPERTY_BSU_E
4900	1282	EXPLICIT_ITEM_CLASS_EXTENSION_E	1056	PROPERTY_BSU_E
4901	1282	EXPLICIT_ITEM_CLASS_EXTENSION_E	1061	PROPERTY_BSU_E
4902	1282	EXPLICIT_ITEM_CLASS_EXTENSION_E	1061	PROPERTY_BSU_E
4903	1282	EXPLICIT_ITEM_CLASS_EXTENSION_E	1058	PROPERTY_BSU_E
4904	1282	EXPLICIT_ITEM_CLASS_EXTENSION_E	1058	PROPERTY_BSU_E
4905	1282	EXPLICIT_ITEM_CLASS_EXTENSION_E	1064	PROPERTY_BSU_E
4906	1282	EXPLICIT_ITEM_CLASS_EXTENSION_E	1064	PROPERTY_BSU_E
4907	1282	EXPLICIT_ITEM_CLASS_EXTENSION_E	1062	PROPERTY_BSU_E
4908	1282	EXPLICIT_ITEM_CLASS_EXTENSION_E	1062	PROPERTY_BSU_E
4909	1282	EXPLICIT_ITEM_CLASS_EXTENSION_E	1063	PROPERTY_BSU_E
4910	1282	EXPLICIT_ITEM_CLASS_EXTENSION_E	1063	PROPERTY_BSU_E
4911	1282	EXPLICIT_ITEM_CLASS_EXTENSION_E	1067	PROPERTY_BSU_E
4912	1282	EXPLICIT_ITEM_CLASS_EXTENSION_E	1067	PROPERTY_BSU_E
4913	1282	EXPLICIT_ITEM_CLASS_EXTENSION_E	1065	PROPERTY_BSU_E
4914	1282	EXPLICIT_ITEM_CLASS_EXTENSION_E	1065	PROPERTY_BSU_E
4915	1282	EXPLICIT_ITEM_CLASS_EXTENSION_E	1055	PROPERTY_BSU_E
4916	1282	EXPLICIT_ITEM_CLASS_EXTENSION_E	1055	PROPERTY_BSU_E
4917	1282	EXPLICIT_ITEM_CLASS_EXTENSION_E	1069	PROPERTY_BSU_E
4918	1282	EXPLICIT_ITEM_CLASS_EXTENSION_E	1069	PROPERTY_BSU_E
4919	1282	EXPLICIT_ITEM_CLASS_EXTENSION_E	1068	PROPERTY_BSU_E
4920	1282	EXPLICIT_ITEM_CLASS_EXTENSION_E	1068	PROPERTY_BSU_E
4921	1282	EXPLICIT_ITEM_CLASS_EXTENSION_E	1066	PROPERTY_BSU_E
4922	1282	EXPLICIT_ITEM_CLASS_EXTENSION_E	1066	PROPERTY_BSU_E
4923	1282	EXPLICIT_ITEM_CLASS_EXTENSION_E	1071	PROPERTY_BSU_E
4924	1282	EXPLICIT_ITEM_CLASS_EXTENSION_E	1071	PROPERTY_BSU_E
4925	1282	EXPLICIT_ITEM_CLASS_EXTENSION_E	1070	PROPERTY_BSU_E
4926	1282	EXPLICIT_ITEM_CLASS_EXTENSION_E	1070	PROPERTY_BSU_E
4927	1282	EXPLICIT_ITEM_CLASS_EXTENSION_E	1072	PROPERTY_BSU_E
4928	1282	EXPLICIT_ITEM_CLASS_EXTENSION_E	1072	PROPERTY_BSU_E
4929	1282	EXPLICIT_ITEM_CLASS_EXTENSION_E	1075	PROPERTY_BSU_E
4930	1282	EXPLICIT_ITEM_CLASS_EXTENSION_E	1075	PROPERTY_BSU_E
4931	1282	EXPLICIT_ITEM_CLASS_EXTENSION_E	1074	PROPERTY_BSU_E
4932	1282	EXPLICIT_ITEM_CLASS_EXTENSION_E	1074	PROPERTY_BSU_E
4933	1282	EXPLICIT_ITEM_CLASS_EXTENSION_E	1073	PROPERTY_BSU_E
4934	1282	EXPLICIT_ITEM_CLASS_EXTENSION_E	1073	PROPERTY_BSU_E
4935	1282	EXPLICIT_ITEM_CLASS_EXTENSION_E	1059	PROPERTY_BSU_E
4936	1282	EXPLICIT_ITEM_CLASS_EXTENSION_E	1059	PROPERTY_BSU_E
4937	1282	EXPLICIT_ITEM_CLASS_EXTENSION_E	1060	PROPERTY_BSU_E
4938	1282	EXPLICIT_ITEM_CLASS_EXTENSION_E	1060	PROPERTY_BSU_E
4939	1282	EXPLICIT_ITEM_CLASS_EXTENSION_E	1053	PROPERTY_BSU_E
4940	1282	EXPLICIT_ITEM_CLASS_EXTENSION_E	1053	PROPERTY_BSU_E
4942	1283	EXPLICIT_ITEM_CLASS_EXTENSION_E	1054	PROPERTY_BSU_E
4943	1283	EXPLICIT_ITEM_CLASS_EXTENSION_E	1054	PROPERTY_BSU_E
4944	1283	EXPLICIT_ITEM_CLASS_EXTENSION_E	1057	PROPERTY_BSU_E
4945	1283	EXPLICIT_ITEM_CLASS_EXTENSION_E	1057	PROPERTY_BSU_E
4946	1283	EXPLICIT_ITEM_CLASS_EXTENSION_E	1056	PROPERTY_BSU_E
4947	1283	EXPLICIT_ITEM_CLASS_EXTENSION_E	1056	PROPERTY_BSU_E
4948	1283	EXPLICIT_ITEM_CLASS_EXTENSION_E	1061	PROPERTY_BSU_E
4949	1283	EXPLICIT_ITEM_CLASS_EXTENSION_E	1061	PROPERTY_BSU_E
4950	1283	EXPLICIT_ITEM_CLASS_EXTENSION_E	1058	PROPERTY_BSU_E
4951	1283	EXPLICIT_ITEM_CLASS_EXTENSION_E	1058	PROPERTY_BSU_E
4952	1283	EXPLICIT_ITEM_CLASS_EXTENSION_E	1064	PROPERTY_BSU_E
4953	1283	EXPLICIT_ITEM_CLASS_EXTENSION_E	1064	PROPERTY_BSU_E
4954	1283	EXPLICIT_ITEM_CLASS_EXTENSION_E	1062	PROPERTY_BSU_E
4955	1283	EXPLICIT_ITEM_CLASS_EXTENSION_E	1062	PROPERTY_BSU_E
4956	1283	EXPLICIT_ITEM_CLASS_EXTENSION_E	1063	PROPERTY_BSU_E
4957	1283	EXPLICIT_ITEM_CLASS_EXTENSION_E	1063	PROPERTY_BSU_E
4958	1283	EXPLICIT_ITEM_CLASS_EXTENSION_E	1067	PROPERTY_BSU_E
4959	1283	EXPLICIT_ITEM_CLASS_EXTENSION_E	1067	PROPERTY_BSU_E
4960	1283	EXPLICIT_ITEM_CLASS_EXTENSION_E	1065	PROPERTY_BSU_E
4961	1283	EXPLICIT_ITEM_CLASS_EXTENSION_E	1065	PROPERTY_BSU_E
4962	1283	EXPLICIT_ITEM_CLASS_EXTENSION_E	1055	PROPERTY_BSU_E
4963	1283	EXPLICIT_ITEM_CLASS_EXTENSION_E	1055	PROPERTY_BSU_E
4964	1283	EXPLICIT_ITEM_CLASS_EXTENSION_E	1069	PROPERTY_BSU_E
4965	1283	EXPLICIT_ITEM_CLASS_EXTENSION_E	1069	PROPERTY_BSU_E
4966	1283	EXPLICIT_ITEM_CLASS_EXTENSION_E	1068	PROPERTY_BSU_E
4967	1283	EXPLICIT_ITEM_CLASS_EXTENSION_E	1068	PROPERTY_BSU_E
4968	1283	EXPLICIT_ITEM_CLASS_EXTENSION_E	1066	PROPERTY_BSU_E
4969	1283	EXPLICIT_ITEM_CLASS_EXTENSION_E	1066	PROPERTY_BSU_E
4970	1283	EXPLICIT_ITEM_CLASS_EXTENSION_E	1071	PROPERTY_BSU_E
4971	1283	EXPLICIT_ITEM_CLASS_EXTENSION_E	1071	PROPERTY_BSU_E
4972	1283	EXPLICIT_ITEM_CLASS_EXTENSION_E	1070	PROPERTY_BSU_E
4973	1283	EXPLICIT_ITEM_CLASS_EXTENSION_E	1070	PROPERTY_BSU_E
4974	1283	EXPLICIT_ITEM_CLASS_EXTENSION_E	1072	PROPERTY_BSU_E
4975	1283	EXPLICIT_ITEM_CLASS_EXTENSION_E	1072	PROPERTY_BSU_E
4976	1283	EXPLICIT_ITEM_CLASS_EXTENSION_E	1075	PROPERTY_BSU_E
4977	1283	EXPLICIT_ITEM_CLASS_EXTENSION_E	1075	PROPERTY_BSU_E
4978	1283	EXPLICIT_ITEM_CLASS_EXTENSION_E	1074	PROPERTY_BSU_E
4979	1283	EXPLICIT_ITEM_CLASS_EXTENSION_E	1074	PROPERTY_BSU_E
4980	1283	EXPLICIT_ITEM_CLASS_EXTENSION_E	1073	PROPERTY_BSU_E
4981	1283	EXPLICIT_ITEM_CLASS_EXTENSION_E	1073	PROPERTY_BSU_E
4982	1283	EXPLICIT_ITEM_CLASS_EXTENSION_E	1059	PROPERTY_BSU_E
4983	1283	EXPLICIT_ITEM_CLASS_EXTENSION_E	1059	PROPERTY_BSU_E
4984	1283	EXPLICIT_ITEM_CLASS_EXTENSION_E	1060	PROPERTY_BSU_E
4985	1283	EXPLICIT_ITEM_CLASS_EXTENSION_E	1060	PROPERTY_BSU_E
4986	1283	EXPLICIT_ITEM_CLASS_EXTENSION_E	1053	PROPERTY_BSU_E
4987	1283	EXPLICIT_ITEM_CLASS_EXTENSION_E	1053	PROPERTY_BSU_E
4989	1284	EXPLICIT_ITEM_CLASS_EXTENSION_E	1054	PROPERTY_BSU_E
4990	1284	EXPLICIT_ITEM_CLASS_EXTENSION_E	1054	PROPERTY_BSU_E
4991	1284	EXPLICIT_ITEM_CLASS_EXTENSION_E	1057	PROPERTY_BSU_E
4992	1284	EXPLICIT_ITEM_CLASS_EXTENSION_E	1057	PROPERTY_BSU_E
4993	1284	EXPLICIT_ITEM_CLASS_EXTENSION_E	1056	PROPERTY_BSU_E
4994	1284	EXPLICIT_ITEM_CLASS_EXTENSION_E	1056	PROPERTY_BSU_E
4995	1284	EXPLICIT_ITEM_CLASS_EXTENSION_E	1061	PROPERTY_BSU_E
4996	1284	EXPLICIT_ITEM_CLASS_EXTENSION_E	1061	PROPERTY_BSU_E
4997	1284	EXPLICIT_ITEM_CLASS_EXTENSION_E	1058	PROPERTY_BSU_E
4998	1284	EXPLICIT_ITEM_CLASS_EXTENSION_E	1058	PROPERTY_BSU_E
4999	1284	EXPLICIT_ITEM_CLASS_EXTENSION_E	1064	PROPERTY_BSU_E
5000	1284	EXPLICIT_ITEM_CLASS_EXTENSION_E	1064	PROPERTY_BSU_E
5001	1284	EXPLICIT_ITEM_CLASS_EXTENSION_E	1062	PROPERTY_BSU_E
5002	1284	EXPLICIT_ITEM_CLASS_EXTENSION_E	1062	PROPERTY_BSU_E
5003	1284	EXPLICIT_ITEM_CLASS_EXTENSION_E	1063	PROPERTY_BSU_E
5004	1284	EXPLICIT_ITEM_CLASS_EXTENSION_E	1063	PROPERTY_BSU_E
5005	1284	EXPLICIT_ITEM_CLASS_EXTENSION_E	1067	PROPERTY_BSU_E
5006	1284	EXPLICIT_ITEM_CLASS_EXTENSION_E	1067	PROPERTY_BSU_E
5007	1284	EXPLICIT_ITEM_CLASS_EXTENSION_E	1065	PROPERTY_BSU_E
5008	1284	EXPLICIT_ITEM_CLASS_EXTENSION_E	1065	PROPERTY_BSU_E
5009	1284	EXPLICIT_ITEM_CLASS_EXTENSION_E	1055	PROPERTY_BSU_E
5010	1284	EXPLICIT_ITEM_CLASS_EXTENSION_E	1055	PROPERTY_BSU_E
5011	1284	EXPLICIT_ITEM_CLASS_EXTENSION_E	1069	PROPERTY_BSU_E
5012	1284	EXPLICIT_ITEM_CLASS_EXTENSION_E	1069	PROPERTY_BSU_E
5013	1284	EXPLICIT_ITEM_CLASS_EXTENSION_E	1068	PROPERTY_BSU_E
5014	1284	EXPLICIT_ITEM_CLASS_EXTENSION_E	1068	PROPERTY_BSU_E
5015	1284	EXPLICIT_ITEM_CLASS_EXTENSION_E	1066	PROPERTY_BSU_E
5016	1284	EXPLICIT_ITEM_CLASS_EXTENSION_E	1066	PROPERTY_BSU_E
5017	1284	EXPLICIT_ITEM_CLASS_EXTENSION_E	1071	PROPERTY_BSU_E
5018	1284	EXPLICIT_ITEM_CLASS_EXTENSION_E	1071	PROPERTY_BSU_E
5019	1284	EXPLICIT_ITEM_CLASS_EXTENSION_E	1070	PROPERTY_BSU_E
5020	1284	EXPLICIT_ITEM_CLASS_EXTENSION_E	1070	PROPERTY_BSU_E
5021	1284	EXPLICIT_ITEM_CLASS_EXTENSION_E	1072	PROPERTY_BSU_E
5022	1284	EXPLICIT_ITEM_CLASS_EXTENSION_E	1072	PROPERTY_BSU_E
5023	1284	EXPLICIT_ITEM_CLASS_EXTENSION_E	1075	PROPERTY_BSU_E
5024	1284	EXPLICIT_ITEM_CLASS_EXTENSION_E	1075	PROPERTY_BSU_E
5025	1284	EXPLICIT_ITEM_CLASS_EXTENSION_E	1074	PROPERTY_BSU_E
5026	1284	EXPLICIT_ITEM_CLASS_EXTENSION_E	1074	PROPERTY_BSU_E
5027	1284	EXPLICIT_ITEM_CLASS_EXTENSION_E	1073	PROPERTY_BSU_E
5028	1284	EXPLICIT_ITEM_CLASS_EXTENSION_E	1073	PROPERTY_BSU_E
5029	1284	EXPLICIT_ITEM_CLASS_EXTENSION_E	1059	PROPERTY_BSU_E
5030	1284	EXPLICIT_ITEM_CLASS_EXTENSION_E	1059	PROPERTY_BSU_E
5031	1284	EXPLICIT_ITEM_CLASS_EXTENSION_E	1060	PROPERTY_BSU_E
5032	1284	EXPLICIT_ITEM_CLASS_EXTENSION_E	1060	PROPERTY_BSU_E
5033	1284	EXPLICIT_ITEM_CLASS_EXTENSION_E	1053	PROPERTY_BSU_E
5034	1284	EXPLICIT_ITEM_CLASS_EXTENSION_E	1053	PROPERTY_BSU_E
5036	1285	EXPLICIT_ITEM_CLASS_EXTENSION_E	1054	PROPERTY_BSU_E
5037	1285	EXPLICIT_ITEM_CLASS_EXTENSION_E	1054	PROPERTY_BSU_E
5038	1285	EXPLICIT_ITEM_CLASS_EXTENSION_E	1057	PROPERTY_BSU_E
5039	1285	EXPLICIT_ITEM_CLASS_EXTENSION_E	1057	PROPERTY_BSU_E
5040	1285	EXPLICIT_ITEM_CLASS_EXTENSION_E	1056	PROPERTY_BSU_E
5041	1285	EXPLICIT_ITEM_CLASS_EXTENSION_E	1056	PROPERTY_BSU_E
5042	1285	EXPLICIT_ITEM_CLASS_EXTENSION_E	1061	PROPERTY_BSU_E
5043	1285	EXPLICIT_ITEM_CLASS_EXTENSION_E	1061	PROPERTY_BSU_E
5044	1285	EXPLICIT_ITEM_CLASS_EXTENSION_E	1058	PROPERTY_BSU_E
5045	1285	EXPLICIT_ITEM_CLASS_EXTENSION_E	1058	PROPERTY_BSU_E
5046	1285	EXPLICIT_ITEM_CLASS_EXTENSION_E	1064	PROPERTY_BSU_E
5047	1285	EXPLICIT_ITEM_CLASS_EXTENSION_E	1064	PROPERTY_BSU_E
5048	1285	EXPLICIT_ITEM_CLASS_EXTENSION_E	1062	PROPERTY_BSU_E
5049	1285	EXPLICIT_ITEM_CLASS_EXTENSION_E	1062	PROPERTY_BSU_E
5050	1285	EXPLICIT_ITEM_CLASS_EXTENSION_E	1063	PROPERTY_BSU_E
5051	1285	EXPLICIT_ITEM_CLASS_EXTENSION_E	1063	PROPERTY_BSU_E
5052	1285	EXPLICIT_ITEM_CLASS_EXTENSION_E	1067	PROPERTY_BSU_E
5053	1285	EXPLICIT_ITEM_CLASS_EXTENSION_E	1067	PROPERTY_BSU_E
5054	1285	EXPLICIT_ITEM_CLASS_EXTENSION_E	1065	PROPERTY_BSU_E
5055	1285	EXPLICIT_ITEM_CLASS_EXTENSION_E	1065	PROPERTY_BSU_E
5056	1285	EXPLICIT_ITEM_CLASS_EXTENSION_E	1055	PROPERTY_BSU_E
5057	1285	EXPLICIT_ITEM_CLASS_EXTENSION_E	1055	PROPERTY_BSU_E
5058	1285	EXPLICIT_ITEM_CLASS_EXTENSION_E	1069	PROPERTY_BSU_E
5059	1285	EXPLICIT_ITEM_CLASS_EXTENSION_E	1069	PROPERTY_BSU_E
5060	1285	EXPLICIT_ITEM_CLASS_EXTENSION_E	1068	PROPERTY_BSU_E
5061	1285	EXPLICIT_ITEM_CLASS_EXTENSION_E	1068	PROPERTY_BSU_E
5062	1285	EXPLICIT_ITEM_CLASS_EXTENSION_E	1053	PROPERTY_BSU_E
5063	1285	EXPLICIT_ITEM_CLASS_EXTENSION_E	1053	PROPERTY_BSU_E
5065	1286	EXPLICIT_ITEM_CLASS_EXTENSION_E	1054	PROPERTY_BSU_E
5066	1286	EXPLICIT_ITEM_CLASS_EXTENSION_E	1054	PROPERTY_BSU_E
5067	1286	EXPLICIT_ITEM_CLASS_EXTENSION_E	1057	PROPERTY_BSU_E
5068	1286	EXPLICIT_ITEM_CLASS_EXTENSION_E	1057	PROPERTY_BSU_E
5069	1286	EXPLICIT_ITEM_CLASS_EXTENSION_E	1056	PROPERTY_BSU_E
5070	1286	EXPLICIT_ITEM_CLASS_EXTENSION_E	1056	PROPERTY_BSU_E
5071	1286	EXPLICIT_ITEM_CLASS_EXTENSION_E	1061	PROPERTY_BSU_E
5072	1286	EXPLICIT_ITEM_CLASS_EXTENSION_E	1061	PROPERTY_BSU_E
5073	1286	EXPLICIT_ITEM_CLASS_EXTENSION_E	1058	PROPERTY_BSU_E
5074	1286	EXPLICIT_ITEM_CLASS_EXTENSION_E	1058	PROPERTY_BSU_E
5075	1286	EXPLICIT_ITEM_CLASS_EXTENSION_E	1064	PROPERTY_BSU_E
5076	1286	EXPLICIT_ITEM_CLASS_EXTENSION_E	1064	PROPERTY_BSU_E
5077	1286	EXPLICIT_ITEM_CLASS_EXTENSION_E	1062	PROPERTY_BSU_E
5078	1286	EXPLICIT_ITEM_CLASS_EXTENSION_E	1062	PROPERTY_BSU_E
5079	1286	EXPLICIT_ITEM_CLASS_EXTENSION_E	1063	PROPERTY_BSU_E
5080	1286	EXPLICIT_ITEM_CLASS_EXTENSION_E	1063	PROPERTY_BSU_E
5081	1286	EXPLICIT_ITEM_CLASS_EXTENSION_E	1067	PROPERTY_BSU_E
5082	1286	EXPLICIT_ITEM_CLASS_EXTENSION_E	1067	PROPERTY_BSU_E
5083	1286	EXPLICIT_ITEM_CLASS_EXTENSION_E	1065	PROPERTY_BSU_E
5084	1286	EXPLICIT_ITEM_CLASS_EXTENSION_E	1065	PROPERTY_BSU_E
5085	1286	EXPLICIT_ITEM_CLASS_EXTENSION_E	1055	PROPERTY_BSU_E
5086	1286	EXPLICIT_ITEM_CLASS_EXTENSION_E	1055	PROPERTY_BSU_E
5087	1286	EXPLICIT_ITEM_CLASS_EXTENSION_E	1069	PROPERTY_BSU_E
5088	1286	EXPLICIT_ITEM_CLASS_EXTENSION_E	1069	PROPERTY_BSU_E
5089	1286	EXPLICIT_ITEM_CLASS_EXTENSION_E	1068	PROPERTY_BSU_E
5090	1286	EXPLICIT_ITEM_CLASS_EXTENSION_E	1068	PROPERTY_BSU_E
5091	1286	EXPLICIT_ITEM_CLASS_EXTENSION_E	1053	PROPERTY_BSU_E
5092	1286	EXPLICIT_ITEM_CLASS_EXTENSION_E	1053	PROPERTY_BSU_E
5094	1287	EXPLICIT_ITEM_CLASS_EXTENSION_E	1054	PROPERTY_BSU_E
5095	1287	EXPLICIT_ITEM_CLASS_EXTENSION_E	1054	PROPERTY_BSU_E
5096	1287	EXPLICIT_ITEM_CLASS_EXTENSION_E	1057	PROPERTY_BSU_E
5097	1287	EXPLICIT_ITEM_CLASS_EXTENSION_E	1057	PROPERTY_BSU_E
5098	1287	EXPLICIT_ITEM_CLASS_EXTENSION_E	1056	PROPERTY_BSU_E
5099	1287	EXPLICIT_ITEM_CLASS_EXTENSION_E	1056	PROPERTY_BSU_E
5100	1287	EXPLICIT_ITEM_CLASS_EXTENSION_E	1061	PROPERTY_BSU_E
5101	1287	EXPLICIT_ITEM_CLASS_EXTENSION_E	1061	PROPERTY_BSU_E
5102	1287	EXPLICIT_ITEM_CLASS_EXTENSION_E	1058	PROPERTY_BSU_E
5103	1287	EXPLICIT_ITEM_CLASS_EXTENSION_E	1058	PROPERTY_BSU_E
5104	1287	EXPLICIT_ITEM_CLASS_EXTENSION_E	1064	PROPERTY_BSU_E
5105	1287	EXPLICIT_ITEM_CLASS_EXTENSION_E	1064	PROPERTY_BSU_E
5106	1287	EXPLICIT_ITEM_CLASS_EXTENSION_E	1062	PROPERTY_BSU_E
5107	1287	EXPLICIT_ITEM_CLASS_EXTENSION_E	1062	PROPERTY_BSU_E
5108	1287	EXPLICIT_ITEM_CLASS_EXTENSION_E	1063	PROPERTY_BSU_E
5109	1287	EXPLICIT_ITEM_CLASS_EXTENSION_E	1063	PROPERTY_BSU_E
5110	1287	EXPLICIT_ITEM_CLASS_EXTENSION_E	1067	PROPERTY_BSU_E
5111	1287	EXPLICIT_ITEM_CLASS_EXTENSION_E	1067	PROPERTY_BSU_E
5112	1287	EXPLICIT_ITEM_CLASS_EXTENSION_E	1065	PROPERTY_BSU_E
5113	1287	EXPLICIT_ITEM_CLASS_EXTENSION_E	1065	PROPERTY_BSU_E
5114	1287	EXPLICIT_ITEM_CLASS_EXTENSION_E	1055	PROPERTY_BSU_E
5115	1287	EXPLICIT_ITEM_CLASS_EXTENSION_E	1055	PROPERTY_BSU_E
5116	1287	EXPLICIT_ITEM_CLASS_EXTENSION_E	1069	PROPERTY_BSU_E
5117	1287	EXPLICIT_ITEM_CLASS_EXTENSION_E	1069	PROPERTY_BSU_E
5118	1287	EXPLICIT_ITEM_CLASS_EXTENSION_E	1068	PROPERTY_BSU_E
5119	1287	EXPLICIT_ITEM_CLASS_EXTENSION_E	1068	PROPERTY_BSU_E
5120	1287	EXPLICIT_ITEM_CLASS_EXTENSION_E	1053	PROPERTY_BSU_E
5121	1287	EXPLICIT_ITEM_CLASS_EXTENSION_E	1053	PROPERTY_BSU_E
5123	1288	EXPLICIT_ITEM_CLASS_EXTENSION_E	1054	PROPERTY_BSU_E
5124	1288	EXPLICIT_ITEM_CLASS_EXTENSION_E	1054	PROPERTY_BSU_E
5125	1288	EXPLICIT_ITEM_CLASS_EXTENSION_E	1057	PROPERTY_BSU_E
5126	1288	EXPLICIT_ITEM_CLASS_EXTENSION_E	1057	PROPERTY_BSU_E
5127	1288	EXPLICIT_ITEM_CLASS_EXTENSION_E	1056	PROPERTY_BSU_E
5128	1288	EXPLICIT_ITEM_CLASS_EXTENSION_E	1056	PROPERTY_BSU_E
5129	1288	EXPLICIT_ITEM_CLASS_EXTENSION_E	1061	PROPERTY_BSU_E
5130	1288	EXPLICIT_ITEM_CLASS_EXTENSION_E	1061	PROPERTY_BSU_E
5131	1288	EXPLICIT_ITEM_CLASS_EXTENSION_E	1058	PROPERTY_BSU_E
5132	1288	EXPLICIT_ITEM_CLASS_EXTENSION_E	1058	PROPERTY_BSU_E
5133	1288	EXPLICIT_ITEM_CLASS_EXTENSION_E	1064	PROPERTY_BSU_E
5134	1288	EXPLICIT_ITEM_CLASS_EXTENSION_E	1064	PROPERTY_BSU_E
5135	1288	EXPLICIT_ITEM_CLASS_EXTENSION_E	1062	PROPERTY_BSU_E
5136	1288	EXPLICIT_ITEM_CLASS_EXTENSION_E	1062	PROPERTY_BSU_E
5137	1288	EXPLICIT_ITEM_CLASS_EXTENSION_E	1063	PROPERTY_BSU_E
5138	1288	EXPLICIT_ITEM_CLASS_EXTENSION_E	1063	PROPERTY_BSU_E
5139	1288	EXPLICIT_ITEM_CLASS_EXTENSION_E	1067	PROPERTY_BSU_E
5140	1288	EXPLICIT_ITEM_CLASS_EXTENSION_E	1067	PROPERTY_BSU_E
5141	1288	EXPLICIT_ITEM_CLASS_EXTENSION_E	1065	PROPERTY_BSU_E
5142	1288	EXPLICIT_ITEM_CLASS_EXTENSION_E	1065	PROPERTY_BSU_E
5143	1288	EXPLICIT_ITEM_CLASS_EXTENSION_E	1055	PROPERTY_BSU_E
5144	1288	EXPLICIT_ITEM_CLASS_EXTENSION_E	1055	PROPERTY_BSU_E
5145	1288	EXPLICIT_ITEM_CLASS_EXTENSION_E	1069	PROPERTY_BSU_E
5146	1288	EXPLICIT_ITEM_CLASS_EXTENSION_E	1069	PROPERTY_BSU_E
5147	1288	EXPLICIT_ITEM_CLASS_EXTENSION_E	1068	PROPERTY_BSU_E
5148	1288	EXPLICIT_ITEM_CLASS_EXTENSION_E	1068	PROPERTY_BSU_E
5149	1288	EXPLICIT_ITEM_CLASS_EXTENSION_E	1053	PROPERTY_BSU_E
5150	1288	EXPLICIT_ITEM_CLASS_EXTENSION_E	1053	PROPERTY_BSU_E
5152	1289	EXPLICIT_ITEM_CLASS_EXTENSION_E	1054	PROPERTY_BSU_E
5153	1289	EXPLICIT_ITEM_CLASS_EXTENSION_E	1054	PROPERTY_BSU_E
5154	1289	EXPLICIT_ITEM_CLASS_EXTENSION_E	1057	PROPERTY_BSU_E
5155	1289	EXPLICIT_ITEM_CLASS_EXTENSION_E	1057	PROPERTY_BSU_E
5156	1289	EXPLICIT_ITEM_CLASS_EXTENSION_E	1056	PROPERTY_BSU_E
5157	1289	EXPLICIT_ITEM_CLASS_EXTENSION_E	1056	PROPERTY_BSU_E
5158	1289	EXPLICIT_ITEM_CLASS_EXTENSION_E	1061	PROPERTY_BSU_E
5159	1289	EXPLICIT_ITEM_CLASS_EXTENSION_E	1061	PROPERTY_BSU_E
5160	1289	EXPLICIT_ITEM_CLASS_EXTENSION_E	1058	PROPERTY_BSU_E
5161	1289	EXPLICIT_ITEM_CLASS_EXTENSION_E	1058	PROPERTY_BSU_E
5162	1289	EXPLICIT_ITEM_CLASS_EXTENSION_E	1064	PROPERTY_BSU_E
5163	1289	EXPLICIT_ITEM_CLASS_EXTENSION_E	1064	PROPERTY_BSU_E
5164	1289	EXPLICIT_ITEM_CLASS_EXTENSION_E	1062	PROPERTY_BSU_E
5165	1289	EXPLICIT_ITEM_CLASS_EXTENSION_E	1062	PROPERTY_BSU_E
5166	1289	EXPLICIT_ITEM_CLASS_EXTENSION_E	1063	PROPERTY_BSU_E
5167	1289	EXPLICIT_ITEM_CLASS_EXTENSION_E	1063	PROPERTY_BSU_E
5168	1289	EXPLICIT_ITEM_CLASS_EXTENSION_E	1067	PROPERTY_BSU_E
5169	1289	EXPLICIT_ITEM_CLASS_EXTENSION_E	1067	PROPERTY_BSU_E
5170	1289	EXPLICIT_ITEM_CLASS_EXTENSION_E	1065	PROPERTY_BSU_E
5171	1289	EXPLICIT_ITEM_CLASS_EXTENSION_E	1065	PROPERTY_BSU_E
5172	1289	EXPLICIT_ITEM_CLASS_EXTENSION_E	1055	PROPERTY_BSU_E
5173	1289	EXPLICIT_ITEM_CLASS_EXTENSION_E	1055	PROPERTY_BSU_E
5174	1289	EXPLICIT_ITEM_CLASS_EXTENSION_E	1069	PROPERTY_BSU_E
5175	1289	EXPLICIT_ITEM_CLASS_EXTENSION_E	1069	PROPERTY_BSU_E
5176	1289	EXPLICIT_ITEM_CLASS_EXTENSION_E	1068	PROPERTY_BSU_E
5177	1289	EXPLICIT_ITEM_CLASS_EXTENSION_E	1068	PROPERTY_BSU_E
5178	1289	EXPLICIT_ITEM_CLASS_EXTENSION_E	1066	PROPERTY_BSU_E
5179	1289	EXPLICIT_ITEM_CLASS_EXTENSION_E	1066	PROPERTY_BSU_E
5180	1289	EXPLICIT_ITEM_CLASS_EXTENSION_E	1071	PROPERTY_BSU_E
5181	1289	EXPLICIT_ITEM_CLASS_EXTENSION_E	1071	PROPERTY_BSU_E
5182	1289	EXPLICIT_ITEM_CLASS_EXTENSION_E	1070	PROPERTY_BSU_E
5183	1289	EXPLICIT_ITEM_CLASS_EXTENSION_E	1070	PROPERTY_BSU_E
5184	1289	EXPLICIT_ITEM_CLASS_EXTENSION_E	1072	PROPERTY_BSU_E
5185	1289	EXPLICIT_ITEM_CLASS_EXTENSION_E	1072	PROPERTY_BSU_E
5186	1289	EXPLICIT_ITEM_CLASS_EXTENSION_E	1075	PROPERTY_BSU_E
5187	1289	EXPLICIT_ITEM_CLASS_EXTENSION_E	1075	PROPERTY_BSU_E
5188	1289	EXPLICIT_ITEM_CLASS_EXTENSION_E	1074	PROPERTY_BSU_E
5189	1289	EXPLICIT_ITEM_CLASS_EXTENSION_E	1074	PROPERTY_BSU_E
5190	1289	EXPLICIT_ITEM_CLASS_EXTENSION_E	1073	PROPERTY_BSU_E
5191	1289	EXPLICIT_ITEM_CLASS_EXTENSION_E	1073	PROPERTY_BSU_E
5192	1289	EXPLICIT_ITEM_CLASS_EXTENSION_E	1059	PROPERTY_BSU_E
5193	1289	EXPLICIT_ITEM_CLASS_EXTENSION_E	1059	PROPERTY_BSU_E
5194	1289	EXPLICIT_ITEM_CLASS_EXTENSION_E	1060	PROPERTY_BSU_E
5195	1289	EXPLICIT_ITEM_CLASS_EXTENSION_E	1060	PROPERTY_BSU_E
5196	1289	EXPLICIT_ITEM_CLASS_EXTENSION_E	1053	PROPERTY_BSU_E
5197	1289	EXPLICIT_ITEM_CLASS_EXTENSION_E	1053	PROPERTY_BSU_E
5414	1444	EXPLICIT_MODEL_CLASS_EXTENSION_E	1057	PROPERTY_BSU_E
5745	1444	EXPLICIT_MODEL_CLASS_EXTENSION_E	1663	PROPERTY_BSU_E
5746	1444	EXPLICIT_MODEL_CLASS_EXTENSION_E	1667	PROPERTY_BSU_E
5747	1444	EXPLICIT_MODEL_CLASS_EXTENSION_E	1671	PROPERTY_BSU_E
5748	1444	EXPLICIT_MODEL_CLASS_EXTENSION_E	1675	PROPERTY_BSU_E
5751	1444	EXPLICIT_MODEL_CLASS_EXTENSION_E	1687	PROPERTY_BSU_E
5752	1444	EXPLICIT_MODEL_CLASS_EXTENSION_E	1056	PROPERTY_BSU_E
5753	1444	EXPLICIT_MODEL_CLASS_EXTENSION_E	1054	PROPERTY_BSU_E
5754	1444	EXPLICIT_MODEL_CLASS_EXTENSION_E	1053	PROPERTY_BSU_E
5755	1444	EXPLICIT_MODEL_CLASS_EXTENSION_E	1635	PROPERTY_BSU_E
5759	1444	EXPLICIT_MODEL_CLASS_EXTENSION_E	1699	PROPERTY_BSU_E
5760	1444	EXPLICIT_MODEL_CLASS_EXTENSION_E	1691	PROPERTY_BSU_E
5768	1705	EXPLICIT_MODEL_CLASS_EXTENSION_E	1663	PROPERTY_BSU_E
5769	1705	EXPLICIT_MODEL_CLASS_EXTENSION_E	1667	PROPERTY_BSU_E
5770	1705	EXPLICIT_MODEL_CLASS_EXTENSION_E	1671	PROPERTY_BSU_E
5771	1705	EXPLICIT_MODEL_CLASS_EXTENSION_E	1675	PROPERTY_BSU_E
5772	1705	EXPLICIT_MODEL_CLASS_EXTENSION_E	1679	PROPERTY_BSU_E
5773	1705	EXPLICIT_MODEL_CLASS_EXTENSION_E	1057	PROPERTY_BSU_E
5774	1705	EXPLICIT_MODEL_CLASS_EXTENSION_E	1054	PROPERTY_BSU_E
5775	1705	EXPLICIT_MODEL_CLASS_EXTENSION_E	1056	PROPERTY_BSU_E
5776	1705	EXPLICIT_MODEL_CLASS_EXTENSION_E	1695	PROPERTY_BSU_E
5777	1705	EXPLICIT_MODEL_CLASS_EXTENSION_E	1691	PROPERTY_BSU_E
5783	1705	EXPLICIT_MODEL_CLASS_EXTENSION_E	1707	PROPERTY_BSU_E
\.


--
-- Data for Name: explicit_model_class_extension_2_population; Type: TABLE DATA; Schema: public; Owner: postgres
--

COPY explicit_model_class_extension_2_population (rid, rid_s, tablename_s, rid_d, tablename_d) FROM stdin;
\.


--
-- Data for Name: explicit_model_class_extension_e; Type: TABLE DATA; Schema: public; Owner: postgres
--

COPY explicit_model_class_extension_e (rid, dictionary_definition, rid_bsu, tablename_bsu, properties, referenced_external_items, used_protocols, referenced_view_exchange_protocol, content_version, content_revision, recommended_presentation, classification, instance_identification, population, table_like) FROM stdin;
\.


--
-- Data for Name: external_content_2_consists_of; Type: TABLE DATA; Schema: public; Owner: postgres
--

COPY external_content_2_consists_of (rid, rid_s, tablename_s, rid_d, tablename_d) FROM stdin;
5275	1351	EXTERNAL_CONTENT_E	1354	LANGUAGE_SPECIFIC_CONTENT_E
5290	1362	EXTERNAL_CONTENT_E	1365	LANGUAGE_SPECIFIC_CONTENT_E
5308	1389	EXTERNAL_CONTENT_E	1392	LANGUAGE_SPECIFIC_CONTENT_E
5324	1400	EXTERNAL_CONTENT_E	1403	LANGUAGE_SPECIFIC_CONTENT_E
5338	1411	EXTERNAL_CONTENT_E	1414	LANGUAGE_SPECIFIC_CONTENT_E
5353	1421	EXTERNAL_CONTENT_E	1424	LANGUAGE_SPECIFIC_CONTENT_E
5367	1432	EXTERNAL_CONTENT_E	1435	LANGUAGE_SPECIFIC_CONTENT_E
5433	1453	EXTERNAL_CONTENT_E	1456	LANGUAGE_SPECIFIC_CONTENT_E
5472	1483	EXTERNAL_CONTENT_E	1486	LANGUAGE_SPECIFIC_CONTENT_E
5497	1499	EXTERNAL_CONTENT_E	1502	LANGUAGE_SPECIFIC_CONTENT_E
5534	1538	EXTERNAL_CONTENT_E	1541	LANGUAGE_SPECIFIC_CONTENT_E
5588	1573	EXTERNAL_CONTENT_E	1576	LANGUAGE_SPECIFIC_CONTENT_E
5792	1712	EXTERNAL_CONTENT_E	1718	LANGUAGE_SPECIFIC_CONTENT_E
5820	1750	EXTERNAL_CONTENT_E	1755	LANGUAGE_SPECIFIC_CONTENT_E
5828	1757	EXTERNAL_CONTENT_E	1762	LANGUAGE_SPECIFIC_CONTENT_E
5842	1769	EXTERNAL_CONTENT_E	1775	LANGUAGE_SPECIFIC_CONTENT_E
5859	1783	EXTERNAL_CONTENT_E	1788	LANGUAGE_SPECIFIC_CONTENT_E
\.


--
-- Data for Name: external_content_e; Type: TABLE DATA; Schema: public; Owner: postgres
--

COPY external_content_e (rid, consists_of) FROM stdin;
\.


--
-- Data for Name: external_file_address_t; Type: TABLE DATA; Schema: public; Owner: postgres
--

COPY external_file_address_t (rid, value) FROM stdin;
\.


--
-- Data for Name: external_file_protocol_2_base_protocol; Type: TABLE DATA; Schema: public; Owner: postgres
--

COPY external_file_protocol_2_base_protocol (rid, rid_s, tablename_s, rid_d, tablename_d) FROM stdin;
\.


--
-- Data for Name: external_file_protocol_2_designation; Type: TABLE DATA; Schema: public; Owner: postgres
--

COPY external_file_protocol_2_designation (rid, rid_s, tablename_s, rid_d, tablename_d) FROM stdin;
5786	1713	HTTP_PROTOCOL_E	1715	ITEM_NAMES_E
5795	1721	HTTP_PROTOCOL_E	1723	ITEM_NAMES_E
5799	1727	HTTP_PROTOCOL_E	1729	ITEM_NAMES_E
5803	1733	HTTP_PROTOCOL_E	1735	ITEM_NAMES_E
5807	1739	HTTP_PROTOCOL_E	1741	ITEM_NAMES_E
5811	1745	HTTP_PROTOCOL_E	1747	ITEM_NAMES_E
5815	1751	HTTP_PROTOCOL_E	1753	ITEM_NAMES_E
5823	1758	HTTP_PROTOCOL_E	1760	ITEM_NAMES_E
5834	1770	HTTP_PROTOCOL_E	1772	ITEM_NAMES_E
5852	1784	HTTP_PROTOCOL_E	1786	ITEM_NAMES_E
\.


--
-- Data for Name: external_file_protocol_2_organisation; Type: TABLE DATA; Schema: public; Owner: postgres
--

COPY external_file_protocol_2_organisation (rid, rid_s, tablename_s, rid_d, tablename_d) FROM stdin;
5785	1713	HTTP_PROTOCOL_E	1714	ORGANIZATION_E
5794	1721	HTTP_PROTOCOL_E	1722	ORGANIZATION_E
5798	1727	HTTP_PROTOCOL_E	1728	ORGANIZATION_E
5802	1733	HTTP_PROTOCOL_E	1734	ORGANIZATION_E
5806	1739	HTTP_PROTOCOL_E	1740	ORGANIZATION_E
5810	1745	HTTP_PROTOCOL_E	1746	ORGANIZATION_E
5814	1751	HTTP_PROTOCOL_E	1752	ORGANIZATION_E
5822	1758	HTTP_PROTOCOL_E	1759	ORGANIZATION_E
5833	1770	HTTP_PROTOCOL_E	1771	ORGANIZATION_E
5851	1784	HTTP_PROTOCOL_E	1785	ORGANIZATION_E
\.


--
-- Data for Name: external_file_protocol_e; Type: TABLE DATA; Schema: public; Owner: postgres
--

COPY external_file_protocol_e (rid, organisation, country, protocol_name, protocol_version, level, designation, base_protocol) FROM stdin;
\.


--
-- Data for Name: external_file_unit_e; Type: TABLE DATA; Schema: public; Owner: postgres
--

COPY external_file_unit_e (rid, file, content_encoding) FROM stdin;
\.


--
-- Data for Name: external_item_2_content; Type: TABLE DATA; Schema: public; Owner: postgres
--

COPY external_item_2_content (rid, rid_s, tablename_s, rid_d, tablename_d) FROM stdin;
5272	1349	DOCUMENT_CONTENT_E	1351	NOT_TRANSLATABLE_EXTERNAL_CONTENT_E
5288	1360	DOCUMENT_CONTENT_E	1362	NOT_TRANSLATABLE_EXTERNAL_CONTENT_E
5305	1387	DOCUMENT_CONTENT_E	1389	NOT_TRANSLATABLE_EXTERNAL_CONTENT_E
5321	1398	DOCUMENT_CONTENT_E	1400	NOT_TRANSLATABLE_EXTERNAL_CONTENT_E
5336	1409	DOCUMENT_CONTENT_E	1411	NOT_TRANSLATABLE_EXTERNAL_CONTENT_E
5350	1419	DOCUMENT_CONTENT_E	1421	NOT_TRANSLATABLE_EXTERNAL_CONTENT_E
5365	1430	DOCUMENT_CONTENT_E	1432	NOT_TRANSLATABLE_EXTERNAL_CONTENT_E
5430	1451	DOCUMENT_CONTENT_E	1453	NOT_TRANSLATABLE_EXTERNAL_CONTENT_E
5470	1481	DOCUMENT_CONTENT_E	1483	NOT_TRANSLATABLE_EXTERNAL_CONTENT_E
5494	1497	DOCUMENT_CONTENT_E	1499	NOT_TRANSLATABLE_EXTERNAL_CONTENT_E
5531	1536	DOCUMENT_CONTENT_E	1538	NOT_TRANSLATABLE_EXTERNAL_CONTENT_E
5585	1571	DOCUMENT_CONTENT_E	1573	NOT_TRANSLATABLE_EXTERNAL_CONTENT_E
5784	1711	PROPERTY_VALUE_EXTERNAL_ITEM_E	1712	NOT_TRANSLATED_EXTERNAL_CONTENT_E
5793	1719	PROPERTY_VALUE_EXTERNAL_ITEM_E	1720	NOT_TRANSLATED_EXTERNAL_CONTENT_E
5797	1725	PROPERTY_VALUE_EXTERNAL_ITEM_E	1726	NOT_TRANSLATED_EXTERNAL_CONTENT_E
5801	1731	PROPERTY_VALUE_EXTERNAL_ITEM_E	1732	NOT_TRANSLATED_EXTERNAL_CONTENT_E
5805	1737	PROPERTY_VALUE_EXTERNAL_ITEM_E	1738	NOT_TRANSLATED_EXTERNAL_CONTENT_E
5809	1743	PROPERTY_VALUE_EXTERNAL_ITEM_E	1744	NOT_TRANSLATED_EXTERNAL_CONTENT_E
5813	1749	PROPERTY_VALUE_EXTERNAL_ITEM_E	1750	NOT_TRANSLATED_EXTERNAL_CONTENT_E
5821	1756	PROPERTY_VALUE_EXTERNAL_ITEM_E	1757	NOT_TRANSLATED_EXTERNAL_CONTENT_E
5832	1768	DOCUMENT_CONTENT_E	1769	NOT_TRANSLATED_EXTERNAL_CONTENT_E
5850	1782	DOCUMENT_CONTENT_E	1783	NOT_TRANSLATED_EXTERNAL_CONTENT_E
\.


--
-- Data for Name: external_item_2_used_protocol; Type: TABLE DATA; Schema: public; Owner: postgres
--

COPY external_item_2_used_protocol (rid, rid_s, tablename_s, rid_d, tablename_d) FROM stdin;
5271	1349	DOCUMENT_CONTENT_E	1350	HTTP_PROTOCOL_E
5287	1360	DOCUMENT_CONTENT_E	1361	HTTP_PROTOCOL_E
5304	1387	DOCUMENT_CONTENT_E	1388	HTTP_PROTOCOL_E
5320	1398	DOCUMENT_CONTENT_E	1399	HTTP_PROTOCOL_E
5335	1409	DOCUMENT_CONTENT_E	1410	HTTP_PROTOCOL_E
5349	1419	DOCUMENT_CONTENT_E	1420	HTTP_PROTOCOL_E
5364	1430	DOCUMENT_CONTENT_E	1431	HTTP_PROTOCOL_E
5429	1451	DOCUMENT_CONTENT_E	1452	HTTP_PROTOCOL_E
5469	1481	DOCUMENT_CONTENT_E	1482	HTTP_PROTOCOL_E
5493	1497	DOCUMENT_CONTENT_E	1498	HTTP_PROTOCOL_E
5530	1536	DOCUMENT_CONTENT_E	1537	HTTP_PROTOCOL_E
5584	1571	DOCUMENT_CONTENT_E	1572	HTTP_PROTOCOL_E
5787	1711	PROPERTY_VALUE_EXTERNAL_ITEM_E	1713	HTTP_PROTOCOL_E
5796	1719	PROPERTY_VALUE_EXTERNAL_ITEM_E	1721	HTTP_PROTOCOL_E
5800	1725	PROPERTY_VALUE_EXTERNAL_ITEM_E	1727	HTTP_PROTOCOL_E
5804	1731	PROPERTY_VALUE_EXTERNAL_ITEM_E	1733	HTTP_PROTOCOL_E
5808	1737	PROPERTY_VALUE_EXTERNAL_ITEM_E	1739	HTTP_PROTOCOL_E
5812	1743	PROPERTY_VALUE_EXTERNAL_ITEM_E	1745	HTTP_PROTOCOL_E
5816	1749	PROPERTY_VALUE_EXTERNAL_ITEM_E	1751	HTTP_PROTOCOL_E
5824	1756	PROPERTY_VALUE_EXTERNAL_ITEM_E	1758	HTTP_PROTOCOL_E
\.


--
-- Data for Name: external_item_code_type_t; Type: TABLE DATA; Schema: public; Owner: postgres
--

COPY external_item_code_type_t (rid, value) FROM stdin;
\.


--
-- Data for Name: external_item_e; Type: TABLE DATA; Schema: public; Owner: postgres
--

COPY external_item_e (rid, used_protocol, content, rid_bsu, tablename_bsu) FROM stdin;
\.


--
-- Data for Name: feature_class_case_of_e; Type: TABLE DATA; Schema: public; Owner: postgres
--

COPY feature_class_case_of_e (rid, identified_by, time_stamps, revision, rid_bsu, tablename_bsu, names, definition, source_doc_of_definition, note, remark, its_superclass, described_by, defined_types, simplified_drawing, sub_class_properties, class_constant_values, coded_name, referenced_classes, referenced_properties, referenced_data_types, referenced_tables, referenced_documents, is_case_of, imported_properties, imported_types, imported_tables, imported_documents) FROM stdin;
\.


--
-- Data for Name: feature_class_e; Type: TABLE DATA; Schema: public; Owner: postgres
--

COPY feature_class_e (rid, identified_by, time_stamps, revision, rid_bsu, tablename_bsu, names, definition, source_doc_of_definition, note, remark, its_superclass, described_by, defined_types, simplified_drawing, sub_class_properties, class_constant_values, coded_name) FROM stdin;
\.


--
-- Data for Name: fm_class_view_of_2_imported_documents_from_item; Type: TABLE DATA; Schema: public; Owner: postgres
--

COPY fm_class_view_of_2_imported_documents_from_item (rid, rid_s, tablename_s, rid_d, tablename_d) FROM stdin;
\.


--
-- Data for Name: fm_class_view_of_2_imported_properties_from_item; Type: TABLE DATA; Schema: public; Owner: postgres
--

COPY fm_class_view_of_2_imported_properties_from_item (rid, rid_s, tablename_s, rid_d, tablename_d) FROM stdin;
\.


--
-- Data for Name: fm_class_view_of_2_imported_tables_from_item; Type: TABLE DATA; Schema: public; Owner: postgres
--

COPY fm_class_view_of_2_imported_tables_from_item (rid, rid_s, tablename_s, rid_d, tablename_d) FROM stdin;
\.


--
-- Data for Name: fm_class_view_of_2_imported_types_from_item; Type: TABLE DATA; Schema: public; Owner: postgres
--

COPY fm_class_view_of_2_imported_types_from_item (rid, rid_s, tablename_s, rid_d, tablename_d) FROM stdin;
\.


--
-- Data for Name: fm_class_view_of_2_view_of; Type: TABLE DATA; Schema: public; Owner: postgres
--

COPY fm_class_view_of_2_view_of (rid, rid_s, tablename_s, rid_d, tablename_d) FROM stdin;
\.


--
-- Data for Name: fm_class_view_of_e; Type: TABLE DATA; Schema: public; Owner: postgres
--

COPY fm_class_view_of_e (rid, identified_by, time_stamps, revision, rid_bsu, tablename_bsu, names, definition, source_doc_of_definition, note, remark, its_superclass, described_by, defined_types, referenced_classes, referenced_properties, referenced_data_types, referenced_tables, referenced_documents, created_view, v_c_v_range, imported_properties_from_view, imported_types_from_view, imported_tables_from_view, imported_documents_from_view, case_of, imported_properties_from_models, imported_types_from_models, imported_tables_from_models, imported_documents_from_models, view_of, imported_properties_from_item, imported_types_from_item, imported_tables_from_item, imported_documents_from_item) FROM stdin;
\.


--
-- Data for Name: functional_model_class_e; Type: TABLE DATA; Schema: public; Owner: postgres
--

COPY functional_model_class_e (rid, identified_by, time_stamps, revision, rid_bsu, tablename_bsu, names, definition, source_doc_of_definition, note, remark, its_superclass, described_by, defined_types, referenced_classes, referenced_properties, referenced_data_types, referenced_tables, referenced_documents, created_view, v_c_v_range, imported_properties_from_view, imported_types_from_view, imported_tables_from_view, imported_documents_from_view, case_of, imported_properties_from_models, imported_types_from_models, imported_tables_from_models, imported_documents_from_models) FROM stdin;
\.


--
-- Data for Name: functional_view_class_2_view_control_variables; Type: TABLE DATA; Schema: public; Owner: postgres
--

COPY functional_view_class_2_view_control_variables (rid, rid_s, tablename_s, rid_d, tablename_d) FROM stdin;
\.


--
-- Data for Name: functional_view_class_2_view_properties; Type: TABLE DATA; Schema: public; Owner: postgres
--

COPY functional_view_class_2_view_properties (rid, rid_s, tablename_s, rid_d, tablename_d) FROM stdin;
\.


--
-- Data for Name: functional_view_class_e; Type: TABLE DATA; Schema: public; Owner: postgres
--

COPY functional_view_class_e (rid, identified_by, time_stamps, revision, rid_bsu, tablename_bsu, names, definition, source_doc_of_definition, note, remark, its_superclass, described_by, defined_types, representation_type, view_control_variables, view_properties) FROM stdin;
\.


--
-- Data for Name: geometric_representation_context_e; Type: TABLE DATA; Schema: public; Owner: postgres
--

COPY geometric_representation_context_e (rid, context_identifier, context_type, coordinate_space_dimension) FROM stdin;
\.


--
-- Data for Name: geometric_representation_context_type_e; Type: TABLE DATA; Schema: public; Owner: postgres
--

COPY geometric_representation_context_type_e (rid, type_name) FROM stdin;
\.


--
-- Data for Name: geometric_representation_item_e; Type: TABLE DATA; Schema: public; Owner: postgres
--

COPY geometric_representation_item_e (rid, name) FROM stdin;
\.


--
-- Data for Name: global_language_assignment_e; Type: TABLE DATA; Schema: public; Owner: postgres
--

COPY global_language_assignment_e (rid, language) FROM stdin;
\.


--
-- Data for Name: global_unit_assigned_context_2_units; Type: TABLE DATA; Schema: public; Owner: postgres
--

COPY global_unit_assigned_context_2_units (rid, rid_s, tablename_s, rid_d, tablename_d) FROM stdin;
\.


--
-- Data for Name: global_unit_assigned_context_e; Type: TABLE DATA; Schema: public; Owner: postgres
--

COPY global_unit_assigned_context_e (rid, context_identifier, context_type, units) FROM stdin;
\.


--
-- Data for Name: graphics_e; Type: TABLE DATA; Schema: public; Owner: postgres
--

COPY graphics_e (rid) FROM stdin;
\.


--
-- Data for Name: hour_in_day_t; Type: TABLE DATA; Schema: public; Owner: postgres
--

COPY hour_in_day_t (rid, value) FROM stdin;
\.


--
-- Data for Name: http_class_directory_2_class; Type: TABLE DATA; Schema: public; Owner: postgres
--

COPY http_class_directory_2_class (rid, rid_s, tablename_s, rid_d, tablename_d) FROM stdin;
5273	1356	HTTP_CLASS_DIRECTORY_E	1051	CLASS_BSU_E
5306	1394	HTTP_CLASS_DIRECTORY_E	1021	CLASS_BSU_E
5322	1405	HTTP_CLASS_DIRECTORY_E	1038	CLASS_BSU_E
5351	1426	HTTP_CLASS_DIRECTORY_E	1044	CLASS_BSU_E
5431	1458	HTTP_CLASS_DIRECTORY_E	1446	CLASS_BSU_E
5495	1504	HTTP_CLASS_DIRECTORY_E	1047	CLASS_BSU_E
5532	1543	HTTP_CLASS_DIRECTORY_E	1022	CLASS_BSU_E
5586	1578	HTTP_CLASS_DIRECTORY_E	1566	CLASS_BSU_E
5788	1717	HTTP_CLASS_DIRECTORY_E	1703	CLASS_BSU_E
\.


--
-- Data for Name: http_class_directory_e; Type: TABLE DATA; Schema: public; Owner: postgres
--

COPY http_class_directory_e (rid, name, class) FROM stdin;
1356	DIR0022	5273
1394	DIR0024	5306
1405	DIR0025	5322
1426	DIR0026	5351
1458	DIR0027	5431
1504	DIR0028	5495
1543	DIR0029	5532
1578	DIR0030	5586
1717	DIR0000	5788
\.


--
-- Data for Name: http_directory_name_type_t; Type: TABLE DATA; Schema: public; Owner: postgres
--

COPY http_directory_name_type_t (rid, value) FROM stdin;
\.


--
-- Data for Name: http_file_2_http_directory; Type: TABLE DATA; Schema: public; Owner: postgres
--

COPY http_file_2_http_directory (rid, rid_s, tablename_s, rid_d, tablename_d) FROM stdin;
5274	1355	HTTP_FILE_E	1356	HTTP_CLASS_DIRECTORY_E
5289	1366	HTTP_FILE_E	1356	HTTP_CLASS_DIRECTORY_E
5307	1393	HTTP_FILE_E	1394	HTTP_CLASS_DIRECTORY_E
5323	1404	HTTP_FILE_E	1405	HTTP_CLASS_DIRECTORY_E
5337	1415	HTTP_FILE_E	1405	HTTP_CLASS_DIRECTORY_E
5352	1425	HTTP_FILE_E	1426	HTTP_CLASS_DIRECTORY_E
5366	1436	HTTP_FILE_E	1426	HTTP_CLASS_DIRECTORY_E
5432	1457	HTTP_FILE_E	1458	HTTP_CLASS_DIRECTORY_E
5471	1487	HTTP_FILE_E	1458	HTTP_CLASS_DIRECTORY_E
5496	1503	HTTP_FILE_E	1504	HTTP_CLASS_DIRECTORY_E
5533	1542	HTTP_FILE_E	1543	HTTP_CLASS_DIRECTORY_E
5587	1577	HTTP_FILE_E	1578	HTTP_CLASS_DIRECTORY_E
5789	1716	HTTP_FILE_E	1717	HTTP_CLASS_DIRECTORY_E
5817	1754	HTTP_FILE_E	1717	HTTP_CLASS_DIRECTORY_E
5825	1761	HTTP_FILE_E	1717	HTTP_CLASS_DIRECTORY_E
5845	1776	HTTP_FILE_E	1717	HTTP_CLASS_DIRECTORY_E
5862	1789	HTTP_FILE_E	1717	HTTP_CLASS_DIRECTORY_E
\.


--
-- Data for Name: http_file_e; Type: TABLE DATA; Schema: public; Owner: postgres
--

COPY http_file_e (rid, file, content_encoding, mime, exchange_format, format_rfc, http_file_name, http_directory, remote_access) FROM stdin;
1355	FILE0000.gif	\N			\N	FILE0000.gif	5274	\N
1366	FILE0001.gif	\N	image	gif	\N	FILE0001.gif	5289	\N
1393	FILE0000.gif	\N			\N	FILE0000.gif	5307	\N
1404	FILE0000.gif	\N			\N	FILE0000.gif	5323	\N
1415	FILE0001.gif	\N			\N	FILE0001.gif	5337	\N
1425	FILE0000.gif	\N			\N	FILE0000.gif	5352	\N
1436	FILE0001.jpg	\N	image	jpeg	\N	FILE0001.jpg	5366	\N
1457	FILE0000.gif	\N	image	gif	\N	FILE0000.gif	5432	\N
1487	FILE0001.gif	\N	image	gif	\N	FILE0001.gif	5471	\N
1503	FILE0000.gif	\N	image	gif	\N	FILE0000.gif	5496	\N
1542	FILE0000.jpg	\N	image	jpeg	\N	FILE0000.jpg	5533	\N
1577	FILE0000.png	\N	image	x-png	\N	FILE0000.png	5587	\N
1716	FILE0050	\N	image	jpeg	\N	FILE0050	5789	\N
1724	   	\N	image	jpeg	\N	?	\N	\N
1730	   	\N	image	jpeg	\N	?	\N	\N
1736	   	\N	image	jpeg	\N	?	\N	\N
1742	   	\N	image	jpeg	\N	?	\N	\N
1748	   	\N	image	jpeg	\N	?	\N	\N
1754	FILE0000	\N	image	jpeg	\N	FILE0000	5817	\N
1761	FILE0001	\N	image	jpeg	\N	FILE0001	5825	\N
1776	FILE0002	\N	image	jpeg	\N	FILE0002	5845	\N
1789	FILE0003	\N	image	jpeg	\N	FILE0003	5862	\N
\.


--
-- Data for Name: http_file_name_type_t; Type: TABLE DATA; Schema: public; Owner: postgres
--

COPY http_file_name_type_t (rid, value) FROM stdin;
\.


--
-- Data for Name: http_protocol_e; Type: TABLE DATA; Schema: public; Owner: postgres
--

COPY http_protocol_e (rid, organisation, country, protocol_name, protocol_version, level, designation, base_protocol, http_rfc) FROM stdin;
1350	\N	\N	\N	\N	\N	\N	\N	\N
1361	\N	\N	\N	\N	\N	\N	\N	\N
1388	\N	\N	\N	\N	\N	\N	\N	\N
1399	\N	\N	\N	\N	\N	\N	\N	\N
1410	\N	\N	\N	\N	\N	\N	\N	\N
1420	\N	\N	\N	\N	\N	\N	\N	\N
1431	\N	\N	\N	\N	\N	\N	\N	\N
1452	\N	\N	\N	\N	\N	\N	\N	\N
1482	\N	\N	\N	\N	\N	\N	\N	\N
1498	\N	\N	\N	\N	\N	\N	\N	\N
1537	\N	\N	\N	\N	\N	\N	\N	\N
1572	\N	\N	\N	\N	\N	\N	\N	\N
1713	5785	USA	\N	001	\N	5786	\N	2621
1721	5794	USA	\N	001	\N	5795	\N	2621
1727	5798	USA	\N	001	\N	5799	\N	2621
1733	5802	USA	\N	001	\N	5803	\N	2621
1739	5806	USA	\N	001	\N	5807	\N	2621
1745	5810	USA	\N	001	\N	5811	\N	2621
1751	5814	USA	\N	001	\N	5815	\N	2621
1758	5822	USA	\N	001	\N	5823	\N	2621
1770	5833	USA	\N	001	\N	5834	\N	2621
1784	5851	USA	\N	001	\N	5852	\N	2621
\.


--
-- Data for Name: iab_rfc_t; Type: TABLE DATA; Schema: public; Owner: postgres
--

COPY iab_rfc_t (rid, value) FROM stdin;
\.


--
-- Data for Name: id_attribute_2_identified_item; Type: TABLE DATA; Schema: public; Owner: postgres
--

COPY id_attribute_2_identified_item (rid, rid_s, tablename_s, rid_d, tablename_d) FROM stdin;
\.


--
-- Data for Name: id_attribute_e; Type: TABLE DATA; Schema: public; Owner: postgres
--

COPY id_attribute_e (rid, attribute_value, identified_item) FROM stdin;
\.


--
-- Data for Name: identified_document_e; Type: TABLE DATA; Schema: public; Owner: postgres
--

COPY identified_document_e (rid, document_identifier) FROM stdin;
\.


--
-- Data for Name: identifier_t; Type: TABLE DATA; Schema: public; Owner: postgres
--

COPY identifier_t (rid, value) FROM stdin;
\.


--
-- Data for Name: illustration_2_height; Type: TABLE DATA; Schema: public; Owner: postgres
--

COPY illustration_2_height (rid, rid_s, tablename_s, rid_d, tablename_d) FROM stdin;
\.


--
-- Data for Name: illustration_2_width; Type: TABLE DATA; Schema: public; Owner: postgres
--

COPY illustration_2_width (rid, rid_s, tablename_s, rid_d, tablename_d) FROM stdin;
\.


--
-- Data for Name: illustration_e; Type: TABLE DATA; Schema: public; Owner: postgres
--

COPY illustration_e (rid, used_protocol, content, rid_bsu, tablename_bsu, code, kind_of_content, width, height) FROM stdin;
\.


--
-- Data for Name: illustration_type_t; Type: TABLE DATA; Schema: public; Owner: postgres
--

COPY illustration_type_t (rid, element, rang) FROM stdin;
52	SCHEMATIC_DRAWING	1
53	REALISTIC_PICTURE	2
54	NOT_STATIC_PICTURE	3
\.


--
-- Data for Name: int_currency_type_e; Type: TABLE DATA; Schema: public; Owner: postgres
--

COPY int_currency_type_e (rid, value_format, currency) FROM stdin;
\.


--
-- Data for Name: int_level_spec_value_e; Type: TABLE DATA; Schema: public; Owner: postgres
--

COPY int_level_spec_value_e (rid, "values") FROM stdin;
\.


--
-- Data for Name: int_measure_type_2_unit; Type: TABLE DATA; Schema: public; Owner: postgres
--

COPY int_measure_type_2_unit (rid, rid_s, tablename_s, rid_d, tablename_d) FROM stdin;
5514	1514	INT_MEASURE_TYPE_E	1515	DIC_UNIT_E
\.


--
-- Data for Name: int_measure_type_e; Type: TABLE DATA; Schema: public; Owner: postgres
--

COPY int_measure_type_e (rid, value_format, unit) FROM stdin;
1514	CME1	5514
\.


--
-- Data for Name: int_type_e; Type: TABLE DATA; Schema: public; Owner: postgres
--

COPY int_type_e (rid, value_format) FROM stdin;
1076	NR1 S..4
1116	NR1 S..4
1325	ECHIM1
1326	ECHIM1
1327	ECHIM1
1328	ECHIM1
1513	\N
1512	ECHIL1
1517	C1
1518	C1
1519	LTSR0
1520	LTSR0
1521	E0001
1522	E0001
\.


--
-- Data for Name: integer_type_t; Type: TABLE DATA; Schema: public; Owner: postgres
--

COPY integer_type_t (rid, value) FROM stdin;
\.


--
-- Data for Name: integer_value_t; Type: TABLE DATA; Schema: public; Owner: postgres
--

COPY integer_value_t (rid, value) FROM stdin;
\.


--
-- Data for Name: inv_attribute_2_for_attribute; Type: TABLE DATA; Schema: public; Owner: postgres
--

COPY inv_attribute_2_for_attribute (rid, rid_s, tablename_s, rid_d, tablename_d) FROM stdin;
\.


--
-- Data for Name: inv_attribute_e; Type: TABLE DATA; Schema: public; Owner: postgres
--

COPY inv_attribute_e (rid, obj, idx, name, is_optional, attr_type, of_entity, for_attribute) FROM stdin;
138	\N	\N	content_of	f	941	940	\N
143	\N	\N	referenced_by	f	953	952	\N
144	\N	\N	definition	f	955	954	\N
206	\N	\N	content_of	f	1188	1187	\N
241	\N	\N	associated_items	f	1308	1307	\N
245	\N	\N	belongs_to	f	1316	1315	\N
380	\N	\N	representations_in_context	f	1871	1870	\N
396	\N	\N	associated_items	f	1924	1923	\N
487	\N	\N	context_elements	f	2184	2183	\N
519	\N	\N	definition	f	2263	2262	\N
531	\N	\N	associate_to_class	f	2291	2290	\N
552	\N	\N	added_visible_data_types	f	2339	2340	\N
553	\N	\N	added_visible_properties	f	2342	2341	\N
554	\N	\N	subclasses	f	2344	2343	\N
607	\N	\N	defining_class	f	2477	2476	\N
628	\N	\N	associated_to_supplier	f	2522	2523	\N
632	\N	\N	unit_of	f	2531	2530	\N
669	\N	\N	describes_classes	f	2630	2629	\N
\.


--
-- Data for Name: item_class_2_class_constant_values; Type: TABLE DATA; Schema: public; Owner: postgres
--

COPY item_class_2_class_constant_values (rid, rid_s, tablename_s, rid_d, tablename_d) FROM stdin;
\.


--
-- Data for Name: item_class_2_simplified_drawing; Type: TABLE DATA; Schema: public; Owner: postgres
--

COPY item_class_2_simplified_drawing (rid, rid_s, tablename_s, rid_d, tablename_d) FROM stdin;
5863	1702	COMPONENT_CLASS_E	1781	REFERENCED_GRAPHICS_E
\.


--
-- Data for Name: item_class_2_sub_class_properties; Type: TABLE DATA; Schema: public; Owner: postgres
--

COPY item_class_2_sub_class_properties (rid, rid_s, tablename_s, rid_d, tablename_d) FROM stdin;
\.


--
-- Data for Name: item_class_case_of_2_imported_documents; Type: TABLE DATA; Schema: public; Owner: postgres
--

COPY item_class_case_of_2_imported_documents (rid, rid_s, tablename_s, rid_d, tablename_d) FROM stdin;
\.


--
-- Data for Name: item_class_case_of_2_imported_properties; Type: TABLE DATA; Schema: public; Owner: postgres
--

COPY item_class_case_of_2_imported_properties (rid, rid_s, tablename_s, rid_d, tablename_d) FROM stdin;
\.


--
-- Data for Name: item_class_case_of_2_imported_tables; Type: TABLE DATA; Schema: public; Owner: postgres
--

COPY item_class_case_of_2_imported_tables (rid, rid_s, tablename_s, rid_d, tablename_d) FROM stdin;
\.


--
-- Data for Name: item_class_case_of_2_imported_types; Type: TABLE DATA; Schema: public; Owner: postgres
--

COPY item_class_case_of_2_imported_types (rid, rid_s, tablename_s, rid_d, tablename_d) FROM stdin;
\.


--
-- Data for Name: item_class_case_of_2_is_case_of; Type: TABLE DATA; Schema: public; Owner: postgres
--

COPY item_class_case_of_2_is_case_of (rid, rid_s, tablename_s, rid_d, tablename_d) FROM stdin;
\.


--
-- Data for Name: item_class_case_of_e; Type: TABLE DATA; Schema: public; Owner: postgres
--

COPY item_class_case_of_e (rid, identified_by, time_stamps, revision, rid_bsu, tablename_bsu, names, definition, source_doc_of_definition, note, remark, its_superclass, described_by, defined_types, simplified_drawing, sub_class_properties, class_constant_values, coded_name, referenced_classes, referenced_properties, referenced_data_types, referenced_tables, referenced_documents, is_case_of, imported_properties, imported_types, imported_tables, imported_documents) FROM stdin;
\.


--
-- Data for Name: item_class_e; Type: TABLE DATA; Schema: public; Owner: postgres
--

COPY item_class_e (rid, identified_by, time_stamps, revision, rid_bsu, tablename_bsu, names, definition, source_doc_of_definition, note, remark, its_superclass, described_by, defined_types, simplified_drawing, sub_class_properties, class_constant_values, coded_name) FROM stdin;
1091	3537	\N	001	1018	CLASS_BSU_E	3532	15	\N	14	\N	\N	{3533,3534,3535,3536,5663}	{}	\N	{}	{}	?
\.


--
-- Data for Name: item_names_2_icon; Type: TABLE DATA; Schema: public; Owner: postgres
--

COPY item_names_2_icon (rid, rid_s, tablename_s, rid_d, tablename_d) FROM stdin;
5278	1209	ITEM_NAMES_E	1357	REFERENCED_GRAPHICS_E
5436	1447	ITEM_NAMES_E	1448	REFERENCED_GRAPHICS_E
5475	1476	ITEM_NAMES_E	1478	REFERENCED_GRAPHICS_E
5500	1492	ITEM_NAMES_E	1494	REFERENCED_GRAPHICS_E
5537	1531	ITEM_NAMES_E	1533	REFERENCED_GRAPHICS_E
5591	1567	ITEM_NAMES_E	1568	REFERENCED_GRAPHICS_E
5846	1704	ITEM_NAMES_E	1767	REFERENCED_GRAPHICS_E
\.


--
-- Data for Name: item_names_2_languages; Type: TABLE DATA; Schema: public; Owner: postgres
--

COPY item_names_2_languages (rid, rid_s, tablename_s, rid_d, tablename_d) FROM stdin;
\.


--
-- Data for Name: item_names_2_preferred_name; Type: TABLE DATA; Schema: public; Owner: postgres
--

COPY item_names_2_preferred_name (rid, rid_s, tablename_s, rid_d, tablename_d) FROM stdin;
4	1082	ITEM_NAMES_E	77	LABEL_T
8	1084	ITEM_NAMES_E	81	LABEL_T
12	1090	ITEM_NAMES_E	85	LABEL_T
16	1094	ITEM_NAMES_E	89	LABEL_T
20	1096	ITEM_NAMES_E	93	LABEL_T
26	1104	ITEM_NAMES_E	99	LABEL_T
30	1106	ITEM_NAMES_E	103	LABEL_T
34	1110	ITEM_NAMES_E	107	LABEL_T
38	1114	ITEM_NAMES_E	111	LABEL_T
43	1118	ITEM_NAMES_E	116	LABEL_T
47	1125	ITEM_NAMES_E	119	LABEL_T
51	1129	ITEM_NAMES_E	123	LABEL_T
57	1133	ITEM_NAMES_E	129	LABEL_T
63	1140	ITEM_NAMES_E	134	LABEL_T
65	1142	ITEM_NAMES_E	136	LABEL_T
69	1148	ITEM_NAMES_E	140	LABEL_T
74	1152	ITEM_NAMES_E	145	LABEL_T
78	1155	ITEM_NAMES_E	149	LABEL_T
81	1162	ITEM_NAMES_E	151	LABEL_T
86	1168	ITEM_NAMES_E	155	LABEL_T
90	1170	ITEM_NAMES_E	159	LABEL_T
94	1177	ITEM_NAMES_E	162	LABEL_T
99	1181	ITEM_NAMES_E	167	LABEL_T
102	1183	ITEM_NAMES_E	170	LABEL_T
106	1186	ITEM_NAMES_E	174	LABEL_T
111	1192	ITEM_NAMES_E	178	LABEL_T
116	1199	ITEM_NAMES_E	182	LABEL_T
121	1201	ITEM_NAMES_E	187	LABEL_T
124	1203	ITEM_NAMES_E	190	LABEL_T
128	1207	ITEM_NAMES_E	194	LABEL_T
133	1209	ITEM_NAMES_E	199	LABEL_T
136	1211	ITEM_NAMES_E	202	LABEL_T
140	1213	ITEM_NAMES_E	206	LABEL_T
146	1215	ITEM_NAMES_E	212	LABEL_T
149	1217	ITEM_NAMES_E	215	LABEL_T
153	1219	ITEM_NAMES_E	219	LABEL_T
157	1221	ITEM_NAMES_E	223	LABEL_T
161	1223	ITEM_NAMES_E	227	LABEL_T
163	1225	ITEM_NAMES_E	229	LABEL_T
167	1227	ITEM_NAMES_E	233	LABEL_T
172	1229	ITEM_NAMES_E	238	LABEL_T
176	1231	ITEM_NAMES_E	242	LABEL_T
179	1233	ITEM_NAMES_E	245	LABEL_T
183	1235	ITEM_NAMES_E	249	LABEL_T
188	1237	ITEM_NAMES_E	254	LABEL_T
192	1239	ITEM_NAMES_E	258	LABEL_T
200	1243	ITEM_NAMES_E	266	LABEL_T
203	1245	ITEM_NAMES_E	269	LABEL_T
208	1247	ITEM_NAMES_E	274	LABEL_T
211	1249	ITEM_NAMES_E	277	LABEL_T
215	1251	ITEM_NAMES_E	281	LABEL_T
219	1253	ITEM_NAMES_E	285	LABEL_T
224	1255	ITEM_NAMES_E	290	LABEL_T
231	1259	ITEM_NAMES_E	297	LABEL_T
5204	\N	\N	306	LABEL_T
5209	\N	\N	309	LABEL_T
5220	\N	\N	312	LABEL_T
5225	\N	\N	315	LABEL_T
5236	\N	\N	318	LABEL_T
5250	\N	\N	324	LABEL_T
5255	\N	\N	327	LABEL_T
5269	\N	\N	329	LABEL_T
5285	\N	\N	330	LABEL_T
5302	\N	\N	331	LABEL_T
5318	\N	\N	332	LABEL_T
5333	\N	\N	333	LABEL_T
5347	\N	\N	334	LABEL_T
5362	\N	\N	335	LABEL_T
239	1439	ITEM_NAMES_E	336	label_t
242	1443	ITEM_NAMES_E	339	label_t
5419	\N	\N	341	LABEL_T
5427	\N	\N	343	LABEL_T
5440	\N	\N	345	LABEL_T
5448	\N	\N	348	LABEL_T
5457	\N	\N	351	LABEL_T
5467	\N	\N	353	LABEL_T
5481	\N	\N	355	LABEL_T
5491	\N	\N	357	LABEL_T
5506	\N	\N	359	LABEL_T
5518	\N	\N	362	LABEL_T
5528	\N	\N	364	LABEL_T
5544	\N	\N	366	LABEL_T
5554	\N	\N	369	LABEL_T
5563	\N	\N	372	LABEL_T
5243	\N	\N	321	label_t
5582	\N	\N	377	LABEL_T
5595	\N	\N	379	LABEL_T
5604	\N	\N	382	LABEL_T
5615	\N	\N	385	label_t
236	1261	ITEM_NAMES_E	302	label_t
5620	\N	\N	387	LABEL_T
5623	1603	ITEM_NAMES_E\n	388	LABEL_T
5626	1606	ITEM_NAMES_E\n	389	LABEL_T
5632	1609	ITEM_NAMES_E	391	LABEL_T
5639	1613	ITEM_NAMES_E	395	LABEL_T
5642	1616	ITEM_NAMES_E	396	LABEL_T
5652	1626	ITEM_NAMES_E	397	LABEL_T
244	1636	ITEM_NAMES_E	398	label_t
247	1640	ITEM_NAMES_E	401	label_t
250	1644	ITEM_NAMES_E	404	label_t
253	1648	ITEM_NAMES_E	407	label_t
256	1652	ITEM_NAMES_E	410	label_t
259	1656	ITEM_NAMES_E	413	label_t
262	1660	ITEM_NAMES_E	416	label_t
265	1664	ITEM_NAMES_E	419	label_t
268	1668	ITEM_NAMES_E	422	label_t
271	1672	ITEM_NAMES_E	425	label_t
272	1676	ITEM_NAMES_E	426	label_t
275	1680	ITEM_NAMES_E	429	label_t
277	1684	ITEM_NAMES_E	431	label_t
280	1688	ITEM_NAMES_E	434	label_t
282	1692	ITEM_NAMES_E	436	label_t
284	1696	ITEM_NAMES_E	438	label_t
286	1700	ITEM_NAMES_E	440	label_t
288	1704	ITEM_NAMES_E	442	label_t
290	1708	ITEM_NAMES_E	444	label_t
292	1715	ITEM_NAMES_E	446	label_t
294	1723	ITEM_NAMES_E	448	label_t
296	1729	ITEM_NAMES_E	450	label_t
298	1735	ITEM_NAMES_E	452	label_t
300	1741	ITEM_NAMES_E	454	label_t
302	1747	ITEM_NAMES_E	456	label_t
304	1753	ITEM_NAMES_E	458	label_t
306	1760	ITEM_NAMES_E	460	label_t
309	1772	ITEM_NAMES_E	463	label_t
308	1764	ITEM_NAMES_E	462	label_t
313	1786	ITEM_NAMES_E	467	label_t
312	1778	ITEM_NAMES_E	466	label_t
196	1241	ITEM_NAMES_E	262	label_t
227	1257	ITEM_NAMES_E	293	label_t
24	1099	ITEM_NAMES_E	97	label_t
1	1078	ITEM_NAMES_E	74	label_t
5574	\N	\N	375	label_t
\.


--
-- Data for Name: item_names_2_short_name; Type: TABLE DATA; Schema: public; Owner: postgres
--

COPY item_names_2_short_name (rid, rid_s, tablename_s, rid_d, tablename_d) FROM stdin;
2	1078	ITEM_NAMES_E	75	LABEL_T
5	1082	ITEM_NAMES_E	78	LABEL_T
9	1084	ITEM_NAMES_E	82	LABEL_T
13	1090	ITEM_NAMES_E	86	LABEL_T
17	1094	ITEM_NAMES_E	90	LABEL_T
19	1096	ITEM_NAMES_E	92	LABEL_T
23	1099	ITEM_NAMES_E	96	LABEL_T
27	1104	ITEM_NAMES_E	100	LABEL_T
29	1106	ITEM_NAMES_E	102	LABEL_T
33	1110	ITEM_NAMES_E	106	LABEL_T
37	1114	ITEM_NAMES_E	110	LABEL_T
42	1118	ITEM_NAMES_E	115	LABEL_T
48	1125	ITEM_NAMES_E	120	LABEL_T
52	1129	ITEM_NAMES_E	124	LABEL_T
56	1133	ITEM_NAMES_E	128	LABEL_T
62	1140	ITEM_NAMES_E	133	LABEL_T
66	1142	ITEM_NAMES_E	137	LABEL_T
70	1148	ITEM_NAMES_E	141	LABEL_T
73	1152	ITEM_NAMES_E	144	LABEL_T
77	1155	ITEM_NAMES_E	148	LABEL_T
82	1162	ITEM_NAMES_E	152	LABEL_T
87	1168	ITEM_NAMES_E	156	LABEL_T
91	1170	ITEM_NAMES_E	160	LABEL_T
95	1177	ITEM_NAMES_E	163	LABEL_T
98	1181	ITEM_NAMES_E	166	LABEL_T
103	1183	ITEM_NAMES_E	171	LABEL_T
107	1186	ITEM_NAMES_E	175	LABEL_T
112	1192	ITEM_NAMES_E	179	LABEL_T
117	1199	ITEM_NAMES_E	183	LABEL_T
120	1201	ITEM_NAMES_E	186	LABEL_T
125	1203	ITEM_NAMES_E	191	LABEL_T
129	1207	ITEM_NAMES_E	195	LABEL_T
132	1209	ITEM_NAMES_E	198	LABEL_T
137	1211	ITEM_NAMES_E	203	LABEL_T
141	1213	ITEM_NAMES_E	207	LABEL_T
145	1215	ITEM_NAMES_E	211	LABEL_T
150	1217	ITEM_NAMES_E	216	LABEL_T
154	1219	ITEM_NAMES_E	220	LABEL_T
158	1221	ITEM_NAMES_E	224	LABEL_T
164	1225	ITEM_NAMES_E	230	LABEL_T
168	1227	ITEM_NAMES_E	234	LABEL_T
171	1229	ITEM_NAMES_E	237	LABEL_T
175	1231	ITEM_NAMES_E	241	LABEL_T
180	1233	ITEM_NAMES_E	246	LABEL_T
184	1235	ITEM_NAMES_E	250	LABEL_T
187	1237	ITEM_NAMES_E	253	LABEL_T
191	1239	ITEM_NAMES_E	257	LABEL_T
195	1241	ITEM_NAMES_E	261	LABEL_T
199	1243	ITEM_NAMES_E	265	LABEL_T
204	1245	ITEM_NAMES_E	270	LABEL_T
207	1247	ITEM_NAMES_E	273	LABEL_T
212	1249	ITEM_NAMES_E	278	LABEL_T
216	1251	ITEM_NAMES_E	282	LABEL_T
220	1253	ITEM_NAMES_E	286	LABEL_T
223	1255	ITEM_NAMES_E	289	LABEL_T
228	1257	ITEM_NAMES_E	294	LABEL_T
232	1259	ITEM_NAMES_E	298	LABEL_T
235	1261	ITEM_NAMES_E	301	LABEL_T
5205	\N	\N	307	LABEL_T
5210	\N	\N	310	LABEL_T
5221	\N	\N	313	LABEL_T
5226	\N	\N	316	LABEL_T
5237	\N	\N	319	LABEL_T
5244	\N	\N	322	LABEL_T
5251	\N	\N	325	LABEL_T
5256	\N	\N	328	LABEL_T
5270	\N	\N	329	LABEL_T
5286	\N	\N	330	LABEL_T
5303	\N	\N	331	LABEL_T
5319	\N	\N	332	LABEL_T
5334	\N	\N	333	LABEL_T
5348	\N	\N	334	LABEL_T
5363	\N	\N	335	LABEL_T
243	1443	ITEM_NAMES_E	340	label_t
5420	\N	\N	342	LABEL_T
5428	\N	\N	343	LABEL_T
5441	\N	\N	346	LABEL_T
5449	\N	\N	349	LABEL_T
5458	\N	\N	352	LABEL_T
5468	\N	\N	353	LABEL_T
5482	\N	\N	356	LABEL_T
5492	\N	\N	357	LABEL_T
5507	\N	\N	360	LABEL_T
5519	\N	\N	363	LABEL_T
5529	\N	\N	364	LABEL_T
5545	\N	\N	367	LABEL_T
5555	\N	\N	370	LABEL_T
5564	\N	\N	373	LABEL_T
5583	\N	\N	377	LABEL_T
5596	\N	\N	380	LABEL_T
5605	\N	\N	383	LABEL_T
5616	\N	\N	386	label_t
5633	1609	ITEM_NAMES_E	392	LABEL_T
246	1636	ITEM_NAMES_E	400	label_t
248	1640	ITEM_NAMES_E	402	label_t
251	1644	ITEM_NAMES_E	405	label_t
254	1648	ITEM_NAMES_E	408	label_t
257	1652	ITEM_NAMES_E	411	label_t
240	1439	ITEM_NAMES_E	337	label_t
260	1656	ITEM_NAMES_E	414	label_t
263	1660	ITEM_NAMES_E	417	label_t
267	1664	ITEM_NAMES_E	421	label_t
269	1668	ITEM_NAMES_E	423	label_t
273	1676	ITEM_NAMES_E	427	label_t
278	1684	ITEM_NAMES_E	432	label_t
293	1715	ITEM_NAMES_E	447	label_t
295	1723	ITEM_NAMES_E	449	label_t
297	1729	ITEM_NAMES_E	451	label_t
299	1735	ITEM_NAMES_E	453	label_t
301	1741	ITEM_NAMES_E	455	label_t
303	1747	ITEM_NAMES_E	457	label_t
305	1753	ITEM_NAMES_E	459	label_t
307	1760	ITEM_NAMES_E	461	label_t
310	1772	ITEM_NAMES_E	464	label_t
311	1764	ITEM_NAMES_E	465	label_t
314	1786	ITEM_NAMES_E	468	label_t
315	1778	ITEM_NAMES_E	469	label_t
5575	\N	\N	376	label_t
\.


--
-- Data for Name: item_names_2_synonymous_names; Type: TABLE DATA; Schema: public; Owner: postgres
--

COPY item_names_2_synonymous_names (rid, rid_s, tablename_s, rid_d, tablename_d) FROM stdin;
\.


--
-- Data for Name: item_names_e; Type: TABLE DATA; Schema: public; Owner: postgres
--

COPY item_names_e (rid, preferred_name, synonymous_names, short_name, languages, icon) FROM stdin;
1078	1	{}	2	\N	\N
1082	4	{}	5	\N	\N
1084	8	{}	9	\N	\N
1090	12	{}	13	\N	\N
1094	16	{}	17	\N	\N
1096	20	{}	19	\N	\N
1099	24	{}	23	\N	\N
1104	26	{}	27	\N	\N
1106	30	{}	29	\N	\N
1110	34	{}	33	\N	\N
1114	38	{}	37	\N	\N
1118	43	{}	42	\N	\N
1125	47	{}	48	\N	\N
1129	51	{}	52	\N	\N
1133	57	{}	56	\N	\N
1140	63	{}	62	\N	\N
1142	65	{}	66	\N	\N
1148	69	{}	70	\N	\N
1152	74	{}	73	\N	\N
1155	78	{}	77	\N	\N
1162	81	{}	82	\N	\N
1168	86	{}	87	\N	\N
1170	90	{}	91	\N	\N
1177	94	{}	95	\N	\N
1181	99	{}	98	\N	\N
1186	106	{}	107	\N	\N
1192	111	{}	112	\N	\N
1199	116	{}	117	\N	\N
1201	121	{}	120	\N	\N
1207	128	{}	129	\N	\N
1211	136	{}	137	\N	\N
1217	149	{}	150	\N	\N
1219	153	{}	154	\N	\N
1221	157	{}	158	\N	\N
1223	161	{}	\N	\N	\N
1225	163	{}	164	\N	\N
1227	167	{}	168	\N	\N
1229	172	{}	171	\N	\N
1231	176	{}	175	\N	\N
1233	179	{}	180	\N	\N
1235	183	{}	184	\N	\N
1237	188	{}	187	\N	\N
1239	192	{}	191	\N	\N
1241	196	{}	195	\N	\N
1245	203	{}	204	\N	\N
1247	208	{}	207	\N	\N
1249	211	{}	212	\N	\N
1251	215	{}	216	\N	\N
1253	219	{}	220	\N	\N
1255	224	{}	223	\N	\N
1257	227	{}	228	\N	\N
1259	231	{}	232	\N	\N
1261	236	{}	235	\N	\N
1292	5204	\N	5205	\N	\N
1295	5209	\N	5210	\N	\N
1302	5225	\N	5226	\N	\N
1306	5236	\N	5237	\N	\N
1309	5243	\N	5244	\N	\N
1317	5250	\N	5251	\N	\N
1322	5255	\N	5256	\N	\N
1353	5269	\N	5270	\N	\N
1209	133	{}	132	\N	5278
1364	5285	\N	5286	\N	\N
1391	5302	\N	5303	\N	\N
1402	5318	\N	5319	\N	\N
1413	5333	\N	5334	\N	\N
1423	5347	\N	5348	\N	\N
1434	5362	\N	5363	\N	\N
1443	242	{}	243	\N	\N
1455	5427	\N	5428	\N	\N
1447	5419	\N	5420	\N	5436
1463	5440	\N	5441	\N	\N
1469	5448	\N	5449	\N	\N
1485	5467	\N	5468	\N	\N
1476	5457	\N	5458	\N	5475
1501	5491	\N	5492	\N	\N
1492	5481	\N	5482	\N	5500
1509	5506	\N	5507	\N	\N
1540	5528	\N	5529	\N	\N
1531	5518	\N	5519	\N	5537
1549	5544	\N	5545	\N	\N
1556	5554	\N	5555	\N	\N
1563	5563	\N	5564	\N	\N
1575	5582	\N	5583	\N	\N
1567	5574	\N	5575	\N	5591
1583	5595	\N	5596	\N	\N
1589	5604	\N	5605	\N	\N
1595	5615	\N	5616	\N	\N
1600	5620	\N	\N	\N	\N
1603	5623	\N	\N	\N	\N
1606	5626	\N	\N	\N	\N
1609	5632	\N	5633	\N	\N
1636	244	{}	246	\N	\N
1664	265	{}	267	\N	\N
1668	268	{}	269	\N	\N
1672	271	{}	\N	\N	\N
1676	272	{}	273	\N	\N
1680	275	{}	\N	\N	\N
1684	277	{}	278	\N	\N
1688	280	{}	\N	\N	\N
1692	282	{}	\N	\N	\N
1696	284	{}	\N	\N	\N
1700	286	{}	\N	\N	\N
1708	290	{}	\N	\N	\N
1715	292	{}	293	\N	\N
1723	294	{}	295	\N	\N
1729	296	{}	297	\N	\N
1735	298	{}	299	\N	\N
1741	300	{}	301	\N	\N
1747	302	{}	303	\N	\N
1753	304	{}	305	\N	\N
1760	306	{}	307	\N	\N
1772	309	{}	310	\N	\N
1764	308	{}	311	\N	\N
1704	288	{}	\N	\N	5846
1786	313	{}	314	\N	\N
1778	312	{}	315	\N	\N
\.


--
-- Data for Name: label_t; Type: TABLE DATA; Schema: public; Owner: postgres
--

COPY label_t (rid, value) FROM stdin;
75	Longueur sous tete
77	Commentaire
78	Commentaire
81	Ecrou
82	
85	Piece de fixation repetitive
86	Fixation
89	Designation du composant
90	Designation
92	Vis
93	Vis
96	Norme
99	Numero du composant
100	Numero Composant
102	Longueur non filete
103	Longueur du bout non filete
106	Goujon
107	Goujon
110	Pas
111	Pas du filetage
115	Diametre
116	Diametre nominal de la vis
119	Diametre exterieur de la surface d appui
120	Diam ext surface appui
123	Hauteur nominale de la tete
124	Hauteur nominale
128	Diam intt surface appui
129	Diametre interieur de la surface d appui
133	Rondelle incorporee
134	Rondelle incorporee
136	Limite d endurance
137	Limite d endurance
140	Classe de qualite
141	Classe de qualite
144	Filet
145	Filet
148	Ep nom rondelle
149	Epaisseur nominale de la rondelle
151	Rondelle elastique
152	Rondelle elastique
155	Hauteur libre sous la rondelle
156	Haut sous rondelle
159	Vis Hexagonale a rondelle elastique conique incorporee a bout plat RCN
160	
162	Diametre exterieur de la rondelle
163	Diam ext
166	Lim. Rupt
167	Limite de rupture
174	Hauteur chanfrein
175	Haut chanfrein
178	Vis Hexagonale a rondelle elastique conique incorporee a bout ogival filete RCL
182	Diametre interieur de la rondelle
183	Diam int rond
186	
187	Vis Hexagonale a rondelle elastique conique incorporee a bout ogival filete
194	Limite elastique
195	Lim Elast
198	
199	Vis Hexagonale a rondelle elastique conique incorporee a bout ogival filete RCN
202	Vis Hexagonale a rondelle elastique conique incorporee a bout cylindrique RCL
203	
215	Vis Hexagonale a rondelle elastique conique incorporee a bout plat RCL
216	
219	Vis HR a embase a bout cylindro-conique
220	
223	Vis CBLX a rondelle elastique conique incorporee a bout cylindrique RCL
224	
227	Vis CBLX a rondelle elastique conique incorporee a bout cylindrique
229	Vis CBLX a rondelle elastique conique incorporee a bout conique RCN
230	
233	Vis RLX a bout conique
234	
237	
238	Vis Hexagonale a rondelle elastique conique incorporee a bout cylindrique
241	
242	Vis CHC a bout plat
245	Vis CBX
246	
249	Vis CBLX a rondelle elastique conique incorporee a bout cylindrique RCN
250	
253	
254	Vis FX a bout conique
257	
258	Vis CBLX a rondelle elastique conique incorporee a bout conique
261	
269	Vis CBLX a rondelle elastique conique incorporee a bout conique RCL
270	
273	
274	Vis RLX nettoyeuse a bout cylindrique
277	Vis CHC a rondelle conique incorporee a bout conique
278	
281	Vis RLX a bout cylindrique
282	
285	Vis CBX nettoyeuse a rondelle conique incorporeee a bout cylindro-conique RCN
286	
289	
290	Vis CZX a bout cylindrique
294	
297	Vis RLX a bout cylindro-conique
298	
301	
306	Vis CHC par chimene
307	CHCC
309	une propriete
310	la prop
315	et la prop
316	abbrev
318	Vis hexagonale chimene
319	abrev
322	tt
324	et une nouvelle classe
325	UNC
327	nouvelle prop
328	NP
329	Document
330	Document
179	VHRECIBOF
331	Document
332	Document
333	Document
334	Document
335	Document
340	
339	PLIB
341	Vis hexagonale  bout ogival chimene
342	VHBOC
343	Document
345	ma premiere propriet
346	MPP
348	ma seconde proprit
349	MSP
351	ma troisieme proprit
352	MTP
353	Document
355	ma premiere prop
356	MPP
357	Document
359	sa deux prop
360	S DP
362	ma premiere prop
363	MPP
364	Document
366	largeur de la rondelle
367	LR
369	largeur interne
370	LI
372	epaisseur de la rondelle
373	ep
321	DUMMY
377	Document
379	pnom
380	son nom
382	pquantit
383	pq
385	DUMMY
302	Vis XE a embase a rondelle conique incorporee a bout cylindro-conique RCN
386	
387	myclass
388	myclass
389	myclass
391	test date
392	td
398	P1
400	
419	P8
421	
423	
422	P1
425	P2
427	
426	P3
429	C1
432	
431	P45
434	D1
436	P787
438	C2
440	D2
442	myclass
444	exter
446	Hypertext Transfer Protocol
447	HTTP/1.1
448	Hypertext Transfer Protocol
449	HTTP/1.1
450	Hypertext Transfer Protocol
451	HTTP/1.1
452	Hypertext Transfer Protocol
453	HTTP/1.1
454	Hypertext Transfer Protocol
455	HTTP/1.1
456	Hypertext Transfer Protocol
457	HTTP/1.1
458	Hypertext Transfer Protocol
459	HTTP/1.1
460	Hypertext Transfer Protocol
461	HTTP/1.1
463	Hypertext Transfer Protocol
464	HTTP/1.1
462	Icon_SimplifedDrawing_or_Figure
465	Icon_SimplifedDrawing_or_Figure
467	Hypertext Transfer Protocol
468	HTTP/1.1
466	Icon_SimplifedDrawing_or_Figure
469	Icon_SimplifedDrawing_or_Figure
262	Vis CBLX  nettoyeuse-rondelle elastique conique incorporee- bout cylindrique-RCN
293	Vis CX a rondelle conique incorporee a bout cylindrique RCN
97	Norme du composant
74	Longueur totale sous tete
375	Vis CBLX  nettoyeuse-rondelle elastique
376	
\.


--
-- Data for Name: label_with_language_e; Type: TABLE DATA; Schema: public; Owner: postgres
--

COPY label_with_language_e (rid, l, language) FROM stdin;
\.


--
-- Data for Name: language_code_t; Type: TABLE DATA; Schema: public; Owner: postgres
--

COPY language_code_t (rid, value) FROM stdin;
\.


--
-- Data for Name: language_specific_content_2_content_files; Type: TABLE DATA; Schema: public; Owner: postgres
--

COPY language_specific_content_2_content_files (rid, rid_s, tablename_s, rid_d, tablename_d) FROM stdin;
5276	1354	LANGUAGE_SPECIFIC_CONTENT_E	1355	HTTP_FILE_E
5291	1365	LANGUAGE_SPECIFIC_CONTENT_E	1366	HTTP_FILE_E
5309	1392	LANGUAGE_SPECIFIC_CONTENT_E	1393	HTTP_FILE_E
5325	1403	LANGUAGE_SPECIFIC_CONTENT_E	1404	HTTP_FILE_E
5339	1414	LANGUAGE_SPECIFIC_CONTENT_E	1415	HTTP_FILE_E
5354	1424	LANGUAGE_SPECIFIC_CONTENT_E	1425	HTTP_FILE_E
5368	1435	LANGUAGE_SPECIFIC_CONTENT_E	1436	HTTP_FILE_E
5434	1456	LANGUAGE_SPECIFIC_CONTENT_E	1457	HTTP_FILE_E
5473	1486	LANGUAGE_SPECIFIC_CONTENT_E	1487	HTTP_FILE_E
5498	1502	LANGUAGE_SPECIFIC_CONTENT_E	1503	HTTP_FILE_E
5535	1541	LANGUAGE_SPECIFIC_CONTENT_E	1542	HTTP_FILE_E
5589	1576	LANGUAGE_SPECIFIC_CONTENT_E	1577	HTTP_FILE_E
5790	1718	LANGUAGE_SPECIFIC_CONTENT_E	1716	HTTP_FILE_E
5818	1755	LANGUAGE_SPECIFIC_CONTENT_E	1754	HTTP_FILE_E
5826	1762	LANGUAGE_SPECIFIC_CONTENT_E	1761	HTTP_FILE_E
5843	1775	LANGUAGE_SPECIFIC_CONTENT_E	1776	HTTP_FILE_E
5860	1788	LANGUAGE_SPECIFIC_CONTENT_E	1789	HTTP_FILE_E
\.


--
-- Data for Name: language_specific_content_2_main_file; Type: TABLE DATA; Schema: public; Owner: postgres
--

COPY language_specific_content_2_main_file (rid, rid_s, tablename_s, rid_d, tablename_d) FROM stdin;
5277	1354	LANGUAGE_SPECIFIC_CONTENT_E	1355	HTTP_FILE_E
5292	1365	LANGUAGE_SPECIFIC_CONTENT_E	1366	HTTP_FILE_E
5369	1435	LANGUAGE_SPECIFIC_CONTENT_E	1436	HTTP_FILE_E
5435	1456	LANGUAGE_SPECIFIC_CONTENT_E	1457	HTTP_FILE_E
5474	1486	LANGUAGE_SPECIFIC_CONTENT_E	1487	HTTP_FILE_E
5499	1502	LANGUAGE_SPECIFIC_CONTENT_E	1503	HTTP_FILE_E
5536	1541	LANGUAGE_SPECIFIC_CONTENT_E	1542	HTTP_FILE_E
5590	1576	LANGUAGE_SPECIFIC_CONTENT_E	1577	HTTP_FILE_E
5791	1718	LANGUAGE_SPECIFIC_CONTENT_E	1716	HTTP_FILE_E
5819	1755	LANGUAGE_SPECIFIC_CONTENT_E	1754	HTTP_FILE_E
5827	1762	LANGUAGE_SPECIFIC_CONTENT_E	1761	HTTP_FILE_E
5844	1775	LANGUAGE_SPECIFIC_CONTENT_E	1776	HTTP_FILE_E
5861	1788	LANGUAGE_SPECIFIC_CONTENT_E	1789	HTTP_FILE_E
\.


--
-- Data for Name: language_specific_content_e; Type: TABLE DATA; Schema: public; Owner: postgres
--

COPY language_specific_content_e (rid, content_files, main_file, character_encoding) FROM stdin;
1354	{5276}	5277	\N
1365	{5291}	5292	\N
1392	{5309}	\N	\N
1403	{5325}	\N	\N
1414	{5339}	\N	\N
1424	{5354}	\N	\N
1435	{5368}	5369	\N
1456	{5434}	5435	\N
1486	{5473}	5474	\N
1502	{5498}	5499	\N
1541	{5535}	5536	\N
1576	{5589}	5590	\N
1718	{5790}	5791	utf-8
1755	{5818}	5819	utf-8
1762	{5826}	5827	utf-8
1775	{5843}	5844	utf-8
1788	{5860}	5861	utf-8
\.


--
-- Data for Name: length_measure_t; Type: TABLE DATA; Schema: public; Owner: postgres
--

COPY length_measure_t (rid, value) FROM stdin;
\.


--
-- Data for Name: length_measure_with_unit_e; Type: TABLE DATA; Schema: public; Owner: postgres
--

COPY length_measure_with_unit_e (rid, value_component, unit_component) FROM stdin;
\.


--
-- Data for Name: length_unit_e; Type: TABLE DATA; Schema: public; Owner: postgres
--

COPY length_unit_e (rid, dimensions) FROM stdin;
\.


--
-- Data for Name: level_spec_value_e; Type: TABLE DATA; Schema: public; Owner: postgres
--

COPY level_spec_value_e (rid, "values") FROM stdin;
\.


--
-- Data for Name: level_t; Type: TABLE DATA; Schema: public; Owner: postgres
--

COPY level_t (rid, element, rang) FROM stdin;
48	MIN	1
49	NOM	2
50	TYP	3
51	MAX	4
\.


--
-- Data for Name: level_type_2_value_type; Type: TABLE DATA; Schema: public; Owner: postgres
--

COPY level_type_2_value_type (rid, rid_s, tablename_s, rid_d, tablename_d) FROM stdin;
3570	1123	LEVEL_TYPE_E	1122	REAL_MEASURE_TYPE_E
3579	1131	LEVEL_TYPE_E	1136	REAL_MEASURE_TYPE_E
3642	1175	LEVEL_TYPE_E	1174	REAL_MEASURE_TYPE_E
3654	1187	LEVEL_TYPE_E	1188	REAL_MEASURE_TYPE_E
3685	1197	LEVEL_TYPE_E	1196	REAL_MEASURE_TYPE_E
\.


--
-- Data for Name: level_type_e; Type: TABLE DATA; Schema: public; Owner: postgres
--

COPY level_type_e (rid, levels, value_type) FROM stdin;
1123	{48,51}	3570
1131	{48,51}	3579
1175	{48,51}	3642
1187	{48,51}	3654
1197	{48,51}	3685
\.


--
-- Data for Name: lib_component_instance_e; Type: TABLE DATA; Schema: public; Owner: postgres
--

COPY lib_component_instance_e (rid, class_def, properties, case_of, supplier_identification, supplier_designation, user_identification, user_designation, is_global_id, source_class_content) FROM stdin;
\.


--
-- Data for Name: lib_f_model_instance_e; Type: TABLE DATA; Schema: public; Owner: postgres
--

COPY lib_f_model_instance_e (rid, class_def, properties, case_of) FROM stdin;
\.


--
-- Data for Name: lib_feature_instance_e; Type: TABLE DATA; Schema: public; Owner: postgres
--

COPY lib_feature_instance_e (rid, class_def, properties, case_of, supplier_identification, supplier_designation, user_identification, user_designation, is_global_id, source_class_content) FROM stdin;
\.


--
-- Data for Name: lib_item_instance_2_supplier_designation; Type: TABLE DATA; Schema: public; Owner: postgres
--

COPY lib_item_instance_2_supplier_designation (rid, rid_s, tablename_s, rid_d, tablename_d) FROM stdin;
\.


--
-- Data for Name: lib_item_instance_2_user_designation; Type: TABLE DATA; Schema: public; Owner: postgres
--

COPY lib_item_instance_2_user_designation (rid, rid_s, tablename_s, rid_d, tablename_d) FROM stdin;
\.


--
-- Data for Name: lib_item_instance_e; Type: TABLE DATA; Schema: public; Owner: postgres
--

COPY lib_item_instance_e (rid, class_def, properties, case_of, supplier_identification, supplier_designation, user_identification, user_designation, is_global_id, source_class_content) FROM stdin;
\.


--
-- Data for Name: lib_material_instance_e; Type: TABLE DATA; Schema: public; Owner: postgres
--

COPY lib_material_instance_e (rid, class_def, properties, case_of, supplier_identification, supplier_designation, user_identification, user_designation, is_global_id, source_class_content) FROM stdin;
\.


--
-- Data for Name: library_2_linked_interfaces; Type: TABLE DATA; Schema: public; Owner: postgres
--

COPY library_2_linked_interfaces (rid, rid_s, tablename_s, rid_d, tablename_d) FROM stdin;
\.


--
-- Data for Name: library_e; Type: TABLE DATA; Schema: public; Owner: postgres
--

COPY library_e (rid, identified_by, is_complete, updates, update_agreement, referenced_dictionaries, responsible_supplier, library_structure, base_protocols, supported_vep, referred_suppliers, contained_classes, a_posteriori_semantic_relationships, names, note, remark, linked_interfaces) FROM stdin;
1441	\N	\N	\N	\N	{}	5379	5376	{}	{}	{5378}	{5380,5381,5382,5383,5384,5385,5386,5387,5388,5389,5390,5391,5392,5393,5394,5395,5396,5397,5398,5399,5400,5401,5402,5403,5404,5405,5406,5407,5408,5409,5410,5411,5766}	{}	5377	\N	\N	{}
\.


--
-- Data for Name: library_iim_identification_e; Type: TABLE DATA; Schema: public; Owner: postgres
--

COPY library_iim_identification_e (rid, source_document_identifier, status, name, date, application, level, external_file_protocols) FROM stdin;
1442	\N	IS	ISO_13584_25	2005	3	\N	{}
\.


--
-- Data for Name: library_in_standard_format_e; Type: TABLE DATA; Schema: public; Owner: postgres
--

COPY library_in_standard_format_e (rid, identified_by, is_complete, updates, update_agreement, referenced_dictionaries, responsible_supplier, library_structure, base_protocols, supported_vep, referred_suppliers, contained_classes, a_posteriori_semantic_relationships, names, note, remark, linked_interfaces) FROM stdin;
\.


--
-- Data for Name: linked_interface_program_protocol_2_link_libraries; Type: TABLE DATA; Schema: public; Owner: postgres
--

COPY linked_interface_program_protocol_2_link_libraries (rid, rid_s, tablename_s, rid_d, tablename_d) FROM stdin;
\.


--
-- Data for Name: linked_interface_program_protocol_e; Type: TABLE DATA; Schema: public; Owner: postgres
--

COPY linked_interface_program_protocol_e (rid, organisation, country, protocol_name, protocol_version, level, designation, base_protocol, link_libraries) FROM stdin;
\.


--
-- Data for Name: list_type_e; Type: TABLE DATA; Schema: public; Owner: postgres
--

COPY list_type_e (rid, bound_1, bound_2, value_type, uniqueness) FROM stdin;
\.


--
-- Data for Name: list_value_2_values; Type: TABLE DATA; Schema: public; Owner: postgres
--

COPY list_value_2_values (rid, rid_s, tablename_s, rid_d, tablename_d) FROM stdin;
\.


--
-- Data for Name: list_value_e; Type: TABLE DATA; Schema: public; Owner: postgres
--

COPY list_value_e (rid, "values") FROM stdin;
\.


--
-- Data for Name: local_time_2_zone; Type: TABLE DATA; Schema: public; Owner: postgres
--

COPY local_time_2_zone (rid, rid_s, tablename_s, rid_d, tablename_d) FROM stdin;
\.


--
-- Data for Name: local_time_e; Type: TABLE DATA; Schema: public; Owner: postgres
--

COPY local_time_e (rid, hour_component, minute_component, second_component, zone) FROM stdin;
\.


--
-- Data for Name: luminous_intensity_measure_t; Type: TABLE DATA; Schema: public; Owner: postgres
--

COPY luminous_intensity_measure_t (rid, value) FROM stdin;
\.


--
-- Data for Name: mass_measure_t; Type: TABLE DATA; Schema: public; Owner: postgres
--

COPY mass_measure_t (rid, value) FROM stdin;
\.


--
-- Data for Name: material_class_case_of_e; Type: TABLE DATA; Schema: public; Owner: postgres
--

COPY material_class_case_of_e (rid, identified_by, time_stamps, revision, rid_bsu, tablename_bsu, names, definition, source_doc_of_definition, note, remark, its_superclass, described_by, defined_types, simplified_drawing, sub_class_properties, class_constant_values, coded_name, referenced_classes, referenced_properties, referenced_data_types, referenced_tables, referenced_documents, is_case_of, imported_properties, imported_types, imported_tables, imported_documents) FROM stdin;
\.


--
-- Data for Name: material_class_e; Type: TABLE DATA; Schema: public; Owner: postgres
--

COPY material_class_e (rid, identified_by, time_stamps, revision, rid_bsu, tablename_bsu, names, definition, source_doc_of_definition, note, remark, its_superclass, described_by, defined_types, simplified_drawing, sub_class_properties, class_constant_values, coded_name) FROM stdin;
\.


--
-- Data for Name: mathematical_string_e; Type: TABLE DATA; Schema: public; Owner: postgres
--

COPY mathematical_string_e (rid, text_representation, sgml_representation) FROM stdin;
1077	lb	?
1081	Commentraire	?
1093	Designation	?
1100	Norme	?
1103	N produit	?
1107	le	?
1113	P	?
1117	d	?
1124	dw	?
1128	h	?
1139	Incorp	?
1144	bf	?
1147	CQ	?
1151	Filet	?
1158	h	?
1161	Elast.	?
1167	f	?
1176	De	?
1180	Rmcmin	?
1185	hc	?
1198	Di	?
1206	Recmin	?
1314	xxxx	xxxx
1318	\N	\N
1319	\N	\N
1324	son symbol	\N
1329	texte	\N
1367	Chim	Chim
1375	Chim	Chim
1459	\N	\N
1460	\N	\N
1465	\N	\N
1466	\N	\N
1471	MSP	\N
1472	\N	\N
1473	\N	\N
1488	\N	\N
1489	\N	\N
1505	\N	\N
1506	\N	\N
1511	non	\N
1516	cme	cme
1372	chim	chim
1527	\N	\N
1528	\N	\N
1544	mpp	\N
1545	\N	\N
1546	\N	\N
1551	lr	\N
1552	\N	\N
1553	\N	\N
1559	\N	\N
1560	\N	\N
1579	\N	\N
1580	\N	\N
1585	\N	\N
1586	\N	\N
1132	da	?
\.


--
-- Data for Name: measure_with_unit_2_unit_component; Type: TABLE DATA; Schema: public; Owner: postgres
--

COPY measure_with_unit_2_unit_component (rid, rid_s, tablename_s, rid_d, tablename_d) FROM stdin;
\.


--
-- Data for Name: measure_with_unit_2_value_component; Type: TABLE DATA; Schema: public; Owner: postgres
--

COPY measure_with_unit_2_value_component (rid, rid_s, tablename_s, rid_d, tablename_d) FROM stdin;
\.


--
-- Data for Name: measure_with_unit_e; Type: TABLE DATA; Schema: public; Owner: postgres
--

COPY measure_with_unit_e (rid, value_component, unit_component) FROM stdin;
\.


--
-- Data for Name: message_e; Type: TABLE DATA; Schema: public; Owner: postgres
--

COPY message_e (rid, used_protocol, content, rid_bsu, tablename_bsu, code) FROM stdin;
\.


--
-- Data for Name: mime_subtype_t; Type: TABLE DATA; Schema: public; Owner: postgres
--

COPY mime_subtype_t (rid, value) FROM stdin;
\.


--
-- Data for Name: mime_type_t; Type: TABLE DATA; Schema: public; Owner: postgres
--

COPY mime_type_t (rid, value) FROM stdin;
\.


--
-- Data for Name: minute_in_hour_t; Type: TABLE DATA; Schema: public; Owner: postgres
--

COPY minute_in_hour_t (rid, value) FROM stdin;
\.


--
-- Data for Name: model_class_extension_2_classification; Type: TABLE DATA; Schema: public; Owner: postgres
--

COPY model_class_extension_2_classification (rid, rid_s, tablename_s, rid_d, tablename_d) FROM stdin;
\.


--
-- Data for Name: model_class_extension_2_recommended_presentation; Type: TABLE DATA; Schema: public; Owner: postgres
--

COPY model_class_extension_2_recommended_presentation (rid, rid_s, tablename_s, rid_d, tablename_d) FROM stdin;
\.


--
-- Data for Name: model_class_extension_2_referenced_external_items; Type: TABLE DATA; Schema: public; Owner: postgres
--

COPY model_class_extension_2_referenced_external_items (rid, rid_s, tablename_s, rid_d, tablename_d) FROM stdin;
\.


--
-- Data for Name: model_class_extension_2_referenced_view_exchange_protocol; Type: TABLE DATA; Schema: public; Owner: postgres
--

COPY model_class_extension_2_referenced_view_exchange_protocol (rid, rid_s, tablename_s, rid_d, tablename_d) FROM stdin;
\.


--
-- Data for Name: model_class_extension_2_used_protocols; Type: TABLE DATA; Schema: public; Owner: postgres
--

COPY model_class_extension_2_used_protocols (rid, rid_s, tablename_s, rid_d, tablename_d) FROM stdin;
\.


--
-- Data for Name: model_class_extension_e; Type: TABLE DATA; Schema: public; Owner: postgres
--

COPY model_class_extension_e (rid, dictionary_definition, rid_bsu, tablename_bsu, properties, referenced_external_items, used_protocols, referenced_view_exchange_protocol, content_version, content_revision, recommended_presentation, classification) FROM stdin;
\.


--
-- Data for Name: month_in_year_number_t; Type: TABLE DATA; Schema: public; Owner: postgres
--

COPY month_in_year_number_t (rid, value) FROM stdin;
\.


--
-- Data for Name: name_attribute_2_named_item; Type: TABLE DATA; Schema: public; Owner: postgres
--

COPY name_attribute_2_named_item (rid, rid_s, tablename_s, rid_d, tablename_d) FROM stdin;
\.


--
-- Data for Name: name_attribute_e; Type: TABLE DATA; Schema: public; Owner: postgres
--

COPY name_attribute_e (rid, attribute_value, named_item) FROM stdin;
\.


--
-- Data for Name: named_info_e; Type: TABLE DATA; Schema: public; Owner: postgres
--

COPY named_info_e (rid, obj, category, name, of_schema) FROM stdin;
\.


--
-- Data for Name: named_type_2_referred_type; Type: TABLE DATA; Schema: public; Owner: postgres
--

COPY named_type_2_referred_type (rid, rid_s, tablename_s, rid_d, tablename_d) FROM stdin;
\.


--
-- Data for Name: named_type_e; Type: TABLE DATA; Schema: public; Owner: postgres
--

COPY named_type_e (rid, referred_type) FROM stdin;
\.


--
-- Data for Name: named_unit_2_dimensions; Type: TABLE DATA; Schema: public; Owner: postgres
--

COPY named_unit_2_dimensions (rid, rid_s, tablename_s, rid_d, tablename_d) FROM stdin;
3568	1121	SI_UNIT_E	0	DIMENSIONAL_EXPONENTS_E
3580	1134	SI_UNIT_E	0	DIMENSIONAL_EXPONENTS_E
3602	1154	SI_UNIT_E	0	DIMENSIONAL_EXPONENTS_E
3612	1164	SI_UNIT_E	0	DIMENSIONAL_EXPONENTS_E
3640	1172	SI_UNIT_E	0	DIMENSIONAL_EXPONENTS_E
3656	1189	SI_UNIT_E	0	DIMENSIONAL_EXPONENTS_E
3683	1194	SI_UNIT_E	0	DIMENSIONAL_EXPONENTS_E
\.


--
-- Data for Name: named_unit_e; Type: TABLE DATA; Schema: public; Owner: postgres
--

COPY named_unit_e (rid, dimensions) FROM stdin;
\.


--
-- Data for Name: non_dependent_p_det_e; Type: TABLE DATA; Schema: public; Owner: postgres
--

COPY non_dependent_p_det_e (rid, identified_by, time_stamps, revision, rid_bsu, tablename_bsu, names, definition, source_doc_of_definition, note, remark, preferred_symbol, synonymous_symbols, figure, det_classification, domain, formula) FROM stdin;
1079	3520	\N	001	1064	PROPERTY_BSU_E	3518	3	\N	\N	\N	3517	{}	\N	?	3519	\N
1083	3524	\N	001	1053	PROPERTY_BSU_E	3522	6	\N	7	\N	3521	{}	\N	?	3523	\N
1095	3541	\N	001	1054	PROPERTY_BSU_E	3539	18	\N	\N	\N	3538	{}	\N	?	3540	\N
1101	3548	\N	001	1056	PROPERTY_BSU_E	3545	25	\N	\N	\N	3547	{}	\N	?	3546	\N
1105	3552	\N	001	1057	PROPERTY_BSU_E	3550	28	\N	\N	\N	3551	{}	\N	?	3549	\N
1109	3556	\N	001	1062	PROPERTY_BSU_E	3555	32	\N	31	\N	3554	{}	\N	?	3553	\N
1115	3563	\N	001	1058	PROPERTY_BSU_E	3561	39	\N	41	40	3560	{}	\N	?	3562	\N
1119	3567	\N	001	1061	PROPERTY_BSU_E	3566	45	\N	44	\N	3564	{}	\N	?	3565	\N
1126	3574	\N	001	1067	PROPERTY_BSU_E	3572	50	\N	49	\N	3571	{}	\N	?	3573	\N
1130	3578	\N	001	1063	PROPERTY_BSU_E	3577	53	\N	55	54	3576	{}	\N	?	3575	\N
1137	3585	\N	001	1065	PROPERTY_BSU_E	3582	61	\N	60	59	3584	{}	\N	?	3583	\N
1141	3589	\N	001	1066	PROPERTY_BSU_E	3586	64	\N	\N	\N	3588	{}	\N	?	3587	\N
1145	3593	\N	001	1068	PROPERTY_BSU_E	3592	68	\N	67	\N	3590	{}	\N	?	3591	\N
1149	3597	\N	001	1069	PROPERTY_BSU_E	3596	72	\N	71	\N	3594	{}	\N	?	3595	\N
1153	3601	\N	001	1055	PROPERTY_BSU_E	3598	76	\N	75	\N	3600	{}	\N	?	3599	\N
1159	3607	\N	001	1070	PROPERTY_BSU_E	3606	80	\N	\N	\N	3605	{}	\N	?	3604	\N
1163	3611	\N	001	1071	PROPERTY_BSU_E	3609	84	\N	83	\N	3608	{}	\N	?	3610	\N
1169	3617	\N	001	1072	PROPERTY_BSU_E	3615	88	\N	89	\N	3614	{}	\N	?	3616	\N
1178	3646	\N	001	1075	PROPERTY_BSU_E	3644	97	\N	96	\N	3643	{}	\N	?	3645	\N
1182	3650	\N	001	1060	PROPERTY_BSU_E	3649	100	\N	101	\N	3648	{}	\N	?	3647	\N
1191	3660	\N	001	1073	PROPERTY_BSU_E	3659	110	\N	109	\N	3658	{}	\N	?	3657	\N
1200	3689	\N	001	1074	PROPERTY_BSU_E	3687	119	\N	118	\N	3686	{}	\N	?	3688	\N
1208	3718	\N	001	1059	PROPERTY_BSU_E	3717	131	\N	130	\N	3716	{}	\N	?	3715	\N
1293	5206	\N	001	1294	PROPERTY_BSU_E	5208	5207	\N	\N	\N	\N	\N	\N	\N	5211	\N
1300	5222	\N	001	1301	PROPERTY_BSU_E	5224	5223	\N	\N	\N	\N	\N	\N	\N	5227	\N
1320	5252	\N	001	1321	PROPERTY_BSU_E	5254	5253	\N	\N	\N	5259	\N	\N	\N	5257	\N
1461	5437	\N	001	1462	PROPERTY_BSU_E	5439	5438	\N	\N	\N	\N	\N	\N	\N	5442	\N
1467	5445	\N	001	1468	PROPERTY_BSU_E	5447	5446	\N	\N	\N	5451	\N	\N	\N	5450	\N
1474	5454	\N	001	1475	PROPERTY_BSU_E	5456	5455	\N	\N	\N	\N	\N	\N	\N	5459	\N
1490	5478	\N	001	1491	PROPERTY_BSU_E	5480	5479	\N	\N	\N	\N	\N	\N	\N	5483	\N
1507	5503	\N	001	1508	PROPERTY_BSU_E	5505	5504	\N	\N	\N	5510	\N	\N	\N	5508	\N
1529	5515	\N	001	1530	PROPERTY_BSU_E	5517	5516	\N	\N	\N	5538	\N	\N	\N	5520	\N
1547	5541	\N	001	1548	PROPERTY_BSU_E	5543	5542	\N	\N	\N	5548	\N	\N	\N	5546	\N
1554	5551	\N	001	1555	PROPERTY_BSU_E	5553	5552	\N	\N	\N	\N	\N	\N	\N	5556	\N
1561	5560	\N	001	1562	PROPERTY_BSU_E	5562	5561	\N	\N	\N	\N	\N	\N	\N	5565	\N
1581	5592	\N	001	1582	PROPERTY_BSU_E	5594	5593	\N	\N	\N	\N	\N	\N	\N	5597	\N
1587	5601	\N	001	1588	PROPERTY_BSU_E	5603	5602	\N	\N	\N	\N	\N	\N	\N	5606	\N
1634	5660	\N	001	1635	PROPERTY_BSU_E	5661	245	\N	\N	\N	\N	{}	\N	\N	5662	\N
1662	5695	\N	001	1663	PROPERTY_BSU_E	5696	266	\N	\N	\N	\N	{}	\N	\N	5697	\N
1666	5700	\N	001	1667	PROPERTY_BSU_E	5701	270	\N	\N	\N	\N	{}	\N	\N	5702	\N
1670	5705	\N	001	1671	PROPERTY_BSU_E	5706	\N	\N	\N	\N	\N	{}	\N	\N	5707	\N
1674	5710	\N	001	1675	PROPERTY_BSU_E	5711	274	\N	\N	\N	\N	{}	\N	\N	5712	\N
1682	5720	\N	001	1683	PROPERTY_BSU_E	5721	279	\N	\N	\N	\N	{}	\N	\N	5722	\N
1690	5731	\N	001	1691	PROPERTY_BSU_E	5732	283	\N	\N	\N	\N	{}	\N	\N	5733	\N
1706	5778	\N	001	1707	PROPERTY_BSU_E	5779	291	\N	\N	\N	\N	{}	\N	\N	5780	\N
\.


--
-- Data for Name: non_instantiable_functional_view_class_e; Type: TABLE DATA; Schema: public; Owner: postgres
--

COPY non_instantiable_functional_view_class_e (rid, identified_by, time_stamps, revision, rid_bsu, tablename_bsu, names, definition, source_doc_of_definition, note, remark, its_superclass, described_by, defined_types, representation_type, view_control_variables, view_properties) FROM stdin;
\.


--
-- Data for Name: non_quantitative_code_type_2_domain; Type: TABLE DATA; Schema: public; Owner: postgres
--

COPY non_quantitative_code_type_2_domain (rid, rid_s, tablename_s, rid_d, tablename_d) FROM stdin;
\.


--
-- Data for Name: non_quantitative_code_type_e; Type: TABLE DATA; Schema: public; Owner: postgres
--

COPY non_quantitative_code_type_e (rid, value_format, domain) FROM stdin;
\.


--
-- Data for Name: non_quantitative_int_type_2_domain; Type: TABLE DATA; Schema: public; Owner: postgres
--

COPY non_quantitative_int_type_2_domain (rid, rid_s, tablename_s, rid_d, tablename_d) FROM stdin;
\.


--
-- Data for Name: non_quantitative_int_type_e; Type: TABLE DATA; Schema: public; Owner: postgres
--

COPY non_quantitative_int_type_e (rid, value_format, domain) FROM stdin;
\.


--
-- Data for Name: non_si_unit_e; Type: TABLE DATA; Schema: public; Owner: postgres
--

COPY non_si_unit_e (rid, dimensions, name) FROM stdin;
\.


--
-- Data for Name: non_standard_data_protocol_e; Type: TABLE DATA; Schema: public; Owner: postgres
--

COPY non_standard_data_protocol_e (rid, organisation, country, protocol_name, protocol_version, level, designation, base_protocol) FROM stdin;
\.


--
-- Data for Name: non_standard_protocol_e; Type: TABLE DATA; Schema: public; Owner: postgres
--

COPY non_standard_protocol_e (rid, organisation, country, protocol_name, protocol_version, level, designation, base_protocol) FROM stdin;
\.


--
-- Data for Name: non_standard_simple_program_protocol_e; Type: TABLE DATA; Schema: public; Owner: postgres
--

COPY non_standard_simple_program_protocol_e (rid, organisation, country, protocol_name, protocol_version, level, designation, base_protocol, language, status, compiler_supplier, compiler_name, compiler_version) FROM stdin;
\.


--
-- Data for Name: not_translatable_external_content_e; Type: TABLE DATA; Schema: public; Owner: postgres
--

COPY not_translatable_external_content_e (rid, consists_of) FROM stdin;
1351	{5275}
1362	{5290}
1389	{5308}
1400	{5324}
1411	{5338}
1421	{5353}
1432	{5367}
1453	{5433}
1483	{5472}
1499	{5497}
1538	{5534}
1573	{5588}
\.


--
-- Data for Name: not_translated_external_content_e; Type: TABLE DATA; Schema: public; Owner: postgres
--

COPY not_translated_external_content_e (rid, consists_of) FROM stdin;
1712	{5792}
1720	{}
1726	{}
1732	{}
1738	{}
1744	{}
1750	{5820}
1757	{5828}
1769	{5842}
1783	{5859}
\.


--
-- Data for Name: null_value_e; Type: TABLE DATA; Schema: public; Owner: postgres
--

COPY null_value_e (rid) FROM stdin;
\.


--
-- Data for Name: number_type_e; Type: TABLE DATA; Schema: public; Owner: postgres
--

COPY number_type_e (rid, value_format) FROM stdin;
\.


--
-- Data for Name: numeric_measure_t; Type: TABLE DATA; Schema: public; Owner: postgres
--

COPY numeric_measure_t (rid, value) FROM stdin;
\.


--
-- Data for Name: oid_rid; Type: TABLE DATA; Schema: public; Owner: postgres
--

COPY oid_rid (oids, rid) FROM stdin;
\.


--
-- Data for Name: oid_rid_version; Type: TABLE DATA; Schema: public; Owner: postgres
--

COPY oid_rid_version (oids, rid) FROM stdin;
\.


--
-- Data for Name: ordinal_date_e; Type: TABLE DATA; Schema: public; Owner: postgres
--

COPY ordinal_date_e (rid, year_component, day_component) FROM stdin;
\.


--
-- Data for Name: organization_e; Type: TABLE DATA; Schema: public; Owner: postgres
--

COPY organization_e (rid, id, name, description) FROM stdin;
1086		Pole Fixation	
1714		World Wide Web Consortium	W3C
1722		World Wide Web Consortium	W3C
1728		World Wide Web Consortium	W3C
1734		World Wide Web Consortium	W3C
1740		World Wide Web Consortium	W3C
1746		World Wide Web Consortium	W3C
1752		World Wide Web Consortium	W3C
1759		World Wide Web Consortium	W3C
1765			
1771		World Wide Web Consortium	W3C
1779			
1785		World Wide Web Consortium	W3C
\.


--
-- Data for Name: parameter_value_t; Type: TABLE DATA; Schema: public; Owner: postgres
--

COPY parameter_value_t (rid, value) FROM stdin;
\.


--
-- Data for Name: person_e; Type: TABLE DATA; Schema: public; Owner: postgres
--

COPY person_e (rid, id, last_name, first_name, middle_names, prefix_titles, suffix_titles) FROM stdin;
\.


--
-- Data for Name: placement_2_location; Type: TABLE DATA; Schema: public; Owner: postgres
--

COPY placement_2_location (rid, rid_s, tablename_s, rid_d, tablename_d) FROM stdin;
\.


--
-- Data for Name: placement_e; Type: TABLE DATA; Schema: public; Owner: postgres
--

COPY placement_e (rid, name, location) FROM stdin;
\.


--
-- Data for Name: placement_type_e; Type: TABLE DATA; Schema: public; Owner: postgres
--

COPY placement_type_e (rid, type_name) FROM stdin;
\.


--
-- Data for Name: plane_angle_measure_t; Type: TABLE DATA; Schema: public; Owner: postgres
--

COPY plane_angle_measure_t (rid, value) FROM stdin;
\.


--
-- Data for Name: point_e; Type: TABLE DATA; Schema: public; Owner: postgres
--

COPY point_e (rid, name) FROM stdin;
\.


--
-- Data for Name: positive_length_measure_t; Type: TABLE DATA; Schema: public; Owner: postgres
--

COPY positive_length_measure_t (rid, value) FROM stdin;
\.


--
-- Data for Name: positive_plane_angle_measure_t; Type: TABLE DATA; Schema: public; Owner: postgres
--

COPY positive_plane_angle_measure_t (rid, value) FROM stdin;
\.


--
-- Data for Name: present_translations_e; Type: TABLE DATA; Schema: public; Owner: postgres
--

COPY present_translations_e (rid, language_codes) FROM stdin;
\.


--
-- Data for Name: program_library_bsu_2_defined_by; Type: TABLE DATA; Schema: public; Owner: postgres
--

COPY program_library_bsu_2_defined_by (rid, rid_s, tablename_s, rid_d, tablename_d) FROM stdin;
\.


--
-- Data for Name: program_library_bsu_e; Type: TABLE DATA; Schema: public; Owner: postgres
--

COPY program_library_bsu_e (rid, code, version, is_version_current, defined_by) FROM stdin;
\.


--
-- Data for Name: program_library_code_type_t; Type: TABLE DATA; Schema: public; Owner: postgres
--

COPY program_library_code_type_t (rid, value) FROM stdin;
\.


--
-- Data for Name: program_library_content_2_dictionary_definition; Type: TABLE DATA; Schema: public; Owner: postgres
--

COPY program_library_content_2_dictionary_definition (rid, rid_s, tablename_s, rid_d, tablename_d) FROM stdin;
\.


--
-- Data for Name: program_library_content_2_used_protocol; Type: TABLE DATA; Schema: public; Owner: postgres
--

COPY program_library_content_2_used_protocol (rid, rid_s, tablename_s, rid_d, tablename_d) FROM stdin;
\.


--
-- Data for Name: program_library_content_e; Type: TABLE DATA; Schema: public; Owner: postgres
--

COPY program_library_content_e (rid, dictionary_definition, rid_bsu, tablename_bsu, used_protocol, content, revision) FROM stdin;
\.


--
-- Data for Name: program_library_element_2_identified_by; Type: TABLE DATA; Schema: public; Owner: postgres
--

COPY program_library_element_2_identified_by (rid, rid_s, tablename_s, rid_d, tablename_d) FROM stdin;
\.


--
-- Data for Name: program_library_element_e; Type: TABLE DATA; Schema: public; Owner: postgres
--

COPY program_library_element_e (rid, identified_by, time_stamps, revision, rid_bsu, tablename_bsu, names, definition, note, remark) FROM stdin;
\.


--
-- Data for Name: program_protocol_e; Type: TABLE DATA; Schema: public; Owner: postgres
--

COPY program_protocol_e (rid, organisation, country, protocol_name, protocol_version, level, designation, base_protocol) FROM stdin;
\.


--
-- Data for Name: program_reference_2_in_parameters; Type: TABLE DATA; Schema: public; Owner: postgres
--

COPY program_reference_2_in_parameters (rid, rid_s, tablename_s, rid_d, tablename_d) FROM stdin;
\.


--
-- Data for Name: program_reference_2_inout_parameters; Type: TABLE DATA; Schema: public; Owner: postgres
--

COPY program_reference_2_inout_parameters (rid, rid_s, tablename_s, rid_d, tablename_d) FROM stdin;
\.


--
-- Data for Name: program_reference_2_out_parameters; Type: TABLE DATA; Schema: public; Owner: postgres
--

COPY program_reference_2_out_parameters (rid, rid_s, tablename_s, rid_d, tablename_d) FROM stdin;
\.


--
-- Data for Name: program_reference_2_used_protocol; Type: TABLE DATA; Schema: public; Owner: postgres
--

COPY program_reference_2_used_protocol (rid, rid_s, tablename_s, rid_d, tablename_d) FROM stdin;
\.


--
-- Data for Name: program_reference_e; Type: TABLE DATA; Schema: public; Owner: postgres
--

COPY program_reference_e (rid, used_protocol, content, rid_bsu, tablename_bsu, code, syntactical_name, in_parameters, out_parameters, inout_parameters) FROM stdin;
\.


--
-- Data for Name: program_reference_name_type_t; Type: TABLE DATA; Schema: public; Owner: postgres
--

COPY program_reference_name_type_t (rid, value) FROM stdin;
\.


--
-- Data for Name: program_reference_type_e; Type: TABLE DATA; Schema: public; Owner: postgres
--

COPY program_reference_type_e (rid, type_name) FROM stdin;
\.


--
-- Data for Name: program_status_t; Type: TABLE DATA; Schema: public; Owner: postgres
--

COPY program_status_t (rid, element, rang) FROM stdin;
55	SOURCE	1
56	COMPILED	2
\.


--
-- Data for Name: property_bsu_2_name_scope; Type: TABLE DATA; Schema: public; Owner: postgres
--

COPY property_bsu_2_name_scope (rid, rid_s, tablename_s, rid_d, tablename_d) FROM stdin;
3454	\N	\N	\N	\N
3455	\N	\N	\N	\N
3456	\N	\N	\N	\N
3457	\N	\N	\N	\N
3494	1053	PROPERTY_BSU_E	1018	CLASS_BSU_E
3495	1054	PROPERTY_BSU_E	1018	CLASS_BSU_E
3496	1055	PROPERTY_BSU_E	1019	CLASS_BSU_E
3497	1056	PROPERTY_BSU_E	1018	CLASS_BSU_E
3498	1057	PROPERTY_BSU_E	1018	CLASS_BSU_E
3499	1058	PROPERTY_BSU_E	1019	CLASS_BSU_E
3500	1059	PROPERTY_BSU_E	1019	CLASS_BSU_E
3501	1060	PROPERTY_BSU_E	1019	CLASS_BSU_E
3502	1061	PROPERTY_BSU_E	1019	CLASS_BSU_E
3503	1062	PROPERTY_BSU_E	1019	CLASS_BSU_E
3504	1063	PROPERTY_BSU_E	1019	CLASS_BSU_E
3505	1064	PROPERTY_BSU_E	1019	CLASS_BSU_E
3506	1065	PROPERTY_BSU_E	1019	CLASS_BSU_E
3507	1066	PROPERTY_BSU_E	1019	CLASS_BSU_E
3508	1067	PROPERTY_BSU_E	1019	CLASS_BSU_E
3509	1068	PROPERTY_BSU_E	1019	CLASS_BSU_E
3510	1069	PROPERTY_BSU_E	1019	CLASS_BSU_E
3511	1070	PROPERTY_BSU_E	1019	CLASS_BSU_E
3512	1071	PROPERTY_BSU_E	1019	CLASS_BSU_E
3513	1072	PROPERTY_BSU_E	1019	CLASS_BSU_E
3514	1073	PROPERTY_BSU_E	1019	CLASS_BSU_E
3515	1074	PROPERTY_BSU_E	1019	CLASS_BSU_E
3516	1075	PROPERTY_BSU_E	1019	CLASS_BSU_E
5212	1294	PROPERTY_BSU_E	1040	CLASS_BSU_E
5228	1301	PROPERTY_BSU_E	1040	CLASS_BSU_E
5258	1321	PROPERTY_BSU_E	1023	CLASS_BSU_E
5460	1475	PROPERTY_BSU_E	1446	CLASS_BSU_E
5484	1491	PROPERTY_BSU_E	1047	CLASS_BSU_E
5509	1508	PROPERTY_BSU_E	1047	CLASS_BSU_E
5521	1530	PROPERTY_BSU_E	1022	CLASS_BSU_E
5547	1548	PROPERTY_BSU_E	1037	CLASS_BSU_E
5557	1555	PROPERTY_BSU_E	1037	CLASS_BSU_E
5566	1562	PROPERTY_BSU_E	1037	CLASS_BSU_E
5598	1582	PROPERTY_BSU_E	1566	CLASS_BSU_E
5607	1588	PROPERTY_BSU_E	1566	CLASS_BSU_E
5664	1635	PROPERTY_BSU_E	1018	CLASS_BSU_E
5699	1663	PROPERTY_BSU_E	1017	CLASS_BSU_E
5704	1667	PROPERTY_BSU_E	1017	CLASS_BSU_E
5709	1671	PROPERTY_BSU_E	1017	CLASS_BSU_E
5714	1675	PROPERTY_BSU_E	1017	CLASS_BSU_E
5719	1679	PROPERTY_BSU_E	1017	CLASS_BSU_E
5724	1683	PROPERTY_BSU_E	1017	CLASS_BSU_E
5730	1687	PROPERTY_BSU_E	1017	CLASS_BSU_E
5734	1691	PROPERTY_BSU_E	1017	CLASS_BSU_E
5738	1695	PROPERTY_BSU_E	1017	CLASS_BSU_E
5744	1699	PROPERTY_BSU_E	1017	CLASS_BSU_E
5782	1707	PROPERTY_BSU_E	1703	CLASS_BSU_E
\.


--
-- Data for Name: property_bsu_e; Type: TABLE DATA; Schema: public; Owner: postgres
--

COPY property_bsu_e (rid, code, version, is_version_current, name_scope, rid_class, tablename_class) FROM stdin;
1053	PROP_000004	001	t	3494	1018	CLASS_BSU_E
1054	PROP_000001	001	t	3495	1018	CLASS_BSU_E
1055	PROP_000012	001	t	3496	1019	CLASS_BSU_E
1056	PROP_000003	001	t	3497	1018	CLASS_BSU_E
1057	PROP_000002	001	t	3498	1018	CLASS_BSU_E
1058	FAM_000005	001	t	3499	1019	CLASS_BSU_E
1059	PROP_000022	001	t	3500	1019	CLASS_BSU_E
1060	PROP_000023	001	t	3501	1019	CLASS_BSU_E
1061	PROP_000044	001	t	3502	1019	CLASS_BSU_E
1062	PROP_000007	001	t	3503	1019	CLASS_BSU_E
1063	PROP_000008	001	t	3504	1019	CLASS_BSU_E
1064	PROP_000006	001	t	3505	1019	CLASS_BSU_E
1065	PROP_000010	001	t	3506	1019	CLASS_BSU_E
1066	PROP_000015	001	t	3507	1019	CLASS_BSU_E
1067	PROP_000009	001	t	3508	1019	CLASS_BSU_E
1068	PROP_000014	001	t	3509	1019	CLASS_BSU_E
1069	PROP_000013	001	t	3510	1019	CLASS_BSU_E
1070	PROP_000017	001	t	3511	1019	CLASS_BSU_E
1071	PROP_000016	001	t	3512	1019	CLASS_BSU_E
1072	PROP_000018	001	t	3513	1019	CLASS_BSU_E
1073	PROP_000021	001	t	3514	1019	CLASS_BSU_E
1074	PROP_000020	001	t	3515	1019	CLASS_BSU_E
1075	PROP_000019	001	t	3516	1019	CLASS_BSU_E
1294	003	001	t	5212	1040	CLASS_BSU_E
1301	006	001	t	5228	1040	CLASS_BSU_E
1321	008	001	t	5258	1023	CLASS_BSU_E
1462	007	001	t	\N	\N	\N
1468	005	001	t	\N	\N	\N
1475	003	001	t	5460	1446	CLASS_BSU_E
1491	002	001	t	5484	1047	CLASS_BSU_E
1508	004	001	t	5509	1047	CLASS_BSU_E
1530	004	001	t	5521	1022	CLASS_BSU_E
1548	005	001	t	5547	1037	CLASS_BSU_E
1555	006	001	t	5557	1037	CLASS_BSU_E
1562	006	001	t	5566	1037	CLASS_BSU_E
1582	001	001	t	5598	1566	CLASS_BSU_E
1588	002	001	t	5607	1566	CLASS_BSU_E
1635	71FCB9B412DFC	001	t	5664	1018	CLASS_BSU_E
1663	71FCB9B85B93F	001	t	5699	1017	CLASS_BSU_E
1667	71FCB9B8A8C3D	001	t	5704	1017	CLASS_BSU_E
1671	71FCB9BDD0576	001	t	5709	1017	CLASS_BSU_E
1675	71FCB9BE29A72	001	t	5714	1017	CLASS_BSU_E
1679	71FCB9BE3104F	001	t	5719	1017	CLASS_BSU_E
1683	71FCB9BE7780F	001	t	5724	1017	CLASS_BSU_E
1687	71FCB9BE882AA	001	t	5730	1017	CLASS_BSU_E
1691	71FCB9BE8A6DD	001	t	5734	1017	CLASS_BSU_E
1695	71FCB9BE8D1D6	001	t	5738	1017	CLASS_BSU_E
1699	71FCB9BE8F6B4	001	t	5744	1017	CLASS_BSU_E
1707	71FCB9BF642E3	001	t	5782	1703	CLASS_BSU_E
\.


--
-- Data for Name: property_classification_2_prop_def; Type: TABLE DATA; Schema: public; Owner: postgres
--

COPY property_classification_2_prop_def (rid, rid_s, tablename_s, rid_d, tablename_d) FROM stdin;
\.


--
-- Data for Name: property_classification_e; Type: TABLE DATA; Schema: public; Owner: postgres
--

COPY property_classification_e (rid, its_value, prop_def) FROM stdin;
\.


--
-- Data for Name: property_code_type_t; Type: TABLE DATA; Schema: public; Owner: postgres
--

COPY property_code_type_t (rid, value) FROM stdin;
\.


--
-- Data for Name: property_det_2_domain; Type: TABLE DATA; Schema: public; Owner: postgres
--

COPY property_det_2_domain (rid, rid_s, tablename_s, rid_d, tablename_d) FROM stdin;
3523	1083	NON_DEPENDENT_P_DET_E	1080	STRING_TYPE_E
3540	1095	NON_DEPENDENT_P_DET_E	1092	STRING_TYPE_E
3546	1101	NON_DEPENDENT_P_DET_E	1098	STRING_TYPE_E
3549	1105	NON_DEPENDENT_P_DET_E	1102	STRING_TYPE_E
3553	1109	NON_DEPENDENT_P_DET_E	1108	REAL_TYPE_E
3562	1115	NON_DEPENDENT_P_DET_E	1112	REAL_TYPE_E
3573	1126	NON_DEPENDENT_P_DET_E	1123	LEVEL_TYPE_E
3575	1130	NON_DEPENDENT_P_DET_E	1127	REAL_TYPE_E
3583	1137	NON_DEPENDENT_P_DET_E	1131	LEVEL_TYPE_E
3587	1141	NON_DEPENDENT_P_DET_E	1138	BOOLEAN_TYPE_E
3604	1159	NON_DEPENDENT_P_DET_E	1157	REAL_MEASURE_TYPE_E
3610	1163	NON_DEPENDENT_P_DET_E	1160	BOOLEAN_TYPE_E
3616	1169	NON_DEPENDENT_P_DET_E	1166	REAL_MEASURE_TYPE_E
3645	1178	NON_DEPENDENT_P_DET_E	1175	LEVEL_TYPE_E
3647	1182	NON_DEPENDENT_P_DET_E	1179	STRING_TYPE_E
3657	1191	NON_DEPENDENT_P_DET_E	1187	LEVEL_TYPE_E
3688	1200	NON_DEPENDENT_P_DET_E	1197	LEVEL_TYPE_E
3715	1208	NON_DEPENDENT_P_DET_E	1205	STRING_TYPE_E
5211	1293	NON_DEPENDENT_P_DET_E	1296	STRING_TYPE_E
5227	1300	NON_DEPENDENT_P_DET_E	1303	STRING_TYPE_E
5257	1320	NON_DEPENDENT_P_DET_E	1326	STRING_TYPE_E
5442	1461	NON_DEPENDENT_P_DET_E	1464	STRING_TYPE_E
5450	1467	NON_DEPENDENT_P_DET_E	1470	STRING_TYPE_E
5459	1474	NON_DEPENDENT_P_DET_E	1477	STRING_TYPE_E
5483	1490	NON_DEPENDENT_P_DET_E	1493	STRING_TYPE_E
5508	1507	NON_DEPENDENT_P_DET_E	1510	STRING_TYPE_E
3519	1079	NON_DEPENDENT_P_DET_E	1520	INT_TYPE_E
3599	1153	NON_DEPENDENT_P_DET_E	1522	STRING_TYPE_E
3591	1145	NON_DEPENDENT_P_DET_E	1524	STRING_TYPE_E
3565	1119	NON_DEPENDENT_P_DET_E	1525	INT_TYPE_E
5520	1529	NON_DEPENDENT_P_DET_E	1532	STRING_TYPE_E
5546	1547	NON_DEPENDENT_P_DET_E	1550	STRING_TYPE_E
5556	1554	NON_DEPENDENT_P_DET_E	1558	STRING_TYPE_E
5565	1561	NON_DEPENDENT_P_DET_E	1564	STRING_TYPE_E
5597	1581	NON_DEPENDENT_P_DET_E	1584	STRING_TYPE_E
5606	1587	NON_DEPENDENT_P_DET_E	1590	STRING_TYPE_E
3595	1149	NON_DEPENDENT_P_DET_E	1591	REAL_TYPE_E
5662	1634	NON_DEPENDENT_P_DET_E	1637	STRING_TYPE_E
5697	1662	NON_DEPENDENT_P_DET_E	1665	STRING_TYPE_E
5702	1666	NON_DEPENDENT_P_DET_E	1669	STRING_TYPE_E
5707	1670	NON_DEPENDENT_P_DET_E	1673	STRING_TYPE_E
5712	1674	NON_DEPENDENT_P_DET_E	1677	STRING_TYPE_E
5717	1678	CONDITION_DET_E	1681	STRING_TYPE_E
5722	1682	NON_DEPENDENT_P_DET_E	1685	STRING_TYPE_E
5727	1686	DEPENDENT_P_DET_E	1689	STRING_TYPE_E
5733	1690	NON_DEPENDENT_P_DET_E	1693	STRING_TYPE_E
5737	1694	CONDITION_DET_E	1697	STRING_TYPE_E
5741	1698	DEPENDENT_P_DET_E	1701	STRING_TYPE_E
5780	1706	NON_DEPENDENT_P_DET_E	1710	ENTITY_INSTANCE_TYPE_E
\.


--
-- Data for Name: property_det_2_figure; Type: TABLE DATA; Schema: public; Owner: postgres
--

COPY property_det_2_figure (rid, rid_s, tablename_s, rid_d, tablename_d) FROM stdin;
\.


--
-- Data for Name: property_det_2_formula; Type: TABLE DATA; Schema: public; Owner: postgres
--

COPY property_det_2_formula (rid, rid_s, tablename_s, rid_d, tablename_d) FROM stdin;
\.


--
-- Data for Name: property_det_2_identified_by; Type: TABLE DATA; Schema: public; Owner: postgres
--

COPY property_det_2_identified_by (rid, rid_s, tablename_s, rid_d, tablename_d) FROM stdin;
3520	1079	NON_DEPENDENT_P_DET_E	1064	PROPERTY_BSU_E
3524	1083	NON_DEPENDENT_P_DET_E	1053	PROPERTY_BSU_E
3541	1095	NON_DEPENDENT_P_DET_E	1054	PROPERTY_BSU_E
3548	1101	NON_DEPENDENT_P_DET_E	1056	PROPERTY_BSU_E
3552	1105	NON_DEPENDENT_P_DET_E	1057	PROPERTY_BSU_E
3556	1109	NON_DEPENDENT_P_DET_E	1062	PROPERTY_BSU_E
3563	1115	NON_DEPENDENT_P_DET_E	1058	PROPERTY_BSU_E
3567	1119	NON_DEPENDENT_P_DET_E	1061	PROPERTY_BSU_E
3574	1126	NON_DEPENDENT_P_DET_E	1067	PROPERTY_BSU_E
3578	1130	NON_DEPENDENT_P_DET_E	1063	PROPERTY_BSU_E
3585	1137	NON_DEPENDENT_P_DET_E	1065	PROPERTY_BSU_E
3589	1141	NON_DEPENDENT_P_DET_E	1066	PROPERTY_BSU_E
3593	1145	NON_DEPENDENT_P_DET_E	1068	PROPERTY_BSU_E
3597	1149	NON_DEPENDENT_P_DET_E	1069	PROPERTY_BSU_E
3601	1153	NON_DEPENDENT_P_DET_E	1055	PROPERTY_BSU_E
3607	1159	NON_DEPENDENT_P_DET_E	1070	PROPERTY_BSU_E
3611	1163	NON_DEPENDENT_P_DET_E	1071	PROPERTY_BSU_E
3617	1169	NON_DEPENDENT_P_DET_E	1072	PROPERTY_BSU_E
3646	1178	NON_DEPENDENT_P_DET_E	1075	PROPERTY_BSU_E
3650	1182	NON_DEPENDENT_P_DET_E	1060	PROPERTY_BSU_E
3660	1191	NON_DEPENDENT_P_DET_E	1073	PROPERTY_BSU_E
3689	1200	NON_DEPENDENT_P_DET_E	1074	PROPERTY_BSU_E
3718	1208	NON_DEPENDENT_P_DET_E	1059	PROPERTY_BSU_E
5206	1293	NON_DEPENDENT_P_DET_E	1294	PROPERTY_BSU_E
5222	1300	NON_DEPENDENT_P_DET_E	1301	PROPERTY_BSU_E
5252	1320	NON_DEPENDENT_P_DET_E	1321	PROPERTY_BSU_E
5437	1461	NON_DEPENDENT_P_DET_E	1462	PROPERTY_BSU_E
5445	1467	NON_DEPENDENT_P_DET_E	1468	PROPERTY_BSU_E
5454	1474	NON_DEPENDENT_P_DET_E	1475	PROPERTY_BSU_E
5478	1490	NON_DEPENDENT_P_DET_E	1491	PROPERTY_BSU_E
5503	1507	NON_DEPENDENT_P_DET_E	1508	PROPERTY_BSU_E
5515	1529	NON_DEPENDENT_P_DET_E	1530	PROPERTY_BSU_E
5541	1547	NON_DEPENDENT_P_DET_E	1548	PROPERTY_BSU_E
5551	1554	NON_DEPENDENT_P_DET_E	1555	PROPERTY_BSU_E
5560	1561	NON_DEPENDENT_P_DET_E	1562	PROPERTY_BSU_E
5592	1581	NON_DEPENDENT_P_DET_E	1582	PROPERTY_BSU_E
5601	1587	NON_DEPENDENT_P_DET_E	1588	PROPERTY_BSU_E
5660	1634	NON_DEPENDENT_P_DET_E	1635	PROPERTY_BSU_E
5695	1662	NON_DEPENDENT_P_DET_E	1663	PROPERTY_BSU_E
5700	1666	NON_DEPENDENT_P_DET_E	1667	PROPERTY_BSU_E
5705	1670	NON_DEPENDENT_P_DET_E	1671	PROPERTY_BSU_E
5710	1674	NON_DEPENDENT_P_DET_E	1675	PROPERTY_BSU_E
5715	1678	CONDITION_DET_E	1679	PROPERTY_BSU_E
5720	1682	NON_DEPENDENT_P_DET_E	1683	PROPERTY_BSU_E
5725	1686	DEPENDENT_P_DET_E	1687	PROPERTY_BSU_E
5731	1690	NON_DEPENDENT_P_DET_E	1691	PROPERTY_BSU_E
5735	1694	CONDITION_DET_E	1695	PROPERTY_BSU_E
5739	1698	DEPENDENT_P_DET_E	1699	PROPERTY_BSU_E
5778	1706	NON_DEPENDENT_P_DET_E	1707	PROPERTY_BSU_E
\.


--
-- Data for Name: property_det_2_preferred_symbol; Type: TABLE DATA; Schema: public; Owner: postgres
--

COPY property_det_2_preferred_symbol (rid, rid_s, tablename_s, rid_d, tablename_d) FROM stdin;
3517	1079	NON_DEPENDENT_P_DET_E	1077	MATHEMATICAL_STRING_E
3521	1083	NON_DEPENDENT_P_DET_E	1081	MATHEMATICAL_STRING_E
3538	1095	NON_DEPENDENT_P_DET_E	1093	MATHEMATICAL_STRING_E
3547	1101	NON_DEPENDENT_P_DET_E	1100	MATHEMATICAL_STRING_E
3551	1105	NON_DEPENDENT_P_DET_E	1103	MATHEMATICAL_STRING_E
3554	1109	NON_DEPENDENT_P_DET_E	1107	MATHEMATICAL_STRING_E
3560	1115	NON_DEPENDENT_P_DET_E	1113	MATHEMATICAL_STRING_E
3564	1119	NON_DEPENDENT_P_DET_E	1117	MATHEMATICAL_STRING_E
3571	1126	NON_DEPENDENT_P_DET_E	1124	MATHEMATICAL_STRING_E
3576	1130	NON_DEPENDENT_P_DET_E	1128	MATHEMATICAL_STRING_E
3584	1137	NON_DEPENDENT_P_DET_E	1132	MATHEMATICAL_STRING_E
3588	1141	NON_DEPENDENT_P_DET_E	1139	MATHEMATICAL_STRING_E
3590	1145	NON_DEPENDENT_P_DET_E	1144	MATHEMATICAL_STRING_E
3594	1149	NON_DEPENDENT_P_DET_E	1147	MATHEMATICAL_STRING_E
3600	1153	NON_DEPENDENT_P_DET_E	1151	MATHEMATICAL_STRING_E
3605	1159	NON_DEPENDENT_P_DET_E	1158	MATHEMATICAL_STRING_E
3608	1163	NON_DEPENDENT_P_DET_E	1161	MATHEMATICAL_STRING_E
3614	1169	NON_DEPENDENT_P_DET_E	1167	MATHEMATICAL_STRING_E
3643	1178	NON_DEPENDENT_P_DET_E	1176	MATHEMATICAL_STRING_E
3648	1182	NON_DEPENDENT_P_DET_E	1180	MATHEMATICAL_STRING_E
3658	1191	NON_DEPENDENT_P_DET_E	1185	MATHEMATICAL_STRING_E
3686	1200	NON_DEPENDENT_P_DET_E	1198	MATHEMATICAL_STRING_E
3716	1208	NON_DEPENDENT_P_DET_E	1206	MATHEMATICAL_STRING_E
5259	1320	NON_DEPENDENT_P_DET_E	1324	MATHEMATICAL_STRING_E
5451	1467	NON_DEPENDENT_P_DET_E	1471	MATHEMATICAL_STRING_E
5510	1507	NON_DEPENDENT_P_DET_E	1511	MATHEMATICAL_STRING_E
5538	1529	NON_DEPENDENT_P_DET_E	1544	MATHEMATICAL_STRING_E
5548	1547	NON_DEPENDENT_P_DET_E	1551	MATHEMATICAL_STRING_E
\.


--
-- Data for Name: property_det_2_synonymous_symbols; Type: TABLE DATA; Schema: public; Owner: postgres
--

COPY property_det_2_synonymous_symbols (rid, rid_s, tablename_s, rid_d, tablename_d) FROM stdin;
\.


--
-- Data for Name: property_det_e; Type: TABLE DATA; Schema: public; Owner: postgres
--

COPY property_det_e (rid, identified_by, time_stamps, revision, rid_bsu, tablename_bsu, names, definition, source_doc_of_definition, note, remark, preferred_symbol, synonymous_symbols, figure, det_classification, domain, formula) FROM stdin;
\.


--
-- Data for Name: property_value_2_its_value; Type: TABLE DATA; Schema: public; Owner: postgres
--

COPY property_value_2_its_value (rid, rid_s, tablename_s, rid_d, tablename_d) FROM stdin;
\.


--
-- Data for Name: property_value_2_prop_def; Type: TABLE DATA; Schema: public; Owner: postgres
--

COPY property_value_2_prop_def (rid, rid_s, tablename_s, rid_d, tablename_d) FROM stdin;
\.


--
-- Data for Name: property_value_e; Type: TABLE DATA; Schema: public; Owner: postgres
--

COPY property_value_e (rid, its_value, prop_def) FROM stdin;
\.


--
-- Data for Name: property_value_external_item_e; Type: TABLE DATA; Schema: public; Owner: postgres
--

COPY property_value_external_item_e (rid, used_protocol, content, rid_bsu, tablename_bsu) FROM stdin;
1711	5787	5784	\N	\N
1719	5796	5793	\N	\N
1725	5800	5797	\N	\N
1731	5804	5801	\N	\N
1737	5808	5805	\N	\N
1743	5812	5809	\N	\N
1749	5816	5813	\N	\N
1756	5824	5821	\N	\N
\.


--
-- Data for Name: property_value_recommended_presentation_2_prop_def; Type: TABLE DATA; Schema: public; Owner: postgres
--

COPY property_value_recommended_presentation_2_prop_def (rid, rid_s, tablename_s, rid_d, tablename_d) FROM stdin;
\.


--
-- Data for Name: property_value_recommended_presentation_2_recommended_presentat; Type: TABLE DATA; Schema: public; Owner: postgres
--

COPY property_value_recommended_presentation_2_recommended_presentat (rid, rid_s, tablename_s, rid_d, tablename_d) FROM stdin;
\.


--
-- Data for Name: property_value_recommended_presentation_e; Type: TABLE DATA; Schema: public; Owner: postgres
--

COPY property_value_recommended_presentation_e (rid, prop_def, recommended_presentation_unit, recommended_presentation_format) FROM stdin;
\.


--
-- Data for Name: ratio_measure_t; Type: TABLE DATA; Schema: public; Owner: postgres
--

COPY ratio_measure_t (rid, value) FROM stdin;
\.


--
-- Data for Name: real_currency_type_e; Type: TABLE DATA; Schema: public; Owner: postgres
--

COPY real_currency_type_e (rid, value_format, currency) FROM stdin;
\.


--
-- Data for Name: real_level_spec_value_e; Type: TABLE DATA; Schema: public; Owner: postgres
--

COPY real_level_spec_value_e (rid, "values") FROM stdin;
\.


--
-- Data for Name: real_measure_type_2_unit; Type: TABLE DATA; Schema: public; Owner: postgres
--

COPY real_measure_type_2_unit (rid, rid_s, tablename_s, rid_d, tablename_d) FROM stdin;
3569	1122	REAL_MEASURE_TYPE_E	1120	DIC_UNIT_E
3581	1136	REAL_MEASURE_TYPE_E	1135	DIC_UNIT_E
3603	1157	REAL_MEASURE_TYPE_E	1156	DIC_UNIT_E
3613	1166	REAL_MEASURE_TYPE_E	1165	DIC_UNIT_E
3641	1174	REAL_MEASURE_TYPE_E	1173	DIC_UNIT_E
3655	1188	REAL_MEASURE_TYPE_E	1190	DIC_UNIT_E
3684	1196	REAL_MEASURE_TYPE_E	1195	DIC_UNIT_E
\.


--
-- Data for Name: real_measure_type_e; Type: TABLE DATA; Schema: public; Owner: postgres
--

COPY real_measure_type_e (rid, value_format, unit) FROM stdin;
1122	NR2 S..3.3	3569
1136	NR2 S..3.3	3581
1166	NR2 S..3.3	3613
1174	NR2 S..3.3	3641
1188	NR2 S..3.3	3655
1196	NR2 S..3.3	3684
1157	NC2 S..3.3	3603
\.


--
-- Data for Name: real_type_e; Type: TABLE DATA; Schema: public; Owner: postgres
--

COPY real_type_e (rid, value_format) FROM stdin;
1108	NR2 S..3.3
1127	NR2 S..3.3
1146	NR2 S..3.3
1112	NCH2 S..3.3
1310	RCH11
1313	\N
1312	RCH1.1
1311	RCH11
1373	\N
1374	\N
1526	\N
1525	RCHIM1
1592	\N
1591	RCHIM1
\.


--
-- Data for Name: real_value_t; Type: TABLE DATA; Schema: public; Owner: postgres
--

COPY real_value_t (rid, value) FROM stdin;
\.


--
-- Data for Name: redef_attribute_2_redefines; Type: TABLE DATA; Schema: public; Owner: postgres
--

COPY redef_attribute_2_redefines (rid, rid_s, tablename_s, rid_d, tablename_d) FROM stdin;
\.


--
-- Data for Name: redef_attribute_e; Type: TABLE DATA; Schema: public; Owner: postgres
--

COPY redef_attribute_e (rid, obj, idx, name, is_optional, attr_type, of_entity, redefines) FROM stdin;
\.


--
-- Data for Name: reference; Type: TABLE DATA; Schema: public; Owner: postgres
--

COPY reference (id, tables) FROM stdin;
REPRESENTATION_REFERENCE	{MODEL_CLASS_EXTENSION_2_referenced_external_items}
LEVEL_SPEC_VALUE	{}
NON_STANDARD_SIMPLE_PROGRAM_PROTOCOL	{LIBRARY_2_linked_interfaces,DICTIONARY_2_base_protocols,DATA_EXCHANGE_SPECIFICATION_IDENTIFICATION_2_external_file_protocols,PROGRAM_REFERENCE_2_used_protocol,MODEL_CLASS_EXTENSION_2_used_protocols,PROGRAM_LIBRARY_CONTENT_2_used_protocol,EXTERNAL_ITEM_2_used_protocol,EXTERNAL_FILE_PROTOCOL_2_base_protocol}
VALUE_DOMAIN	{NON_QUANTITATIVE_CODE_TYPE_2_domain,NON_QUANTITATIVE_INT_TYPE_2_domain}
SET_WITH_SUBSET_CONSTRAINT_VALUE	{AGGREGATE_ENTITY_INSTANCE_VALUE_2_the_value}
NON_QUANTITATIVE_INT_TYPE	{PROPERTY_DET_2_domain,LEVEL_TYPE_2_value_type,DATA_TYPE_ELEMENT_2_type_definition,AGGREGATE_TYPE_2_value_type}
VIEW_CONTROL_VARIABLE_RANGE	{ABSTRACT_FUNCTIONAL_MODEL_CLASS_2_v_c_v_range}
MATERIAL_CLASS_CASE_OF	{CLASS_BSU_RELATIONSHIP_2_relating_class}
MEASURE_WITH_UNIT	{CONVERSION_BASED_UNIT_2_conversion_factor}
SUPPLIER_BSU_RELATED_CONTENT	{}
CLASS	{CLASS_BSU_RELATIONSHIP_2_relating_class}
BAG_VALUE	{AGGREGATE_ENTITY_INSTANCE_VALUE_2_the_value}
EXPLICIT_ITEM_CLASS_EXTENSION	{}
DEPENDENT_P_DET	{}
AXIS2_PLACEMENT_2D	{REPRESENTATION_2_items}
NON_INSTANTIABLE_FUNCTIONAL_VIEW_CLASS	{CLASS_BSU_RELATIONSHIP_2_relating_class}
TRANSLATED_LABEL	{}
PROPERTY_VALUE	{DIC_CLASS_INSTANCE_2_properties,CONTEXT_DEPENDENT_PROPERTY_VALUE_2_the_context}
GEOMETRIC_REPRESENTATION_CONTEXT_TYPE	{PROPERTY_DET_2_domain,DATA_TYPE_ELEMENT_2_type_definition,AGGREGATE_TYPE_2_value_type}
CONVERSION_BASED_UNIT	{DERIVED_UNIT_ELEMENT_2_unit}
A6_ILLUSTRATION	{EXPLICIT_ITEM_CLASS_EXTENSION_2_class_presentation_on_screen,EXPLICIT_ITEM_CLASS_EXTENSION_2_class_presentation_on_paper,EXPLICIT_ITEM_CLASS_EXTENSION_2_create_icon,PROPERTY_DET_2_figure,ITEM_CLASS_2_simplified_drawing,ITEM_NAMES_2_icon,MODEL_CLASS_EXTENSION_2_referenced_external_items,EXPLICIT_FUNCTIONAL_MODEL_CLASS_EXTENSION_2_context_param_icon,EXPLICIT_FUNCTIONAL_MODEL_CLASS_EXTENSION_2_available_views_icon}
A9_ILLUSTRATION	{EXPLICIT_ITEM_CLASS_EXTENSION_2_class_presentation_on_screen,EXPLICIT_ITEM_CLASS_EXTENSION_2_class_presentation_on_paper,EXPLICIT_ITEM_CLASS_EXTENSION_2_access_icon,PROPERTY_DET_2_figure,ITEM_CLASS_2_simplified_drawing,ITEM_NAMES_2_icon,MODEL_CLASS_EXTENSION_2_referenced_external_items}
SUPPLIER_BSU	{DICTIONARY_IDENTIFICATION_2_defined_by,PROGRAM_LIBRARY_BSU_2_defined_by,DICTIONARY_2_responsible_supplier,DICTIONARY_2_referred_suppliers,CLASS_BSU_2_defined_by,CONTENT_ITEM_2_dictionary_definition,DICTIONARY_ELEMENT_2_identified_by,SUPPLIER_ELEMENT_2_identified_by}
TABLE_BSU	{ITEM_CLASS_CASE_OF_2_imported_tables,ABSTRACT_FUNCTIONAL_MODEL_CLASS_2_imported_tables_from_models,ABSTRACT_FUNCTIONAL_MODEL_CLASS_2_imported_tables_from_view,CLASS_BSU_RELATED_CONTENT_2_dictionary_definition,FM_CLASS_VIEW_OF_2_imported_tables_from_item,CONTENT_ITEM_2_dictionary_definition,DICTIONARY_ELEMENT_2_identified_by,CLASS_BSU_RELATIONSHIP_2_related_tokens,CLASS_RELATED_DICTIONARY_ELEMENT_2_identified_by,A_PRIORI_SEMANTIC_RELATIONSHIP_2_referenced_tables}
TRANSLATED_TEXT	{}
COMPONENT_CLASS	{CLASS_BSU_RELATIONSHIP_2_relating_class}
SET_WITH_SUBSET_CONSTRAINT_TYPE	{ENTITY_INSTANCE_TYPE_FOR_AGGREGATE_2_type_structure}
SIMPLE_TYPE	{PROPERTY_DET_2_domain,LEVEL_TYPE_2_value_type,DATA_TYPE_ELEMENT_2_type_definition,AGGREGATE_TYPE_2_value_type}
CLASS_EXTENSION_EXTERNAL_ITEM	{MODEL_CLASS_EXTENSION_2_referenced_external_items}
AGGREGATE_TYPE	{ENTITY_INSTANCE_TYPE_FOR_AGGREGATE_2_type_structure}
SUPPLIER_ELEMENT	{SUPPLIER_BSU_RELATIONSHIP_2_relating_supplier}
NUMBER_TYPE	{PROPERTY_DET_2_domain,LEVEL_TYPE_2_value_type,DATA_TYPE_ELEMENT_2_type_definition,AGGREGATE_TYPE_2_value_type}
FEATURE_CLASS	{CLASS_BSU_RELATIONSHIP_2_relating_class}
REAL_MEASURE_TYPE	{PROPERTY_DET_2_domain,LEVEL_TYPE_2_value_type,DATA_TYPE_ELEMENT_2_type_definition,AGGREGATE_TYPE_2_value_type}
EXPLICIT_FUNCTIONAL_MODEL_CLASS_EXTENSION	{}
DOCUMENT	{DIC_VALUE_2_source_doc_of_value,CLASS_AND_PROPERTY_ELEMENTS_2_source_doc_of_definition,VALUE_DOMAIN_2_source_doc_of_value_domain}
LENGTH_UNIT	{DERIVED_UNIT_ELEMENT_2_unit}
MODEL_CLASS_EXTENSION	{}
INT_MEASURE_TYPE	{PROPERTY_DET_2_domain,LEVEL_TYPE_2_value_type,DATA_TYPE_ELEMENT_2_type_definition,AGGREGATE_TYPE_2_value_type}
PERSON	{DOCUMENT_ELEMENT_2_authors}
PROGRAM_LIBRARY_ELEMENT	{}
DATA_TYPE_ELEMENT	{}
PROGRAM_LIBRARY_CONTENT	{}
REPRESENTATION_CONTEXT	{REPRESENTATION_2_context_of_items}
DIRECTION	{AXIS2_PLACEMENT_3D_2_ref_direction,AXIS2_PLACEMENT_3D_2_axis,AXIS2_PLACEMENT_2D_2_ref_direction,REPRESENTATION_2_items,AXIS1_PLACEMENT_2_axis,VECTOR_2_orientation}
LENGTH_MEASURE_WITH_UNIT	{ILLUSTRATION_2_width,ILLUSTRATION_2_height,CONVERSION_BASED_UNIT_2_conversion_factor}
DESCRIPTION_ATTRIBUTE	{}
CLASS_BSU_RELATIONSHIP	{}
PROGRAM_PROTOCOL	{LIBRARY_2_linked_interfaces,DICTIONARY_2_base_protocols,DATA_EXCHANGE_SPECIFICATION_IDENTIFICATION_2_external_file_protocols,PROGRAM_REFERENCE_2_used_protocol,MODEL_CLASS_EXTENSION_2_used_protocols,PROGRAM_LIBRARY_CONTENT_2_used_protocol,EXTERNAL_ITEM_2_used_protocol,EXTERNAL_FILE_PROTOCOL_2_base_protocol}
DOCUMENT_ELEMENT_WITH_HTTP_ACCESS	{}
GRAPHICS	{PROPERTY_DET_2_figure,ITEM_CLASS_2_simplified_drawing,ITEM_NAMES_2_icon}
STANDARD_SIMPLE_PROGRAM_PROTOCOL	{LIBRARY_2_linked_interfaces,DICTIONARY_2_base_protocols,DATA_EXCHANGE_SPECIFICATION_IDENTIFICATION_2_external_file_protocols,PROGRAM_REFERENCE_2_used_protocol,MODEL_CLASS_EXTENSION_2_used_protocols,PROGRAM_LIBRARY_CONTENT_2_used_protocol,EXTERNAL_ITEM_2_used_protocol,EXTERNAL_FILE_PROTOCOL_2_base_protocol}
SIMPLE_PROGRAM_PROTOCOL	{LIBRARY_2_linked_interfaces,DICTIONARY_2_base_protocols,DATA_EXCHANGE_SPECIFICATION_IDENTIFICATION_2_external_file_protocols,PROGRAM_REFERENCE_2_used_protocol,MODEL_CLASS_EXTENSION_2_used_protocols,PROGRAM_LIBRARY_CONTENT_2_used_protocol,EXTERNAL_ITEM_2_used_protocol,EXTERNAL_FILE_PROTOCOL_2_base_protocol}
PLACEMENT	{REPRESENTATION_2_items}
SUPPLIER_RELATED_BSU	{CONTENT_ITEM_2_dictionary_definition,DICTIONARY_ELEMENT_2_identified_by,SUPPLIER_BSU_RELATIONSHIP_2_related_tokens,SUPPLIER_RELATED_DICTIONARY_ELEMENT_2_identified_by,SUPPLIER_BSU_RELATED_CONTENT_2_dictionary_definition}
FEATURE_CLASS_CASE_OF	{CLASS_BSU_RELATIONSHIP_2_relating_class}
DATE_AND_TIME	{}
DIC_VALUE	{VALUE_DOMAIN_2_its_values}
MATHEMATICAL_STRING	{PROPERTY_DET_2_formula,DIC_UNIT_2_string_representation,PROPERTY_DET_2_preferred_symbol,PROPERTY_DET_2_synonymous_symbols}
TABLE_IDENTIFICATION	{}
PRESENT_TRANSLATIONS	{TRANSLATED_TEXT_2_languages,TRANSLATED_EXTERNAL_CONTENT_2_languages,TRANSLATED_STRING_VALUE_2_languages,DOCUMENT_ELEMENT_WITH_TRANSLATED_HTTP_ACCESS_2_languages,ITEM_NAMES_2_languages,TRANSLATED_LABEL_2_languages,VALUE_DOMAIN_2_languages}
GEOMETRIC_REPRESENTATION_CONTEXT	{REPRESENTATION_2_context_of_items}
CLASS_EXTENSION	{}
BASIC_SEMANTIC_UNIT	{CONTENT_ITEM_2_dictionary_definition,DICTIONARY_ELEMENT_2_identified_by}
LANGUAGE_SPECIFIC_CONTENT	{EXTERNAL_CONTENT_2_consists_of}
DIC_F_VIEW_INSTANCE	{EXPLICIT_MODEL_CLASS_EXTENSION_2_population}
AXIS1_PLACEMENT_TYPE	{PROPERTY_DET_2_domain,DATA_TYPE_ELEMENT_2_type_definition,AGGREGATE_TYPE_2_value_type}
DIMENSIONAL_EXPONENTS	{NAMED_UNIT_2_dimensions}
CARTESIAN_POINT	{REPRESENTATION_2_items,PLACEMENT_2_location}
CONTEXT_DEPENDENT_PROPERTY_VALUE	{DIC_CLASS_INSTANCE_2_properties,CONTEXT_DEPENDENT_PROPERTY_VALUE_2_the_context}
ITEM_CLASS_CASE_OF	{CLASS_BSU_RELATIONSHIP_2_relating_class}
FUNCTIONAL_VIEW_CLASS	{CLASS_BSU_RELATIONSHIP_2_relating_class}
STANDARD_DATA_PROTOCOL	{DIALOGUE_RESOURCE_2_used_protocol,LIBRARY_2_linked_interfaces,DICTIONARY_2_base_protocols,DATA_EXCHANGE_SPECIFICATION_IDENTIFICATION_2_external_file_protocols,DOCUMENT_CONTENT_2_used_protocol,MODEL_CLASS_EXTENSION_2_used_protocols,REPRESENTATION_REFERENCE_2_used_protocol,EXTERNAL_ITEM_2_used_protocol}
ENTITY_INSTANCE_TYPE_FOR_AGGREGATE	{PROPERTY_DET_2_domain,DATA_TYPE_ELEMENT_2_type_definition,AGGREGATE_TYPE_2_value_type}
DIC_COMPONENT_INSTANCE	{EXPLICIT_MODEL_CLASS_EXTENSION_2_population,DIC_F_VIEW_INSTANCE_2_view_of}
DIC_FEATURE_INSTANCE	{EXPLICIT_MODEL_CLASS_EXTENSION_2_population,DIC_F_VIEW_INSTANCE_2_view_of}
LIB_MATERIAL_INSTANCE	{EXPLICIT_MODEL_CLASS_EXTENSION_2_population,DIC_F_VIEW_INSTANCE_2_view_of}
COORDINATED_UNIVERSAL_TIME_OFFSET	{LOCAL_TIME_2_zone}
ITEM_CLASS	{CLASS_BSU_RELATIONSHIP_2_relating_class}
PROGRAM_REFERENCE_TYPE	{PROPERTY_DET_2_domain,DATA_TYPE_ELEMENT_2_type_definition,AGGREGATE_TYPE_2_value_type}
SUPPLIER_BSU_RELATIONSHIP	{}
AXIS2_PLACEMENT_3D	{REPRESENTATION_2_items}
REAL_CURRENCY_TYPE	{PROPERTY_DET_2_domain,LEVEL_TYPE_2_value_type,DATA_TYPE_ELEMENT_2_type_definition,AGGREGATE_TYPE_2_value_type}
EXTERNAL_CONTENT	{EXTERNAL_ITEM_2_content}
DOCUMENT_CONTENT	{}
DIC_MATERIAL_INSTANCE	{EXPLICIT_MODEL_CLASS_EXTENSION_2_population,DIC_F_VIEW_INSTANCE_2_view_of}
ORGANIZATION	{SUPPLIER_ELEMENT_2_org,DOCUMENT_ELEMENT_2_publishing_organisation,SIMPLE_PROGRAM_PROTOCOL_2_compiler_supplier,EXTERNAL_FILE_PROTOCOL_2_organisation}
SET_TYPE	{ENTITY_INSTANCE_TYPE_FOR_AGGREGATE_2_type_structure}
PROGRAM_REFERENCE	{MODEL_CLASS_EXTENSION_2_referenced_external_items}
ENTITY_INSTANCE_TYPE	{PROPERTY_DET_2_domain,DATA_TYPE_ELEMENT_2_type_definition,AGGREGATE_TYPE_2_value_type}
DOCUMENT_ELEMENT	{}
GLOBAL_LANGUAGE_ASSIGNMENT	{}
CLASS_DOCUMENT_RELATIONSHIP	{}
DICTIONARY_ELEMENT	{}
ITEM_NAMES	{DIC_VALUE_2_meaning,CLASS_AND_PROPERTY_ELEMENTS_2_names,DICTIONARY_2_names,SUPPLIER_RELATED_DICTIONARY_ELEMENT_2_names,DATA_TYPE_ELEMENT_2_names,VALUE_DOMAIN_2_terms,EXTERNAL_FILE_PROTOCOL_2_designation,CLASS_RELATED_DICTIONARY_ELEMENT_2_names}
AXIS1_PLACEMENT	{REPRESENTATION_2_items}
VECTOR	{REPRESENTATION_2_items}
SUPPLIER_RELATED_DICTIONARY_ELEMENT	{}
ARRAY_VALUE	{AGGREGATE_ENTITY_INSTANCE_VALUE_2_the_value}
LIBRARY_IN_STANDARD_FORMAT	{}
NOT_TRANSLATED_EXTERNAL_CONTENT	{EXTERNAL_ITEM_2_content}
POINT	{REPRESENTATION_2_items}
AGGREGATE_ENTITY_INSTANCE_VALUE	{}
CLASS_AND_PROPERTY_ELEMENTS	{}
AGGREGATE_VALUE	{AGGREGATE_ENTITY_INSTANCE_VALUE_2_the_value}
ORDINAL_DATE	{DATE_AND_TIME_2_date_component}
HTTP_CLASS_DIRECTORY	{HTTP_FILE_2_http_directory}
DOCUMENT_BSU	{ITEM_CLASS_CASE_OF_2_imported_documents,ABSTRACT_FUNCTIONAL_MODEL_CLASS_2_imported_documents_from_models,ABSTRACT_FUNCTIONAL_MODEL_CLASS_2_imported_documents_from_view,CLASS_BSU_RELATED_CONTENT_2_dictionary_definition,FM_CLASS_VIEW_OF_2_imported_documents_from_item,REFERENCED_GRAPHICS_2_graphics_reference,REFERENCED_DOCUMENT_2_document_reference,CONTENT_ITEM_2_dictionary_definition,DICTIONARY_ELEMENT_2_identified_by,DOCUMENT_CONTENT_2_dictionary_definition,CLASS_BSU_RELATIONSHIP_2_related_tokens,CLASS_DOCUMENT_RELATIONSHIP_2_related_tokens,DOCUMENT_ELEMENT_2_identified_by,CLASS_RELATED_DICTIONARY_ELEMENT_2_identified_by,A_PRIORI_SEMANTIC_RELATIONSHIP_2_referenced_documents}
LINKED_INTERFACE_PROGRAM_PROTOCOL	{LIBRARY_2_linked_interfaces,DICTIONARY_2_base_protocols,DATA_EXCHANGE_SPECIFICATION_IDENTIFICATION_2_external_file_protocols,PROGRAM_REFERENCE_2_used_protocol,MODEL_CLASS_EXTENSION_2_used_protocols,PROGRAM_LIBRARY_CONTENT_2_used_protocol,EXTERNAL_ITEM_2_used_protocol,EXTERNAL_FILE_PROTOCOL_2_base_protocol}
PROPERTY_CLASSIFICATION	{MODEL_CLASS_EXTENSION_2_classification}
DIALOGUE_RESOURCE	{MODEL_CLASS_EXTENSION_2_referenced_external_items}
LIST_TYPE	{ENTITY_INSTANCE_TYPE_FOR_AGGREGATE_2_type_structure}
REPRESENTATION_TYPE	{PROPERTY_DET_2_domain,DATA_TYPE_ELEMENT_2_type_definition,AGGREGATE_TYPE_2_value_type}
HTTP_PROTOCOL	{DIALOGUE_RESOURCE_2_used_protocol,LIBRARY_2_linked_interfaces,DICTIONARY_2_base_protocols,DATA_EXCHANGE_SPECIFICATION_IDENTIFICATION_2_external_file_protocols,DOCUMENT_CONTENT_2_used_protocol,MODEL_CLASS_EXTENSION_2_used_protocols,REPRESENTATION_REFERENCE_2_used_protocol,EXTERNAL_ITEM_2_used_protocol}
DIC_ITEM_INSTANCE	{EXPLICIT_MODEL_CLASS_EXTENSION_2_population,DIC_F_VIEW_INSTANCE_2_view_of}
DATES	{DICTIONARY_ELEMENT_2_time_stamps}
DIC_F_MODEL_INSTANCE	{EXPLICIT_MODEL_CLASS_EXTENSION_2_population,DIC_F_VIEW_INSTANCE_2_generated_by}
SET_VALUE	{AGGREGATE_ENTITY_INSTANCE_VALUE_2_the_value}
TRANSLATED_EXTERNAL_CONTENT	{EXTERNAL_ITEM_2_content}
ID_ATTRIBUTE	{}
DICTIONARY	{}
A_POSTERIORI_CASE_OF	{DICTIONARY_2_a_posteriori_semantic_relationships}
A_POSTERIORI_VIEW_OF	{DICTIONARY_2_a_posteriori_semantic_relationships}
VIEW_EXCHANGE_PROTOCOL_IDENTIFICATION	{DICTIONARY_2_supported_vep,MODEL_CLASS_EXTENSION_2_referenced_view_exchange_protocol}
CLASS_INSTANCE_TYPE	{PROPERTY_DET_2_domain,DATA_TYPE_ELEMENT_2_type_definition,AGGREGATE_TYPE_2_value_type}
LIB_ITEM_INSTANCE	{EXPLICIT_MODEL_CLASS_EXTENSION_2_population,DIC_F_VIEW_INSTANCE_2_view_of}
INT_CURRENCY_TYPE	{PROPERTY_DET_2_domain,LEVEL_TYPE_2_value_type,DATA_TYPE_ELEMENT_2_type_definition,AGGREGATE_TYPE_2_value_type}
CLASS_BSU	{ITEM_CLASS_CASE_OF_2_is_case_of,FM_CLASS_VIEW_OF_2_view_of,ABSTRACT_FUNCTIONAL_MODEL_CLASS_2_case_of,ABSTRACT_FUNCTIONAL_MODEL_CLASS_2_created_view,DIC_CLASS_INSTANCE_2_case_of,TABLE_BSU_2_name_scope,DOCUMENT_BSU_2_name_scope,HTTP_CLASS_DIRECTORY_2_class,DICTIONARY_2_contained_classes,CLASS_INSTANCE_TYPE_2_domain,A_POSTERIORI_VIEW_OF_2_is_view_of,A_POSTERIORI_VIEW_OF_2_functional_model,A_POSTERIORI_CASE_OF_2_is_case_of,A_POSTERIORI_CASE_OF_2_source,DIC_CLASS_INSTANCE_2_class_def,DATA_TYPE_BSU_2_name_scope,CONTENT_ITEM_2_dictionary_definition,PROPERTY_BSU_2_name_scope,DICTIONARY_ELEMENT_2_identified_by,CLASS_EXTENSION_2_dictionary_definition,CLASS_2_its_superclass,CLASS_2_identified_by,A_PRIORI_SEMANTIC_RELATIONSHIP_2_referenced_classes}
LIB_F_MODEL_INSTANCE	{EXPLICIT_MODEL_CLASS_EXTENSION_2_population,DIC_F_VIEW_INSTANCE_2_generated_by}
IDENTIFIED_DOCUMENT	{DIC_VALUE_2_source_doc_of_value,CLASS_AND_PROPERTY_ELEMENTS_2_source_doc_of_definition,VALUE_DOMAIN_2_source_doc_of_value_domain}
EXPLICIT_MODEL_CLASS_EXTENSION	{}
MATERIAL_CLASS	{CLASS_BSU_RELATIONSHIP_2_relating_class}
REAL_TYPE	{PROPERTY_DET_2_domain,LEVEL_TYPE_2_value_type,DATA_TYPE_ELEMENT_2_type_definition,AGGREGATE_TYPE_2_value_type}
NON_STANDARD_DATA_PROTOCOL	{DIALOGUE_RESOURCE_2_used_protocol,LIBRARY_2_linked_interfaces,DICTIONARY_2_base_protocols,DATA_EXCHANGE_SPECIFICATION_IDENTIFICATION_2_external_file_protocols,DOCUMENT_CONTENT_2_used_protocol,MODEL_CLASS_EXTENSION_2_used_protocols,REPRESENTATION_REFERENCE_2_used_protocol,EXTERNAL_ITEM_2_used_protocol}
REFERENCED_GRAPHICS	{PROPERTY_DET_2_figure,ITEM_CLASS_2_simplified_drawing,ITEM_NAMES_2_icon}
GEOMETRIC_REPRESENTATION_ITEM	{REPRESENTATION_2_items}
DIC_UNIT	{INT_MEASURE_TYPE_2_unit,REAL_MEASURE_TYPE_2_unit}
PROPERTY_DET	{}
DICTIONARY_IDENTIFICATION	{DICTIONARY_2_identified_by,DICTIONARY_2_updates,DICTIONARY_2_referenced_dictionaries}
FM_CLASS_VIEW_OF	{CLASS_BSU_RELATIONSHIP_2_relating_class}
CLASS_BSU_RELATED_CONTENT	{}
ILLUSTRATION	{EXPLICIT_ITEM_CLASS_EXTENSION_2_class_presentation_on_screen,EXPLICIT_ITEM_CLASS_EXTENSION_2_class_presentation_on_paper,PROPERTY_DET_2_figure,ITEM_CLASS_2_simplified_drawing,ITEM_NAMES_2_icon,MODEL_CLASS_EXTENSION_2_referenced_external_items}
CLASS_RELATED_BSU	{CLASS_BSU_RELATED_CONTENT_2_dictionary_definition,CONTENT_ITEM_2_dictionary_definition,DICTIONARY_ELEMENT_2_identified_by,CLASS_BSU_RELATIONSHIP_2_related_tokens,CLASS_RELATED_DICTIONARY_ELEMENT_2_identified_by}
CONTEXT_DEPENDENT_UNIT	{DERIVED_UNIT_ELEMENT_2_unit}
DATA_PROTOCOL	{DIALOGUE_RESOURCE_2_used_protocol,LIBRARY_2_linked_interfaces,DICTIONARY_2_base_protocols,DATA_EXCHANGE_SPECIFICATION_IDENTIFICATION_2_external_file_protocols,DOCUMENT_CONTENT_2_used_protocol,MODEL_CLASS_EXTENSION_2_used_protocols,REPRESENTATION_REFERENCE_2_used_protocol,EXTERNAL_ITEM_2_used_protocol}
HTTP_FILE	{LANGUAGE_SPECIFIC_CONTENT_2_main_file,LANGUAGE_SPECIFIC_CONTENT_2_content_files}
DICTIONARY_EXTERNAL_ITEM	{}
STRING_TYPE	{PROPERTY_DET_2_domain,LEVEL_TYPE_2_value_type,DATA_TYPE_ELEMENT_2_type_definition,AGGREGATE_TYPE_2_value_type}
APPLICATION_CONTEXT_ELEMENT	{}
COMPLEX_TYPE	{PROPERTY_DET_2_domain,DATA_TYPE_ELEMENT_2_type_definition,AGGREGATE_TYPE_2_value_type}
CLASS_VALUE_ASSIGNMENT	{ITEM_CLASS_2_class_constant_values}
SI_UNIT	{DERIVED_UNIT_ELEMENT_2_unit}
GLOBAL_UNIT_ASSIGNED_CONTEXT	{REPRESENTATION_2_context_of_items,EXPLICIT_FUNCTIONAL_MODEL_CLASS_EXTENSION_2_measure_unit}
MESSAGE	{EXPLICIT_ITEM_CLASS_EXTENSION_2_create_msg,EXPLICIT_ITEM_CLASS_EXTENSION_2_content_msg,MODEL_CLASS_EXTENSION_2_referenced_external_items,EXPLICIT_FUNCTIONAL_MODEL_CLASS_EXTENSION_2_context_param_msg,EXPLICIT_FUNCTIONAL_MODEL_CLASS_EXTENSION_2_available_views_msg}
ABSTRACT_FUNCTIONAL_MODEL_CLASS	{CLASS_BSU_RELATIONSHIP_2_relating_class}
APPLICATION_CONTEXT	{APPLICATION_CONTEXT_ELEMENT_2_frame_of_reference,APPLICATION_PROTOCOL_DEFINITION_2_application}
NAME_ATTRIBUTE	{}
PLACEMENT_TYPE	{PROPERTY_DET_2_domain,DATA_TYPE_ELEMENT_2_type_definition,AGGREGATE_TYPE_2_value_type}
STANDARD_PROTOCOL	{LIBRARY_2_linked_interfaces,DICTIONARY_2_base_protocols,DATA_EXCHANGE_SPECIFICATION_IDENTIFICATION_2_external_file_protocols,MODEL_CLASS_EXTENSION_2_used_protocols,EXTERNAL_ITEM_2_used_protocol}
LIB_FEATURE_INSTANCE	{EXPLICIT_MODEL_CLASS_EXTENSION_2_population,DIC_F_VIEW_INSTANCE_2_view_of}
LIB_COMPONENT_INSTANCE	{EXPLICIT_MODEL_CLASS_EXTENSION_2_population,DIC_F_VIEW_INSTANCE_2_view_of}
REPRESENTATION_ITEM	{REPRESENTATION_2_items}
AXIS2_PLACEMENT_2D_TYPE	{PROPERTY_DET_2_domain,DATA_TYPE_ELEMENT_2_type_definition,AGGREGATE_TYPE_2_value_type}
REPRESENTATION	{}
PROPERTY_VALUE_EXTERNAL_ITEM	{}
NOT_TRANSLATABLE_EXTERNAL_CONTENT	{EXTERNAL_ITEM_2_content}
COMPONENT_CLASS_CASE_OF	{CLASS_BSU_RELATIONSHIP_2_relating_class}
NON_SI_UNIT	{DERIVED_UNIT_ELEMENT_2_unit}
LIBRARY	{}
NAMED_UNIT	{GLOBAL_UNIT_ASSIGNED_CONTEXT_2_units,DERIVED_UNIT_ELEMENT_2_unit}
DATA_TYPE	{PROPERTY_DET_2_domain,DATA_TYPE_ELEMENT_2_type_definition,AGGREGATE_TYPE_2_value_type}
AXIS2_PLACEMENT_3D_TYPE	{PROPERTY_DET_2_domain,DATA_TYPE_ELEMENT_2_type_definition,AGGREGATE_TYPE_2_value_type}
REPRESENTATION_P_DET	{}
ADDRESS	{SUPPLIER_ELEMENT_2_addr}
NON_QUANTITATIVE_CODE_TYPE	{PROPERTY_DET_2_domain,LEVEL_TYPE_2_value_type,DATA_TYPE_ELEMENT_2_type_definition,AGGREGATE_TYPE_2_value_type}
DATA_TYPE_BSU	{ITEM_CLASS_CASE_OF_2_imported_types,FM_CLASS_VIEW_OF_2_imported_types_from_item,ABSTRACT_FUNCTIONAL_MODEL_CLASS_2_imported_types_from_models,ABSTRACT_FUNCTIONAL_MODEL_CLASS_2_imported_types_from_view,CONTENT_ITEM_2_dictionary_definition,DICTIONARY_ELEMENT_2_identified_by,PROGRAM_REFERENCE_2_inout_parameters,PROGRAM_REFERENCE_2_out_parameters,PROGRAM_REFERENCE_2_in_parameters,DATA_TYPE_ELEMENT_2_identified_by,CLASS_2_defined_types,A_PRIORI_SEMANTIC_RELATIONSHIP_2_referenced_data_types,NAMED_TYPE_2_referred_type}
NON_STANDARD_PROTOCOL	{LIBRARY_2_linked_interfaces,DICTIONARY_2_base_protocols,DATA_EXCHANGE_SPECIFICATION_IDENTIFICATION_2_external_file_protocols,MODEL_CLASS_EXTENSION_2_used_protocols,EXTERNAL_ITEM_2_used_protocol}
DOCUMENT_ELEMENT_WITH_TRANSLATED_HTTP_ACCESS	{}
DERIVED_UNIT_ELEMENT	{DERIVED_UNIT_2_elements}
LABEL_WITH_LANGUAGE	{ITEM_NAMES_2_synonymous_names}
NON_DEPENDENT_P_DET	{}
TRANSLATED_STRING_VALUE	{}
EXTERNAL_FILE_UNIT	{LANGUAGE_SPECIFIC_CONTENT_2_main_file,LANGUAGE_SPECIFIC_CONTENT_2_content_files}
PROGRAM_LIBRARY_BSU	{LINKED_INTERFACE_PROGRAM_PROTOCOL_2_link_libraries,SUPPLIER_PROGRAM_LIBRARY_RELATIONSHIP_2_related_tokens,CONTENT_ITEM_2_dictionary_definition,DICTIONARY_ELEMENT_2_identified_by,SUPPLIER_BSU_RELATIONSHIP_2_related_tokens,SUPPLIER_RELATED_DICTIONARY_ELEMENT_2_identified_by,SUPPLIER_BSU_RELATED_CONTENT_2_dictionary_definition,PROGRAM_LIBRARY_ELEMENT_2_identified_by,PROGRAM_LIBRARY_CONTENT_2_dictionary_definition}
BAG_TYPE	{ENTITY_INSTANCE_TYPE_FOR_AGGREGATE_2_type_structure}
PROPERTY_VALUE_RECOMMENDED_PRESENTATION	{MODEL_CLASS_EXTENSION_2_recommended_presentation}
DERIVED_UNIT	{GLOBAL_UNIT_ASSIGNED_CONTEXT_2_units}
EXTERNAL_ITEM	{}
DATE	{DATE_AND_TIME_2_date_component}
NULL_VALUE	{AGGREGATE_VALUE_2_values}
REAL_LEVEL_SPEC_VALUE	{}
LIST_VALUE	{AGGREGATE_ENTITY_INSTANCE_VALUE_2_the_value}
APPLICATION_PROTOCOL_DEFINITION	{VIEW_EXCHANGE_PROTOCOL_IDENTIFICATION_2_referenced_iso10303_ap}
DATA_EXCHANGE_SPECIFICATION_IDENTIFICATION	{}
DICTIONARY_IN_STANDARD_FORMAT	{}
UNCONTROLLED_ENTITY_INSTANCE_VALUE	{}
REFERENCED_DOCUMENT	{DIC_VALUE_2_source_doc_of_value,CLASS_AND_PROPERTY_ELEMENTS_2_source_doc_of_definition,VALUE_DOMAIN_2_source_doc_of_value_domain}
A_POSTERIORI_SEMANTIC_RELATIONSHIP	{DICTIONARY_2_a_posteriori_semantic_relationships}
ARRAY_TYPE	{ENTITY_INSTANCE_TYPE_FOR_AGGREGATE_2_type_structure}
PROPERTY_BSU	{VIEW_CONTROL_VARIABLE_RANGE_2_parameter_type,ITEM_CLASS_CASE_OF_2_imported_properties,FM_CLASS_VIEW_OF_2_imported_properties_from_item,ABSTRACT_FUNCTIONAL_MODEL_CLASS_2_imported_properties_from_models,ABSTRACT_FUNCTIONAL_MODEL_CLASS_2_imported_properties_from_view,PROPERTY_CLASSIFICATION_2_prop_def,CLASS_VALUE_ASSIGNMENT_2_super_class_defined_property,PROPERTY_DET_2_identified_by,A_POSTERIORI_VIEW_OF_2_corresponding_properties,A_POSTERIORI_CASE_OF_2_corresponding_properties,EXPLICIT_MODEL_CLASS_EXTENSION_2_instance_identification,CONTENT_ITEM_2_dictionary_definition,DICTIONARY_ELEMENT_2_identified_by,PROGRAM_REFERENCE_2_inout_parameters,PROGRAM_REFERENCE_2_out_parameters,PROGRAM_REFERENCE_2_in_parameters,ITEM_CLASS_2_sub_class_properties,DEPENDENT_P_DET_2_depends_on,FUNCTIONAL_VIEW_CLASS_2_view_properties,FUNCTIONAL_VIEW_CLASS_2_view_control_variables,EXPLICIT_FUNCTIONAL_MODEL_CLASS_EXTENSION_2_referenced_representation,EXPLICIT_FUNCTIONAL_MODEL_CLASS_EXTENSION_2_required_item_values,CLASS_2_described_by,PROPERTY_VALUE_2_prop_def,PROPERTY_VALUE_RECOMMENDED_PRESENTATION_2_prop_def,A_PRIORI_SEMANTIC_RELATIONSHIP_2_referenced_properties}
CONTENT_ITEM	{}
CONDITION_DET	{}
CALENDAR_DATE	{DATE_AND_TIME_2_date_component}
EXTERNAL_FILE_PROTOCOL	{LIBRARY_2_linked_interfaces,DICTIONARY_2_base_protocols,DATA_EXCHANGE_SPECIFICATION_IDENTIFICATION_2_external_file_protocols,MODEL_CLASS_EXTENSION_2_used_protocols,EXTERNAL_ITEM_2_used_protocol}
NAMED_TYPE	{PROPERTY_DET_2_domain,DATA_TYPE_ELEMENT_2_type_definition,AGGREGATE_TYPE_2_value_type}
INT_TYPE	{PROPERTY_DET_2_domain,LEVEL_TYPE_2_value_type,DATA_TYPE_ELEMENT_2_type_definition,AGGREGATE_TYPE_2_value_type}
WEEK_OF_YEAR_AND_DAY_DATE	{DATE_AND_TIME_2_date_component}
A_PRIORI_SEMANTIC_RELATIONSHIP	{CLASS_BSU_RELATIONSHIP_2_relating_class}
LEVEL_TYPE	{PROPERTY_DET_2_domain,DATA_TYPE_ELEMENT_2_type_definition,AGGREGATE_TYPE_2_value_type}
REPRESENTATION_REFERENCE_TYPE	{PROPERTY_DET_2_domain,DATA_TYPE_ELEMENT_2_type_definition,AGGREGATE_TYPE_2_value_type}
LIBRARY_IIM_IDENTIFICATION	{DICTIONARY_2_library_structure}
DIC_CLASS_INSTANCE	{EXPLICIT_MODEL_CLASS_EXTENSION_2_population}
LOCAL_TIME	{DATE_AND_TIME_2_time_component}
SUPPLIER_PROGRAM_LIBRARY_RELATIONSHIP	{}
FUNCTIONAL_MODEL_CLASS	{CLASS_BSU_RELATIONSHIP_2_relating_class}
BOOLEAN_TYPE	{PROPERTY_DET_2_domain,LEVEL_TYPE_2_value_type,DATA_TYPE_ELEMENT_2_type_definition,AGGREGATE_TYPE_2_value_type}
INT_LEVEL_SPEC_VALUE	{}
CLASS_RELATED_DICTIONARY_ELEMENT	{}
\.


--
-- Data for Name: referenced_document_2_document_reference; Type: TABLE DATA; Schema: public; Owner: postgres
--

COPY referenced_document_2_document_reference (rid, rid_s, tablename_s, rid_d, tablename_d) FROM stdin;
\.


--
-- Data for Name: referenced_document_e; Type: TABLE DATA; Schema: public; Owner: postgres
--

COPY referenced_document_e (rid, document_reference) FROM stdin;
\.


--
-- Data for Name: referenced_graphics_2_graphics_reference; Type: TABLE DATA; Schema: public; Owner: postgres
--

COPY referenced_graphics_2_graphics_reference (rid, rid_s, tablename_s, rid_d, tablename_d) FROM stdin;
5265	1346	REFERENCED_GRAPHICS_E	1347	DOCUMENT_BSU_E
5281	1357	REFERENCED_GRAPHICS_E	1358	DOCUMENT_BSU_E
5298	1384	REFERENCED_GRAPHICS_E	1385	DOCUMENT_BSU_E
5314	1395	REFERENCED_GRAPHICS_E	1396	DOCUMENT_BSU_E
5329	1406	REFERENCED_GRAPHICS_E	1407	DOCUMENT_BSU_E
5343	1416	REFERENCED_GRAPHICS_E	1417	DOCUMENT_BSU_E
5423	1448	REFERENCED_GRAPHICS_E	1449	DOCUMENT_BSU_E
5463	1478	REFERENCED_GRAPHICS_E	1479	DOCUMENT_BSU_E
5487	1494	REFERENCED_GRAPHICS_E	1495	DOCUMENT_BSU_E
5524	1533	REFERENCED_GRAPHICS_E	1534	DOCUMENT_BSU_E
5578	1568	REFERENCED_GRAPHICS_E	1569	DOCUMENT_BSU_E
5839	1767	REFERENCED_GRAPHICS_E	1766	DOCUMENT_BSU_E
5856	1781	REFERENCED_GRAPHICS_E	1780	DOCUMENT_BSU_E
\.


--
-- Data for Name: referenced_graphics_e; Type: TABLE DATA; Schema: public; Owner: postgres
--

COPY referenced_graphics_e (rid, graphics_reference) FROM stdin;
1346	5265
1357	5281
1384	5298
1395	5314
1406	5329
1416	5343
1448	5423
1478	5463
1494	5487
1533	5524
1568	5578
1767	5839
1781	5856
\.


--
-- Data for Name: relation_semantique; Type: TABLE DATA; Schema: public; Owner: postgres
--

COPY relation_semantique (entity_name, attribute_name, typename, is_aggregate, is_exclusive, is_dependent, is_predominant) FROM stdin;
DOCUMENT_ELEMENT	identified_by	DOCUMENT_BSU	f	f	f	t
CLASS_BSU	defined_by	SUPPLIER_BSU	f	f	f	t
CLASS_VALUE_ASSIGNMENT	super_class_defined_property	PROPERTY_BSU	f	f	f	t
TABLE_BSU	name_scope	CLASS_BSU	f	f	f	t
PROGRAM_LIBRARY_CONTENT	dictionary_definition	PROGRAM_LIBRARY_BSU	f	f	f	t
PROPERTY_DET	identified_by	PROPERTY_BSU	f	f	f	t
ABSTRACT_FUNCTIONAL_MODEL_CLASS	created_view	CLASS_BSU	f	f	f	t
PROPERTY_CLASSIFICATION	prop_def	PROPERTY_BSU	f	f	f	t
A_POSTERIORI_CASE_OF	source	CLASS_BSU	f	f	f	t
A_POSTERIORI_CASE_OF	is_case_of	CLASS_BSU	f	f	f	t
REFERENCED_GRAPHICS	graphics_reference	DOCUMENT_BSU	f	f	f	t
FM_CLASS_VIEW_OF	view_of	CLASS_BSU	f	f	f	t
CLASS_INSTANCE_TYPE	domain	CLASS_BSU	f	f	f	t
DICTIONARY_IDENTIFICATION	defined_by	SUPPLIER_BSU	f	f	f	t
A_POSTERIORI_VIEW_OF	is_view_of	CLASS_BSU	f	f	f	t
A_POSTERIORI_VIEW_OF	functional_model	CLASS_BSU	f	f	f	t
CLASS_BSU_RELATED_CONTENT	dictionary_definition	CLASS_RELATED_BSU	f	f	f	t
DIC_CLASS_INSTANCE	class_def	CLASS_BSU	f	f	f	t
HTTP_CLASS_DIRECTORY	class	CLASS_BSU	f	f	f	t
DOCUMENT_BSU	name_scope	CLASS_BSU	f	f	f	t
PROGRAM_LIBRARY_ELEMENT	identified_by	PROGRAM_LIBRARY_BSU	f	f	f	t
SUPPLIER_ELEMENT	identified_by	SUPPLIER_BSU	f	f	f	t
DATA_TYPE_BSU	name_scope	CLASS_BSU	f	f	f	t
EXPLICIT_FUNCTIONAL_MODEL_CLASS_EXTENSION	referenced_representation	PROPERTY_BSU	f	f	f	t
PROPERTY_VALUE	prop_def	PROPERTY_BSU	f	f	f	t
CLASS	identified_by	CLASS_BSU	f	f	f	t
CLASS_RELATED_DICTIONARY_ELEMENT	identified_by	CLASS_RELATED_BSU	f	f	f	t
CLASS	its_superclass	CLASS_BSU	f	f	f	t
DATE_AND_TIME	date_component	DATE	f	t	t	f
SUPPLIER_BSU_RELATED_CONTENT	dictionary_definition	SUPPLIER_RELATED_BSU	f	f	f	t
CONTENT_ITEM	dictionary_definition	BASIC_SEMANTIC_UNIT	f	f	f	t
DATA_TYPE_ELEMENT	identified_by	DATA_TYPE_BSU	f	f	f	t
VIEW_CONTROL_VARIABLE_RANGE	parameter_type	PROPERTY_BSU	f	f	f	t
PROPERTY_BSU	name_scope	CLASS_BSU	f	f	f	t
CLASS_EXTENSION	dictionary_definition	CLASS_BSU	f	f	f	t
DICTIONARY	responsible_supplier	SUPPLIER_BSU	f	f	f	t
SUPPLIER_RELATED_DICTIONARY_ELEMENT	identified_by	SUPPLIER_RELATED_BSU	f	f	f	t
DOCUMENT_CONTENT	dictionary_definition	DOCUMENT_BSU	f	f	f	t
DOCUMENT_CONTENT	used_protocol	DATA_PROTOCOL	f	t	t	f
NAMED_TYPE	referred_type	DATA_TYPE_BSU	f	f	f	t
PROGRAM_LIBRARY_BSU	defined_by	SUPPLIER_BSU	f	f	f	t
DICTIONARY_ELEMENT	identified_by	BASIC_SEMANTIC_UNIT	f	f	f	t
PROPERTY_DET	domain	DATA_TYPE	f	f	t	f
TRANSLATED_EXTERNAL_CONTENT	languages	PRESENT_TRANSLATIONS	f	f	t	f
AGGREGATE_TYPE	value_type	DATA_TYPE	f	f	t	f
DOCUMENT_ELEMENT	publishing_organisation	ORGANIZATION	f	t	t	f
DATA_TYPE_ELEMENT	type_definition	DATA_TYPE	f	f	t	f
TRANSLATED_LABEL	languages	PRESENT_TRANSLATIONS	f	f	t	f
LEVEL_TYPE	value_type	SIMPLE_TYPE	f	f	t	f
DATA_TYPE_ELEMENT	names	ITEM_NAMES	f	f	t	f
CLASS_RELATED_DICTIONARY_ELEMENT	names	ITEM_NAMES	f	f	t	f
SUPPLIER_BSU_RELATIONSHIP	relating_supplier	SUPPLIER_ELEMENT	f	f	f	t
SUPPLIER_RELATED_DICTIONARY_ELEMENT	names	ITEM_NAMES	f	f	t	f
TRANSLATED_STRING_VALUE	languages	PRESENT_TRANSLATIONS	f	f	t	f
TRANSLATED_TEXT	languages	PRESENT_TRANSLATIONS	f	f	t	f
CLASS_BSU_RELATIONSHIP	relating_class	CLASS	f	f	f	t
VALUE_DOMAIN	languages	PRESENT_TRANSLATIONS	f	f	t	f
PROPERTY_VALUE_RECOMMENDED_PRESENTATION	prop_def	PROPERTY_BSU	f	f	f	t
DIC_VALUE	meaning	ITEM_NAMES	f	f	t	f
EXTERNAL_FILE_PROTOCOL	designation	ITEM_NAMES	f	f	t	f
DOCUMENT_ELEMENT_WITH_TRANSLATED_HTTP_ACCESS	languages	PRESENT_TRANSLATIONS	f	f	t	f
REFERENCED_DOCUMENT	document_reference	DOCUMENT_BSU	f	f	f	t
DICTIONARY	names	ITEM_NAMES	f	f	t	f
ITEM_NAMES	languages	PRESENT_TRANSLATIONS	f	f	t	f
CLASS_AND_PROPERTY_ELEMENTS	names	ITEM_NAMES	f	f	t	f
DICTIONARY	remark	REMARK_TYPE	f	t	t	f
MODEL_CLASS_EXTENSION	used_protocols	EXTERNAL_FILE_PROTOCOL	t	t	t	f
REAL_MEASURE_TYPE	unit	DIC_UNIT	f	t	t	f
DICTIONARY	a_posteriori_semantic_relationships	A_POSTERIORI_SEMANTIC_RELATIONSHIP	t	t	t	f
MODEL_CLASS_EXTENSION	referenced_external_items	CLASS_EXTENSION_EXTERNAL_ITEM	t	t	t	f
ITEM_NAMES	icon	GRAPHICS	f	t	t	f
MODEL_CLASS_EXTENSION	recommended_presentation	PROPERTY_VALUE_RECOMMENDED_PRESENTATION	t	t	t	f
APPLICATION_CONTEXT_ELEMENT	frame_of_reference	APPLICATION_CONTEXT	f	t	t	f
SET_VALUE	values	PRIMITIVE_VALUE	t	t	t	f
DIC_F_VIEW_INSTANCE	generated_by	DIC_F_MODEL_INSTANCE	f	t	t	f
GLOBAL_UNIT_ASSIGNED_CONTEXT	units	UNIT	t	t	t	f
NAME_ATTRIBUTE	named_item	NAME_ATTRIBUTE_SELECT	f	t	t	f
VIEW_EXCHANGE_PROTOCOL_IDENTIFICATION	referenced_iso10303_ap	APPLICATION_PROTOCOL_DEFINITION	f	t	t	f
ILLUSTRATION	height	LENGTH_MEASURE_WITH_UNIT	f	t	t	f
NAMED_UNIT	dimensions	DIMENSIONAL_EXPONENTS	f	t	t	f
REPRESENTATION	items	REPRESENTATION_ITEM	t	t	t	f
DESCRIPTION_ATTRIBUTE	described_item	DESCRIPTION_ATTRIBUTE_SELECT	f	t	t	f
ENTITY_INSTANCE_TYPE_FOR_AGGREGATE	type_structure	AGGREGATE_TYPE	f	t	t	f
ABSTRACT_FUNCTIONAL_MODEL_CLASS	v_c_v_range	VIEW_CONTROL_VARIABLE_RANGE	t	t	t	f
LIBRARY	linked_interfaces	EXTERNAL_FILE_PROTOCOL	t	t	t	f
MODEL_CLASS_EXTENSION	referenced_view_exchange_protocol	VIEW_EXCHANGE_PROTOCOL_IDENTIFICATION	t	t	t	f
PROGRAM_LIBRARY_CONTENT	used_protocol	PROGRAM_PROTOCOL	f	t	t	f
HTTP_FILE	http_directory	HTTP_CLASS_DIRECTORY	f	t	t	f
MODEL_CLASS_EXTENSION	classification	PROPERTY_CLASSIFICATION	t	t	t	f
INT_MEASURE_TYPE	unit	DIC_UNIT	f	t	t	f
SUPPLIER_ELEMENT	addr	ADDRESS	f	t	t	f
DIC_F_VIEW_INSTANCE	view_of	DIC_ITEM_INSTANCE	f	t	t	f
DICTIONARY	note	NOTE_TYPE	f	t	t	f
SUPPLIER_ELEMENT	org	ORGANIZATION	f	t	t	f
REPRESENTATION	context_of_items	REPRESENTATION_CONTEXT	f	t	t	f
CLASS_AND_PROPERTY_ELEMENTS	note	NOTE_TYPE	f	t	t	f
ITEM_CLASS	simplified_drawing	GRAPHICS	f	t	t	f
CLASS_AND_PROPERTY_ELEMENTS	remark	REMARK_TYPE	f	t	t	f
AGGREGATE_ENTITY_INSTANCE_VALUE	the_value	AGGREGATE_VALUE	f	t	t	f
DIALOGUE_RESOURCE	used_protocol	DATA_PROTOCOL	f	t	t	f
ID_ATTRIBUTE	identified_item	ID_ATTRIBUTE_SELECT	f	t	t	f
ILLUSTRATION	width	LENGTH_MEASURE_WITH_UNIT	f	t	t	f
LIB_ITEM_INSTANCE	supplier_designation	TRANSLATABLE_LABEL	f	t	t	f
LIB_ITEM_INSTANCE	user_designation	TRANSLATABLE_LABEL	f	t	t	f
DIC_UNIT	structured_representation	UNIT	f	t	t	f
DIC_UNIT	string_representation	MATHEMATICAL_STRING	f	t	t	f
PROPERTY_DET	preferred_symbol	MATHEMATICAL_STRING	f	t	t	f
PROPERTY_DET	figure	GRAPHICS	f	t	t	f
PROPERTY_DET	formula	MATHEMATICAL_STRING	f	t	t	f
CLASS_AND_PROPERTY_ELEMENTS	definition	DEFINITION_TYPE	f	t	t	f
CLASS_AND_PROPERTY_ELEMENTS	source_doc_of_definition	DOCUMENT	f	t	t	f
EXTERNAL_ITEM	used_protocol	EXTERNAL_FILE_PROTOCOL	f	t	t	f
SUPPLIER_RELATED_DICTIONARY_ELEMENT	definition	DEFINITION_TYPE	f	t	t	f
SUPPLIER_RELATED_DICTIONARY_ELEMENT	note	NOTE_TYPE	f	t	t	f
SUPPLIER_RELATED_DICTIONARY_ELEMENT	remark	REMARK_TYPE	f	t	t	f
EXTERNAL_ITEM	content	EXTERNAL_CONTENT	f	t	t	f
VECTOR	orientation	DIRECTION	f	t	t	f
ITEM_NAMES	preferred_name	PREF_NAME_TYPE	f	t	t	f
ITEM_NAMES	short_name	SHORT_NAME_TYPE	f	t	t	f
DATE_AND_TIME	time_component	LOCAL_TIME	f	t	t	f
LANGUAGE_SPECIFIC_CONTENT	main_file	EXTERNAL_FILE_UNIT	f	t	t	f
DICTIONARY	updates	DICTIONARY_IDENTIFICATION	f	t	t	f
DICTIONARY	library_structure	LIBRARY_IIM_IDENTIFICATION	f	t	t	f
EXPLICIT_FUNCTIONAL_MODEL_CLASS_EXTENSION	measure_unit	GLOBAL_UNIT_ASSIGNED_CONTEXT	f	t	t	f
PROPERTY_VALUE	its_value	PRIMITIVE_VALUE	f	t	t	f
NON_QUANTITATIVE_CODE_TYPE	domain	VALUE_DOMAIN	f	t	t	f
SIMPLE_PROGRAM_PROTOCOL	compiler_supplier	ORGANIZATION	f	t	t	f
NON_QUANTITATIVE_INT_TYPE	domain	VALUE_DOMAIN	f	t	t	f
VALUE_DOMAIN	source_doc_of_value_domain	DOCUMENT	f	t	t	f
PLACEMENT	location	CARTESIAN_POINT	f	t	t	f
PROGRAM_REFERENCE	used_protocol	PROGRAM_PROTOCOL	f	t	t	f
DICTIONARY_ELEMENT	time_stamps	DATES	f	t	t	f
AXIS1_PLACEMENT	axis	DIRECTION	f	t	t	f
DIC_VALUE	source_doc_of_value	DOCUMENT	f	t	t	f
MEASURE_WITH_UNIT	value_component	MEASURE_VALUE	f	t	t	f
MEASURE_WITH_UNIT	unit_component	UNIT	f	t	t	f
EXPLICIT_ITEM_CLASS_EXTENSION	access_icon	A9_ILLUSTRATION	f	t	t	f
EXPLICIT_ITEM_CLASS_EXTENSION	content_msg	MESSAGE	f	t	t	f
EXPLICIT_ITEM_CLASS_EXTENSION	create_msg	MESSAGE	f	t	t	f
AXIS2_PLACEMENT_2D	ref_direction	DIRECTION	f	t	t	f
AXIS2_PLACEMENT_3D	axis	DIRECTION	f	t	t	f
AXIS2_PLACEMENT_3D	ref_direction	DIRECTION	f	t	t	f
DERIVED_UNIT_ELEMENT	unit	NAMED_UNIT	f	t	t	f
EXTERNAL_FILE_PROTOCOL	organisation	ORGANIZATION	f	t	t	f
DICTIONARY	identified_by	DICTIONARY_IDENTIFICATION	f	t	t	f
PROPERTY_VALUE_RECOMMENDED_PRESENTATION	recommended_presentation_unit	UNIT	f	t	t	f
APPLICATION_PROTOCOL_DEFINITION	application	APPLICATION_CONTEXT	f	t	t	f
EXTERNAL_FILE_PROTOCOL	base_protocol	PROGRAM_PROTOCOL	f	t	t	f
CLASS_RELATED_DICTIONARY_ELEMENT	definition	DEFINITION_TYPE	f	t	t	f
CLASS_RELATED_DICTIONARY_ELEMENT	note	NOTE_TYPE	f	t	t	f
CLASS_RELATED_DICTIONARY_ELEMENT	remark	REMARK_TYPE	f	t	t	f
EXPLICIT_FUNCTIONAL_MODEL_CLASS_EXTENSION	available_views_icon	A6_ILLUSTRATION	f	t	t	f
EXPLICIT_FUNCTIONAL_MODEL_CLASS_EXTENSION	available_views_msg	MESSAGE	f	t	t	f
EXPLICIT_FUNCTIONAL_MODEL_CLASS_EXTENSION	context_param_msg	MESSAGE	f	t	t	f
CONVERSION_BASED_UNIT	conversion_factor	MEASURE_WITH_UNIT	f	t	t	f
REPRESENTATION_REFERENCE	used_protocol	DATA_PROTOCOL	f	t	t	f
DIC_VALUE	value_code	VALUE_TYPE	f	t	t	f
PROPERTY_DET	synonymous_symbols	MATHEMATICAL_STRING	t	t	t	f
AGGREGATE_VALUE	values	NULL_OR_PRIMITIVE_VALUE	t	t	t	f
EXPLICIT_MODEL_CLASS_EXTENSION	population	DIC_CLASS_INSTANCE	t	t	t	f
LOCAL_TIME	zone	COORDINATED_UNIVERSAL_TIME_OFFSET	f	t	t	f
VALUE_DOMAIN	terms	ITEM_NAMES	t	t	t	f
VALUE_DOMAIN	its_values	DIC_VALUE	t	t	t	f
PROGRAM_REFERENCE	in_parameters	PROPERTY_OR_DATA_TYPE_BSU	t	t	t	f
PROGRAM_REFERENCE	out_parameters	PROPERTY_OR_DATA_TYPE_BSU	t	t	t	f
PROGRAM_REFERENCE	inout_parameters	PROPERTY_OR_DATA_TYPE_BSU	t	t	t	f
ITEM_NAMES	synonymous_names	SYN_NAME_TYPE	t	t	t	f
LANGUAGE_SPECIFIC_CONTENT	content_files	EXTERNAL_FILE_UNIT	t	t	t	f
CONTEXT_DEPENDENT_PROPERTY_VALUE	the_context	PROPERTY_VALUE	t	t	t	f
ITEM_CLASS	class_constant_values	CLASS_VALUE_ASSIGNMENT	t	t	t	f
EXTERNAL_CONTENT	consists_of	LANGUAGE_SPECIFIC_CONTENT	t	t	t	f
DOCUMENT_ELEMENT	authors	PERSON	t	t	t	f
DERIVED_UNIT	elements	DERIVED_UNIT_ELEMENT	t	t	t	f
DIC_CLASS_INSTANCE	properties	PROPERTY_VALUE	t	t	t	f
EXPLICIT_FUNCTIONAL_MODEL_CLASS_EXTENSION	context_param_icon	A6_ILLUSTRATION	t	t	t	f
BAG_VALUE	values	PRIMITIVE_VALUE	t	t	t	f
EXPLICIT_ITEM_CLASS_EXTENSION	create_icon	A6_ILLUSTRATION	t	t	t	f
EXPLICIT_ITEM_CLASS_EXTENSION	class_presentation_on_paper	ILLUSTRATION	t	t	t	f
EXPLICIT_ITEM_CLASS_EXTENSION	class_presentation_on_screen	ILLUSTRATION	t	t	t	f
DICTIONARY	referenced_dictionaries	DICTIONARY_IDENTIFICATION	t	t	t	f
DICTIONARY	base_protocols	EXTERNAL_FILE_PROTOCOL	t	t	t	f
DICTIONARY	supported_vep	VIEW_EXCHANGE_PROTOCOL_IDENTIFICATION	t	t	t	f
SET_WITH_SUBSET_CONSTRAINT_VALUE	values	PRIMITIVE_VALUE	t	t	t	f
ABSTRACT_FUNCTIONAL_MODEL_CLASS	imported_tables_from_models	TABLE_BSU	t	f	f	f
ABSTRACT_FUNCTIONAL_MODEL_CLASS	imported_documents_from_models	DOCUMENT_BSU	t	f	f	f
DICTIONARY	contained_classes	CLASS_BSU	t	f	f	f
DICTIONARY	referred_suppliers	SUPPLIER_BSU	t	f	f	f
DATA_EXCHANGE_SPECIFICATION_IDENTIFICATION	external_file_protocols	EXTERNAL_FILE_PROTOCOL	t	t	t	f
LIST_VALUE	values	PRIMITIVE_VALUE	t	t	t	f
FM_CLASS_VIEW_OF	imported_properties_from_item	PROPERTY_BSU	t	f	f	f
EXPLICIT_MODEL_CLASS_EXTENSION	instance_identification	PROPERTY_BSU	t	f	f	f
FM_CLASS_VIEW_OF	imported_types_from_item	DATA_TYPE_BSU	t	f	f	f
FM_CLASS_VIEW_OF	imported_tables_from_item	TABLE_BSU	t	f	f	f
FM_CLASS_VIEW_OF	imported_documents_from_item	DOCUMENT_BSU	t	f	f	f
ABSTRACT_FUNCTIONAL_MODEL_CLASS	imported_properties_from_view	PROPERTY_BSU	t	f	f	f
ABSTRACT_FUNCTIONAL_MODEL_CLASS	imported_types_from_view	DATA_TYPE_BSU	t	f	f	f
ABSTRACT_FUNCTIONAL_MODEL_CLASS	imported_tables_from_view	TABLE_BSU	t	f	f	f
ABSTRACT_FUNCTIONAL_MODEL_CLASS	imported_documents_from_view	DOCUMENT_BSU	t	f	f	f
ABSTRACT_FUNCTIONAL_MODEL_CLASS	case_of	CLASS_BSU	t	f	f	f
ABSTRACT_FUNCTIONAL_MODEL_CLASS	imported_properties_from_models	PROPERTY_BSU	t	f	f	f
ABSTRACT_FUNCTIONAL_MODEL_CLASS	imported_types_from_models	DATA_TYPE_BSU	t	f	f	f
ITEM_CLASS_CASE_OF	imported_documents	DOCUMENT_BSU	t	f	f	f
FUNCTIONAL_VIEW_CLASS	view_control_variables	PROPERTY_BSU	t	f	f	f
FUNCTIONAL_VIEW_CLASS	view_properties	PROPERTY_BSU	t	f	f	f
EXPLICIT_FUNCTIONAL_MODEL_CLASS_EXTENSION	required_item_values	PROPERTY_BSU	t	f	f	f
CLASS	described_by	PROPERTY_BSU	t	f	f	f
CLASS	defined_types	DATA_TYPE_BSU	t	f	f	f
CLASS_DOCUMENT_RELATIONSHIP	related_tokens	DOCUMENT_BSU	t	f	f	f
CLASS_BSU_RELATIONSHIP	related_tokens	CLASS_RELATED_BSU	t	f	f	f
ITEM_CLASS	sub_class_properties	PROPERTY_BSU	t	f	f	f
SUPPLIER_BSU_RELATIONSHIP	related_tokens	SUPPLIER_RELATED_BSU	t	f	f	f
LINKED_INTERFACE_PROGRAM_PROTOCOL	link_libraries	PROGRAM_LIBRARY_BSU	t	f	f	f
SUPPLIER_PROGRAM_LIBRARY_RELATIONSHIP	related_tokens	PROGRAM_LIBRARY_BSU	t	f	f	f
DIC_CLASS_INSTANCE	case_of	CLASS_BSU	t	f	f	f
A_PRIORI_SEMANTIC_RELATIONSHIP	referenced_classes	CLASS_BSU	t	f	f	f
A_PRIORI_SEMANTIC_RELATIONSHIP	referenced_properties	PROPERTY_BSU	t	f	f	f
A_PRIORI_SEMANTIC_RELATIONSHIP	referenced_data_types	DATA_TYPE_BSU	t	f	f	f
A_PRIORI_SEMANTIC_RELATIONSHIP	referenced_tables	TABLE_BSU	t	f	f	f
A_PRIORI_SEMANTIC_RELATIONSHIP	referenced_documents	DOCUMENT_BSU	t	f	f	f
DEPENDENT_P_DET	depends_on	PROPERTY_BSU	t	f	f	f
ITEM_CLASS_CASE_OF	is_case_of	CLASS_BSU	t	f	f	f
ITEM_CLASS_CASE_OF	imported_properties	PROPERTY_BSU	t	f	f	f
ITEM_CLASS_CASE_OF	imported_types	DATA_TYPE_BSU	t	f	f	f
ITEM_CLASS_CASE_OF	imported_tables	TABLE_BSU	t	f	f	f
\.


--
-- Data for Name: representation_2_context_of_items; Type: TABLE DATA; Schema: public; Owner: postgres
--

COPY representation_2_context_of_items (rid, rid_s, tablename_s, rid_d, tablename_d) FROM stdin;
\.


--
-- Data for Name: representation_2_items; Type: TABLE DATA; Schema: public; Owner: postgres
--

COPY representation_2_items (rid, rid_s, tablename_s, rid_d, tablename_d) FROM stdin;
\.


--
-- Data for Name: representation_context_e; Type: TABLE DATA; Schema: public; Owner: postgres
--

COPY representation_context_e (rid, context_identifier, context_type) FROM stdin;
\.


--
-- Data for Name: representation_e; Type: TABLE DATA; Schema: public; Owner: postgres
--

COPY representation_e (rid, name, items, context_of_items) FROM stdin;
\.


--
-- Data for Name: representation_item_e; Type: TABLE DATA; Schema: public; Owner: postgres
--

COPY representation_item_e (rid, name) FROM stdin;
\.


--
-- Data for Name: representation_p_det_e; Type: TABLE DATA; Schema: public; Owner: postgres
--

COPY representation_p_det_e (rid, identified_by, time_stamps, revision, rid_bsu, tablename_bsu, names, definition, source_doc_of_definition, note, remark, preferred_symbol, synonymous_symbols, figure, det_classification, domain, formula) FROM stdin;
\.


--
-- Data for Name: representation_reference_2_used_protocol; Type: TABLE DATA; Schema: public; Owner: postgres
--

COPY representation_reference_2_used_protocol (rid, rid_s, tablename_s, rid_d, tablename_d) FROM stdin;
\.


--
-- Data for Name: representation_reference_e; Type: TABLE DATA; Schema: public; Owner: postgres
--

COPY representation_reference_e (rid, used_protocol, content, rid_bsu, tablename_bsu, code, representation_id) FROM stdin;
\.


--
-- Data for Name: representation_reference_type_e; Type: TABLE DATA; Schema: public; Owner: postgres
--

COPY representation_reference_type_e (rid, type_name) FROM stdin;
\.


--
-- Data for Name: representation_type_e; Type: TABLE DATA; Schema: public; Owner: postgres
--

COPY representation_type_e (rid, type_name) FROM stdin;
\.


--
-- Data for Name: revision_type_t; Type: TABLE DATA; Schema: public; Owner: postgres
--

COPY revision_type_t (rid, value) FROM stdin;
\.


--
-- Data for Name: rid_oid; Type: TABLE DATA; Schema: public; Owner: postgres
--

COPY rid_oid (oids, rid) FROM stdin;
\.


--
-- Data for Name: root_table_association; Type: TABLE DATA; Schema: public; Owner: postgres
--

COPY root_table_association (rid, rid_s, tablename_s, rid_d, tablename_d) FROM stdin;
\.


--
-- Name: root_table_association_rid_seq; Type: SEQUENCE SET; Schema: public; Owner: postgres
--

SELECT pg_catalog.setval('root_table_association_rid_seq', 5863, true);


--
-- Data for Name: root_table_defined_type; Type: TABLE DATA; Schema: public; Owner: postgres
--

COPY root_table_defined_type (rid) FROM stdin;
\.


--
-- Name: root_table_defined_type_rid_seq; Type: SEQUENCE SET; Schema: public; Owner: postgres
--

SELECT pg_catalog.setval('root_table_defined_type_rid_seq', 469, true);


--
-- Data for Name: root_table_entity; Type: TABLE DATA; Schema: public; Owner: postgres
--

COPY root_table_entity (rid) FROM stdin;
\.


--
-- Name: root_table_entity_rid_seq; Type: SEQUENCE SET; Schema: public; Owner: postgres
--

SELECT pg_catalog.setval('root_table_entity_rid_seq', 1789, true);


--
-- Data for Name: root_table_extension; Type: TABLE DATA; Schema: public; Owner: postgres
--

COPY root_table_extension (rid, version_min, version_max) FROM stdin;
\.


--
-- Name: root_table_extension_rid_seq; Type: SEQUENCE SET; Schema: public; Owner: postgres
--

SELECT pg_catalog.setval('root_table_extension_rid_seq', 241, true);


--
-- Data for Name: root_table_select; Type: TABLE DATA; Schema: public; Owner: postgres
--

COPY root_table_select (rid, rid_s, tablename_s, rid_d, tablename_d) FROM stdin;
\.


--
-- Name: root_table_select_rid_seq; Type: SEQUENCE SET; Schema: public; Owner: postgres
--

SELECT pg_catalog.setval('root_table_select_rid_seq', 315, true);


--
-- Data for Name: schema_info_2_defined_types; Type: TABLE DATA; Schema: public; Owner: postgres
--

COPY schema_info_2_defined_types (rid, rid_s, tablename_s, rid_d, tablename_d) FROM stdin;
3214	955	SCHEMA_INFO_E	121	DEFINED_INFO_E
3215	955	SCHEMA_INFO_E	697	DEFINED_INFO_E
3216	955	SCHEMA_INFO_E	699	DEFINED_INFO_E
3217	955	SCHEMA_INFO_E	700	SELECT_INFO_E
3218	955	SCHEMA_INFO_E	708	SELECT_INFO_E
3219	955	SCHEMA_INFO_E	709	DEFINED_INFO_E
3220	955	SCHEMA_INFO_E	710	SELECT_INFO_E
3221	955	SCHEMA_INFO_E	712	DEFINED_INFO_E
3222	955	SCHEMA_INFO_E	713	SELECT_INFO_E
3223	955	SCHEMA_INFO_E	714	SELECT_INFO_E
3224	955	SCHEMA_INFO_E	715	ENUM_INFO_E
3225	955	SCHEMA_INFO_E	716	DEFINED_INFO_E
3226	955	SCHEMA_INFO_E	717	DEFINED_INFO_E
3227	955	SCHEMA_INFO_E	718	DEFINED_INFO_E
3228	955	SCHEMA_INFO_E	720	DEFINED_INFO_E
3229	955	SCHEMA_INFO_E	721	SELECT_INFO_E
3230	955	SCHEMA_INFO_E	722	SELECT_INFO_E
3231	955	SCHEMA_INFO_E	723	DEFINED_INFO_E
3232	955	SCHEMA_INFO_E	724	SELECT_INFO_E
3233	955	SCHEMA_INFO_E	726	DEFINED_INFO_E
3234	955	SCHEMA_INFO_E	727	DEFINED_INFO_E
3235	955	SCHEMA_INFO_E	728	DEFINED_INFO_E
3236	955	SCHEMA_INFO_E	729	DEFINED_INFO_E
3237	955	SCHEMA_INFO_E	730	DEFINED_INFO_E
3238	955	SCHEMA_INFO_E	731	SELECT_INFO_E
3239	955	SCHEMA_INFO_E	732	DEFINED_INFO_E
3240	955	SCHEMA_INFO_E	733	DEFINED_INFO_E
3241	955	SCHEMA_INFO_E	734	DEFINED_INFO_E
3242	955	SCHEMA_INFO_E	735	DEFINED_INFO_E
3243	955	SCHEMA_INFO_E	736	DEFINED_INFO_E
3244	955	SCHEMA_INFO_E	737	DEFINED_INFO_E
3245	955	SCHEMA_INFO_E	738	DEFINED_INFO_E
3246	955	SCHEMA_INFO_E	739	DEFINED_INFO_E
3247	955	SCHEMA_INFO_E	740	DEFINED_INFO_E
3248	955	SCHEMA_INFO_E	741	DEFINED_INFO_E
3249	955	SCHEMA_INFO_E	742	DEFINED_INFO_E
3250	955	SCHEMA_INFO_E	743	DEFINED_INFO_E
3251	955	SCHEMA_INFO_E	744	DEFINED_INFO_E
3252	955	SCHEMA_INFO_E	745	DEFINED_INFO_E
3253	955	SCHEMA_INFO_E	746	SELECT_INFO_E
3254	955	SCHEMA_INFO_E	747	DEFINED_INFO_E
3255	955	SCHEMA_INFO_E	748	DEFINED_INFO_E
3256	955	SCHEMA_INFO_E	749	SELECT_INFO_E
3257	955	SCHEMA_INFO_E	750	SELECT_INFO_E
3258	955	SCHEMA_INFO_E	751	SELECT_INFO_E
3259	955	SCHEMA_INFO_E	752	DEFINED_INFO_E
3260	955	SCHEMA_INFO_E	753	SELECT_INFO_E
3261	955	SCHEMA_INFO_E	755	DEFINED_INFO_E
3262	955	SCHEMA_INFO_E	756	DEFINED_INFO_E
3263	955	SCHEMA_INFO_E	757	SELECT_INFO_E
3264	955	SCHEMA_INFO_E	758	DEFINED_INFO_E
3265	955	SCHEMA_INFO_E	759	DEFINED_INFO_E
3266	955	SCHEMA_INFO_E	760	SELECT_INFO_E
3267	955	SCHEMA_INFO_E	761	SELECT_INFO_E
3268	955	SCHEMA_INFO_E	762	SELECT_INFO_E
3269	955	SCHEMA_INFO_E	763	SELECT_INFO_E
3270	955	SCHEMA_INFO_E	764	SELECT_INFO_E
3271	955	SCHEMA_INFO_E	765	DEFINED_INFO_E
3272	955	SCHEMA_INFO_E	766	SELECT_INFO_E
3273	955	SCHEMA_INFO_E	767	DEFINED_INFO_E
3274	955	SCHEMA_INFO_E	768	SELECT_INFO_E
3275	955	SCHEMA_INFO_E	769	DEFINED_INFO_E
3276	955	SCHEMA_INFO_E	770	SELECT_INFO_E
3277	955	SCHEMA_INFO_E	771	SELECT_INFO_E
3278	955	SCHEMA_INFO_E	772	SELECT_INFO_E
3279	955	SCHEMA_INFO_E	773	SELECT_INFO_E
3280	955	SCHEMA_INFO_E	774	ENUM_INFO_E
3281	955	SCHEMA_INFO_E	775	SELECT_INFO_E
3282	955	SCHEMA_INFO_E	776	DEFINED_INFO_E
3283	955	SCHEMA_INFO_E	777	DEFINED_INFO_E
3284	955	SCHEMA_INFO_E	778	SELECT_INFO_E
3285	955	SCHEMA_INFO_E	779	DEFINED_INFO_E
3286	955	SCHEMA_INFO_E	780	DEFINED_INFO_E
3287	955	SCHEMA_INFO_E	781	SELECT_INFO_E
3288	955	SCHEMA_INFO_E	782	SELECT_INFO_E
3289	955	SCHEMA_INFO_E	783	DEFINED_INFO_E
3290	955	SCHEMA_INFO_E	784	ENUM_INFO_E
3291	955	SCHEMA_INFO_E	785	DEFINED_INFO_E
3292	955	SCHEMA_INFO_E	786	SELECT_INFO_E
3293	955	SCHEMA_INFO_E	787	DEFINED_INFO_E
3294	955	SCHEMA_INFO_E	788	DEFINED_INFO_E
3295	955	SCHEMA_INFO_E	789	ENUM_INFO_E
3296	955	SCHEMA_INFO_E	790	DEFINED_INFO_E
3297	955	SCHEMA_INFO_E	791	DEFINED_INFO_E
3298	955	SCHEMA_INFO_E	792	SELECT_INFO_E
3299	955	SCHEMA_INFO_E	793	DEFINED_INFO_E
3300	955	SCHEMA_INFO_E	794	DEFINED_INFO_E
3301	955	SCHEMA_INFO_E	795	SELECT_INFO_E
3302	955	SCHEMA_INFO_E	796	DEFINED_INFO_E
3303	955	SCHEMA_INFO_E	797	DEFINED_INFO_E
3304	955	SCHEMA_INFO_E	798	DEFINED_INFO_E
3305	955	SCHEMA_INFO_E	799	SELECT_INFO_E
3306	955	SCHEMA_INFO_E	800	DEFINED_INFO_E
3307	955	SCHEMA_INFO_E	801	SELECT_INFO_E
3308	955	SCHEMA_INFO_E	802	DEFINED_INFO_E
3309	955	SCHEMA_INFO_E	803	DEFINED_INFO_E
3310	955	SCHEMA_INFO_E	804	DEFINED_INFO_E
3311	955	SCHEMA_INFO_E	805	DEFINED_INFO_E
3312	955	SCHEMA_INFO_E	806	ENUM_INFO_E
3313	955	SCHEMA_INFO_E	807	DEFINED_INFO_E
3314	955	SCHEMA_INFO_E	808	SELECT_INFO_E
3315	955	SCHEMA_INFO_E	809	SELECT_INFO_E
3316	955	SCHEMA_INFO_E	810	SELECT_INFO_E
3317	955	SCHEMA_INFO_E	811	DEFINED_INFO_E
3318	955	SCHEMA_INFO_E	812	DEFINED_INFO_E
3319	955	SCHEMA_INFO_E	813	SELECT_INFO_E
3320	955	SCHEMA_INFO_E	814	DEFINED_INFO_E
3321	955	SCHEMA_INFO_E	815	DEFINED_INFO_E
3322	955	SCHEMA_INFO_E	816	SELECT_INFO_E
3323	955	SCHEMA_INFO_E	817	ENUM_INFO_E
3324	955	SCHEMA_INFO_E	818	SELECT_INFO_E
3325	955	SCHEMA_INFO_E	819	DEFINED_INFO_E
3326	955	SCHEMA_INFO_E	820	SELECT_INFO_E
3327	955	SCHEMA_INFO_E	821	DEFINED_INFO_E
3328	955	SCHEMA_INFO_E	822	SELECT_INFO_E
3329	955	SCHEMA_INFO_E	823	DEFINED_INFO_E
3330	955	SCHEMA_INFO_E	824	SELECT_INFO_E
3448	1008	SCHEMA_INFO_E	986	ENUM_INFO_E
\.


--
-- Data for Name: schema_info_2_entity_types; Type: TABLE DATA; Schema: public; Owner: postgres
--

COPY schema_info_2_entity_types (rid, rid_s, tablename_s, rid_d, tablename_d) FROM stdin;
2996	955	SCHEMA_INFO_E	12	ENTITY_INFO_E
2997	955	SCHEMA_INFO_E	18	ENTITY_INFO_E
2998	955	SCHEMA_INFO_E	19	ENTITY_INFO_E
2999	955	SCHEMA_INFO_E	20	ENTITY_INFO_E
3000	955	SCHEMA_INFO_E	25	ENTITY_INFO_E
3001	955	SCHEMA_INFO_E	26	ENTITY_INFO_E
3002	955	SCHEMA_INFO_E	30	ENTITY_INFO_E
3003	955	SCHEMA_INFO_E	40	ENTITY_INFO_E
3004	955	SCHEMA_INFO_E	41	ENTITY_INFO_E
3005	955	SCHEMA_INFO_E	42	ENTITY_INFO_E
3006	955	SCHEMA_INFO_E	43	ENTITY_INFO_E
3007	955	SCHEMA_INFO_E	44	ENTITY_INFO_E
3008	955	SCHEMA_INFO_E	47	ENTITY_INFO_E
3009	955	SCHEMA_INFO_E	48	ENTITY_INFO_E
3010	955	SCHEMA_INFO_E	50	ENTITY_INFO_E
3011	955	SCHEMA_INFO_E	54	ENTITY_INFO_E
3012	955	SCHEMA_INFO_E	55	ENTITY_INFO_E
3013	955	SCHEMA_INFO_E	56	ENTITY_INFO_E
3014	955	SCHEMA_INFO_E	58	ENTITY_INFO_E
3015	955	SCHEMA_INFO_E	59	ENTITY_INFO_E
3016	955	SCHEMA_INFO_E	60	ENTITY_INFO_E
3017	955	SCHEMA_INFO_E	68	ENTITY_INFO_E
3018	955	SCHEMA_INFO_E	69	ENTITY_INFO_E
3019	955	SCHEMA_INFO_E	71	ENTITY_INFO_E
3020	955	SCHEMA_INFO_E	72	ENTITY_INFO_E
3021	955	SCHEMA_INFO_E	73	ENTITY_INFO_E
3022	955	SCHEMA_INFO_E	74	ENTITY_INFO_E
3023	955	SCHEMA_INFO_E	75	ENTITY_INFO_E
3024	955	SCHEMA_INFO_E	76	ENTITY_INFO_E
3025	955	SCHEMA_INFO_E	77	ENTITY_INFO_E
3026	955	SCHEMA_INFO_E	78	ENTITY_INFO_E
3027	955	SCHEMA_INFO_E	79	ENTITY_INFO_E
3028	955	SCHEMA_INFO_E	80	ENTITY_INFO_E
3029	955	SCHEMA_INFO_E	81	ENTITY_INFO_E
3030	955	SCHEMA_INFO_E	82	ENTITY_INFO_E
3031	955	SCHEMA_INFO_E	83	ENTITY_INFO_E
3032	955	SCHEMA_INFO_E	84	ENTITY_INFO_E
3033	955	SCHEMA_INFO_E	85	ENTITY_INFO_E
3034	955	SCHEMA_INFO_E	86	ENTITY_INFO_E
3035	955	SCHEMA_INFO_E	87	ENTITY_INFO_E
3036	955	SCHEMA_INFO_E	88	ENTITY_INFO_E
3037	955	SCHEMA_INFO_E	89	ENTITY_INFO_E
3038	955	SCHEMA_INFO_E	90	ENTITY_INFO_E
3039	955	SCHEMA_INFO_E	91	ENTITY_INFO_E
3040	955	SCHEMA_INFO_E	92	ENTITY_INFO_E
3041	955	SCHEMA_INFO_E	93	ENTITY_INFO_E
3042	955	SCHEMA_INFO_E	94	ENTITY_INFO_E
3043	955	SCHEMA_INFO_E	95	ENTITY_INFO_E
3044	955	SCHEMA_INFO_E	96	ENTITY_INFO_E
3045	955	SCHEMA_INFO_E	98	ENTITY_INFO_E
3046	955	SCHEMA_INFO_E	99	ENTITY_INFO_E
3047	955	SCHEMA_INFO_E	101	ENTITY_INFO_E
3048	955	SCHEMA_INFO_E	102	ENTITY_INFO_E
3049	955	SCHEMA_INFO_E	103	ENTITY_INFO_E
3050	955	SCHEMA_INFO_E	104	ENTITY_INFO_E
3051	955	SCHEMA_INFO_E	109	ENTITY_INFO_E
3052	955	SCHEMA_INFO_E	112	ENTITY_INFO_E
3053	955	SCHEMA_INFO_E	119	ENTITY_INFO_E
3054	955	SCHEMA_INFO_E	120	ENTITY_INFO_E
3055	955	SCHEMA_INFO_E	122	ENTITY_INFO_E
3056	955	SCHEMA_INFO_E	123	ENTITY_INFO_E
3057	955	SCHEMA_INFO_E	124	ENTITY_INFO_E
3058	955	SCHEMA_INFO_E	127	ENTITY_INFO_E
3059	955	SCHEMA_INFO_E	130	ENTITY_INFO_E
3060	955	SCHEMA_INFO_E	134	ENTITY_INFO_E
3061	955	SCHEMA_INFO_E	135	ENTITY_INFO_E
3062	955	SCHEMA_INFO_E	142	ENTITY_INFO_E
3063	955	SCHEMA_INFO_E	148	ENTITY_INFO_E
3064	955	SCHEMA_INFO_E	149	ENTITY_INFO_E
3065	955	SCHEMA_INFO_E	150	ENTITY_INFO_E
3066	955	SCHEMA_INFO_E	151	ENTITY_INFO_E
3067	955	SCHEMA_INFO_E	152	ENTITY_INFO_E
3068	955	SCHEMA_INFO_E	153	ENTITY_INFO_E
3069	955	SCHEMA_INFO_E	154	ENTITY_INFO_E
3070	955	SCHEMA_INFO_E	155	ENTITY_INFO_E
3071	955	SCHEMA_INFO_E	156	ENTITY_INFO_E
3072	955	SCHEMA_INFO_E	158	ENTITY_INFO_E
3073	955	SCHEMA_INFO_E	159	ENTITY_INFO_E
3074	955	SCHEMA_INFO_E	162	ENTITY_INFO_E
3075	955	SCHEMA_INFO_E	163	ENTITY_INFO_E
3076	955	SCHEMA_INFO_E	191	ENTITY_INFO_E
3077	955	SCHEMA_INFO_E	192	ENTITY_INFO_E
3078	955	SCHEMA_INFO_E	193	ENTITY_INFO_E
3079	955	SCHEMA_INFO_E	197	ENTITY_INFO_E
3080	955	SCHEMA_INFO_E	198	ENTITY_INFO_E
3081	955	SCHEMA_INFO_E	204	ENTITY_INFO_E
3082	955	SCHEMA_INFO_E	205	ENTITY_INFO_E
3083	955	SCHEMA_INFO_E	207	ENTITY_INFO_E
3084	955	SCHEMA_INFO_E	208	ENTITY_INFO_E
3085	955	SCHEMA_INFO_E	211	ENTITY_INFO_E
3086	955	SCHEMA_INFO_E	212	ENTITY_INFO_E
3087	955	SCHEMA_INFO_E	213	ENTITY_INFO_E
3088	955	SCHEMA_INFO_E	217	ENTITY_INFO_E
3089	955	SCHEMA_INFO_E	218	ENTITY_INFO_E
3090	955	SCHEMA_INFO_E	225	ENTITY_INFO_E
3091	955	SCHEMA_INFO_E	226	ENTITY_INFO_E
3092	955	SCHEMA_INFO_E	227	ENTITY_INFO_E
3093	955	SCHEMA_INFO_E	234	ENTITY_INFO_E
3094	955	SCHEMA_INFO_E	235	ENTITY_INFO_E
3095	955	SCHEMA_INFO_E	239	ENTITY_INFO_E
3096	955	SCHEMA_INFO_E	247	ENTITY_INFO_E
3097	955	SCHEMA_INFO_E	248	ENTITY_INFO_E
3098	955	SCHEMA_INFO_E	249	ENTITY_INFO_E
3099	955	SCHEMA_INFO_E	250	ENTITY_INFO_E
3100	955	SCHEMA_INFO_E	251	ENTITY_INFO_E
3101	955	SCHEMA_INFO_E	252	ENTITY_INFO_E
3102	955	SCHEMA_INFO_E	253	ENTITY_INFO_E
3103	955	SCHEMA_INFO_E	260	ENTITY_INFO_E
3104	955	SCHEMA_INFO_E	261	ENTITY_INFO_E
3105	955	SCHEMA_INFO_E	262	ENTITY_INFO_E
3106	955	SCHEMA_INFO_E	263	ENTITY_INFO_E
3107	955	SCHEMA_INFO_E	264	ENTITY_INFO_E
3108	955	SCHEMA_INFO_E	266	ENTITY_INFO_E
3109	955	SCHEMA_INFO_E	268	ENTITY_INFO_E
3110	955	SCHEMA_INFO_E	270	ENTITY_INFO_E
3111	955	SCHEMA_INFO_E	279	ENTITY_INFO_E
3112	955	SCHEMA_INFO_E	280	ENTITY_INFO_E
3113	955	SCHEMA_INFO_E	281	ENTITY_INFO_E
3114	955	SCHEMA_INFO_E	282	ENTITY_INFO_E
3115	955	SCHEMA_INFO_E	283	ENTITY_INFO_E
3116	955	SCHEMA_INFO_E	284	ENTITY_INFO_E
3117	955	SCHEMA_INFO_E	288	ENTITY_INFO_E
3118	955	SCHEMA_INFO_E	300	ENTITY_INFO_E
3119	955	SCHEMA_INFO_E	303	ENTITY_INFO_E
3120	955	SCHEMA_INFO_E	304	ENTITY_INFO_E
3121	955	SCHEMA_INFO_E	305	ENTITY_INFO_E
3122	955	SCHEMA_INFO_E	306	ENTITY_INFO_E
3123	955	SCHEMA_INFO_E	308	ENTITY_INFO_E
3124	955	SCHEMA_INFO_E	309	ENTITY_INFO_E
3125	955	SCHEMA_INFO_E	319	ENTITY_INFO_E
3126	955	SCHEMA_INFO_E	326	ENTITY_INFO_E
3127	955	SCHEMA_INFO_E	334	ENTITY_INFO_E
3128	955	SCHEMA_INFO_E	336	ENTITY_INFO_E
3129	955	SCHEMA_INFO_E	363	ENTITY_INFO_E
3130	955	SCHEMA_INFO_E	364	ENTITY_INFO_E
3131	955	SCHEMA_INFO_E	365	ENTITY_INFO_E
3132	955	SCHEMA_INFO_E	366	ENTITY_INFO_E
3133	955	SCHEMA_INFO_E	367	ENTITY_INFO_E
3134	955	SCHEMA_INFO_E	368	ENTITY_INFO_E
3135	955	SCHEMA_INFO_E	369	ENTITY_INFO_E
3136	955	SCHEMA_INFO_E	370	ENTITY_INFO_E
3137	955	SCHEMA_INFO_E	371	ENTITY_INFO_E
3138	955	SCHEMA_INFO_E	372	ENTITY_INFO_E
3139	955	SCHEMA_INFO_E	373	ENTITY_INFO_E
3140	955	SCHEMA_INFO_E	375	ENTITY_INFO_E
3141	955	SCHEMA_INFO_E	378	ENTITY_INFO_E
3142	955	SCHEMA_INFO_E	379	ENTITY_INFO_E
3143	955	SCHEMA_INFO_E	381	ENTITY_INFO_E
3144	955	SCHEMA_INFO_E	383	ENTITY_INFO_E
3145	955	SCHEMA_INFO_E	384	ENTITY_INFO_E
3146	955	SCHEMA_INFO_E	385	ENTITY_INFO_E
3147	955	SCHEMA_INFO_E	386	ENTITY_INFO_E
3148	955	SCHEMA_INFO_E	387	ENTITY_INFO_E
3149	955	SCHEMA_INFO_E	388	ENTITY_INFO_E
3150	955	SCHEMA_INFO_E	390	ENTITY_INFO_E
3151	955	SCHEMA_INFO_E	394	ENTITY_INFO_E
3152	955	SCHEMA_INFO_E	400	ENTITY_INFO_E
3153	955	SCHEMA_INFO_E	401	ENTITY_INFO_E
3154	955	SCHEMA_INFO_E	402	ENTITY_INFO_E
3155	955	SCHEMA_INFO_E	403	ENTITY_INFO_E
3156	955	SCHEMA_INFO_E	408	ENTITY_INFO_E
3157	955	SCHEMA_INFO_E	413	ENTITY_INFO_E
3158	955	SCHEMA_INFO_E	417	ENTITY_INFO_E
3159	955	SCHEMA_INFO_E	418	ENTITY_INFO_E
3160	955	SCHEMA_INFO_E	420	ENTITY_INFO_E
3161	955	SCHEMA_INFO_E	421	ENTITY_INFO_E
3162	955	SCHEMA_INFO_E	424	ENTITY_INFO_E
3163	955	SCHEMA_INFO_E	429	ENTITY_INFO_E
3164	955	SCHEMA_INFO_E	435	ENTITY_INFO_E
3165	955	SCHEMA_INFO_E	446	ENTITY_INFO_E
3166	955	SCHEMA_INFO_E	449	ENTITY_INFO_E
3167	955	SCHEMA_INFO_E	450	ENTITY_INFO_E
3168	955	SCHEMA_INFO_E	453	ENTITY_INFO_E
3169	955	SCHEMA_INFO_E	455	ENTITY_INFO_E
3170	955	SCHEMA_INFO_E	469	ENTITY_INFO_E
3171	955	SCHEMA_INFO_E	483	ENTITY_INFO_E
3172	955	SCHEMA_INFO_E	491	ENTITY_INFO_E
3173	955	SCHEMA_INFO_E	492	ENTITY_INFO_E
3174	955	SCHEMA_INFO_E	503	ENTITY_INFO_E
3175	955	SCHEMA_INFO_E	504	ENTITY_INFO_E
3176	955	SCHEMA_INFO_E	508	ENTITY_INFO_E
3177	955	SCHEMA_INFO_E	511	ENTITY_INFO_E
3178	955	SCHEMA_INFO_E	512	ENTITY_INFO_E
3179	955	SCHEMA_INFO_E	513	ENTITY_INFO_E
3180	955	SCHEMA_INFO_E	516	ENTITY_INFO_E
3181	955	SCHEMA_INFO_E	525	ENTITY_INFO_E
3182	955	SCHEMA_INFO_E	526	ENTITY_INFO_E
3183	955	SCHEMA_INFO_E	529	ENTITY_INFO_E
3184	955	SCHEMA_INFO_E	540	ENTITY_INFO_E
3185	955	SCHEMA_INFO_E	541	ENTITY_INFO_E
3186	955	SCHEMA_INFO_E	542	ENTITY_INFO_E
3187	955	SCHEMA_INFO_E	546	ENTITY_INFO_E
3188	955	SCHEMA_INFO_E	551	ENTITY_INFO_E
3189	955	SCHEMA_INFO_E	562	ENTITY_INFO_E
3190	955	SCHEMA_INFO_E	570	ENTITY_INFO_E
3191	955	SCHEMA_INFO_E	573	ENTITY_INFO_E
3192	955	SCHEMA_INFO_E	574	ENTITY_INFO_E
3193	955	SCHEMA_INFO_E	577	ENTITY_INFO_E
3194	955	SCHEMA_INFO_E	578	ENTITY_INFO_E
3195	955	SCHEMA_INFO_E	596	ENTITY_INFO_E
3196	955	SCHEMA_INFO_E	599	ENTITY_INFO_E
3197	955	SCHEMA_INFO_E	603	ENTITY_INFO_E
3198	955	SCHEMA_INFO_E	604	ENTITY_INFO_E
3199	955	SCHEMA_INFO_E	615	ENTITY_INFO_E
3200	955	SCHEMA_INFO_E	618	ENTITY_INFO_E
3201	955	SCHEMA_INFO_E	622	ENTITY_INFO_E
3202	955	SCHEMA_INFO_E	626	ENTITY_INFO_E
3203	955	SCHEMA_INFO_E	627	ENTITY_INFO_E
3204	955	SCHEMA_INFO_E	643	ENTITY_INFO_E
3205	955	SCHEMA_INFO_E	644	ENTITY_INFO_E
3206	955	SCHEMA_INFO_E	651	ENTITY_INFO_E
3207	955	SCHEMA_INFO_E	655	ENTITY_INFO_E
3208	955	SCHEMA_INFO_E	660	ENTITY_INFO_E
3209	955	SCHEMA_INFO_E	663	ENTITY_INFO_E
3210	955	SCHEMA_INFO_E	664	ENTITY_INFO_E
3211	955	SCHEMA_INFO_E	665	ENTITY_INFO_E
3212	955	SCHEMA_INFO_E	667	ENTITY_INFO_E
3213	955	SCHEMA_INFO_E	689	ENTITY_INFO_E
3432	1008	SCHEMA_INFO_E	13	ENTITY_INFO_E
3433	1008	SCHEMA_INFO_E	21	ENTITY_INFO_E
3434	1008	SCHEMA_INFO_E	22	ENTITY_INFO_E
3435	1008	SCHEMA_INFO_E	209	ENTITY_INFO_E
3436	1008	SCHEMA_INFO_E	238	ENTITY_INFO_E
3437	1008	SCHEMA_INFO_E	267	ENTITY_INFO_E
3438	1008	SCHEMA_INFO_E	550	ENTITY_INFO_E
3439	1008	SCHEMA_INFO_E	561	ENTITY_INFO_E
3440	1008	SCHEMA_INFO_E	594	ENTITY_INFO_E
3441	1008	SCHEMA_INFO_E	961	ENTITY_INFO_E
3442	1008	SCHEMA_INFO_E	968	ENTITY_INFO_E
3443	1008	SCHEMA_INFO_E	971	ENTITY_INFO_E
3444	1008	SCHEMA_INFO_E	975	ENTITY_INFO_E
3445	1008	SCHEMA_INFO_E	983	ENTITY_INFO_E
3446	1008	SCHEMA_INFO_E	984	ENTITY_INFO_E
3447	1008	SCHEMA_INFO_E	985	ENTITY_INFO_E
\.


--
-- Data for Name: schema_info_e; Type: TABLE DATA; Schema: public; Owner: postgres
--

COPY schema_info_e (rid, name, entity_types, defined_types) FROM stdin;
955	ISO13584_25_IEC61360_5_LIBRARY_IMPLICIT_SCHEMA	{2996,2997,2998,2999,3000,3001,3002,3003,3004,3005,3006,3007,3008,3009,3010,3011,3012,3013,3014,3015,3016,3017,3018,3019,3020,3021,3022,3023,3024,3025,3026,3027,3028,3029,3030,3031,3032,3033,3034,3035,3036,3037,3038,3039,3040,3041,3042,3043,3044,3045,3046,3047,3048,3049,3050,3051,3052,3053,3054,3055,3056,3057,3058,3059,3060,3061,3062,3063,3064,3065,3066,3067,3068,3069,3070,3071,3072,3073,3074,3075,3076,3077,3078,3079,3080,3081,3082,3083,3084,3085,3086,3087,3088,3089,3090,3091,3092,3093,3094,3095,3096,3097,3098,3099,3100,3101,3102,3103,3104,3105,3106,3107,3108,3109,3110,3111,3112,3113,3114,3115,3116,3117,3118,3119,3120,3121,3122,3123,3124,3125,3126,3127,3128,3129,3130,3131,3132,3133,3134,3135,3136,3137,3138,3139,3140,3141,3142,3143,3144,3145,3146,3147,3148,3149,3150,3151,3152,3153,3154,3155,3156,3157,3158,3159,3160,3161,3162,3163,3164,3165,3166,3167,3168,3169,3170,3171,3172,3173,3174,3175,3176,3177,3178,3179,3180,3181,3182,3183,3184,3185,3186,3187,3188,3189,3190,3191,3192,3193,3194,3195,3196,3197,3198,3199,3200,3201,3202,3203,3204,3205,3206,3207,3208,3209,3210,3211,3212,3213}	{3214,3215,3216,3217,3218,3219,3220,3221,3222,3223,3224,3225,3226,3227,3228,3229,3230,3231,3232,3233,3234,3235,3236,3237,3238,3239,3240,3241,3242,3243,3244,3245,3246,3247,3248,3249,3250,3251,3252,3253,3254,3255,3256,3257,3258,3259,3260,3261,3262,3263,3264,3265,3266,3267,3268,3269,3270,3271,3272,3273,3274,3275,3276,3277,3278,3279,3280,3281,3282,3283,3284,3285,3286,3287,3288,3289,3290,3291,3292,3293,3294,3295,3296,3297,3298,3299,3300,3301,3302,3303,3304,3305,3306,3307,3308,3309,3310,3311,3312,3313,3314,3315,3316,3317,3318,3319,3320,3321,3322,3323,3324,3325,3326,3327,3328,3329,3330}
1008	META	{3432,3433,3434,3435,3436,3437,3438,3439,3440,3441,3442,3443,3444,3445,3446,3447}	{3448}
\.


--
-- Data for Name: second_in_minute_t; Type: TABLE DATA; Schema: public; Owner: postgres
--

COPY second_in_minute_t (rid, value) FROM stdin;
\.


--
-- Data for Name: select_info_2_select_list; Type: TABLE DATA; Schema: public; Owner: postgres
--

COPY select_info_2_select_list (rid, rid_s, tablename_s, rid_d, tablename_d) FROM stdin;
2689	700	SELECT_INFO_E	60	ENTITY_INFO_E
2690	708	SELECT_INFO_E	710	SELECT_INFO_E
2692	710	SELECT_INFO_E	483	ENTITY_INFO_E
2693	710	SELECT_INFO_E	709	DEFINED_INFO_E
2695	713	SELECT_INFO_E	663	ENTITY_INFO_E
2696	713	SELECT_INFO_E	712	DEFINED_INFO_E
2697	714	SELECT_INFO_E	420	ENTITY_INFO_E
2698	714	SELECT_INFO_E	663	ENTITY_INFO_E
2703	721	SELECT_INFO_E	225	ENTITY_INFO_E
2704	721	SELECT_INFO_E	491	ENTITY_INFO_E
2705	721	SELECT_INFO_E	596	ENTITY_INFO_E
2706	722	SELECT_INFO_E	724	SELECT_INFO_E
2708	724	SELECT_INFO_E	303	ENTITY_INFO_E
2709	724	SELECT_INFO_E	723	DEFINED_INFO_E
2715	731	SELECT_INFO_E	69	ENTITY_INFO_E
2716	731	SELECT_INFO_E	252	ENTITY_INFO_E
2717	731	SELECT_INFO_E	469	ENTITY_INFO_E
2732	746	SELECT_INFO_E	699	DEFINED_INFO_E
2733	746	SELECT_INFO_E	716	DEFINED_INFO_E
2734	746	SELECT_INFO_E	717	DEFINED_INFO_E
2735	746	SELECT_INFO_E	726	DEFINED_INFO_E
2736	746	SELECT_INFO_E	727	DEFINED_INFO_E
2737	746	SELECT_INFO_E	728	DEFINED_INFO_E
2738	746	SELECT_INFO_E	735	DEFINED_INFO_E
2739	746	SELECT_INFO_E	736	DEFINED_INFO_E
2740	746	SELECT_INFO_E	737	DEFINED_INFO_E
2741	746	SELECT_INFO_E	738	DEFINED_INFO_E
2742	746	SELECT_INFO_E	739	DEFINED_INFO_E
2743	746	SELECT_INFO_E	740	DEFINED_INFO_E
2744	746	SELECT_INFO_E	741	DEFINED_INFO_E
2745	746	SELECT_INFO_E	742	DEFINED_INFO_E
2746	746	SELECT_INFO_E	743	DEFINED_INFO_E
2747	746	SELECT_INFO_E	744	DEFINED_INFO_E
2748	746	SELECT_INFO_E	745	DEFINED_INFO_E
2749	746	SELECT_INFO_E	747	DEFINED_INFO_E
2752	749	SELECT_INFO_E	663	ENTITY_INFO_E
2753	749	SELECT_INFO_E	757	SELECT_INFO_E
2754	750	SELECT_INFO_E	663	ENTITY_INFO_E
2755	750	SELECT_INFO_E	751	SELECT_INFO_E
2756	751	SELECT_INFO_E	712	DEFINED_INFO_E
2757	751	SELECT_INFO_E	753	SELECT_INFO_E
2758	751	SELECT_INFO_E	757	SELECT_INFO_E
2760	753	SELECT_INFO_E	615	ENTITY_INFO_E
2761	753	SELECT_INFO_E	752	DEFINED_INFO_E
2764	757	SELECT_INFO_E	755	DEFINED_INFO_E
2765	757	SELECT_INFO_E	756	DEFINED_INFO_E
2768	760	SELECT_INFO_E	596	ENTITY_INFO_E
2769	760	SELECT_INFO_E	651	ENTITY_INFO_E
2770	761	SELECT_INFO_E	731	SELECT_INFO_E
2771	761	SELECT_INFO_E	762	SELECT_INFO_E
2772	762	SELECT_INFO_E	30	ENTITY_INFO_E
2773	762	SELECT_INFO_E	130	ENTITY_INFO_E
2774	762	SELECT_INFO_E	217	ENTITY_INFO_E
2775	762	SELECT_INFO_E	218	ENTITY_INFO_E
2776	762	SELECT_INFO_E	225	ENTITY_INFO_E
2777	762	SELECT_INFO_E	326	ENTITY_INFO_E
2778	762	SELECT_INFO_E	450	ENTITY_INFO_E
2779	762	SELECT_INFO_E	573	ENTITY_INFO_E
2780	762	SELECT_INFO_E	596	ENTITY_INFO_E
2781	762	SELECT_INFO_E	603	ENTITY_INFO_E
2782	762	SELECT_INFO_E	664	ENTITY_INFO_E
2783	762	SELECT_INFO_E	665	ENTITY_INFO_E
2784	762	SELECT_INFO_E	689	ENTITY_INFO_E
2785	763	SELECT_INFO_E	134	ENTITY_INFO_E
2786	763	SELECT_INFO_E	135	ENTITY_INFO_E
2787	763	SELECT_INFO_E	401	ENTITY_INFO_E
2788	763	SELECT_INFO_E	402	ENTITY_INFO_E
2789	764	SELECT_INFO_E	421	ENTITY_INFO_E
2790	764	SELECT_INFO_E	663	ENTITY_INFO_E
2792	766	SELECT_INFO_E	710	SELECT_INFO_E
2794	768	SELECT_INFO_E	663	ENTITY_INFO_E
2795	768	SELECT_INFO_E	773	SELECT_INFO_E
2797	770	SELECT_INFO_E	663	ENTITY_INFO_E
2798	770	SELECT_INFO_E	771	SELECT_INFO_E
2799	771	SELECT_INFO_E	751	SELECT_INFO_E
2800	771	SELECT_INFO_E	772	SELECT_INFO_E
2801	772	SELECT_INFO_E	226	ENTITY_INFO_E
2802	772	SELECT_INFO_E	408	ENTITY_INFO_E
2803	772	SELECT_INFO_E	773	SELECT_INFO_E
2804	773	SELECT_INFO_E	577	ENTITY_INFO_E
2805	773	SELECT_INFO_E	761	SELECT_INFO_E
2806	773	SELECT_INFO_E	763	SELECT_INFO_E
2807	775	SELECT_INFO_E	401	ENTITY_INFO_E
2808	775	SELECT_INFO_E	402	ENTITY_INFO_E
2811	778	SELECT_INFO_E	225	ENTITY_INFO_E
2812	778	SELECT_INFO_E	491	ENTITY_INFO_E
2815	781	SELECT_INFO_E	408	ENTITY_INFO_E
2816	781	SELECT_INFO_E	663	ENTITY_INFO_E
2817	782	SELECT_INFO_E	308	ENTITY_INFO_E
2818	782	SELECT_INFO_E	651	ENTITY_INFO_E
2821	786	SELECT_INFO_E	130	ENTITY_INFO_E
2822	786	SELECT_INFO_E	603	ENTITY_INFO_E
2823	786	SELECT_INFO_E	689	ENTITY_INFO_E
2828	792	SELECT_INFO_E	730	DEFINED_INFO_E
2829	792	SELECT_INFO_E	796	DEFINED_INFO_E
2832	795	SELECT_INFO_E	663	ENTITY_INFO_E
2833	795	SELECT_INFO_E	755	DEFINED_INFO_E
2837	799	SELECT_INFO_E	618	ENTITY_INFO_E
2838	799	SELECT_INFO_E	723	DEFINED_INFO_E
2840	801	SELECT_INFO_E	663	ENTITY_INFO_E
2841	801	SELECT_INFO_E	772	SELECT_INFO_E
2847	808	SELECT_INFO_E	226	ENTITY_INFO_E
2848	808	SELECT_INFO_E	663	ENTITY_INFO_E
2849	809	SELECT_INFO_E	58	ENTITY_INFO_E
2850	809	SELECT_INFO_E	741	DEFINED_INFO_E
2851	810	SELECT_INFO_E	112	ENTITY_INFO_E
2852	810	SELECT_INFO_E	213	ENTITY_INFO_E
2855	813	SELECT_INFO_E	148	ENTITY_INFO_E
2856	813	SELECT_INFO_E	150	ENTITY_INFO_E
2859	816	SELECT_INFO_E	663	ENTITY_INFO_E
2860	816	SELECT_INFO_E	753	SELECT_INFO_E
2861	818	SELECT_INFO_E	710	SELECT_INFO_E
2863	820	SELECT_INFO_E	663	ENTITY_INFO_E
2864	820	SELECT_INFO_E	756	DEFINED_INFO_E
2866	822	SELECT_INFO_E	724	SELECT_INFO_E
2868	824	SELECT_INFO_E	450	ENTITY_INFO_E
\.


--
-- Data for Name: select_info_e; Type: TABLE DATA; Schema: public; Owner: postgres
--

COPY select_info_e (rid, obj, category, name, of_schema, select_list) FROM stdin;
700	\N	72	GEOMETRIC_SET_SELECT	ISO13584_25_IEC61360_5_LIBRARY_IMPLICIT_SCHEMA	{2689}
708	\N	72	NOTE_TYPE	ISO13584_25_IEC61360_5_LIBRARY_IMPLICIT_SCHEMA	{2690}
710	\N	72	TRANSLATABLE_TEXT	ISO13584_25_IEC61360_5_LIBRARY_IMPLICIT_SCHEMA	{2692,2693}
713	\N	72	NULL_OR_BOOLEAN_VALUE	ISO13584_25_IEC61360_5_LIBRARY_IMPLICIT_SCHEMA	{2695,2696}
714	\N	72	NULL_OR_INT_LEVEL_SPEC_VALUE	ISO13584_25_IEC61360_5_LIBRARY_IMPLICIT_SCHEMA	{2697,2698}
721	\N	72	ID_ATTRIBUTE_SELECT	ISO13584_25_IEC61360_5_LIBRARY_IMPLICIT_SCHEMA	{2703,2704,2705}
722	\N	72	SHORT_NAME_TYPE	ISO13584_25_IEC61360_5_LIBRARY_IMPLICIT_SCHEMA	{2706}
724	\N	72	TRANSLATABLE_LABEL	ISO13584_25_IEC61360_5_LIBRARY_IMPLICIT_SCHEMA	{2708,2709}
731	\N	72	PLIB_ENTITY_INSTANCE_VALUE	ISO13584_25_IEC61360_5_LIBRARY_IMPLICIT_SCHEMA	{2715,2716,2717}
746	\N	72	MEASURE_VALUE	ISO13584_25_IEC61360_5_LIBRARY_IMPLICIT_SCHEMA	{2732,2733,2734,2735,2736,2737,2738,2739,2740,2741,2742,2743,2744,2745,2746,2747,2748,2749}
749	\N	72	NULL_OR_NUMBER_VALUE	ISO13584_25_IEC61360_5_LIBRARY_IMPLICIT_SCHEMA	{2752,2753}
750	\N	72	NULL_OR_SIMPLE_VALUE	ISO13584_25_IEC61360_5_LIBRARY_IMPLICIT_SCHEMA	{2754,2755}
751	\N	72	SIMPLE_VALUE	ISO13584_25_IEC61360_5_LIBRARY_IMPLICIT_SCHEMA	{2756,2757,2758}
753	\N	72	TRANSLATABLE_STRING_VALUE	ISO13584_25_IEC61360_5_LIBRARY_IMPLICIT_SCHEMA	{2760,2761}
757	\N	72	NUMBER_VALUE	ISO13584_25_IEC61360_5_LIBRARY_IMPLICIT_SCHEMA	{2764,2765}
760	\N	72	NAME_ATTRIBUTE_SELECT	ISO13584_25_IEC61360_5_LIBRARY_IMPLICIT_SCHEMA	{2768,2769}
761	\N	72	CONTROLLED_ENTITY_INSTANCE_VALUE	ISO13584_25_IEC61360_5_LIBRARY_IMPLICIT_SCHEMA	{2770,2771}
762	\N	72	STEP_ENTITY_INSTANCE_VALUE	ISO13584_25_IEC61360_5_LIBRARY_IMPLICIT_SCHEMA	{2772,2773,2774,2775,2776,2777,2778,2779,2780,2781,2782,2783,2784}
763	\N	72	DEFINED_ENTITY_INSTANCE_VALUE	ISO13584_25_IEC61360_5_LIBRARY_IMPLICIT_SCHEMA	{2785,2786,2787,2788}
764	\N	72	NULL_OR_REAL_LEVEL_SPEC_VALUE	ISO13584_25_IEC61360_5_LIBRARY_IMPLICIT_SCHEMA	{2789,2790}
766	\N	72	DEFINITION_TYPE	ISO13584_25_IEC61360_5_LIBRARY_IMPLICIT_SCHEMA	{2792}
768	\N	72	NULL_OR_ENTITY_INSTANCE_VALUE	ISO13584_25_IEC61360_5_LIBRARY_IMPLICIT_SCHEMA	{2794,2795}
770	\N	72	NULL_OR_PRIMITIVE_VALUE	ISO13584_25_IEC61360_5_LIBRARY_IMPLICIT_SCHEMA	{2797,2798}
771	\N	72	PRIMITIVE_VALUE	ISO13584_25_IEC61360_5_LIBRARY_IMPLICIT_SCHEMA	{2799,2800}
772	\N	72	COMPLEX_VALUE	ISO13584_25_IEC61360_5_LIBRARY_IMPLICIT_SCHEMA	{2801,2802,2803}
773	\N	72	ENTITY_INSTANCE_VALUE	ISO13584_25_IEC61360_5_LIBRARY_IMPLICIT_SCHEMA	{2804,2805,2806}
775	\N	72	AXIS2_PLACEMENT	ISO13584_25_IEC61360_5_LIBRARY_IMPLICIT_SCHEMA	{2807,2808}
778	\N	72	DESCRIPTION_ATTRIBUTE_SELECT	ISO13584_25_IEC61360_5_LIBRARY_IMPLICIT_SCHEMA	{2811,2812}
781	\N	72	NULL_OR_LEVEL_SPEC_VALUE	ISO13584_25_IEC61360_5_LIBRARY_IMPLICIT_SCHEMA	{2815,2816}
782	\N	72	UNIT	ISO13584_25_IEC61360_5_LIBRARY_IMPLICIT_SCHEMA	{2817,2818}
786	\N	72	DATE_TIME_SELECT	ISO13584_25_IEC61360_5_LIBRARY_IMPLICIT_SCHEMA	{2821,2822,2823}
792	\N	72	VALUE_TYPE	ISO13584_25_IEC61360_5_LIBRARY_IMPLICIT_SCHEMA	{2828,2829}
795	\N	72	NULL_OR_REAL_VALUE	ISO13584_25_IEC61360_5_LIBRARY_IMPLICIT_SCHEMA	{2832,2833}
799	\N	72	SYN_NAME_TYPE	ISO13584_25_IEC61360_5_LIBRARY_IMPLICIT_SCHEMA	{2837,2838}
801	\N	72	NULL_OR_COMPLEX_VALUE	ISO13584_25_IEC61360_5_LIBRARY_IMPLICIT_SCHEMA	{2840,2841}
808	\N	72	NULL_OR_DIC_CLASS_INSTANCE	ISO13584_25_IEC61360_5_LIBRARY_IMPLICIT_SCHEMA	{2847,2848}
809	\N	72	TRIMMING_SELECT	ISO13584_25_IEC61360_5_LIBRARY_IMPLICIT_SCHEMA	{2849,2850}
810	\N	72	VECTOR_OR_DIRECTION	ISO13584_25_IEC61360_5_LIBRARY_IMPLICIT_SCHEMA	{2851,2852}
813	\N	72	PROPERTY_OR_DATA_TYPE_BSU	ISO13584_25_IEC61360_5_LIBRARY_IMPLICIT_SCHEMA	{2855,2856}
816	\N	72	NULL_OR_TRANSLATABLE_STRING_VALUE	ISO13584_25_IEC61360_5_LIBRARY_IMPLICIT_SCHEMA	{2859,2860}
818	\N	72	REMARK_TYPE	ISO13584_25_IEC61360_5_LIBRARY_IMPLICIT_SCHEMA	{2861}
820	\N	72	NULL_OR_INTEGER_VALUE	ISO13584_25_IEC61360_5_LIBRARY_IMPLICIT_SCHEMA	{2863,2864}
822	\N	72	PREF_NAME_TYPE	ISO13584_25_IEC61360_5_LIBRARY_IMPLICIT_SCHEMA	{2866}
824	\N	72	FOUNDED_ITEM_SELECT	ISO13584_25_IEC61360_5_LIBRARY_IMPLICIT_SCHEMA	{2868}
\.


--
-- Data for Name: set_type_e; Type: TABLE DATA; Schema: public; Owner: postgres
--

COPY set_type_e (rid, bound_1, bound_2, value_type) FROM stdin;
\.


--
-- Data for Name: set_value_2_values; Type: TABLE DATA; Schema: public; Owner: postgres
--

COPY set_value_2_values (rid, rid_s, tablename_s, rid_d, tablename_d) FROM stdin;
\.


--
-- Data for Name: set_value_e; Type: TABLE DATA; Schema: public; Owner: postgres
--

COPY set_value_e (rid, "values") FROM stdin;
\.


--
-- Data for Name: set_with_subset_constraint_type_e; Type: TABLE DATA; Schema: public; Owner: postgres
--

COPY set_with_subset_constraint_type_e (rid, bound_1, bound_2, value_type, cardinal_min, cardinal_max) FROM stdin;
\.


--
-- Data for Name: set_with_subset_constraint_value_2_values; Type: TABLE DATA; Schema: public; Owner: postgres
--

COPY set_with_subset_constraint_value_2_values (rid, rid_s, tablename_s, rid_d, tablename_d) FROM stdin;
\.


--
-- Data for Name: set_with_subset_constraint_value_e; Type: TABLE DATA; Schema: public; Owner: postgres
--

COPY set_with_subset_constraint_value_e (rid, "values", min, max) FROM stdin;
\.


--
-- Data for Name: si_prefix_t; Type: TABLE DATA; Schema: public; Owner: postgres
--

COPY si_prefix_t (rid, element, rang) FROM stdin;
1	EXA	1
2	PETA	2
3	TERA	3
4	GIGA	4
5	MEGA	5
6	KILO	6
7	HECTO	7
8	DECA	8
9	DECI	9
10	CENTI	10
11	MILLI	11
12	MICRO	12
13	NANO	13
14	PICO	14
15	FEMTO	15
16	ATTO	16
\.


--
-- Data for Name: si_unit_e; Type: TABLE DATA; Schema: public; Owner: postgres
--

COPY si_unit_e (rid, dimensions, prefix, name) FROM stdin;
1121	3568	11	20
1154	3602	11	20
1164	3612	\N	20
1172	3640	11	20
1189	3656	11	20
1194	3683	11	20
1330	\N	\N	\N
1331	\N	\N	\N
1334	\N	\N	\N
1335	\N	\N	\N
1338	\N	\N	\N
1339	\N	\N	\N
1342	\N	\N	\N
1343	\N	\N	\N
1368	\N	\N	\N
1369	\N	\N	\N
1376	\N	\N	\N
1377	\N	\N	\N
1380	\N	\N	\N
1381	\N	\N	\N
1134	3580	11	20
\.


--
-- Data for Name: si_unit_name_t; Type: TABLE DATA; Schema: public; Owner: postgres
--

COPY si_unit_name_t (rid, element, rang) FROM stdin;
20	METRE	1
21	GRAM	2
22	SECOND	3
23	AMPERE	4
24	KELVIN	5
25	MOLE	6
26	CANDELA	7
27	RADIAN	8
28	STERADIAN	9
29	HERTZ	10
30	NEWTON	11
31	PASCAL	12
32	JOULE	13
33	WATT	14
34	COULOMB	15
35	VOLT	16
36	FARAD	17
37	OHM	18
38	SIEMENS	19
39	WEBER	20
40	TESLA	21
41	HENRY	22
42	DEGREE_CELSIUS	23
43	LUMEN	24
44	LUX	25
45	BECQUEREL	26
46	GRAY	27
47	SIEVERT	28
\.


--
-- Data for Name: simple_program_protocol_2_compiler_supplier; Type: TABLE DATA; Schema: public; Owner: postgres
--

COPY simple_program_protocol_2_compiler_supplier (rid, rid_s, tablename_s, rid_d, tablename_d) FROM stdin;
\.


--
-- Data for Name: simple_program_protocol_e; Type: TABLE DATA; Schema: public; Owner: postgres
--

COPY simple_program_protocol_e (rid, organisation, country, protocol_name, protocol_version, level, designation, base_protocol, language, status, compiler_supplier, compiler_name, compiler_version) FROM stdin;
\.


--
-- Data for Name: simple_type_e; Type: TABLE DATA; Schema: public; Owner: postgres
--

COPY simple_type_e (rid, value_format) FROM stdin;
\.


--
-- Data for Name: solid_angle_measure_t; Type: TABLE DATA; Schema: public; Owner: postgres
--

COPY solid_angle_measure_t (rid, value) FROM stdin;
\.


--
-- Data for Name: source_doc_type_t; Type: TABLE DATA; Schema: public; Owner: postgres
--

COPY source_doc_type_t (rid, value) FROM stdin;
\.


--
-- Data for Name: standard_data_protocol_e; Type: TABLE DATA; Schema: public; Owner: postgres
--

COPY standard_data_protocol_e (rid, organisation, country, protocol_name, protocol_version, level, designation, base_protocol) FROM stdin;
\.


--
-- Data for Name: standard_protocol_e; Type: TABLE DATA; Schema: public; Owner: postgres
--

COPY standard_protocol_e (rid, organisation, country, protocol_name, protocol_version, level, designation, base_protocol) FROM stdin;
\.


--
-- Data for Name: standard_simple_program_protocol_e; Type: TABLE DATA; Schema: public; Owner: postgres
--

COPY standard_simple_program_protocol_e (rid, organisation, country, protocol_name, protocol_version, level, designation, base_protocol, language, status, compiler_supplier, compiler_name, compiler_version) FROM stdin;
\.


--
-- Data for Name: string_info_e; Type: TABLE DATA; Schema: public; Owner: postgres
--

COPY string_info_e (rid, obj, category, is_fixed, bound) FROM stdin;
16	\N	61	f	\N
698	\N	61	f	\N
711	\N	61	f	\N
719	\N	61	f	\N
725	\N	61	f	\N
754	\N	61	f	\N
827	\N	61	f	\N
838	\N	61	f	\N
840	\N	61	f	\N
1001	\N	61	f	\N
1002	\N	61	f	\N
1004	\N	61	f	\N
1006	\N	61	f	\N
1010	\N	61	f	\N
1011	\N	61	f	\N
\.


--
-- Data for Name: string_type_e; Type: TABLE DATA; Schema: public; Owner: postgres
--

COPY string_type_e (rid, value_format) FROM stdin;
1080	X 50
1092	X 30
1098	X 15
1102	X 15
1143	X 17
1179	X 17
1205	X 17
1296	\N
1303	\N
1323	\N
1150	XC 2
1464	\N
1470	\N
1477	\N
1493	\N
1510	\N
1532	\N
1550	\N
1557	\N
1564	\N
1584	\N
1590	\N
1637	X 17
1665	X 17
1669	X 17
1673	X 17
1677	X 17
1681	X 17
1685	X 17
1689	X 17
1693	X 17
1697	X 17
1701	X 17
\.


--
-- Data for Name: string_value_t; Type: TABLE DATA; Schema: public; Owner: postgres
--

COPY string_value_t (rid, value) FROM stdin;
\.


--
-- Data for Name: supplier_bsu_e; Type: TABLE DATA; Schema: public; Owner: postgres
--

COPY supplier_bsu_e (rid, code, version, is_version_current) FROM stdin;
1016	1111	1	t
1623	supplier001	001	t
1633	supplier001	001	t
\.


--
-- Data for Name: supplier_bsu_related_content_2_dictionary_definition; Type: TABLE DATA; Schema: public; Owner: postgres
--

COPY supplier_bsu_related_content_2_dictionary_definition (rid, rid_s, tablename_s, rid_d, tablename_d) FROM stdin;
\.


--
-- Data for Name: supplier_bsu_related_content_e; Type: TABLE DATA; Schema: public; Owner: postgres
--

COPY supplier_bsu_related_content_e (rid, dictionary_definition, rid_bsu, tablename_bsu, used_protocol, content, revision) FROM stdin;
\.


--
-- Data for Name: supplier_bsu_relationship_2_related_tokens; Type: TABLE DATA; Schema: public; Owner: postgres
--

COPY supplier_bsu_relationship_2_related_tokens (rid, rid_s, tablename_s, rid_d, tablename_d) FROM stdin;
\.


--
-- Data for Name: supplier_bsu_relationship_2_relating_supplier; Type: TABLE DATA; Schema: public; Owner: postgres
--

COPY supplier_bsu_relationship_2_relating_supplier (rid, rid_s, tablename_s, rid_d, tablename_d) FROM stdin;
\.


--
-- Data for Name: supplier_bsu_relationship_e; Type: TABLE DATA; Schema: public; Owner: postgres
--

COPY supplier_bsu_relationship_e (rid, relating_supplier, related_tokens) FROM stdin;
\.


--
-- Data for Name: supplier_code_type_t; Type: TABLE DATA; Schema: public; Owner: postgres
--

COPY supplier_code_type_t (rid, value) FROM stdin;
\.


--
-- Data for Name: supplier_element_2_addr; Type: TABLE DATA; Schema: public; Owner: postgres
--

COPY supplier_element_2_addr (rid, rid_s, tablename_s, rid_d, tablename_d) FROM stdin;
3530	1089	SUPPLIER_ELEMENT_E	1088	ADDRESS_E
\.


--
-- Data for Name: supplier_element_2_identified_by; Type: TABLE DATA; Schema: public; Owner: postgres
--

COPY supplier_element_2_identified_by (rid, rid_s, tablename_s, rid_d, tablename_d) FROM stdin;
3531	1089	SUPPLIER_ELEMENT_E	1016	SUPPLIER_BSU_E
5647	1622	SUPPLIER_ELEMENT_E	1623	SUPPLIER_BSU_E
5657	1632	SUPPLIER_ELEMENT_E	1633	SUPPLIER_BSU_E
\.


--
-- Data for Name: supplier_element_2_org; Type: TABLE DATA; Schema: public; Owner: postgres
--

COPY supplier_element_2_org (rid, rid_s, tablename_s, rid_d, tablename_d) FROM stdin;
3529	1089	SUPPLIER_ELEMENT_E	1086	ORGANIZATION_E
\.


--
-- Data for Name: supplier_element_e; Type: TABLE DATA; Schema: public; Owner: postgres
--

COPY supplier_element_e (rid, identified_by, time_stamps, revision, rid_bsu, tablename_bsu, org, addr) FROM stdin;
1089	3531	3528	001	1016	SUPPLIER_BSU_E	3529	3530
1622	5647	\N	001	1623	SUPPLIER_BSU_E	\N	\N
1632	5657	\N	001	1633	SUPPLIER_BSU_E	\N	\N
\.


--
-- Data for Name: supplier_program_library_relationship_2_related_tokens; Type: TABLE DATA; Schema: public; Owner: postgres
--

COPY supplier_program_library_relationship_2_related_tokens (rid, rid_s, tablename_s, rid_d, tablename_d) FROM stdin;
\.


--
-- Data for Name: supplier_program_library_relationship_e; Type: TABLE DATA; Schema: public; Owner: postgres
--

COPY supplier_program_library_relationship_e (rid, relating_supplier, related_tokens) FROM stdin;
\.


--
-- Data for Name: supplier_related_bsu_e; Type: TABLE DATA; Schema: public; Owner: postgres
--

COPY supplier_related_bsu_e (rid, code, version, is_version_current) FROM stdin;
\.


--
-- Data for Name: supplier_related_dictionary_element_2_definition; Type: TABLE DATA; Schema: public; Owner: postgres
--

COPY supplier_related_dictionary_element_2_definition (rid, rid_s, tablename_s, rid_d, tablename_d) FROM stdin;
\.


--
-- Data for Name: supplier_related_dictionary_element_2_identified_by; Type: TABLE DATA; Schema: public; Owner: postgres
--

COPY supplier_related_dictionary_element_2_identified_by (rid, rid_s, tablename_s, rid_d, tablename_d) FROM stdin;
\.


--
-- Data for Name: supplier_related_dictionary_element_2_names; Type: TABLE DATA; Schema: public; Owner: postgres
--

COPY supplier_related_dictionary_element_2_names (rid, rid_s, tablename_s, rid_d, tablename_d) FROM stdin;
\.


--
-- Data for Name: supplier_related_dictionary_element_2_note; Type: TABLE DATA; Schema: public; Owner: postgres
--

COPY supplier_related_dictionary_element_2_note (rid, rid_s, tablename_s, rid_d, tablename_d) FROM stdin;
\.


--
-- Data for Name: supplier_related_dictionary_element_2_remark; Type: TABLE DATA; Schema: public; Owner: postgres
--

COPY supplier_related_dictionary_element_2_remark (rid, rid_s, tablename_s, rid_d, tablename_d) FROM stdin;
\.


--
-- Data for Name: supplier_related_dictionary_element_e; Type: TABLE DATA; Schema: public; Owner: postgres
--

COPY supplier_related_dictionary_element_e (rid, identified_by, time_stamps, revision, rid_bsu, tablename_bsu, names, definition, note, remark) FROM stdin;
\.


--
-- Data for Name: table_bsu_2_name_scope; Type: TABLE DATA; Schema: public; Owner: postgres
--

COPY table_bsu_2_name_scope (rid, rid_s, tablename_s, rid_d, tablename_d) FROM stdin;
\.


--
-- Data for Name: table_bsu_e; Type: TABLE DATA; Schema: public; Owner: postgres
--

COPY table_bsu_e (rid, code, version, is_version_current, name_scope) FROM stdin;
\.


--
-- Data for Name: table_code_type_t; Type: TABLE DATA; Schema: public; Owner: postgres
--

COPY table_code_type_t (rid, value) FROM stdin;
\.


--
-- Data for Name: table_identification_e; Type: TABLE DATA; Schema: public; Owner: postgres
--

COPY table_identification_e (rid) FROM stdin;
\.


--
-- Data for Name: temptableoffloatarray; Type: TABLE DATA; Schema: public; Owner: postgres
--

COPY temptableoffloatarray (son_contenu) FROM stdin;
\.


--
-- Data for Name: temptableofintarray; Type: TABLE DATA; Schema: public; Owner: postgres
--

COPY temptableofintarray (son_contenu) FROM stdin;
\.


--
-- Data for Name: text_t; Type: TABLE DATA; Schema: public; Owner: postgres
--

COPY text_t (rid, value) FROM stdin;
76	Longueur totale sous tete
79	Commentaire specifique au composant
80	
83	
84	
87	
88	Composants mecaniques necessaires a l assemblage de deux ou plusieurs pieces
91	Designation du composant dans le catalogue
94	
95	
98	Numero de plan ou norme de description du composant
101	Numero du composant dans le catalogue
104	Ne rien mettre si la vis se termine par un chanfrein
105	Longueur du bout non filete de la vis
108	
109	
112	Pas du filetage de la vis
113	
114	en millimetre
117	
118	Diametre nominal de la vis
121	
122	Diametre exterieur de la surface d appui sous tete (couronne)
125	Hauteur nominale moyenne de la tete totale
126	
127	
130	
131	Ne rien mettre quand il n y a pas de degagement interieur
132	Diametre interieur de la surface d appui sous tete (couronne)
135	La vis possede une rondelle incorporee
138	
139	
142	
143	Classe de qualite (8.8, 10.9,...)
146	
147	Tolerance d usinage
150	Epaisseur nominale (moyenne) de la rondelle une fois mise a plat
153	
154	La rondelle est de type elastique
157	Hauteur libre sous la rondelle, avant mise a plat
158	
161	
164	
165	Diametre exterieur de la rondelle
168	Limite de rupture en compression minimale
169	
176	
177	Hauteur du chanfrein cote tete
180	
181	
184	
185	
188	
189	
196	
197	Limite elastique en compression minimale
200	
201	
204	
205	
217	
218	
221	
222	
225	
228	
231	
232	
235	
236	
239	
240	
243	
244	
247	
248	
251	
252	
255	
256	
259	
260	
263	
264	
271	
272	
275	
276	
279	
280	
283	
284	
287	
288	
291	
292	
295	
296	
299	
300	
303	
304	
305	Vis a bout conique introduite par chimne
308	nouvelle propriete
314	une definition
317	la definition
320	sa description
323	et sa dfinition
326	definition
226	definit par chimne
344	une proprit
347	ma seconde prop
350	sa definition 3
354	sa def
358	definition
361	ma definition
365	diametre exterieur de la rondelle
368	diametre interne de la rondelle
371	differnce enre diametre exterieur et diametre interieur
374	essai pour le contenu
378	nom de la propriete
381	la quantit
384	definiton
390	un test
399	
420	
424	
428	
430	
433	
435	
437	
439	
441	
443	
445	
\.


--
-- Data for Name: thermodynamic_temperature_measure_t; Type: TABLE DATA; Schema: public; Owner: postgres
--

COPY thermodynamic_temperature_measure_t (rid, value) FROM stdin;
\.


--
-- Data for Name: time_measure_t; Type: TABLE DATA; Schema: public; Owner: postgres
--

COPY time_measure_t (rid, value) FROM stdin;
\.


--
-- Data for Name: translated_external_content_2_languages; Type: TABLE DATA; Schema: public; Owner: postgres
--

COPY translated_external_content_2_languages (rid, rid_s, tablename_s, rid_d, tablename_d) FROM stdin;
\.


--
-- Data for Name: translated_external_content_e; Type: TABLE DATA; Schema: public; Owner: postgres
--

COPY translated_external_content_e (rid, consists_of, languages) FROM stdin;
\.


--
-- Data for Name: translated_label_2_languages; Type: TABLE DATA; Schema: public; Owner: postgres
--

COPY translated_label_2_languages (rid, rid_s, tablename_s, rid_d, tablename_d) FROM stdin;
\.


--
-- Data for Name: translated_label_e; Type: TABLE DATA; Schema: public; Owner: postgres
--

COPY translated_label_e (rid, labels, languages) FROM stdin;
\.


--
-- Data for Name: translated_string_value_2_languages; Type: TABLE DATA; Schema: public; Owner: postgres
--

COPY translated_string_value_2_languages (rid, rid_s, tablename_s, rid_d, tablename_d) FROM stdin;
\.


--
-- Data for Name: translated_string_value_e; Type: TABLE DATA; Schema: public; Owner: postgres
--

COPY translated_string_value_e (rid, string_values, languages) FROM stdin;
\.


--
-- Data for Name: translated_text_2_languages; Type: TABLE DATA; Schema: public; Owner: postgres
--

COPY translated_text_2_languages (rid, rid_s, tablename_s, rid_d, tablename_d) FROM stdin;
\.


--
-- Data for Name: translated_text_e; Type: TABLE DATA; Schema: public; Owner: postgres
--

COPY translated_text_e (rid, texts, languages) FROM stdin;
\.


--
-- Data for Name: type_category_t; Type: TABLE DATA; Schema: public; Owner: postgres
--

COPY type_category_t (rid, element, rang) FROM stdin;
57	NO_TYPE	1
58	NUMBER_TYPE	2
59	REAL_TYPE	3
60	INTEGER_TYPE	4
61	STRING_TYPE	5
62	BINARY_TYPE	6
63	LOGICAL_TYPE	7
64	BOOLEAN_TYPE	8
65	ARRAY_TYPE	9
66	LIST_TYPE	10
67	BAG_TYPE	11
68	SET_TYPE	12
69	AGGREGATE_TYPE	13
70	GENERIC_TYPE	14
71	ENUM_TYPE	15
72	SELECT_TYPE	16
73	ENTITY_TYPE	17
\.


--
-- Data for Name: type_info_e; Type: TABLE DATA; Schema: public; Owner: postgres
--

COPY type_info_e (rid, obj, category) FROM stdin;
701	\N	70
702	\N	63
703	\N	64
704	\N	60
705	\N	59
706	\N	58
707	\N	57
987	\N	70
988	\N	63
989	\N	64
990	\N	60
991	\N	59
992	\N	58
993	\N	57
\.


--
-- Data for Name: uncontrolled_entity_instance_value_e; Type: TABLE DATA; Schema: public; Owner: postgres
--

COPY uncontrolled_entity_instance_value_e (rid) FROM stdin;
\.


--
-- Data for Name: value_code_type_t; Type: TABLE DATA; Schema: public; Owner: postgres
--

COPY value_code_type_t (rid, value) FROM stdin;
\.


--
-- Data for Name: value_domain_2_its_values; Type: TABLE DATA; Schema: public; Owner: postgres
--

COPY value_domain_2_its_values (rid, rid_s, tablename_s, rid_d, tablename_d) FROM stdin;
\.


--
-- Data for Name: value_domain_2_languages; Type: TABLE DATA; Schema: public; Owner: postgres
--

COPY value_domain_2_languages (rid, rid_s, tablename_s, rid_d, tablename_d) FROM stdin;
\.


--
-- Data for Name: value_domain_2_source_doc_of_value_domain; Type: TABLE DATA; Schema: public; Owner: postgres
--

COPY value_domain_2_source_doc_of_value_domain (rid, rid_s, tablename_s, rid_d, tablename_d) FROM stdin;
\.


--
-- Data for Name: value_domain_2_terms; Type: TABLE DATA; Schema: public; Owner: postgres
--

COPY value_domain_2_terms (rid, rid_s, tablename_s, rid_d, tablename_d) FROM stdin;
\.


--
-- Data for Name: value_domain_e; Type: TABLE DATA; Schema: public; Owner: postgres
--

COPY value_domain_e (rid, its_values, source_doc_of_value_domain, languages, terms) FROM stdin;
\.


--
-- Data for Name: value_format_type_t; Type: TABLE DATA; Schema: public; Owner: postgres
--

COPY value_format_type_t (rid, value) FROM stdin;
\.


--
-- Data for Name: vector_2_orientation; Type: TABLE DATA; Schema: public; Owner: postgres
--

COPY vector_2_orientation (rid, rid_s, tablename_s, rid_d, tablename_d) FROM stdin;
\.


--
-- Data for Name: vector_e; Type: TABLE DATA; Schema: public; Owner: postgres
--

COPY vector_e (rid, name, orientation, magnitude) FROM stdin;
\.


--
-- Data for Name: version_type_t; Type: TABLE DATA; Schema: public; Owner: postgres
--

COPY version_type_t (rid, value) FROM stdin;
\.


--
-- Data for Name: view_control_variable_range_2_parameter_type; Type: TABLE DATA; Schema: public; Owner: postgres
--

COPY view_control_variable_range_2_parameter_type (rid, rid_s, tablename_s, rid_d, tablename_d) FROM stdin;
\.


--
-- Data for Name: view_control_variable_range_e; Type: TABLE DATA; Schema: public; Owner: postgres
--

COPY view_control_variable_range_e (rid, parameter_type, range_lobound, range_hibound) FROM stdin;
\.


--
-- Data for Name: view_exchange_protocol_identification_2_referenced_iso10303_ap; Type: TABLE DATA; Schema: public; Owner: postgres
--

COPY view_exchange_protocol_identification_2_referenced_iso10303_ap (rid, rid_s, tablename_s, rid_d, tablename_d) FROM stdin;
\.


--
-- Data for Name: view_exchange_protocol_identification_e; Type: TABLE DATA; Schema: public; Owner: postgres
--

COPY view_exchange_protocol_identification_e (rid, source_document_identifier, status, name, date, application, level, external_file_protocols, referenced_iso10303_ap) FROM stdin;
\.


--
-- Data for Name: volume_measure_t; Type: TABLE DATA; Schema: public; Owner: postgres
--

COPY volume_measure_t (rid, value) FROM stdin;
\.


--
-- Data for Name: week_in_year_number_t; Type: TABLE DATA; Schema: public; Owner: postgres
--

COPY week_in_year_number_t (rid, value) FROM stdin;
\.


--
-- Data for Name: week_of_year_and_day_date_e; Type: TABLE DATA; Schema: public; Owner: postgres
--

COPY week_of_year_and_day_date_e (rid, year_component, week_component, day_component) FROM stdin;
\.


--
-- Data for Name: year_number_t; Type: TABLE DATA; Schema: public; Owner: postgres
--

COPY year_number_t (rid, value) FROM stdin;
\.


--
-- Name: a6_illustration_e_pkey; Type: CONSTRAINT; Schema: public; Owner: postgres; Tablespace: 
--

ALTER TABLE ONLY a6_illustration_e
    ADD CONSTRAINT a6_illustration_e_pkey PRIMARY KEY (rid);


--
-- Name: a9_illustration_e_pkey; Type: CONSTRAINT; Schema: public; Owner: postgres; Tablespace: 
--

ALTER TABLE ONLY a9_illustration_e
    ADD CONSTRAINT a9_illustration_e_pkey PRIMARY KEY (rid);


--
-- Name: a_posteriori_case_of_2_corresponding_properties_pkey; Type: CONSTRAINT; Schema: public; Owner: postgres; Tablespace: 
--

ALTER TABLE ONLY a_posteriori_case_of_2_corresponding_properties
    ADD CONSTRAINT a_posteriori_case_of_2_corresponding_properties_pkey PRIMARY KEY (rid);


--
-- Name: a_posteriori_case_of_2_is_case_of_pkey; Type: CONSTRAINT; Schema: public; Owner: postgres; Tablespace: 
--

ALTER TABLE ONLY a_posteriori_case_of_2_is_case_of
    ADD CONSTRAINT a_posteriori_case_of_2_is_case_of_pkey PRIMARY KEY (rid);


--
-- Name: a_posteriori_case_of_2_source_pkey; Type: CONSTRAINT; Schema: public; Owner: postgres; Tablespace: 
--

ALTER TABLE ONLY a_posteriori_case_of_2_source
    ADD CONSTRAINT a_posteriori_case_of_2_source_pkey PRIMARY KEY (rid);


--
-- Name: a_posteriori_case_of_e_pkey; Type: CONSTRAINT; Schema: public; Owner: postgres; Tablespace: 
--

ALTER TABLE ONLY a_posteriori_case_of_e
    ADD CONSTRAINT a_posteriori_case_of_e_pkey PRIMARY KEY (rid);


--
-- Name: a_posteriori_semantic_relationship_e_pkey; Type: CONSTRAINT; Schema: public; Owner: postgres; Tablespace: 
--

ALTER TABLE ONLY a_posteriori_semantic_relationship_e
    ADD CONSTRAINT a_posteriori_semantic_relationship_e_pkey PRIMARY KEY (rid);


--
-- Name: a_posteriori_view_of_2_corresponding_properties_pkey; Type: CONSTRAINT; Schema: public; Owner: postgres; Tablespace: 
--

ALTER TABLE ONLY a_posteriori_view_of_2_corresponding_properties
    ADD CONSTRAINT a_posteriori_view_of_2_corresponding_properties_pkey PRIMARY KEY (rid);


--
-- Name: a_posteriori_view_of_2_functional_model_pkey; Type: CONSTRAINT; Schema: public; Owner: postgres; Tablespace: 
--

ALTER TABLE ONLY a_posteriori_view_of_2_functional_model
    ADD CONSTRAINT a_posteriori_view_of_2_functional_model_pkey PRIMARY KEY (rid);


--
-- Name: a_posteriori_view_of_2_is_view_of_pkey; Type: CONSTRAINT; Schema: public; Owner: postgres; Tablespace: 
--

ALTER TABLE ONLY a_posteriori_view_of_2_is_view_of
    ADD CONSTRAINT a_posteriori_view_of_2_is_view_of_pkey PRIMARY KEY (rid);


--
-- Name: a_posteriori_view_of_e_pkey; Type: CONSTRAINT; Schema: public; Owner: postgres; Tablespace: 
--

ALTER TABLE ONLY a_posteriori_view_of_e
    ADD CONSTRAINT a_posteriori_view_of_e_pkey PRIMARY KEY (rid);


--
-- Name: a_priori_semantic_relationship_2_referenced_classes_pkey; Type: CONSTRAINT; Schema: public; Owner: postgres; Tablespace: 
--

ALTER TABLE ONLY a_priori_semantic_relationship_2_referenced_classes
    ADD CONSTRAINT a_priori_semantic_relationship_2_referenced_classes_pkey PRIMARY KEY (rid);


--
-- Name: a_priori_semantic_relationship_2_referenced_data_types_pkey; Type: CONSTRAINT; Schema: public; Owner: postgres; Tablespace: 
--

ALTER TABLE ONLY a_priori_semantic_relationship_2_referenced_data_types
    ADD CONSTRAINT a_priori_semantic_relationship_2_referenced_data_types_pkey PRIMARY KEY (rid);


--
-- Name: a_priori_semantic_relationship_2_referenced_documents_pkey; Type: CONSTRAINT; Schema: public; Owner: postgres; Tablespace: 
--

ALTER TABLE ONLY a_priori_semantic_relationship_2_referenced_documents
    ADD CONSTRAINT a_priori_semantic_relationship_2_referenced_documents_pkey PRIMARY KEY (rid);


--
-- Name: a_priori_semantic_relationship_2_referenced_properties_pkey; Type: CONSTRAINT; Schema: public; Owner: postgres; Tablespace: 
--

ALTER TABLE ONLY a_priori_semantic_relationship_2_referenced_properties
    ADD CONSTRAINT a_priori_semantic_relationship_2_referenced_properties_pkey PRIMARY KEY (rid);


--
-- Name: a_priori_semantic_relationship_2_referenced_tables_pkey; Type: CONSTRAINT; Schema: public; Owner: postgres; Tablespace: 
--

ALTER TABLE ONLY a_priori_semantic_relationship_2_referenced_tables
    ADD CONSTRAINT a_priori_semantic_relationship_2_referenced_tables_pkey PRIMARY KEY (rid);


--
-- Name: a_priori_semantic_relationship_e_pkey; Type: CONSTRAINT; Schema: public; Owner: postgres; Tablespace: 
--

ALTER TABLE ONLY a_priori_semantic_relationship_e
    ADD CONSTRAINT a_priori_semantic_relationship_e_pkey PRIMARY KEY (rid);


--
-- Name: absolute_url_type_t_pkey; Type: CONSTRAINT; Schema: public; Owner: postgres; Tablespace: 
--

ALTER TABLE ONLY absolute_url_type_t
    ADD CONSTRAINT absolute_url_type_t_pkey PRIMARY KEY (rid);


--
-- Name: abstract_functional_model_class_2_case_of_pkey; Type: CONSTRAINT; Schema: public; Owner: postgres; Tablespace: 
--

ALTER TABLE ONLY abstract_functional_model_class_2_case_of
    ADD CONSTRAINT abstract_functional_model_class_2_case_of_pkey PRIMARY KEY (rid);


--
-- Name: abstract_functional_model_class_2_created_view_pkey; Type: CONSTRAINT; Schema: public; Owner: postgres; Tablespace: 
--

ALTER TABLE ONLY abstract_functional_model_class_2_created_view
    ADD CONSTRAINT abstract_functional_model_class_2_created_view_pkey PRIMARY KEY (rid);


--
-- Name: abstract_functional_model_class_2_imported_documents_from_view_; Type: CONSTRAINT; Schema: public; Owner: postgres; Tablespace: 
--

ALTER TABLE ONLY abstract_functional_model_class_2_imported_documents_from_view
    ADD CONSTRAINT abstract_functional_model_class_2_imported_documents_from_view_ PRIMARY KEY (rid);


--
-- Name: abstract_functional_model_class_2_imported_tables_from_models_p; Type: CONSTRAINT; Schema: public; Owner: postgres; Tablespace: 
--

ALTER TABLE ONLY abstract_functional_model_class_2_imported_tables_from_models
    ADD CONSTRAINT abstract_functional_model_class_2_imported_tables_from_models_p PRIMARY KEY (rid);


--
-- Name: abstract_functional_model_class_2_imported_tables_from_view_pke; Type: CONSTRAINT; Schema: public; Owner: postgres; Tablespace: 
--

ALTER TABLE ONLY abstract_functional_model_class_2_imported_tables_from_view
    ADD CONSTRAINT abstract_functional_model_class_2_imported_tables_from_view_pke PRIMARY KEY (rid);


--
-- Name: abstract_functional_model_class_2_imported_types_from_models_pk; Type: CONSTRAINT; Schema: public; Owner: postgres; Tablespace: 
--

ALTER TABLE ONLY abstract_functional_model_class_2_imported_types_from_models
    ADD CONSTRAINT abstract_functional_model_class_2_imported_types_from_models_pk PRIMARY KEY (rid);


--
-- Name: abstract_functional_model_class_2_imported_types_from_view_pkey; Type: CONSTRAINT; Schema: public; Owner: postgres; Tablespace: 
--

ALTER TABLE ONLY abstract_functional_model_class_2_imported_types_from_view
    ADD CONSTRAINT abstract_functional_model_class_2_imported_types_from_view_pkey PRIMARY KEY (rid);


--
-- Name: abstract_functional_model_class_2_v_c_v_range_pkey; Type: CONSTRAINT; Schema: public; Owner: postgres; Tablespace: 
--

ALTER TABLE ONLY abstract_functional_model_class_2_v_c_v_range
    ADD CONSTRAINT abstract_functional_model_class_2_v_c_v_range_pkey PRIMARY KEY (rid);


--
-- Name: abstract_functional_model_class_e_pkey; Type: CONSTRAINT; Schema: public; Owner: postgres; Tablespace: 
--

ALTER TABLE ONLY abstract_functional_model_class_e
    ADD CONSTRAINT abstract_functional_model_class_e_pkey PRIMARY KEY (rid);


--
-- Name: address_e_pkey; Type: CONSTRAINT; Schema: public; Owner: postgres; Tablespace: 
--

ALTER TABLE ONLY address_e
    ADD CONSTRAINT address_e_pkey PRIMARY KEY (rid);


--
-- Name: aggregate_entity_instance_value_2_the_value_pkey; Type: CONSTRAINT; Schema: public; Owner: postgres; Tablespace: 
--

ALTER TABLE ONLY aggregate_entity_instance_value_2_the_value
    ADD CONSTRAINT aggregate_entity_instance_value_2_the_value_pkey PRIMARY KEY (rid);


--
-- Name: aggregate_entity_instance_value_e_pkey; Type: CONSTRAINT; Schema: public; Owner: postgres; Tablespace: 
--

ALTER TABLE ONLY aggregate_entity_instance_value_e
    ADD CONSTRAINT aggregate_entity_instance_value_e_pkey PRIMARY KEY (rid);


--
-- Name: aggregate_info_2_element_type_pkey; Type: CONSTRAINT; Schema: public; Owner: postgres; Tablespace: 
--

ALTER TABLE ONLY aggregate_info_2_element_type
    ADD CONSTRAINT aggregate_info_2_element_type_pkey PRIMARY KEY (rid);


--
-- Name: aggregate_info_e_pkey; Type: CONSTRAINT; Schema: public; Owner: postgres; Tablespace: 
--

ALTER TABLE ONLY aggregate_info_e
    ADD CONSTRAINT aggregate_info_e_pkey PRIMARY KEY (rid);


--
-- Name: aggregate_type_2_value_type_pkey; Type: CONSTRAINT; Schema: public; Owner: postgres; Tablespace: 
--

ALTER TABLE ONLY aggregate_type_2_value_type
    ADD CONSTRAINT aggregate_type_2_value_type_pkey PRIMARY KEY (rid);


--
-- Name: aggregate_type_e_pkey; Type: CONSTRAINT; Schema: public; Owner: postgres; Tablespace: 
--

ALTER TABLE ONLY aggregate_type_e
    ADD CONSTRAINT aggregate_type_e_pkey PRIMARY KEY (rid);


--
-- Name: aggregate_value_2_values_pkey; Type: CONSTRAINT; Schema: public; Owner: postgres; Tablespace: 
--

ALTER TABLE ONLY aggregate_value_2_values
    ADD CONSTRAINT aggregate_value_2_values_pkey PRIMARY KEY (rid);


--
-- Name: aggregate_value_e_pkey; Type: CONSTRAINT; Schema: public; Owner: postgres; Tablespace: 
--

ALTER TABLE ONLY aggregate_value_e
    ADD CONSTRAINT aggregate_value_e_pkey PRIMARY KEY (rid);


--
-- Name: ahead_or_behind_t_element_key; Type: CONSTRAINT; Schema: public; Owner: postgres; Tablespace: 
--

ALTER TABLE ONLY ahead_or_behind_t
    ADD CONSTRAINT ahead_or_behind_t_element_key UNIQUE (element);


--
-- Name: ahead_or_behind_t_pkey; Type: CONSTRAINT; Schema: public; Owner: postgres; Tablespace: 
--

ALTER TABLE ONLY ahead_or_behind_t
    ADD CONSTRAINT ahead_or_behind_t_pkey PRIMARY KEY (rid);


--
-- Name: ahead_or_behind_t_rang_key; Type: CONSTRAINT; Schema: public; Owner: postgres; Tablespace: 
--

ALTER TABLE ONLY ahead_or_behind_t
    ADD CONSTRAINT ahead_or_behind_t_rang_key UNIQUE (rang);


--
-- Name: amount_of_substance_measure_t_pkey; Type: CONSTRAINT; Schema: public; Owner: postgres; Tablespace: 
--

ALTER TABLE ONLY amount_of_substance_measure_t
    ADD CONSTRAINT amount_of_substance_measure_t_pkey PRIMARY KEY (rid);


--
-- Name: application_context_e_pkey; Type: CONSTRAINT; Schema: public; Owner: postgres; Tablespace: 
--

ALTER TABLE ONLY application_context_e
    ADD CONSTRAINT application_context_e_pkey PRIMARY KEY (rid);


--
-- Name: application_context_element_2_frame_of_reference_pkey; Type: CONSTRAINT; Schema: public; Owner: postgres; Tablespace: 
--

ALTER TABLE ONLY application_context_element_2_frame_of_reference
    ADD CONSTRAINT application_context_element_2_frame_of_reference_pkey PRIMARY KEY (rid);


--
-- Name: application_context_element_e_pkey; Type: CONSTRAINT; Schema: public; Owner: postgres; Tablespace: 
--

ALTER TABLE ONLY application_context_element_e
    ADD CONSTRAINT application_context_element_e_pkey PRIMARY KEY (rid);


--
-- Name: application_info_2_schemas_pkey; Type: CONSTRAINT; Schema: public; Owner: postgres; Tablespace: 
--

ALTER TABLE ONLY application_info_2_schemas
    ADD CONSTRAINT application_info_2_schemas_pkey PRIMARY KEY (rid);


--
-- Name: application_info_e_pkey; Type: CONSTRAINT; Schema: public; Owner: postgres; Tablespace: 
--

ALTER TABLE ONLY application_info_e
    ADD CONSTRAINT application_info_e_pkey PRIMARY KEY (rid);


--
-- Name: application_protocol_definition_2_application_pkey; Type: CONSTRAINT; Schema: public; Owner: postgres; Tablespace: 
--

ALTER TABLE ONLY application_protocol_definition_2_application
    ADD CONSTRAINT application_protocol_definition_2_application_pkey PRIMARY KEY (rid);


--
-- Name: application_protocol_definition_e_pkey; Type: CONSTRAINT; Schema: public; Owner: postgres; Tablespace: 
--

ALTER TABLE ONLY application_protocol_definition_e
    ADD CONSTRAINT application_protocol_definition_e_pkey PRIMARY KEY (rid);


--
-- Name: area_measure_t_pkey; Type: CONSTRAINT; Schema: public; Owner: postgres; Tablespace: 
--

ALTER TABLE ONLY area_measure_t
    ADD CONSTRAINT area_measure_t_pkey PRIMARY KEY (rid);


--
-- Name: array_type_e_pkey; Type: CONSTRAINT; Schema: public; Owner: postgres; Tablespace: 
--

ALTER TABLE ONLY array_type_e
    ADD CONSTRAINT array_type_e_pkey PRIMARY KEY (rid);


--
-- Name: array_value_e_pkey; Type: CONSTRAINT; Schema: public; Owner: postgres; Tablespace: 
--

ALTER TABLE ONLY array_value_e
    ADD CONSTRAINT array_value_e_pkey PRIMARY KEY (rid);


--
-- Name: attribute_2_attr_type_pkey; Type: CONSTRAINT; Schema: public; Owner: postgres; Tablespace: 
--

ALTER TABLE ONLY attribute_2_attr_type
    ADD CONSTRAINT attribute_2_attr_type_pkey PRIMARY KEY (rid);


--
-- Name: attribute_2_of_entity_pkey; Type: CONSTRAINT; Schema: public; Owner: postgres; Tablespace: 
--

ALTER TABLE ONLY attribute_2_of_entity
    ADD CONSTRAINT attribute_2_of_entity_pkey PRIMARY KEY (rid);


--
-- Name: attribute_e_pkey; Type: CONSTRAINT; Schema: public; Owner: postgres; Tablespace: 
--

ALTER TABLE ONLY attribute_e
    ADD CONSTRAINT attribute_e_pkey PRIMARY KEY (rid);


--
-- Name: axis1_placement_2_axis_pkey; Type: CONSTRAINT; Schema: public; Owner: postgres; Tablespace: 
--

ALTER TABLE ONLY axis1_placement_2_axis
    ADD CONSTRAINT axis1_placement_2_axis_pkey PRIMARY KEY (rid);


--
-- Name: axis1_placement_e_pkey; Type: CONSTRAINT; Schema: public; Owner: postgres; Tablespace: 
--

ALTER TABLE ONLY axis1_placement_e
    ADD CONSTRAINT axis1_placement_e_pkey PRIMARY KEY (rid);


--
-- Name: axis1_placement_type_e_pkey; Type: CONSTRAINT; Schema: public; Owner: postgres; Tablespace: 
--

ALTER TABLE ONLY axis1_placement_type_e
    ADD CONSTRAINT axis1_placement_type_e_pkey PRIMARY KEY (rid);


--
-- Name: axis2_placement_2d_2_ref_direction_pkey; Type: CONSTRAINT; Schema: public; Owner: postgres; Tablespace: 
--

ALTER TABLE ONLY axis2_placement_2d_2_ref_direction
    ADD CONSTRAINT axis2_placement_2d_2_ref_direction_pkey PRIMARY KEY (rid);


--
-- Name: axis2_placement_2d_e_pkey; Type: CONSTRAINT; Schema: public; Owner: postgres; Tablespace: 
--

ALTER TABLE ONLY axis2_placement_2d_e
    ADD CONSTRAINT axis2_placement_2d_e_pkey PRIMARY KEY (rid);


--
-- Name: axis2_placement_2d_type_e_pkey; Type: CONSTRAINT; Schema: public; Owner: postgres; Tablespace: 
--

ALTER TABLE ONLY axis2_placement_2d_type_e
    ADD CONSTRAINT axis2_placement_2d_type_e_pkey PRIMARY KEY (rid);


--
-- Name: axis2_placement_3d_2_axis_pkey; Type: CONSTRAINT; Schema: public; Owner: postgres; Tablespace: 
--

ALTER TABLE ONLY axis2_placement_3d_2_axis
    ADD CONSTRAINT axis2_placement_3d_2_axis_pkey PRIMARY KEY (rid);


--
-- Name: axis2_placement_3d_2_ref_direction_pkey; Type: CONSTRAINT; Schema: public; Owner: postgres; Tablespace: 
--

ALTER TABLE ONLY axis2_placement_3d_2_ref_direction
    ADD CONSTRAINT axis2_placement_3d_2_ref_direction_pkey PRIMARY KEY (rid);


--
-- Name: axis2_placement_3d_e_pkey; Type: CONSTRAINT; Schema: public; Owner: postgres; Tablespace: 
--

ALTER TABLE ONLY axis2_placement_3d_e
    ADD CONSTRAINT axis2_placement_3d_e_pkey PRIMARY KEY (rid);


--
-- Name: axis2_placement_3d_type_e_pkey; Type: CONSTRAINT; Schema: public; Owner: postgres; Tablespace: 
--

ALTER TABLE ONLY axis2_placement_3d_type_e
    ADD CONSTRAINT axis2_placement_3d_type_e_pkey PRIMARY KEY (rid);


--
-- Name: bag_type_e_pkey; Type: CONSTRAINT; Schema: public; Owner: postgres; Tablespace: 
--

ALTER TABLE ONLY bag_type_e
    ADD CONSTRAINT bag_type_e_pkey PRIMARY KEY (rid);


--
-- Name: bag_value_2_values_pkey; Type: CONSTRAINT; Schema: public; Owner: postgres; Tablespace: 
--

ALTER TABLE ONLY bag_value_2_values
    ADD CONSTRAINT bag_value_2_values_pkey PRIMARY KEY (rid);


--
-- Name: bag_value_e_pkey; Type: CONSTRAINT; Schema: public; Owner: postgres; Tablespace: 
--

ALTER TABLE ONLY bag_value_e
    ADD CONSTRAINT bag_value_e_pkey PRIMARY KEY (rid);


--
-- Name: basic_semantic_unit_e_pkey; Type: CONSTRAINT; Schema: public; Owner: postgres; Tablespace: 
--

ALTER TABLE ONLY basic_semantic_unit_e
    ADD CONSTRAINT basic_semantic_unit_e_pkey PRIMARY KEY (rid);


--
-- Name: binary_info_e_pkey; Type: CONSTRAINT; Schema: public; Owner: postgres; Tablespace: 
--

ALTER TABLE ONLY binary_info_e
    ADD CONSTRAINT binary_info_e_pkey PRIMARY KEY (rid);


--
-- Name: boolean_type_e_pkey; Type: CONSTRAINT; Schema: public; Owner: postgres; Tablespace: 
--

ALTER TABLE ONLY boolean_type_e
    ADD CONSTRAINT boolean_type_e_pkey PRIMARY KEY (rid);


--
-- Name: boolean_value_t_pkey; Type: CONSTRAINT; Schema: public; Owner: postgres; Tablespace: 
--

ALTER TABLE ONLY boolean_value_t
    ADD CONSTRAINT boolean_value_t_pkey PRIMARY KEY (rid);


--
-- Name: calendar_date_e_pkey; Type: CONSTRAINT; Schema: public; Owner: postgres; Tablespace: 
--

ALTER TABLE ONLY calendar_date_e
    ADD CONSTRAINT calendar_date_e_pkey PRIMARY KEY (rid);


--
-- Name: cartesian_point_e_pkey; Type: CONSTRAINT; Schema: public; Owner: postgres; Tablespace: 
--

ALTER TABLE ONLY cartesian_point_e
    ADD CONSTRAINT cartesian_point_e_pkey PRIMARY KEY (rid);


--
-- Name: character_set_type_t_pkey; Type: CONSTRAINT; Schema: public; Owner: postgres; Tablespace: 
--

ALTER TABLE ONLY character_set_type_t
    ADD CONSTRAINT character_set_type_t_pkey PRIMARY KEY (rid);


--
-- Name: class_2_defined_types_pkey; Type: CONSTRAINT; Schema: public; Owner: postgres; Tablespace: 
--

ALTER TABLE ONLY class_2_defined_types
    ADD CONSTRAINT class_2_defined_types_pkey PRIMARY KEY (rid);


--
-- Name: class_2_described_by_pkey; Type: CONSTRAINT; Schema: public; Owner: postgres; Tablespace: 
--

ALTER TABLE ONLY class_2_described_by
    ADD CONSTRAINT class_2_described_by_pkey PRIMARY KEY (rid);


--
-- Name: class_2_identified_by_pkey; Type: CONSTRAINT; Schema: public; Owner: postgres; Tablespace: 
--

ALTER TABLE ONLY class_2_identified_by
    ADD CONSTRAINT class_2_identified_by_pkey PRIMARY KEY (rid);


--
-- Name: class_2_its_superclass_pkey; Type: CONSTRAINT; Schema: public; Owner: postgres; Tablespace: 
--

ALTER TABLE ONLY class_2_its_superclass
    ADD CONSTRAINT class_2_its_superclass_pkey PRIMARY KEY (rid);


--
-- Name: class_and_property_elements_2_definition_pkey; Type: CONSTRAINT; Schema: public; Owner: postgres; Tablespace: 
--

ALTER TABLE ONLY class_and_property_elements_2_definition
    ADD CONSTRAINT class_and_property_elements_2_definition_pkey PRIMARY KEY (rid);


--
-- Name: class_and_property_elements_2_names_pkey; Type: CONSTRAINT; Schema: public; Owner: postgres; Tablespace: 
--

ALTER TABLE ONLY class_and_property_elements_2_names
    ADD CONSTRAINT class_and_property_elements_2_names_pkey PRIMARY KEY (rid);


--
-- Name: class_and_property_elements_2_note_pkey; Type: CONSTRAINT; Schema: public; Owner: postgres; Tablespace: 
--

ALTER TABLE ONLY class_and_property_elements_2_note
    ADD CONSTRAINT class_and_property_elements_2_note_pkey PRIMARY KEY (rid);


--
-- Name: class_and_property_elements_2_remark_pkey; Type: CONSTRAINT; Schema: public; Owner: postgres; Tablespace: 
--

ALTER TABLE ONLY class_and_property_elements_2_remark
    ADD CONSTRAINT class_and_property_elements_2_remark_pkey PRIMARY KEY (rid);


--
-- Name: class_and_property_elements_2_source_doc_of_definition_pkey; Type: CONSTRAINT; Schema: public; Owner: postgres; Tablespace: 
--

ALTER TABLE ONLY class_and_property_elements_2_source_doc_of_definition
    ADD CONSTRAINT class_and_property_elements_2_source_doc_of_definition_pkey PRIMARY KEY (rid);


--
-- Name: class_and_property_elements_e_pkey; Type: CONSTRAINT; Schema: public; Owner: postgres; Tablespace: 
--

ALTER TABLE ONLY class_and_property_elements_e
    ADD CONSTRAINT class_and_property_elements_e_pkey PRIMARY KEY (rid);


--
-- Name: class_bsu_2_defined_by_pkey; Type: CONSTRAINT; Schema: public; Owner: postgres; Tablespace: 
--

ALTER TABLE ONLY class_bsu_2_defined_by
    ADD CONSTRAINT class_bsu_2_defined_by_pkey PRIMARY KEY (rid);


--
-- Name: class_bsu_e_pkey; Type: CONSTRAINT; Schema: public; Owner: postgres; Tablespace: 
--

ALTER TABLE ONLY class_bsu_e
    ADD CONSTRAINT class_bsu_e_pkey PRIMARY KEY (rid);


--
-- Name: class_bsu_related_content_2_dictionary_definition_pkey; Type: CONSTRAINT; Schema: public; Owner: postgres; Tablespace: 
--

ALTER TABLE ONLY class_bsu_related_content_2_dictionary_definition
    ADD CONSTRAINT class_bsu_related_content_2_dictionary_definition_pkey PRIMARY KEY (rid);


--
-- Name: class_bsu_related_content_e_pkey; Type: CONSTRAINT; Schema: public; Owner: postgres; Tablespace: 
--

ALTER TABLE ONLY class_bsu_related_content_e
    ADD CONSTRAINT class_bsu_related_content_e_pkey PRIMARY KEY (rid);


--
-- Name: class_bsu_relationship_2_related_tokens_pkey; Type: CONSTRAINT; Schema: public; Owner: postgres; Tablespace: 
--

ALTER TABLE ONLY class_bsu_relationship_2_related_tokens
    ADD CONSTRAINT class_bsu_relationship_2_related_tokens_pkey PRIMARY KEY (rid);


--
-- Name: class_bsu_relationship_2_relating_class_pkey; Type: CONSTRAINT; Schema: public; Owner: postgres; Tablespace: 
--

ALTER TABLE ONLY class_bsu_relationship_2_relating_class
    ADD CONSTRAINT class_bsu_relationship_2_relating_class_pkey PRIMARY KEY (rid);


--
-- Name: class_bsu_relationship_e_pkey; Type: CONSTRAINT; Schema: public; Owner: postgres; Tablespace: 
--

ALTER TABLE ONLY class_bsu_relationship_e
    ADD CONSTRAINT class_bsu_relationship_e_pkey PRIMARY KEY (rid);


--
-- Name: class_code_type_t_pkey; Type: CONSTRAINT; Schema: public; Owner: postgres; Tablespace: 
--

ALTER TABLE ONLY class_code_type_t
    ADD CONSTRAINT class_code_type_t_pkey PRIMARY KEY (rid);


--
-- Name: class_document_relationship_2_related_tokens_pkey; Type: CONSTRAINT; Schema: public; Owner: postgres; Tablespace: 
--

ALTER TABLE ONLY class_document_relationship_2_related_tokens
    ADD CONSTRAINT class_document_relationship_2_related_tokens_pkey PRIMARY KEY (rid);


--
-- Name: class_document_relationship_e_pkey; Type: CONSTRAINT; Schema: public; Owner: postgres; Tablespace: 
--

ALTER TABLE ONLY class_document_relationship_e
    ADD CONSTRAINT class_document_relationship_e_pkey PRIMARY KEY (rid);


--
-- Name: class_e_pkey; Type: CONSTRAINT; Schema: public; Owner: postgres; Tablespace: 
--

ALTER TABLE ONLY class_e
    ADD CONSTRAINT class_e_pkey PRIMARY KEY (rid);


--
-- Name: class_extension_2_dictionary_definition_pkey; Type: CONSTRAINT; Schema: public; Owner: postgres; Tablespace: 
--

ALTER TABLE ONLY class_extension_2_dictionary_definition
    ADD CONSTRAINT class_extension_2_dictionary_definition_pkey PRIMARY KEY (rid);


--
-- Name: class_extension_e_pkey; Type: CONSTRAINT; Schema: public; Owner: postgres; Tablespace: 
--

ALTER TABLE ONLY class_extension_e
    ADD CONSTRAINT class_extension_e_pkey PRIMARY KEY (rid);


--
-- Name: class_extension_external_item_e_pkey; Type: CONSTRAINT; Schema: public; Owner: postgres; Tablespace: 
--

ALTER TABLE ONLY class_extension_external_item_e
    ADD CONSTRAINT class_extension_external_item_e_pkey PRIMARY KEY (rid);


--
-- Name: class_instance_type_2_domain_pkey; Type: CONSTRAINT; Schema: public; Owner: postgres; Tablespace: 
--

ALTER TABLE ONLY class_instance_type_2_domain
    ADD CONSTRAINT class_instance_type_2_domain_pkey PRIMARY KEY (rid);


--
-- Name: class_instance_type_e_pkey; Type: CONSTRAINT; Schema: public; Owner: postgres; Tablespace: 
--

ALTER TABLE ONLY class_instance_type_e
    ADD CONSTRAINT class_instance_type_e_pkey PRIMARY KEY (rid);


--
-- Name: class_related_bsu_e_pkey; Type: CONSTRAINT; Schema: public; Owner: postgres; Tablespace: 
--

ALTER TABLE ONLY class_related_bsu_e
    ADD CONSTRAINT class_related_bsu_e_pkey PRIMARY KEY (rid);


--
-- Name: class_related_dictionary_element_2_definition_pkey; Type: CONSTRAINT; Schema: public; Owner: postgres; Tablespace: 
--

ALTER TABLE ONLY class_related_dictionary_element_2_definition
    ADD CONSTRAINT class_related_dictionary_element_2_definition_pkey PRIMARY KEY (rid);


--
-- Name: class_related_dictionary_element_2_identified_by_pkey; Type: CONSTRAINT; Schema: public; Owner: postgres; Tablespace: 
--

ALTER TABLE ONLY class_related_dictionary_element_2_identified_by
    ADD CONSTRAINT class_related_dictionary_element_2_identified_by_pkey PRIMARY KEY (rid);


--
-- Name: class_related_dictionary_element_2_names_pkey; Type: CONSTRAINT; Schema: public; Owner: postgres; Tablespace: 
--

ALTER TABLE ONLY class_related_dictionary_element_2_names
    ADD CONSTRAINT class_related_dictionary_element_2_names_pkey PRIMARY KEY (rid);


--
-- Name: class_related_dictionary_element_2_note_pkey; Type: CONSTRAINT; Schema: public; Owner: postgres; Tablespace: 
--

ALTER TABLE ONLY class_related_dictionary_element_2_note
    ADD CONSTRAINT class_related_dictionary_element_2_note_pkey PRIMARY KEY (rid);


--
-- Name: class_related_dictionary_element_2_remark_pkey; Type: CONSTRAINT; Schema: public; Owner: postgres; Tablespace: 
--

ALTER TABLE ONLY class_related_dictionary_element_2_remark
    ADD CONSTRAINT class_related_dictionary_element_2_remark_pkey PRIMARY KEY (rid);


--
-- Name: class_related_dictionary_element_e_pkey; Type: CONSTRAINT; Schema: public; Owner: postgres; Tablespace: 
--

ALTER TABLE ONLY class_related_dictionary_element_e
    ADD CONSTRAINT class_related_dictionary_element_e_pkey PRIMARY KEY (rid);


--
-- Name: class_value_assignment_2_super_class_defined_property_pkey; Type: CONSTRAINT; Schema: public; Owner: postgres; Tablespace: 
--

ALTER TABLE ONLY class_value_assignment_2_super_class_defined_property
    ADD CONSTRAINT class_value_assignment_2_super_class_defined_property_pkey PRIMARY KEY (rid);


--
-- Name: class_value_assignment_e_pkey; Type: CONSTRAINT; Schema: public; Owner: postgres; Tablespace: 
--

ALTER TABLE ONLY class_value_assignment_e
    ADD CONSTRAINT class_value_assignment_e_pkey PRIMARY KEY (rid);


--
-- Name: classification_value_t_pkey; Type: CONSTRAINT; Schema: public; Owner: postgres; Tablespace: 
--

ALTER TABLE ONLY classification_value_t
    ADD CONSTRAINT classification_value_t_pkey PRIMARY KEY (rid);


--
-- Name: code_type_t_pkey; Type: CONSTRAINT; Schema: public; Owner: postgres; Tablespace: 
--

ALTER TABLE ONLY code_type_t
    ADD CONSTRAINT code_type_t_pkey PRIMARY KEY (rid);


--
-- Name: compiler_version_type_t_pkey; Type: CONSTRAINT; Schema: public; Owner: postgres; Tablespace: 
--

ALTER TABLE ONLY compiler_version_type_t
    ADD CONSTRAINT compiler_version_type_t_pkey PRIMARY KEY (rid);


--
-- Name: complex_entity_info_2_partial_pkey; Type: CONSTRAINT; Schema: public; Owner: postgres; Tablespace: 
--

ALTER TABLE ONLY complex_entity_info_2_partial
    ADD CONSTRAINT complex_entity_info_2_partial_pkey PRIMARY KEY (rid);


--
-- Name: complex_entity_info_e_pkey; Type: CONSTRAINT; Schema: public; Owner: postgres; Tablespace: 
--

ALTER TABLE ONLY complex_entity_info_e
    ADD CONSTRAINT complex_entity_info_e_pkey PRIMARY KEY (rid);


--
-- Name: complex_type_e_pkey; Type: CONSTRAINT; Schema: public; Owner: postgres; Tablespace: 
--

ALTER TABLE ONLY complex_type_e
    ADD CONSTRAINT complex_type_e_pkey PRIMARY KEY (rid);


--
-- Name: component_class_case_of_e_pkey; Type: CONSTRAINT; Schema: public; Owner: postgres; Tablespace: 
--

ALTER TABLE ONLY component_class_case_of_e
    ADD CONSTRAINT component_class_case_of_e_pkey PRIMARY KEY (rid);


--
-- Name: component_class_e_pkey; Type: CONSTRAINT; Schema: public; Owner: postgres; Tablespace: 
--

ALTER TABLE ONLY component_class_e
    ADD CONSTRAINT component_class_e_pkey PRIMARY KEY (rid);


--
-- Name: condition_det_e_pkey; Type: CONSTRAINT; Schema: public; Owner: postgres; Tablespace: 
--

ALTER TABLE ONLY condition_det_e
    ADD CONSTRAINT condition_det_e_pkey PRIMARY KEY (rid);


--
-- Name: content_encoding_type_t_pkey; Type: CONSTRAINT; Schema: public; Owner: postgres; Tablespace: 
--

ALTER TABLE ONLY content_encoding_type_t
    ADD CONSTRAINT content_encoding_type_t_pkey PRIMARY KEY (rid);


--
-- Name: content_item_2_dictionary_definition_pkey; Type: CONSTRAINT; Schema: public; Owner: postgres; Tablespace: 
--

ALTER TABLE ONLY content_item_2_dictionary_definition
    ADD CONSTRAINT content_item_2_dictionary_definition_pkey PRIMARY KEY (rid);


--
-- Name: content_item_e_pkey; Type: CONSTRAINT; Schema: public; Owner: postgres; Tablespace: 
--

ALTER TABLE ONLY content_item_e
    ADD CONSTRAINT content_item_e_pkey PRIMARY KEY (rid);


--
-- Name: context_dependent_measure_t_pkey; Type: CONSTRAINT; Schema: public; Owner: postgres; Tablespace: 
--

ALTER TABLE ONLY context_dependent_measure_t
    ADD CONSTRAINT context_dependent_measure_t_pkey PRIMARY KEY (rid);


--
-- Name: context_dependent_property_value_2_the_context_pkey; Type: CONSTRAINT; Schema: public; Owner: postgres; Tablespace: 
--

ALTER TABLE ONLY context_dependent_property_value_2_the_context
    ADD CONSTRAINT context_dependent_property_value_2_the_context_pkey PRIMARY KEY (rid);


--
-- Name: context_dependent_property_value_e_pkey; Type: CONSTRAINT; Schema: public; Owner: postgres; Tablespace: 
--

ALTER TABLE ONLY context_dependent_property_value_e
    ADD CONSTRAINT context_dependent_property_value_e_pkey PRIMARY KEY (rid);


--
-- Name: context_dependent_unit_e_pkey; Type: CONSTRAINT; Schema: public; Owner: postgres; Tablespace: 
--

ALTER TABLE ONLY context_dependent_unit_e
    ADD CONSTRAINT context_dependent_unit_e_pkey PRIMARY KEY (rid);


--
-- Name: conversion_based_unit_2_conversion_factor_pkey; Type: CONSTRAINT; Schema: public; Owner: postgres; Tablespace: 
--

ALTER TABLE ONLY conversion_based_unit_2_conversion_factor
    ADD CONSTRAINT conversion_based_unit_2_conversion_factor_pkey PRIMARY KEY (rid);


--
-- Name: conversion_based_unit_e_pkey; Type: CONSTRAINT; Schema: public; Owner: postgres; Tablespace: 
--

ALTER TABLE ONLY conversion_based_unit_e
    ADD CONSTRAINT conversion_based_unit_e_pkey PRIMARY KEY (rid);


--
-- Name: coordinated_universal_time_offset_e_pkey; Type: CONSTRAINT; Schema: public; Owner: postgres; Tablespace: 
--

ALTER TABLE ONLY coordinated_universal_time_offset_e
    ADD CONSTRAINT coordinated_universal_time_offset_e_pkey PRIMARY KEY (rid);


--
-- Name: count_measure_t_pkey; Type: CONSTRAINT; Schema: public; Owner: postgres; Tablespace: 
--

ALTER TABLE ONLY count_measure_t
    ADD CONSTRAINT count_measure_t_pkey PRIMARY KEY (rid);


--
-- Name: currency_code_t_pkey; Type: CONSTRAINT; Schema: public; Owner: postgres; Tablespace: 
--

ALTER TABLE ONLY currency_code_t
    ADD CONSTRAINT currency_code_t_pkey PRIMARY KEY (rid);


--
-- Name: data_exchange_specification_identification_e_pkey; Type: CONSTRAINT; Schema: public; Owner: postgres; Tablespace: 
--

ALTER TABLE ONLY data_exchange_specification_identification_e
    ADD CONSTRAINT data_exchange_specification_identification_e_pkey PRIMARY KEY (rid);


--
-- Name: data_protocol_e_pkey; Type: CONSTRAINT; Schema: public; Owner: postgres; Tablespace: 
--

ALTER TABLE ONLY data_protocol_e
    ADD CONSTRAINT data_protocol_e_pkey PRIMARY KEY (rid);


--
-- Name: data_type_bsu_2_name_scope_pkey; Type: CONSTRAINT; Schema: public; Owner: postgres; Tablespace: 
--

ALTER TABLE ONLY data_type_bsu_2_name_scope
    ADD CONSTRAINT data_type_bsu_2_name_scope_pkey PRIMARY KEY (rid);


--
-- Name: data_type_bsu_e_pkey; Type: CONSTRAINT; Schema: public; Owner: postgres; Tablespace: 
--

ALTER TABLE ONLY data_type_bsu_e
    ADD CONSTRAINT data_type_bsu_e_pkey PRIMARY KEY (rid);


--
-- Name: data_type_code_type_t_pkey; Type: CONSTRAINT; Schema: public; Owner: postgres; Tablespace: 
--

ALTER TABLE ONLY data_type_code_type_t
    ADD CONSTRAINT data_type_code_type_t_pkey PRIMARY KEY (rid);


--
-- Name: data_type_e_pkey; Type: CONSTRAINT; Schema: public; Owner: postgres; Tablespace: 
--

ALTER TABLE ONLY data_type_e
    ADD CONSTRAINT data_type_e_pkey PRIMARY KEY (rid);


--
-- Name: data_type_element_2_identified_by_pkey; Type: CONSTRAINT; Schema: public; Owner: postgres; Tablespace: 
--

ALTER TABLE ONLY data_type_element_2_identified_by
    ADD CONSTRAINT data_type_element_2_identified_by_pkey PRIMARY KEY (rid);


--
-- Name: data_type_element_2_names_pkey; Type: CONSTRAINT; Schema: public; Owner: postgres; Tablespace: 
--

ALTER TABLE ONLY data_type_element_2_names
    ADD CONSTRAINT data_type_element_2_names_pkey PRIMARY KEY (rid);


--
-- Name: data_type_element_2_type_definition_pkey; Type: CONSTRAINT; Schema: public; Owner: postgres; Tablespace: 
--

ALTER TABLE ONLY data_type_element_2_type_definition
    ADD CONSTRAINT data_type_element_2_type_definition_pkey PRIMARY KEY (rid);


--
-- Name: data_type_element_e_pkey; Type: CONSTRAINT; Schema: public; Owner: postgres; Tablespace: 
--

ALTER TABLE ONLY data_type_element_e
    ADD CONSTRAINT data_type_element_e_pkey PRIMARY KEY (rid);


--
-- Name: date_and_time_2_date_component_pkey; Type: CONSTRAINT; Schema: public; Owner: postgres; Tablespace: 
--

ALTER TABLE ONLY date_and_time_2_date_component
    ADD CONSTRAINT date_and_time_2_date_component_pkey PRIMARY KEY (rid);


--
-- Name: date_and_time_2_time_component_pkey; Type: CONSTRAINT; Schema: public; Owner: postgres; Tablespace: 
--

ALTER TABLE ONLY date_and_time_2_time_component
    ADD CONSTRAINT date_and_time_2_time_component_pkey PRIMARY KEY (rid);


--
-- Name: date_and_time_e_pkey; Type: CONSTRAINT; Schema: public; Owner: postgres; Tablespace: 
--

ALTER TABLE ONLY date_and_time_e
    ADD CONSTRAINT date_and_time_e_pkey PRIMARY KEY (rid);


--
-- Name: date_e_pkey; Type: CONSTRAINT; Schema: public; Owner: postgres; Tablespace: 
--

ALTER TABLE ONLY date_e
    ADD CONSTRAINT date_e_pkey PRIMARY KEY (rid);


--
-- Name: date_type_t_pkey; Type: CONSTRAINT; Schema: public; Owner: postgres; Tablespace: 
--

ALTER TABLE ONLY date_type_t
    ADD CONSTRAINT date_type_t_pkey PRIMARY KEY (rid);


--
-- Name: dates_e_pkey; Type: CONSTRAINT; Schema: public; Owner: postgres; Tablespace: 
--

ALTER TABLE ONLY dates_e
    ADD CONSTRAINT dates_e_pkey PRIMARY KEY (rid);


--
-- Name: day_in_month_number_t_pkey; Type: CONSTRAINT; Schema: public; Owner: postgres; Tablespace: 
--

ALTER TABLE ONLY day_in_month_number_t
    ADD CONSTRAINT day_in_month_number_t_pkey PRIMARY KEY (rid);


--
-- Name: day_in_week_number_t_pkey; Type: CONSTRAINT; Schema: public; Owner: postgres; Tablespace: 
--

ALTER TABLE ONLY day_in_week_number_t
    ADD CONSTRAINT day_in_week_number_t_pkey PRIMARY KEY (rid);


--
-- Name: day_in_year_number_t_pkey; Type: CONSTRAINT; Schema: public; Owner: postgres; Tablespace: 
--

ALTER TABLE ONLY day_in_year_number_t
    ADD CONSTRAINT day_in_year_number_t_pkey PRIMARY KEY (rid);


--
-- Name: defined_info_2_underlying_pkey; Type: CONSTRAINT; Schema: public; Owner: postgres; Tablespace: 
--

ALTER TABLE ONLY defined_info_2_underlying
    ADD CONSTRAINT defined_info_2_underlying_pkey PRIMARY KEY (rid);


--
-- Name: defined_info_e_pkey; Type: CONSTRAINT; Schema: public; Owner: postgres; Tablespace: 
--

ALTER TABLE ONLY defined_info_e
    ADD CONSTRAINT defined_info_e_pkey PRIMARY KEY (rid);


--
-- Name: dependent_p_det_2_depends_on_pkey; Type: CONSTRAINT; Schema: public; Owner: postgres; Tablespace: 
--

ALTER TABLE ONLY dependent_p_det_2_depends_on
    ADD CONSTRAINT dependent_p_det_2_depends_on_pkey PRIMARY KEY (rid);


--
-- Name: dependent_p_det_e_pkey; Type: CONSTRAINT; Schema: public; Owner: postgres; Tablespace: 
--

ALTER TABLE ONLY dependent_p_det_e
    ADD CONSTRAINT dependent_p_det_e_pkey PRIMARY KEY (rid);


--
-- Name: der_attribute_e_pkey; Type: CONSTRAINT; Schema: public; Owner: postgres; Tablespace: 
--

ALTER TABLE ONLY der_attribute_e
    ADD CONSTRAINT der_attribute_e_pkey PRIMARY KEY (rid);


--
-- Name: derived_unit_2_elements_pkey; Type: CONSTRAINT; Schema: public; Owner: postgres; Tablespace: 
--

ALTER TABLE ONLY derived_unit_2_elements
    ADD CONSTRAINT derived_unit_2_elements_pkey PRIMARY KEY (rid);


--
-- Name: derived_unit_e_pkey; Type: CONSTRAINT; Schema: public; Owner: postgres; Tablespace: 
--

ALTER TABLE ONLY derived_unit_e
    ADD CONSTRAINT derived_unit_e_pkey PRIMARY KEY (rid);


--
-- Name: derived_unit_element_2_unit_pkey; Type: CONSTRAINT; Schema: public; Owner: postgres; Tablespace: 
--

ALTER TABLE ONLY derived_unit_element_2_unit
    ADD CONSTRAINT derived_unit_element_2_unit_pkey PRIMARY KEY (rid);


--
-- Name: derived_unit_element_e_pkey; Type: CONSTRAINT; Schema: public; Owner: postgres; Tablespace: 
--

ALTER TABLE ONLY derived_unit_element_e
    ADD CONSTRAINT derived_unit_element_e_pkey PRIMARY KEY (rid);


--
-- Name: description_attribute_2_described_item_pkey; Type: CONSTRAINT; Schema: public; Owner: postgres; Tablespace: 
--

ALTER TABLE ONLY description_attribute_2_described_item
    ADD CONSTRAINT description_attribute_2_described_item_pkey PRIMARY KEY (rid);


--
-- Name: description_attribute_e_pkey; Type: CONSTRAINT; Schema: public; Owner: postgres; Tablespace: 
--

ALTER TABLE ONLY description_attribute_e
    ADD CONSTRAINT description_attribute_e_pkey PRIMARY KEY (rid);


--
-- Name: det_classification_type_t_pkey; Type: CONSTRAINT; Schema: public; Owner: postgres; Tablespace: 
--

ALTER TABLE ONLY det_classification_type_t
    ADD CONSTRAINT det_classification_type_t_pkey PRIMARY KEY (rid);


--
-- Name: dialogue_resource_2_used_protocol_pkey; Type: CONSTRAINT; Schema: public; Owner: postgres; Tablespace: 
--

ALTER TABLE ONLY dialogue_resource_2_used_protocol
    ADD CONSTRAINT dialogue_resource_2_used_protocol_pkey PRIMARY KEY (rid);


--
-- Name: dialogue_resource_e_pkey; Type: CONSTRAINT; Schema: public; Owner: postgres; Tablespace: 
--

ALTER TABLE ONLY dialogue_resource_e
    ADD CONSTRAINT dialogue_resource_e_pkey PRIMARY KEY (rid);


--
-- Name: dic_class_instance_2_case_of_pkey; Type: CONSTRAINT; Schema: public; Owner: postgres; Tablespace: 
--

ALTER TABLE ONLY dic_class_instance_2_case_of
    ADD CONSTRAINT dic_class_instance_2_case_of_pkey PRIMARY KEY (rid);


--
-- Name: dic_class_instance_2_class_def_pkey; Type: CONSTRAINT; Schema: public; Owner: postgres; Tablespace: 
--

ALTER TABLE ONLY dic_class_instance_2_class_def
    ADD CONSTRAINT dic_class_instance_2_class_def_pkey PRIMARY KEY (rid);


--
-- Name: dic_class_instance_2_properties_pkey; Type: CONSTRAINT; Schema: public; Owner: postgres; Tablespace: 
--

ALTER TABLE ONLY dic_class_instance_2_properties
    ADD CONSTRAINT dic_class_instance_2_properties_pkey PRIMARY KEY (rid);


--
-- Name: dic_class_instance_e_pkey; Type: CONSTRAINT; Schema: public; Owner: postgres; Tablespace: 
--

ALTER TABLE ONLY dic_class_instance_e
    ADD CONSTRAINT dic_class_instance_e_pkey PRIMARY KEY (rid);


--
-- Name: dic_component_instance_e_pkey; Type: CONSTRAINT; Schema: public; Owner: postgres; Tablespace: 
--

ALTER TABLE ONLY dic_component_instance_e
    ADD CONSTRAINT dic_component_instance_e_pkey PRIMARY KEY (rid);


--
-- Name: dic_f_model_instance_e_pkey; Type: CONSTRAINT; Schema: public; Owner: postgres; Tablespace: 
--

ALTER TABLE ONLY dic_f_model_instance_e
    ADD CONSTRAINT dic_f_model_instance_e_pkey PRIMARY KEY (rid);


--
-- Name: dic_f_view_instance_2_generated_by_pkey; Type: CONSTRAINT; Schema: public; Owner: postgres; Tablespace: 
--

ALTER TABLE ONLY dic_f_view_instance_2_generated_by
    ADD CONSTRAINT dic_f_view_instance_2_generated_by_pkey PRIMARY KEY (rid);


--
-- Name: dic_f_view_instance_2_view_of_pkey; Type: CONSTRAINT; Schema: public; Owner: postgres; Tablespace: 
--

ALTER TABLE ONLY dic_f_view_instance_2_view_of
    ADD CONSTRAINT dic_f_view_instance_2_view_of_pkey PRIMARY KEY (rid);


--
-- Name: dic_f_view_instance_e_pkey; Type: CONSTRAINT; Schema: public; Owner: postgres; Tablespace: 
--

ALTER TABLE ONLY dic_f_view_instance_e
    ADD CONSTRAINT dic_f_view_instance_e_pkey PRIMARY KEY (rid);


--
-- Name: dic_feature_instance_e_pkey; Type: CONSTRAINT; Schema: public; Owner: postgres; Tablespace: 
--

ALTER TABLE ONLY dic_feature_instance_e
    ADD CONSTRAINT dic_feature_instance_e_pkey PRIMARY KEY (rid);


--
-- Name: dic_item_instance_e_pkey; Type: CONSTRAINT; Schema: public; Owner: postgres; Tablespace: 
--

ALTER TABLE ONLY dic_item_instance_e
    ADD CONSTRAINT dic_item_instance_e_pkey PRIMARY KEY (rid);


--
-- Name: dic_material_instance_e_pkey; Type: CONSTRAINT; Schema: public; Owner: postgres; Tablespace: 
--

ALTER TABLE ONLY dic_material_instance_e
    ADD CONSTRAINT dic_material_instance_e_pkey PRIMARY KEY (rid);


--
-- Name: dic_unit_2_string_representation_pkey; Type: CONSTRAINT; Schema: public; Owner: postgres; Tablespace: 
--

ALTER TABLE ONLY dic_unit_2_string_representation
    ADD CONSTRAINT dic_unit_2_string_representation_pkey PRIMARY KEY (rid);


--
-- Name: dic_unit_2_structured_representation_pkey; Type: CONSTRAINT; Schema: public; Owner: postgres; Tablespace: 
--

ALTER TABLE ONLY dic_unit_2_structured_representation
    ADD CONSTRAINT dic_unit_2_structured_representation_pkey PRIMARY KEY (rid);


--
-- Name: dic_unit_e_pkey; Type: CONSTRAINT; Schema: public; Owner: postgres; Tablespace: 
--

ALTER TABLE ONLY dic_unit_e
    ADD CONSTRAINT dic_unit_e_pkey PRIMARY KEY (rid);


--
-- Name: dic_value_2_meaning_pkey; Type: CONSTRAINT; Schema: public; Owner: postgres; Tablespace: 
--

ALTER TABLE ONLY dic_value_2_meaning
    ADD CONSTRAINT dic_value_2_meaning_pkey PRIMARY KEY (rid);


--
-- Name: dic_value_2_source_doc_of_value_pkey; Type: CONSTRAINT; Schema: public; Owner: postgres; Tablespace: 
--

ALTER TABLE ONLY dic_value_2_source_doc_of_value
    ADD CONSTRAINT dic_value_2_source_doc_of_value_pkey PRIMARY KEY (rid);


--
-- Name: dic_value_2_value_code_pkey; Type: CONSTRAINT; Schema: public; Owner: postgres; Tablespace: 
--

ALTER TABLE ONLY dic_value_2_value_code
    ADD CONSTRAINT dic_value_2_value_code_pkey PRIMARY KEY (rid);


--
-- Name: dic_value_e_pkey; Type: CONSTRAINT; Schema: public; Owner: postgres; Tablespace: 
--

ALTER TABLE ONLY dic_value_e
    ADD CONSTRAINT dic_value_e_pkey PRIMARY KEY (rid);


--
-- Name: dictionary_2_a_posteriori_semantic_relationships_pkey; Type: CONSTRAINT; Schema: public; Owner: postgres; Tablespace: 
--

ALTER TABLE ONLY dictionary_2_a_posteriori_semantic_relationships
    ADD CONSTRAINT dictionary_2_a_posteriori_semantic_relationships_pkey PRIMARY KEY (rid);


--
-- Name: dictionary_2_base_protocols_pkey; Type: CONSTRAINT; Schema: public; Owner: postgres; Tablespace: 
--

ALTER TABLE ONLY dictionary_2_base_protocols
    ADD CONSTRAINT dictionary_2_base_protocols_pkey PRIMARY KEY (rid);


--
-- Name: dictionary_2_contained_classes_pkey; Type: CONSTRAINT; Schema: public; Owner: postgres; Tablespace: 
--

ALTER TABLE ONLY dictionary_2_contained_classes
    ADD CONSTRAINT dictionary_2_contained_classes_pkey PRIMARY KEY (rid);


--
-- Name: dictionary_2_identified_by_pkey; Type: CONSTRAINT; Schema: public; Owner: postgres; Tablespace: 
--

ALTER TABLE ONLY dictionary_2_identified_by
    ADD CONSTRAINT dictionary_2_identified_by_pkey PRIMARY KEY (rid);


--
-- Name: dictionary_2_library_structure_pkey; Type: CONSTRAINT; Schema: public; Owner: postgres; Tablespace: 
--

ALTER TABLE ONLY dictionary_2_library_structure
    ADD CONSTRAINT dictionary_2_library_structure_pkey PRIMARY KEY (rid);


--
-- Name: dictionary_2_names_pkey; Type: CONSTRAINT; Schema: public; Owner: postgres; Tablespace: 
--

ALTER TABLE ONLY dictionary_2_names
    ADD CONSTRAINT dictionary_2_names_pkey PRIMARY KEY (rid);


--
-- Name: dictionary_2_note_pkey; Type: CONSTRAINT; Schema: public; Owner: postgres; Tablespace: 
--

ALTER TABLE ONLY dictionary_2_note
    ADD CONSTRAINT dictionary_2_note_pkey PRIMARY KEY (rid);


--
-- Name: dictionary_2_referenced_dictionaries_pkey; Type: CONSTRAINT; Schema: public; Owner: postgres; Tablespace: 
--

ALTER TABLE ONLY dictionary_2_referenced_dictionaries
    ADD CONSTRAINT dictionary_2_referenced_dictionaries_pkey PRIMARY KEY (rid);


--
-- Name: dictionary_2_referred_suppliers_pkey; Type: CONSTRAINT; Schema: public; Owner: postgres; Tablespace: 
--

ALTER TABLE ONLY dictionary_2_referred_suppliers
    ADD CONSTRAINT dictionary_2_referred_suppliers_pkey PRIMARY KEY (rid);


--
-- Name: dictionary_2_remark_pkey; Type: CONSTRAINT; Schema: public; Owner: postgres; Tablespace: 
--

ALTER TABLE ONLY dictionary_2_remark
    ADD CONSTRAINT dictionary_2_remark_pkey PRIMARY KEY (rid);


--
-- Name: dictionary_2_responsible_supplier_pkey; Type: CONSTRAINT; Schema: public; Owner: postgres; Tablespace: 
--

ALTER TABLE ONLY dictionary_2_responsible_supplier
    ADD CONSTRAINT dictionary_2_responsible_supplier_pkey PRIMARY KEY (rid);


--
-- Name: dictionary_2_supported_vep_pkey; Type: CONSTRAINT; Schema: public; Owner: postgres; Tablespace: 
--

ALTER TABLE ONLY dictionary_2_supported_vep
    ADD CONSTRAINT dictionary_2_supported_vep_pkey PRIMARY KEY (rid);


--
-- Name: dictionary_2_updates_pkey; Type: CONSTRAINT; Schema: public; Owner: postgres; Tablespace: 
--

ALTER TABLE ONLY dictionary_2_updates
    ADD CONSTRAINT dictionary_2_updates_pkey PRIMARY KEY (rid);


--
-- Name: dictionary_code_type_t_pkey; Type: CONSTRAINT; Schema: public; Owner: postgres; Tablespace: 
--

ALTER TABLE ONLY dictionary_code_type_t
    ADD CONSTRAINT dictionary_code_type_t_pkey PRIMARY KEY (rid);


--
-- Name: dictionary_e_pkey; Type: CONSTRAINT; Schema: public; Owner: postgres; Tablespace: 
--

ALTER TABLE ONLY dictionary_e
    ADD CONSTRAINT dictionary_e_pkey PRIMARY KEY (rid);


--
-- Name: dictionary_element_2_identified_by_pkey; Type: CONSTRAINT; Schema: public; Owner: postgres; Tablespace: 
--

ALTER TABLE ONLY dictionary_element_2_identified_by
    ADD CONSTRAINT dictionary_element_2_identified_by_pkey PRIMARY KEY (rid);


--
-- Name: dictionary_element_2_time_stamps_pkey; Type: CONSTRAINT; Schema: public; Owner: postgres; Tablespace: 
--

ALTER TABLE ONLY dictionary_element_2_time_stamps
    ADD CONSTRAINT dictionary_element_2_time_stamps_pkey PRIMARY KEY (rid);


--
-- Name: dictionary_element_e_pkey; Type: CONSTRAINT; Schema: public; Owner: postgres; Tablespace: 
--

ALTER TABLE ONLY dictionary_element_e
    ADD CONSTRAINT dictionary_element_e_pkey PRIMARY KEY (rid);


--
-- Name: dictionary_external_item_e_pkey; Type: CONSTRAINT; Schema: public; Owner: postgres; Tablespace: 
--

ALTER TABLE ONLY dictionary_external_item_e
    ADD CONSTRAINT dictionary_external_item_e_pkey PRIMARY KEY (rid);


--
-- Name: dictionary_identification_2_defined_by_pkey; Type: CONSTRAINT; Schema: public; Owner: postgres; Tablespace: 
--

ALTER TABLE ONLY dictionary_identification_2_defined_by
    ADD CONSTRAINT dictionary_identification_2_defined_by_pkey PRIMARY KEY (rid);


--
-- Name: dictionary_identification_e_pkey; Type: CONSTRAINT; Schema: public; Owner: postgres; Tablespace: 
--

ALTER TABLE ONLY dictionary_identification_e
    ADD CONSTRAINT dictionary_identification_e_pkey PRIMARY KEY (rid);


--
-- Name: dictionary_in_standard_format_e_pkey; Type: CONSTRAINT; Schema: public; Owner: postgres; Tablespace: 
--

ALTER TABLE ONLY dictionary_in_standard_format_e
    ADD CONSTRAINT dictionary_in_standard_format_e_pkey PRIMARY KEY (rid);


--
-- Name: dimension_count_t_pkey; Type: CONSTRAINT; Schema: public; Owner: postgres; Tablespace: 
--

ALTER TABLE ONLY dimension_count_t
    ADD CONSTRAINT dimension_count_t_pkey PRIMARY KEY (rid);


--
-- Name: dimensional_exponents_e_pkey; Type: CONSTRAINT; Schema: public; Owner: postgres; Tablespace: 
--

ALTER TABLE ONLY dimensional_exponents_e
    ADD CONSTRAINT dimensional_exponents_e_pkey PRIMARY KEY (rid);


--
-- Name: direction_e_pkey; Type: CONSTRAINT; Schema: public; Owner: postgres; Tablespace: 
--

ALTER TABLE ONLY direction_e
    ADD CONSTRAINT direction_e_pkey PRIMARY KEY (rid);


--
-- Name: document_bsu_2_name_scope_pkey; Type: CONSTRAINT; Schema: public; Owner: postgres; Tablespace: 
--

ALTER TABLE ONLY document_bsu_2_name_scope
    ADD CONSTRAINT document_bsu_2_name_scope_pkey PRIMARY KEY (rid);


--
-- Name: document_bsu_e_pkey; Type: CONSTRAINT; Schema: public; Owner: postgres; Tablespace: 
--

ALTER TABLE ONLY document_bsu_e
    ADD CONSTRAINT document_bsu_e_pkey PRIMARY KEY (rid);


--
-- Name: document_code_type_t_pkey; Type: CONSTRAINT; Schema: public; Owner: postgres; Tablespace: 
--

ALTER TABLE ONLY document_code_type_t
    ADD CONSTRAINT document_code_type_t_pkey PRIMARY KEY (rid);


--
-- Name: document_content_2_dictionary_definition_pkey; Type: CONSTRAINT; Schema: public; Owner: postgres; Tablespace: 
--

ALTER TABLE ONLY document_content_2_dictionary_definition
    ADD CONSTRAINT document_content_2_dictionary_definition_pkey PRIMARY KEY (rid);


--
-- Name: document_content_2_used_protocol_pkey; Type: CONSTRAINT; Schema: public; Owner: postgres; Tablespace: 
--

ALTER TABLE ONLY document_content_2_used_protocol
    ADD CONSTRAINT document_content_2_used_protocol_pkey PRIMARY KEY (rid);


--
-- Name: document_content_e_pkey; Type: CONSTRAINT; Schema: public; Owner: postgres; Tablespace: 
--

ALTER TABLE ONLY document_content_e
    ADD CONSTRAINT document_content_e_pkey PRIMARY KEY (rid);


--
-- Name: document_e_pkey; Type: CONSTRAINT; Schema: public; Owner: postgres; Tablespace: 
--

ALTER TABLE ONLY document_e
    ADD CONSTRAINT document_e_pkey PRIMARY KEY (rid);


--
-- Name: document_element_2_authors_pkey; Type: CONSTRAINT; Schema: public; Owner: postgres; Tablespace: 
--

ALTER TABLE ONLY document_element_2_authors
    ADD CONSTRAINT document_element_2_authors_pkey PRIMARY KEY (rid);


--
-- Name: document_element_2_identified_by_pkey; Type: CONSTRAINT; Schema: public; Owner: postgres; Tablespace: 
--

ALTER TABLE ONLY document_element_2_identified_by
    ADD CONSTRAINT document_element_2_identified_by_pkey PRIMARY KEY (rid);


--
-- Name: document_element_2_publishing_organisation_pkey; Type: CONSTRAINT; Schema: public; Owner: postgres; Tablespace: 
--

ALTER TABLE ONLY document_element_2_publishing_organisation
    ADD CONSTRAINT document_element_2_publishing_organisation_pkey PRIMARY KEY (rid);


--
-- Name: document_element_e_pkey; Type: CONSTRAINT; Schema: public; Owner: postgres; Tablespace: 
--

ALTER TABLE ONLY document_element_e
    ADD CONSTRAINT document_element_e_pkey PRIMARY KEY (rid);


--
-- Name: document_element_with_http_access_e_pkey; Type: CONSTRAINT; Schema: public; Owner: postgres; Tablespace: 
--

ALTER TABLE ONLY document_element_with_http_access_e
    ADD CONSTRAINT document_element_with_http_access_e_pkey PRIMARY KEY (rid);


--
-- Name: document_element_with_translated_http_access_2_languages_pkey; Type: CONSTRAINT; Schema: public; Owner: postgres; Tablespace: 
--

ALTER TABLE ONLY document_element_with_translated_http_access_2_languages
    ADD CONSTRAINT document_element_with_translated_http_access_2_languages_pkey PRIMARY KEY (rid);


--
-- Name: document_element_with_translated_http_access_e_pkey; Type: CONSTRAINT; Schema: public; Owner: postgres; Tablespace: 
--

ALTER TABLE ONLY document_element_with_translated_http_access_e
    ADD CONSTRAINT document_element_with_translated_http_access_e_pkey PRIMARY KEY (rid);


--
-- Name: e1017_pkey; Type: CONSTRAINT; Schema: public; Owner: postgres; Tablespace: 
--

ALTER TABLE ONLY e1017
    ADD CONSTRAINT e1017_pkey PRIMARY KEY (rid);


--
-- Name: e1021_pkey; Type: CONSTRAINT; Schema: public; Owner: postgres; Tablespace: 
--

ALTER TABLE ONLY e1021
    ADD CONSTRAINT e1021_pkey PRIMARY KEY (rid);


--
-- Name: e1023_pkey; Type: CONSTRAINT; Schema: public; Owner: postgres; Tablespace: 
--

ALTER TABLE ONLY e1023
    ADD CONSTRAINT e1023_pkey PRIMARY KEY (rid);


--
-- Name: e1024_pkey; Type: CONSTRAINT; Schema: public; Owner: postgres; Tablespace: 
--

ALTER TABLE ONLY e1024
    ADD CONSTRAINT e1024_pkey PRIMARY KEY (rid);


--
-- Name: e1025_pkey; Type: CONSTRAINT; Schema: public; Owner: postgres; Tablespace: 
--

ALTER TABLE ONLY e1025
    ADD CONSTRAINT e1025_pkey PRIMARY KEY (rid);


--
-- Name: e1026_pkey; Type: CONSTRAINT; Schema: public; Owner: postgres; Tablespace: 
--

ALTER TABLE ONLY e1026
    ADD CONSTRAINT e1026_pkey PRIMARY KEY (rid);


--
-- Name: e1027_pkey; Type: CONSTRAINT; Schema: public; Owner: postgres; Tablespace: 
--

ALTER TABLE ONLY e1027
    ADD CONSTRAINT e1027_pkey PRIMARY KEY (rid);


--
-- Name: e1028_pkey; Type: CONSTRAINT; Schema: public; Owner: postgres; Tablespace: 
--

ALTER TABLE ONLY e1028
    ADD CONSTRAINT e1028_pkey PRIMARY KEY (rid);


--
-- Name: e1029_pkey; Type: CONSTRAINT; Schema: public; Owner: postgres; Tablespace: 
--

ALTER TABLE ONLY e1029
    ADD CONSTRAINT e1029_pkey PRIMARY KEY (rid);


--
-- Name: e1030_pkey; Type: CONSTRAINT; Schema: public; Owner: postgres; Tablespace: 
--

ALTER TABLE ONLY e1030
    ADD CONSTRAINT e1030_pkey PRIMARY KEY (rid);


--
-- Name: e1031_pkey; Type: CONSTRAINT; Schema: public; Owner: postgres; Tablespace: 
--

ALTER TABLE ONLY e1031
    ADD CONSTRAINT e1031_pkey PRIMARY KEY (rid);


--
-- Name: e1032_pkey; Type: CONSTRAINT; Schema: public; Owner: postgres; Tablespace: 
--

ALTER TABLE ONLY e1032
    ADD CONSTRAINT e1032_pkey PRIMARY KEY (rid);


--
-- Name: e1033_pkey; Type: CONSTRAINT; Schema: public; Owner: postgres; Tablespace: 
--

ALTER TABLE ONLY e1033
    ADD CONSTRAINT e1033_pkey PRIMARY KEY (rid);


--
-- Name: e1034_pkey; Type: CONSTRAINT; Schema: public; Owner: postgres; Tablespace: 
--

ALTER TABLE ONLY e1034
    ADD CONSTRAINT e1034_pkey PRIMARY KEY (rid);


--
-- Name: e1035_pkey; Type: CONSTRAINT; Schema: public; Owner: postgres; Tablespace: 
--

ALTER TABLE ONLY e1035
    ADD CONSTRAINT e1035_pkey PRIMARY KEY (rid);


--
-- Name: e1036_pkey; Type: CONSTRAINT; Schema: public; Owner: postgres; Tablespace: 
--

ALTER TABLE ONLY e1036
    ADD CONSTRAINT e1036_pkey PRIMARY KEY (rid);


--
-- Name: e1038_pkey; Type: CONSTRAINT; Schema: public; Owner: postgres; Tablespace: 
--

ALTER TABLE ONLY e1038
    ADD CONSTRAINT e1038_pkey PRIMARY KEY (rid);


--
-- Name: e1039_pkey; Type: CONSTRAINT; Schema: public; Owner: postgres; Tablespace: 
--

ALTER TABLE ONLY e1039
    ADD CONSTRAINT e1039_pkey PRIMARY KEY (rid);


--
-- Name: e1040_pkey; Type: CONSTRAINT; Schema: public; Owner: postgres; Tablespace: 
--

ALTER TABLE ONLY e1040
    ADD CONSTRAINT e1040_pkey PRIMARY KEY (rid);


--
-- Name: e1041_pkey; Type: CONSTRAINT; Schema: public; Owner: postgres; Tablespace: 
--

ALTER TABLE ONLY e1041
    ADD CONSTRAINT e1041_pkey PRIMARY KEY (rid);


--
-- Name: e1042_pkey; Type: CONSTRAINT; Schema: public; Owner: postgres; Tablespace: 
--

ALTER TABLE ONLY e1042
    ADD CONSTRAINT e1042_pkey PRIMARY KEY (rid);


--
-- Name: e1043_pkey; Type: CONSTRAINT; Schema: public; Owner: postgres; Tablespace: 
--

ALTER TABLE ONLY e1043
    ADD CONSTRAINT e1043_pkey PRIMARY KEY (rid);


--
-- Name: e1044_pkey; Type: CONSTRAINT; Schema: public; Owner: postgres; Tablespace: 
--

ALTER TABLE ONLY e1044
    ADD CONSTRAINT e1044_pkey PRIMARY KEY (rid);


--
-- Name: e1046_pkey; Type: CONSTRAINT; Schema: public; Owner: postgres; Tablespace: 
--

ALTER TABLE ONLY e1046
    ADD CONSTRAINT e1046_pkey PRIMARY KEY (rid);


--
-- Name: e1049_pkey; Type: CONSTRAINT; Schema: public; Owner: postgres; Tablespace: 
--

ALTER TABLE ONLY e1049
    ADD CONSTRAINT e1049_pkey PRIMARY KEY (rid);


--
-- Name: e1050_pkey; Type: CONSTRAINT; Schema: public; Owner: postgres; Tablespace: 
--

ALTER TABLE ONLY e1050
    ADD CONSTRAINT e1050_pkey PRIMARY KEY (rid);


--
-- Name: e1051_pkey; Type: CONSTRAINT; Schema: public; Owner: postgres; Tablespace: 
--

ALTER TABLE ONLY e1051
    ADD CONSTRAINT e1051_pkey PRIMARY KEY (rid);


--
-- Name: e1052_pkey; Type: CONSTRAINT; Schema: public; Owner: postgres; Tablespace: 
--

ALTER TABLE ONLY e1052
    ADD CONSTRAINT e1052_pkey PRIMARY KEY (rid);


--
-- Name: e1703_pkey; Type: CONSTRAINT; Schema: public; Owner: postgres; Tablespace: 
--

ALTER TABLE ONLY e1703
    ADD CONSTRAINT e1703_pkey PRIMARY KEY (rid);


--
-- Name: electric_current_measure_t_pkey; Type: CONSTRAINT; Schema: public; Owner: postgres; Tablespace: 
--

ALTER TABLE ONLY electric_current_measure_t
    ADD CONSTRAINT electric_current_measure_t_pkey PRIMARY KEY (rid);


--
-- Name: entity_info_2_derived_pkey; Type: CONSTRAINT; Schema: public; Owner: postgres; Tablespace: 
--

ALTER TABLE ONLY entity_info_2_derived
    ADD CONSTRAINT entity_info_2_derived_pkey PRIMARY KEY (rid);


--
-- Name: entity_info_2_explicit_pkey; Type: CONSTRAINT; Schema: public; Owner: postgres; Tablespace: 
--

ALTER TABLE ONLY entity_info_2_explicit
    ADD CONSTRAINT entity_info_2_explicit_pkey PRIMARY KEY (rid);


--
-- Name: entity_info_2_inv_pkey; Type: CONSTRAINT; Schema: public; Owner: postgres; Tablespace: 
--

ALTER TABLE ONLY entity_info_2_inv
    ADD CONSTRAINT entity_info_2_inv_pkey PRIMARY KEY (rid);


--
-- Name: entity_info_2_subtypes_pkey; Type: CONSTRAINT; Schema: public; Owner: postgres; Tablespace: 
--

ALTER TABLE ONLY entity_info_2_subtypes
    ADD CONSTRAINT entity_info_2_subtypes_pkey PRIMARY KEY (rid);


--
-- Name: entity_info_2_supertypes_pkey; Type: CONSTRAINT; Schema: public; Owner: postgres; Tablespace: 
--

ALTER TABLE ONLY entity_info_2_supertypes
    ADD CONSTRAINT entity_info_2_supertypes_pkey PRIMARY KEY (rid);


--
-- Name: entity_info_e_pkey; Type: CONSTRAINT; Schema: public; Owner: postgres; Tablespace: 
--

ALTER TABLE ONLY entity_info_e
    ADD CONSTRAINT entity_info_e_pkey PRIMARY KEY (rid);


--
-- Name: entity_instance_type_e_pkey; Type: CONSTRAINT; Schema: public; Owner: postgres; Tablespace: 
--

ALTER TABLE ONLY entity_instance_type_e
    ADD CONSTRAINT entity_instance_type_e_pkey PRIMARY KEY (rid);


--
-- Name: entity_instance_type_for_aggregate_2_type_structure_pkey; Type: CONSTRAINT; Schema: public; Owner: postgres; Tablespace: 
--

ALTER TABLE ONLY entity_instance_type_for_aggregate_2_type_structure
    ADD CONSTRAINT entity_instance_type_for_aggregate_2_type_structure_pkey PRIMARY KEY (rid);


--
-- Name: entity_instance_type_for_aggregate_e_pkey; Type: CONSTRAINT; Schema: public; Owner: postgres; Tablespace: 
--

ALTER TABLE ONLY entity_instance_type_for_aggregate_e
    ADD CONSTRAINT entity_instance_type_for_aggregate_e_pkey PRIMARY KEY (rid);


--
-- Name: enum_info_e_pkey; Type: CONSTRAINT; Schema: public; Owner: postgres; Tablespace: 
--

ALTER TABLE ONLY enum_info_e
    ADD CONSTRAINT enum_info_e_pkey PRIMARY KEY (rid);


--
-- Name: explicit_functional_model_class_extension_2_context_param_icon_; Type: CONSTRAINT; Schema: public; Owner: postgres; Tablespace: 
--

ALTER TABLE ONLY explicit_functional_model_class_extension_2_context_param_icon
    ADD CONSTRAINT explicit_functional_model_class_extension_2_context_param_icon_ PRIMARY KEY (rid);


--
-- Name: explicit_functional_model_class_extension_2_context_param_msg_p; Type: CONSTRAINT; Schema: public; Owner: postgres; Tablespace: 
--

ALTER TABLE ONLY explicit_functional_model_class_extension_2_context_param_msg
    ADD CONSTRAINT explicit_functional_model_class_extension_2_context_param_msg_p PRIMARY KEY (rid);


--
-- Name: explicit_functional_model_class_extension_2_measure_unit_pkey; Type: CONSTRAINT; Schema: public; Owner: postgres; Tablespace: 
--

ALTER TABLE ONLY explicit_functional_model_class_extension_2_measure_unit
    ADD CONSTRAINT explicit_functional_model_class_extension_2_measure_unit_pkey PRIMARY KEY (rid);


--
-- Name: explicit_functional_model_class_extension_e_pkey; Type: CONSTRAINT; Schema: public; Owner: postgres; Tablespace: 
--

ALTER TABLE ONLY explicit_functional_model_class_extension_e
    ADD CONSTRAINT explicit_functional_model_class_extension_e_pkey PRIMARY KEY (rid);


--
-- Name: explicit_item_class_extension_2_access_icon_pkey; Type: CONSTRAINT; Schema: public; Owner: postgres; Tablespace: 
--

ALTER TABLE ONLY explicit_item_class_extension_2_access_icon
    ADD CONSTRAINT explicit_item_class_extension_2_access_icon_pkey PRIMARY KEY (rid);


--
-- Name: explicit_item_class_extension_2_class_presentation_on_paper_pke; Type: CONSTRAINT; Schema: public; Owner: postgres; Tablespace: 
--

ALTER TABLE ONLY explicit_item_class_extension_2_class_presentation_on_paper
    ADD CONSTRAINT explicit_item_class_extension_2_class_presentation_on_paper_pke PRIMARY KEY (rid);


--
-- Name: explicit_item_class_extension_2_class_presentation_on_screen_pk; Type: CONSTRAINT; Schema: public; Owner: postgres; Tablespace: 
--

ALTER TABLE ONLY explicit_item_class_extension_2_class_presentation_on_screen
    ADD CONSTRAINT explicit_item_class_extension_2_class_presentation_on_screen_pk PRIMARY KEY (rid);


--
-- Name: explicit_item_class_extension_2_content_msg_pkey; Type: CONSTRAINT; Schema: public; Owner: postgres; Tablespace: 
--

ALTER TABLE ONLY explicit_item_class_extension_2_content_msg
    ADD CONSTRAINT explicit_item_class_extension_2_content_msg_pkey PRIMARY KEY (rid);


--
-- Name: explicit_item_class_extension_2_create_icon_pkey; Type: CONSTRAINT; Schema: public; Owner: postgres; Tablespace: 
--

ALTER TABLE ONLY explicit_item_class_extension_2_create_icon
    ADD CONSTRAINT explicit_item_class_extension_2_create_icon_pkey PRIMARY KEY (rid);


--
-- Name: explicit_item_class_extension_2_create_msg_pkey; Type: CONSTRAINT; Schema: public; Owner: postgres; Tablespace: 
--

ALTER TABLE ONLY explicit_item_class_extension_2_create_msg
    ADD CONSTRAINT explicit_item_class_extension_2_create_msg_pkey PRIMARY KEY (rid);


--
-- Name: explicit_item_class_extension_e_pkey; Type: CONSTRAINT; Schema: public; Owner: postgres; Tablespace: 
--

ALTER TABLE ONLY explicit_item_class_extension_e
    ADD CONSTRAINT explicit_item_class_extension_e_pkey PRIMARY KEY (rid);


--
-- Name: explicit_model_class_extension_2_instance_identification_pkey; Type: CONSTRAINT; Schema: public; Owner: postgres; Tablespace: 
--

ALTER TABLE ONLY explicit_model_class_extension_2_instance_identification
    ADD CONSTRAINT explicit_model_class_extension_2_instance_identification_pkey PRIMARY KEY (rid);


--
-- Name: explicit_model_class_extension_2_population_pkey; Type: CONSTRAINT; Schema: public; Owner: postgres; Tablespace: 
--

ALTER TABLE ONLY explicit_model_class_extension_2_population
    ADD CONSTRAINT explicit_model_class_extension_2_population_pkey PRIMARY KEY (rid);


--
-- Name: explicit_model_class_extension_e_pkey; Type: CONSTRAINT; Schema: public; Owner: postgres; Tablespace: 
--

ALTER TABLE ONLY explicit_model_class_extension_e
    ADD CONSTRAINT explicit_model_class_extension_e_pkey PRIMARY KEY (rid);


--
-- Name: external_content_2_consists_of_pkey; Type: CONSTRAINT; Schema: public; Owner: postgres; Tablespace: 
--

ALTER TABLE ONLY external_content_2_consists_of
    ADD CONSTRAINT external_content_2_consists_of_pkey PRIMARY KEY (rid);


--
-- Name: external_content_e_pkey; Type: CONSTRAINT; Schema: public; Owner: postgres; Tablespace: 
--

ALTER TABLE ONLY external_content_e
    ADD CONSTRAINT external_content_e_pkey PRIMARY KEY (rid);


--
-- Name: external_file_address_t_pkey; Type: CONSTRAINT; Schema: public; Owner: postgres; Tablespace: 
--

ALTER TABLE ONLY external_file_address_t
    ADD CONSTRAINT external_file_address_t_pkey PRIMARY KEY (rid);


--
-- Name: external_file_protocol_2_base_protocol_pkey; Type: CONSTRAINT; Schema: public; Owner: postgres; Tablespace: 
--

ALTER TABLE ONLY external_file_protocol_2_base_protocol
    ADD CONSTRAINT external_file_protocol_2_base_protocol_pkey PRIMARY KEY (rid);


--
-- Name: external_file_protocol_2_designation_pkey; Type: CONSTRAINT; Schema: public; Owner: postgres; Tablespace: 
--

ALTER TABLE ONLY external_file_protocol_2_designation
    ADD CONSTRAINT external_file_protocol_2_designation_pkey PRIMARY KEY (rid);


--
-- Name: external_file_protocol_2_organisation_pkey; Type: CONSTRAINT; Schema: public; Owner: postgres; Tablespace: 
--

ALTER TABLE ONLY external_file_protocol_2_organisation
    ADD CONSTRAINT external_file_protocol_2_organisation_pkey PRIMARY KEY (rid);


--
-- Name: external_file_protocol_e_pkey; Type: CONSTRAINT; Schema: public; Owner: postgres; Tablespace: 
--

ALTER TABLE ONLY external_file_protocol_e
    ADD CONSTRAINT external_file_protocol_e_pkey PRIMARY KEY (rid);


--
-- Name: external_file_unit_e_pkey; Type: CONSTRAINT; Schema: public; Owner: postgres; Tablespace: 
--

ALTER TABLE ONLY external_file_unit_e
    ADD CONSTRAINT external_file_unit_e_pkey PRIMARY KEY (rid);


--
-- Name: external_item_2_content_pkey; Type: CONSTRAINT; Schema: public; Owner: postgres; Tablespace: 
--

ALTER TABLE ONLY external_item_2_content
    ADD CONSTRAINT external_item_2_content_pkey PRIMARY KEY (rid);


--
-- Name: external_item_2_used_protocol_pkey; Type: CONSTRAINT; Schema: public; Owner: postgres; Tablespace: 
--

ALTER TABLE ONLY external_item_2_used_protocol
    ADD CONSTRAINT external_item_2_used_protocol_pkey PRIMARY KEY (rid);


--
-- Name: external_item_code_type_t_pkey; Type: CONSTRAINT; Schema: public; Owner: postgres; Tablespace: 
--

ALTER TABLE ONLY external_item_code_type_t
    ADD CONSTRAINT external_item_code_type_t_pkey PRIMARY KEY (rid);


--
-- Name: external_item_e_pkey; Type: CONSTRAINT; Schema: public; Owner: postgres; Tablespace: 
--

ALTER TABLE ONLY external_item_e
    ADD CONSTRAINT external_item_e_pkey PRIMARY KEY (rid);


--
-- Name: feature_class_case_of_e_pkey; Type: CONSTRAINT; Schema: public; Owner: postgres; Tablespace: 
--

ALTER TABLE ONLY feature_class_case_of_e
    ADD CONSTRAINT feature_class_case_of_e_pkey PRIMARY KEY (rid);


--
-- Name: feature_class_e_pkey; Type: CONSTRAINT; Schema: public; Owner: postgres; Tablespace: 
--

ALTER TABLE ONLY feature_class_e
    ADD CONSTRAINT feature_class_e_pkey PRIMARY KEY (rid);


--
-- Name: fm_class_view_of_2_imported_documents_from_item_pkey; Type: CONSTRAINT; Schema: public; Owner: postgres; Tablespace: 
--

ALTER TABLE ONLY fm_class_view_of_2_imported_documents_from_item
    ADD CONSTRAINT fm_class_view_of_2_imported_documents_from_item_pkey PRIMARY KEY (rid);


--
-- Name: fm_class_view_of_2_imported_properties_from_item_pkey; Type: CONSTRAINT; Schema: public; Owner: postgres; Tablespace: 
--

ALTER TABLE ONLY fm_class_view_of_2_imported_properties_from_item
    ADD CONSTRAINT fm_class_view_of_2_imported_properties_from_item_pkey PRIMARY KEY (rid);


--
-- Name: fm_class_view_of_2_imported_tables_from_item_pkey; Type: CONSTRAINT; Schema: public; Owner: postgres; Tablespace: 
--

ALTER TABLE ONLY fm_class_view_of_2_imported_tables_from_item
    ADD CONSTRAINT fm_class_view_of_2_imported_tables_from_item_pkey PRIMARY KEY (rid);


--
-- Name: fm_class_view_of_2_imported_types_from_item_pkey; Type: CONSTRAINT; Schema: public; Owner: postgres; Tablespace: 
--

ALTER TABLE ONLY fm_class_view_of_2_imported_types_from_item
    ADD CONSTRAINT fm_class_view_of_2_imported_types_from_item_pkey PRIMARY KEY (rid);


--
-- Name: fm_class_view_of_2_view_of_pkey; Type: CONSTRAINT; Schema: public; Owner: postgres; Tablespace: 
--

ALTER TABLE ONLY fm_class_view_of_2_view_of
    ADD CONSTRAINT fm_class_view_of_2_view_of_pkey PRIMARY KEY (rid);


--
-- Name: fm_class_view_of_e_pkey; Type: CONSTRAINT; Schema: public; Owner: postgres; Tablespace: 
--

ALTER TABLE ONLY fm_class_view_of_e
    ADD CONSTRAINT fm_class_view_of_e_pkey PRIMARY KEY (rid);


--
-- Name: functional_model_class_e_pkey; Type: CONSTRAINT; Schema: public; Owner: postgres; Tablespace: 
--

ALTER TABLE ONLY functional_model_class_e
    ADD CONSTRAINT functional_model_class_e_pkey PRIMARY KEY (rid);


--
-- Name: functional_view_class_2_view_control_variables_pkey; Type: CONSTRAINT; Schema: public; Owner: postgres; Tablespace: 
--

ALTER TABLE ONLY functional_view_class_2_view_control_variables
    ADD CONSTRAINT functional_view_class_2_view_control_variables_pkey PRIMARY KEY (rid);


--
-- Name: functional_view_class_2_view_properties_pkey; Type: CONSTRAINT; Schema: public; Owner: postgres; Tablespace: 
--

ALTER TABLE ONLY functional_view_class_2_view_properties
    ADD CONSTRAINT functional_view_class_2_view_properties_pkey PRIMARY KEY (rid);


--
-- Name: functional_view_class_e_pkey; Type: CONSTRAINT; Schema: public; Owner: postgres; Tablespace: 
--

ALTER TABLE ONLY functional_view_class_e
    ADD CONSTRAINT functional_view_class_e_pkey PRIMARY KEY (rid);


--
-- Name: geometric_representation_context_e_pkey; Type: CONSTRAINT; Schema: public; Owner: postgres; Tablespace: 
--

ALTER TABLE ONLY geometric_representation_context_e
    ADD CONSTRAINT geometric_representation_context_e_pkey PRIMARY KEY (rid);


--
-- Name: geometric_representation_context_type_e_pkey; Type: CONSTRAINT; Schema: public; Owner: postgres; Tablespace: 
--

ALTER TABLE ONLY geometric_representation_context_type_e
    ADD CONSTRAINT geometric_representation_context_type_e_pkey PRIMARY KEY (rid);


--
-- Name: geometric_representation_item_e_pkey; Type: CONSTRAINT; Schema: public; Owner: postgres; Tablespace: 
--

ALTER TABLE ONLY geometric_representation_item_e
    ADD CONSTRAINT geometric_representation_item_e_pkey PRIMARY KEY (rid);


--
-- Name: global_language_assignment_e_pkey; Type: CONSTRAINT; Schema: public; Owner: postgres; Tablespace: 
--

ALTER TABLE ONLY global_language_assignment_e
    ADD CONSTRAINT global_language_assignment_e_pkey PRIMARY KEY (rid);


--
-- Name: global_unit_assigned_context_2_units_pkey; Type: CONSTRAINT; Schema: public; Owner: postgres; Tablespace: 
--

ALTER TABLE ONLY global_unit_assigned_context_2_units
    ADD CONSTRAINT global_unit_assigned_context_2_units_pkey PRIMARY KEY (rid);


--
-- Name: global_unit_assigned_context_e_pkey; Type: CONSTRAINT; Schema: public; Owner: postgres; Tablespace: 
--

ALTER TABLE ONLY global_unit_assigned_context_e
    ADD CONSTRAINT global_unit_assigned_context_e_pkey PRIMARY KEY (rid);


--
-- Name: graphics_e_pkey; Type: CONSTRAINT; Schema: public; Owner: postgres; Tablespace: 
--

ALTER TABLE ONLY graphics_e
    ADD CONSTRAINT graphics_e_pkey PRIMARY KEY (rid);


--
-- Name: hour_in_day_t_pkey; Type: CONSTRAINT; Schema: public; Owner: postgres; Tablespace: 
--

ALTER TABLE ONLY hour_in_day_t
    ADD CONSTRAINT hour_in_day_t_pkey PRIMARY KEY (rid);


--
-- Name: http_class_directory_2_class_pkey; Type: CONSTRAINT; Schema: public; Owner: postgres; Tablespace: 
--

ALTER TABLE ONLY http_class_directory_2_class
    ADD CONSTRAINT http_class_directory_2_class_pkey PRIMARY KEY (rid);


--
-- Name: http_class_directory_e_pkey; Type: CONSTRAINT; Schema: public; Owner: postgres; Tablespace: 
--

ALTER TABLE ONLY http_class_directory_e
    ADD CONSTRAINT http_class_directory_e_pkey PRIMARY KEY (rid);


--
-- Name: http_directory_name_type_t_pkey; Type: CONSTRAINT; Schema: public; Owner: postgres; Tablespace: 
--

ALTER TABLE ONLY http_directory_name_type_t
    ADD CONSTRAINT http_directory_name_type_t_pkey PRIMARY KEY (rid);


--
-- Name: http_file_2_http_directory_pkey; Type: CONSTRAINT; Schema: public; Owner: postgres; Tablespace: 
--

ALTER TABLE ONLY http_file_2_http_directory
    ADD CONSTRAINT http_file_2_http_directory_pkey PRIMARY KEY (rid);


--
-- Name: http_file_e_pkey; Type: CONSTRAINT; Schema: public; Owner: postgres; Tablespace: 
--

ALTER TABLE ONLY http_file_e
    ADD CONSTRAINT http_file_e_pkey PRIMARY KEY (rid);


--
-- Name: http_file_name_type_t_pkey; Type: CONSTRAINT; Schema: public; Owner: postgres; Tablespace: 
--

ALTER TABLE ONLY http_file_name_type_t
    ADD CONSTRAINT http_file_name_type_t_pkey PRIMARY KEY (rid);


--
-- Name: http_protocol_e_pkey; Type: CONSTRAINT; Schema: public; Owner: postgres; Tablespace: 
--

ALTER TABLE ONLY http_protocol_e
    ADD CONSTRAINT http_protocol_e_pkey PRIMARY KEY (rid);


--
-- Name: iab_rfc_t_pkey; Type: CONSTRAINT; Schema: public; Owner: postgres; Tablespace: 
--

ALTER TABLE ONLY iab_rfc_t
    ADD CONSTRAINT iab_rfc_t_pkey PRIMARY KEY (rid);


--
-- Name: id_attribute_2_identified_item_pkey; Type: CONSTRAINT; Schema: public; Owner: postgres; Tablespace: 
--

ALTER TABLE ONLY id_attribute_2_identified_item
    ADD CONSTRAINT id_attribute_2_identified_item_pkey PRIMARY KEY (rid);


--
-- Name: id_attribute_e_pkey; Type: CONSTRAINT; Schema: public; Owner: postgres; Tablespace: 
--

ALTER TABLE ONLY id_attribute_e
    ADD CONSTRAINT id_attribute_e_pkey PRIMARY KEY (rid);


--
-- Name: identified_document_e_pkey; Type: CONSTRAINT; Schema: public; Owner: postgres; Tablespace: 
--

ALTER TABLE ONLY identified_document_e
    ADD CONSTRAINT identified_document_e_pkey PRIMARY KEY (rid);


--
-- Name: identifier_t_pkey; Type: CONSTRAINT; Schema: public; Owner: postgres; Tablespace: 
--

ALTER TABLE ONLY identifier_t
    ADD CONSTRAINT identifier_t_pkey PRIMARY KEY (rid);


--
-- Name: illustration_2_height_pkey; Type: CONSTRAINT; Schema: public; Owner: postgres; Tablespace: 
--

ALTER TABLE ONLY illustration_2_height
    ADD CONSTRAINT illustration_2_height_pkey PRIMARY KEY (rid);


--
-- Name: illustration_2_width_pkey; Type: CONSTRAINT; Schema: public; Owner: postgres; Tablespace: 
--

ALTER TABLE ONLY illustration_2_width
    ADD CONSTRAINT illustration_2_width_pkey PRIMARY KEY (rid);


--
-- Name: illustration_e_pkey; Type: CONSTRAINT; Schema: public; Owner: postgres; Tablespace: 
--

ALTER TABLE ONLY illustration_e
    ADD CONSTRAINT illustration_e_pkey PRIMARY KEY (rid);


--
-- Name: illustration_type_t_element_key; Type: CONSTRAINT; Schema: public; Owner: postgres; Tablespace: 
--

ALTER TABLE ONLY illustration_type_t
    ADD CONSTRAINT illustration_type_t_element_key UNIQUE (element);


--
-- Name: illustration_type_t_pkey; Type: CONSTRAINT; Schema: public; Owner: postgres; Tablespace: 
--

ALTER TABLE ONLY illustration_type_t
    ADD CONSTRAINT illustration_type_t_pkey PRIMARY KEY (rid);


--
-- Name: illustration_type_t_rang_key; Type: CONSTRAINT; Schema: public; Owner: postgres; Tablespace: 
--

ALTER TABLE ONLY illustration_type_t
    ADD CONSTRAINT illustration_type_t_rang_key UNIQUE (rang);


--
-- Name: int_currency_type_e_pkey; Type: CONSTRAINT; Schema: public; Owner: postgres; Tablespace: 
--

ALTER TABLE ONLY int_currency_type_e
    ADD CONSTRAINT int_currency_type_e_pkey PRIMARY KEY (rid);


--
-- Name: int_level_spec_value_e_pkey; Type: CONSTRAINT; Schema: public; Owner: postgres; Tablespace: 
--

ALTER TABLE ONLY int_level_spec_value_e
    ADD CONSTRAINT int_level_spec_value_e_pkey PRIMARY KEY (rid);


--
-- Name: int_measure_type_2_unit_pkey; Type: CONSTRAINT; Schema: public; Owner: postgres; Tablespace: 
--

ALTER TABLE ONLY int_measure_type_2_unit
    ADD CONSTRAINT int_measure_type_2_unit_pkey PRIMARY KEY (rid);


--
-- Name: int_measure_type_e_pkey; Type: CONSTRAINT; Schema: public; Owner: postgres; Tablespace: 
--

ALTER TABLE ONLY int_measure_type_e
    ADD CONSTRAINT int_measure_type_e_pkey PRIMARY KEY (rid);


--
-- Name: int_type_e_pkey; Type: CONSTRAINT; Schema: public; Owner: postgres; Tablespace: 
--

ALTER TABLE ONLY int_type_e
    ADD CONSTRAINT int_type_e_pkey PRIMARY KEY (rid);


--
-- Name: integer_type_t_pkey; Type: CONSTRAINT; Schema: public; Owner: postgres; Tablespace: 
--

ALTER TABLE ONLY integer_type_t
    ADD CONSTRAINT integer_type_t_pkey PRIMARY KEY (rid);


--
-- Name: integer_value_t_pkey; Type: CONSTRAINT; Schema: public; Owner: postgres; Tablespace: 
--

ALTER TABLE ONLY integer_value_t
    ADD CONSTRAINT integer_value_t_pkey PRIMARY KEY (rid);


--
-- Name: inv_attribute_2_for_attribute_pkey; Type: CONSTRAINT; Schema: public; Owner: postgres; Tablespace: 
--

ALTER TABLE ONLY inv_attribute_2_for_attribute
    ADD CONSTRAINT inv_attribute_2_for_attribute_pkey PRIMARY KEY (rid);


--
-- Name: inv_attribute_e_pkey; Type: CONSTRAINT; Schema: public; Owner: postgres; Tablespace: 
--

ALTER TABLE ONLY inv_attribute_e
    ADD CONSTRAINT inv_attribute_e_pkey PRIMARY KEY (rid);


--
-- Name: item_class_2_class_constant_values_pkey; Type: CONSTRAINT; Schema: public; Owner: postgres; Tablespace: 
--

ALTER TABLE ONLY item_class_2_class_constant_values
    ADD CONSTRAINT item_class_2_class_constant_values_pkey PRIMARY KEY (rid);


--
-- Name: item_class_2_simplified_drawing_pkey; Type: CONSTRAINT; Schema: public; Owner: postgres; Tablespace: 
--

ALTER TABLE ONLY item_class_2_simplified_drawing
    ADD CONSTRAINT item_class_2_simplified_drawing_pkey PRIMARY KEY (rid);


--
-- Name: item_class_2_sub_class_properties_pkey; Type: CONSTRAINT; Schema: public; Owner: postgres; Tablespace: 
--

ALTER TABLE ONLY item_class_2_sub_class_properties
    ADD CONSTRAINT item_class_2_sub_class_properties_pkey PRIMARY KEY (rid);


--
-- Name: item_class_case_of_2_imported_documents_pkey; Type: CONSTRAINT; Schema: public; Owner: postgres; Tablespace: 
--

ALTER TABLE ONLY item_class_case_of_2_imported_documents
    ADD CONSTRAINT item_class_case_of_2_imported_documents_pkey PRIMARY KEY (rid);


--
-- Name: item_class_case_of_2_imported_properties_pkey; Type: CONSTRAINT; Schema: public; Owner: postgres; Tablespace: 
--

ALTER TABLE ONLY item_class_case_of_2_imported_properties
    ADD CONSTRAINT item_class_case_of_2_imported_properties_pkey PRIMARY KEY (rid);


--
-- Name: item_class_case_of_2_imported_tables_pkey; Type: CONSTRAINT; Schema: public; Owner: postgres; Tablespace: 
--

ALTER TABLE ONLY item_class_case_of_2_imported_tables
    ADD CONSTRAINT item_class_case_of_2_imported_tables_pkey PRIMARY KEY (rid);


--
-- Name: item_class_case_of_2_imported_types_pkey; Type: CONSTRAINT; Schema: public; Owner: postgres; Tablespace: 
--

ALTER TABLE ONLY item_class_case_of_2_imported_types
    ADD CONSTRAINT item_class_case_of_2_imported_types_pkey PRIMARY KEY (rid);


--
-- Name: item_class_case_of_2_is_case_of_pkey; Type: CONSTRAINT; Schema: public; Owner: postgres; Tablespace: 
--

ALTER TABLE ONLY item_class_case_of_2_is_case_of
    ADD CONSTRAINT item_class_case_of_2_is_case_of_pkey PRIMARY KEY (rid);


--
-- Name: item_class_case_of_e_pkey; Type: CONSTRAINT; Schema: public; Owner: postgres; Tablespace: 
--

ALTER TABLE ONLY item_class_case_of_e
    ADD CONSTRAINT item_class_case_of_e_pkey PRIMARY KEY (rid);


--
-- Name: item_class_e_pkey; Type: CONSTRAINT; Schema: public; Owner: postgres; Tablespace: 
--

ALTER TABLE ONLY item_class_e
    ADD CONSTRAINT item_class_e_pkey PRIMARY KEY (rid);


--
-- Name: item_names_2_icon_pkey; Type: CONSTRAINT; Schema: public; Owner: postgres; Tablespace: 
--

ALTER TABLE ONLY item_names_2_icon
    ADD CONSTRAINT item_names_2_icon_pkey PRIMARY KEY (rid);


--
-- Name: item_names_2_languages_pkey; Type: CONSTRAINT; Schema: public; Owner: postgres; Tablespace: 
--

ALTER TABLE ONLY item_names_2_languages
    ADD CONSTRAINT item_names_2_languages_pkey PRIMARY KEY (rid);


--
-- Name: item_names_2_preferred_name_pkey; Type: CONSTRAINT; Schema: public; Owner: postgres; Tablespace: 
--

ALTER TABLE ONLY item_names_2_preferred_name
    ADD CONSTRAINT item_names_2_preferred_name_pkey PRIMARY KEY (rid);


--
-- Name: item_names_2_short_name_pkey; Type: CONSTRAINT; Schema: public; Owner: postgres; Tablespace: 
--

ALTER TABLE ONLY item_names_2_short_name
    ADD CONSTRAINT item_names_2_short_name_pkey PRIMARY KEY (rid);


--
-- Name: item_names_2_synonymous_names_pkey; Type: CONSTRAINT; Schema: public; Owner: postgres; Tablespace: 
--

ALTER TABLE ONLY item_names_2_synonymous_names
    ADD CONSTRAINT item_names_2_synonymous_names_pkey PRIMARY KEY (rid);


--
-- Name: item_names_e_pkey; Type: CONSTRAINT; Schema: public; Owner: postgres; Tablespace: 
--

ALTER TABLE ONLY item_names_e
    ADD CONSTRAINT item_names_e_pkey PRIMARY KEY (rid);


--
-- Name: label_t_pkey; Type: CONSTRAINT; Schema: public; Owner: postgres; Tablespace: 
--

ALTER TABLE ONLY label_t
    ADD CONSTRAINT label_t_pkey PRIMARY KEY (rid);


--
-- Name: label_with_language_e_pkey; Type: CONSTRAINT; Schema: public; Owner: postgres; Tablespace: 
--

ALTER TABLE ONLY label_with_language_e
    ADD CONSTRAINT label_with_language_e_pkey PRIMARY KEY (rid);


--
-- Name: language_code_t_pkey; Type: CONSTRAINT; Schema: public; Owner: postgres; Tablespace: 
--

ALTER TABLE ONLY language_code_t
    ADD CONSTRAINT language_code_t_pkey PRIMARY KEY (rid);


--
-- Name: language_specific_content_2_content_files_pkey; Type: CONSTRAINT; Schema: public; Owner: postgres; Tablespace: 
--

ALTER TABLE ONLY language_specific_content_2_content_files
    ADD CONSTRAINT language_specific_content_2_content_files_pkey PRIMARY KEY (rid);


--
-- Name: language_specific_content_2_main_file_pkey; Type: CONSTRAINT; Schema: public; Owner: postgres; Tablespace: 
--

ALTER TABLE ONLY language_specific_content_2_main_file
    ADD CONSTRAINT language_specific_content_2_main_file_pkey PRIMARY KEY (rid);


--
-- Name: language_specific_content_e_pkey; Type: CONSTRAINT; Schema: public; Owner: postgres; Tablespace: 
--

ALTER TABLE ONLY language_specific_content_e
    ADD CONSTRAINT language_specific_content_e_pkey PRIMARY KEY (rid);


--
-- Name: length_measure_t_pkey; Type: CONSTRAINT; Schema: public; Owner: postgres; Tablespace: 
--

ALTER TABLE ONLY length_measure_t
    ADD CONSTRAINT length_measure_t_pkey PRIMARY KEY (rid);


--
-- Name: length_measure_with_unit_e_pkey; Type: CONSTRAINT; Schema: public; Owner: postgres; Tablespace: 
--

ALTER TABLE ONLY length_measure_with_unit_e
    ADD CONSTRAINT length_measure_with_unit_e_pkey PRIMARY KEY (rid);


--
-- Name: length_unit_e_pkey; Type: CONSTRAINT; Schema: public; Owner: postgres; Tablespace: 
--

ALTER TABLE ONLY length_unit_e
    ADD CONSTRAINT length_unit_e_pkey PRIMARY KEY (rid);


--
-- Name: level_spec_value_e_pkey; Type: CONSTRAINT; Schema: public; Owner: postgres; Tablespace: 
--

ALTER TABLE ONLY level_spec_value_e
    ADD CONSTRAINT level_spec_value_e_pkey PRIMARY KEY (rid);


--
-- Name: level_t_element_key; Type: CONSTRAINT; Schema: public; Owner: postgres; Tablespace: 
--

ALTER TABLE ONLY level_t
    ADD CONSTRAINT level_t_element_key UNIQUE (element);


--
-- Name: level_t_pkey; Type: CONSTRAINT; Schema: public; Owner: postgres; Tablespace: 
--

ALTER TABLE ONLY level_t
    ADD CONSTRAINT level_t_pkey PRIMARY KEY (rid);


--
-- Name: level_t_rang_key; Type: CONSTRAINT; Schema: public; Owner: postgres; Tablespace: 
--

ALTER TABLE ONLY level_t
    ADD CONSTRAINT level_t_rang_key UNIQUE (rang);


--
-- Name: level_type_2_value_type_pkey; Type: CONSTRAINT; Schema: public; Owner: postgres; Tablespace: 
--

ALTER TABLE ONLY level_type_2_value_type
    ADD CONSTRAINT level_type_2_value_type_pkey PRIMARY KEY (rid);


--
-- Name: level_type_e_pkey; Type: CONSTRAINT; Schema: public; Owner: postgres; Tablespace: 
--

ALTER TABLE ONLY level_type_e
    ADD CONSTRAINT level_type_e_pkey PRIMARY KEY (rid);


--
-- Name: lib_component_instance_e_pkey; Type: CONSTRAINT; Schema: public; Owner: postgres; Tablespace: 
--

ALTER TABLE ONLY lib_component_instance_e
    ADD CONSTRAINT lib_component_instance_e_pkey PRIMARY KEY (rid);


--
-- Name: lib_f_model_instance_e_pkey; Type: CONSTRAINT; Schema: public; Owner: postgres; Tablespace: 
--

ALTER TABLE ONLY lib_f_model_instance_e
    ADD CONSTRAINT lib_f_model_instance_e_pkey PRIMARY KEY (rid);


--
-- Name: lib_feature_instance_e_pkey; Type: CONSTRAINT; Schema: public; Owner: postgres; Tablespace: 
--

ALTER TABLE ONLY lib_feature_instance_e
    ADD CONSTRAINT lib_feature_instance_e_pkey PRIMARY KEY (rid);


--
-- Name: lib_item_instance_2_supplier_designation_pkey; Type: CONSTRAINT; Schema: public; Owner: postgres; Tablespace: 
--

ALTER TABLE ONLY lib_item_instance_2_supplier_designation
    ADD CONSTRAINT lib_item_instance_2_supplier_designation_pkey PRIMARY KEY (rid);


--
-- Name: lib_item_instance_2_user_designation_pkey; Type: CONSTRAINT; Schema: public; Owner: postgres; Tablespace: 
--

ALTER TABLE ONLY lib_item_instance_2_user_designation
    ADD CONSTRAINT lib_item_instance_2_user_designation_pkey PRIMARY KEY (rid);


--
-- Name: lib_item_instance_e_pkey; Type: CONSTRAINT; Schema: public; Owner: postgres; Tablespace: 
--

ALTER TABLE ONLY lib_item_instance_e
    ADD CONSTRAINT lib_item_instance_e_pkey PRIMARY KEY (rid);


--
-- Name: lib_material_instance_e_pkey; Type: CONSTRAINT; Schema: public; Owner: postgres; Tablespace: 
--

ALTER TABLE ONLY lib_material_instance_e
    ADD CONSTRAINT lib_material_instance_e_pkey PRIMARY KEY (rid);


--
-- Name: library_2_linked_interfaces_pkey; Type: CONSTRAINT; Schema: public; Owner: postgres; Tablespace: 
--

ALTER TABLE ONLY library_2_linked_interfaces
    ADD CONSTRAINT library_2_linked_interfaces_pkey PRIMARY KEY (rid);


--
-- Name: library_e_pkey; Type: CONSTRAINT; Schema: public; Owner: postgres; Tablespace: 
--

ALTER TABLE ONLY library_e
    ADD CONSTRAINT library_e_pkey PRIMARY KEY (rid);


--
-- Name: library_iim_identification_e_pkey; Type: CONSTRAINT; Schema: public; Owner: postgres; Tablespace: 
--

ALTER TABLE ONLY library_iim_identification_e
    ADD CONSTRAINT library_iim_identification_e_pkey PRIMARY KEY (rid);


--
-- Name: library_in_standard_format_e_pkey; Type: CONSTRAINT; Schema: public; Owner: postgres; Tablespace: 
--

ALTER TABLE ONLY library_in_standard_format_e
    ADD CONSTRAINT library_in_standard_format_e_pkey PRIMARY KEY (rid);


--
-- Name: linked_interface_program_protocol_2_link_libraries_pkey; Type: CONSTRAINT; Schema: public; Owner: postgres; Tablespace: 
--

ALTER TABLE ONLY linked_interface_program_protocol_2_link_libraries
    ADD CONSTRAINT linked_interface_program_protocol_2_link_libraries_pkey PRIMARY KEY (rid);


--
-- Name: linked_interface_program_protocol_e_pkey; Type: CONSTRAINT; Schema: public; Owner: postgres; Tablespace: 
--

ALTER TABLE ONLY linked_interface_program_protocol_e
    ADD CONSTRAINT linked_interface_program_protocol_e_pkey PRIMARY KEY (rid);


--
-- Name: list_type_e_pkey; Type: CONSTRAINT; Schema: public; Owner: postgres; Tablespace: 
--

ALTER TABLE ONLY list_type_e
    ADD CONSTRAINT list_type_e_pkey PRIMARY KEY (rid);


--
-- Name: list_value_2_values_pkey; Type: CONSTRAINT; Schema: public; Owner: postgres; Tablespace: 
--

ALTER TABLE ONLY list_value_2_values
    ADD CONSTRAINT list_value_2_values_pkey PRIMARY KEY (rid);


--
-- Name: list_value_e_pkey; Type: CONSTRAINT; Schema: public; Owner: postgres; Tablespace: 
--

ALTER TABLE ONLY list_value_e
    ADD CONSTRAINT list_value_e_pkey PRIMARY KEY (rid);


--
-- Name: local_time_2_zone_pkey; Type: CONSTRAINT; Schema: public; Owner: postgres; Tablespace: 
--

ALTER TABLE ONLY local_time_2_zone
    ADD CONSTRAINT local_time_2_zone_pkey PRIMARY KEY (rid);


--
-- Name: local_time_e_pkey; Type: CONSTRAINT; Schema: public; Owner: postgres; Tablespace: 
--

ALTER TABLE ONLY local_time_e
    ADD CONSTRAINT local_time_e_pkey PRIMARY KEY (rid);


--
-- Name: luminous_intensity_measure_t_pkey; Type: CONSTRAINT; Schema: public; Owner: postgres; Tablespace: 
--

ALTER TABLE ONLY luminous_intensity_measure_t
    ADD CONSTRAINT luminous_intensity_measure_t_pkey PRIMARY KEY (rid);


--
-- Name: mass_measure_t_pkey; Type: CONSTRAINT; Schema: public; Owner: postgres; Tablespace: 
--

ALTER TABLE ONLY mass_measure_t
    ADD CONSTRAINT mass_measure_t_pkey PRIMARY KEY (rid);


--
-- Name: material_class_case_of_e_pkey; Type: CONSTRAINT; Schema: public; Owner: postgres; Tablespace: 
--

ALTER TABLE ONLY material_class_case_of_e
    ADD CONSTRAINT material_class_case_of_e_pkey PRIMARY KEY (rid);


--
-- Name: material_class_e_pkey; Type: CONSTRAINT; Schema: public; Owner: postgres; Tablespace: 
--

ALTER TABLE ONLY material_class_e
    ADD CONSTRAINT material_class_e_pkey PRIMARY KEY (rid);


--
-- Name: mathematical_string_e_pkey; Type: CONSTRAINT; Schema: public; Owner: postgres; Tablespace: 
--

ALTER TABLE ONLY mathematical_string_e
    ADD CONSTRAINT mathematical_string_e_pkey PRIMARY KEY (rid);


--
-- Name: measure_with_unit_2_unit_component_pkey; Type: CONSTRAINT; Schema: public; Owner: postgres; Tablespace: 
--

ALTER TABLE ONLY measure_with_unit_2_unit_component
    ADD CONSTRAINT measure_with_unit_2_unit_component_pkey PRIMARY KEY (rid);


--
-- Name: measure_with_unit_2_value_component_pkey; Type: CONSTRAINT; Schema: public; Owner: postgres; Tablespace: 
--

ALTER TABLE ONLY measure_with_unit_2_value_component
    ADD CONSTRAINT measure_with_unit_2_value_component_pkey PRIMARY KEY (rid);


--
-- Name: measure_with_unit_e_pkey; Type: CONSTRAINT; Schema: public; Owner: postgres; Tablespace: 
--

ALTER TABLE ONLY measure_with_unit_e
    ADD CONSTRAINT measure_with_unit_e_pkey PRIMARY KEY (rid);


--
-- Name: message_e_pkey; Type: CONSTRAINT; Schema: public; Owner: postgres; Tablespace: 
--

ALTER TABLE ONLY message_e
    ADD CONSTRAINT message_e_pkey PRIMARY KEY (rid);


--
-- Name: mime_subtype_t_pkey; Type: CONSTRAINT; Schema: public; Owner: postgres; Tablespace: 
--

ALTER TABLE ONLY mime_subtype_t
    ADD CONSTRAINT mime_subtype_t_pkey PRIMARY KEY (rid);


--
-- Name: mime_type_t_pkey; Type: CONSTRAINT; Schema: public; Owner: postgres; Tablespace: 
--

ALTER TABLE ONLY mime_type_t
    ADD CONSTRAINT mime_type_t_pkey PRIMARY KEY (rid);


--
-- Name: minute_in_hour_t_pkey; Type: CONSTRAINT; Schema: public; Owner: postgres; Tablespace: 
--

ALTER TABLE ONLY minute_in_hour_t
    ADD CONSTRAINT minute_in_hour_t_pkey PRIMARY KEY (rid);


--
-- Name: model_class_extension_2_classification_pkey; Type: CONSTRAINT; Schema: public; Owner: postgres; Tablespace: 
--

ALTER TABLE ONLY model_class_extension_2_classification
    ADD CONSTRAINT model_class_extension_2_classification_pkey PRIMARY KEY (rid);


--
-- Name: model_class_extension_2_recommended_presentation_pkey; Type: CONSTRAINT; Schema: public; Owner: postgres; Tablespace: 
--

ALTER TABLE ONLY model_class_extension_2_recommended_presentation
    ADD CONSTRAINT model_class_extension_2_recommended_presentation_pkey PRIMARY KEY (rid);


--
-- Name: model_class_extension_2_referenced_external_items_pkey; Type: CONSTRAINT; Schema: public; Owner: postgres; Tablespace: 
--

ALTER TABLE ONLY model_class_extension_2_referenced_external_items
    ADD CONSTRAINT model_class_extension_2_referenced_external_items_pkey PRIMARY KEY (rid);


--
-- Name: model_class_extension_2_referenced_view_exchange_protocol_pkey; Type: CONSTRAINT; Schema: public; Owner: postgres; Tablespace: 
--

ALTER TABLE ONLY model_class_extension_2_referenced_view_exchange_protocol
    ADD CONSTRAINT model_class_extension_2_referenced_view_exchange_protocol_pkey PRIMARY KEY (rid);


--
-- Name: model_class_extension_2_used_protocols_pkey; Type: CONSTRAINT; Schema: public; Owner: postgres; Tablespace: 
--

ALTER TABLE ONLY model_class_extension_2_used_protocols
    ADD CONSTRAINT model_class_extension_2_used_protocols_pkey PRIMARY KEY (rid);


--
-- Name: model_class_extension_e_pkey; Type: CONSTRAINT; Schema: public; Owner: postgres; Tablespace: 
--

ALTER TABLE ONLY model_class_extension_e
    ADD CONSTRAINT model_class_extension_e_pkey PRIMARY KEY (rid);


--
-- Name: month_in_year_number_t_pkey; Type: CONSTRAINT; Schema: public; Owner: postgres; Tablespace: 
--

ALTER TABLE ONLY month_in_year_number_t
    ADD CONSTRAINT month_in_year_number_t_pkey PRIMARY KEY (rid);


--
-- Name: name_attribute_2_named_item_pkey; Type: CONSTRAINT; Schema: public; Owner: postgres; Tablespace: 
--

ALTER TABLE ONLY name_attribute_2_named_item
    ADD CONSTRAINT name_attribute_2_named_item_pkey PRIMARY KEY (rid);


--
-- Name: name_attribute_e_pkey; Type: CONSTRAINT; Schema: public; Owner: postgres; Tablespace: 
--

ALTER TABLE ONLY name_attribute_e
    ADD CONSTRAINT name_attribute_e_pkey PRIMARY KEY (rid);


--
-- Name: named_info_e_pkey; Type: CONSTRAINT; Schema: public; Owner: postgres; Tablespace: 
--

ALTER TABLE ONLY named_info_e
    ADD CONSTRAINT named_info_e_pkey PRIMARY KEY (rid);


--
-- Name: named_type_2_referred_type_pkey; Type: CONSTRAINT; Schema: public; Owner: postgres; Tablespace: 
--

ALTER TABLE ONLY named_type_2_referred_type
    ADD CONSTRAINT named_type_2_referred_type_pkey PRIMARY KEY (rid);


--
-- Name: named_type_e_pkey; Type: CONSTRAINT; Schema: public; Owner: postgres; Tablespace: 
--

ALTER TABLE ONLY named_type_e
    ADD CONSTRAINT named_type_e_pkey PRIMARY KEY (rid);


--
-- Name: named_unit_2_dimensions_pkey; Type: CONSTRAINT; Schema: public; Owner: postgres; Tablespace: 
--

ALTER TABLE ONLY named_unit_2_dimensions
    ADD CONSTRAINT named_unit_2_dimensions_pkey PRIMARY KEY (rid);


--
-- Name: named_unit_e_pkey; Type: CONSTRAINT; Schema: public; Owner: postgres; Tablespace: 
--

ALTER TABLE ONLY named_unit_e
    ADD CONSTRAINT named_unit_e_pkey PRIMARY KEY (rid);


--
-- Name: non_dependent_p_det_e_pkey; Type: CONSTRAINT; Schema: public; Owner: postgres; Tablespace: 
--

ALTER TABLE ONLY non_dependent_p_det_e
    ADD CONSTRAINT non_dependent_p_det_e_pkey PRIMARY KEY (rid);


--
-- Name: non_instantiable_functional_view_class_e_pkey; Type: CONSTRAINT; Schema: public; Owner: postgres; Tablespace: 
--

ALTER TABLE ONLY non_instantiable_functional_view_class_e
    ADD CONSTRAINT non_instantiable_functional_view_class_e_pkey PRIMARY KEY (rid);


--
-- Name: non_quantitative_code_type_2_domain_pkey; Type: CONSTRAINT; Schema: public; Owner: postgres; Tablespace: 
--

ALTER TABLE ONLY non_quantitative_code_type_2_domain
    ADD CONSTRAINT non_quantitative_code_type_2_domain_pkey PRIMARY KEY (rid);


--
-- Name: non_quantitative_code_type_e_pkey; Type: CONSTRAINT; Schema: public; Owner: postgres; Tablespace: 
--

ALTER TABLE ONLY non_quantitative_code_type_e
    ADD CONSTRAINT non_quantitative_code_type_e_pkey PRIMARY KEY (rid);


--
-- Name: non_quantitative_int_type_2_domain_pkey; Type: CONSTRAINT; Schema: public; Owner: postgres; Tablespace: 
--

ALTER TABLE ONLY non_quantitative_int_type_2_domain
    ADD CONSTRAINT non_quantitative_int_type_2_domain_pkey PRIMARY KEY (rid);


--
-- Name: non_quantitative_int_type_e_pkey; Type: CONSTRAINT; Schema: public; Owner: postgres; Tablespace: 
--

ALTER TABLE ONLY non_quantitative_int_type_e
    ADD CONSTRAINT non_quantitative_int_type_e_pkey PRIMARY KEY (rid);


--
-- Name: non_si_unit_e_pkey; Type: CONSTRAINT; Schema: public; Owner: postgres; Tablespace: 
--

ALTER TABLE ONLY non_si_unit_e
    ADD CONSTRAINT non_si_unit_e_pkey PRIMARY KEY (rid);


--
-- Name: non_standard_data_protocol_e_pkey; Type: CONSTRAINT; Schema: public; Owner: postgres; Tablespace: 
--

ALTER TABLE ONLY non_standard_data_protocol_e
    ADD CONSTRAINT non_standard_data_protocol_e_pkey PRIMARY KEY (rid);


--
-- Name: non_standard_protocol_e_pkey; Type: CONSTRAINT; Schema: public; Owner: postgres; Tablespace: 
--

ALTER TABLE ONLY non_standard_protocol_e
    ADD CONSTRAINT non_standard_protocol_e_pkey PRIMARY KEY (rid);


--
-- Name: non_standard_simple_program_protocol_e_pkey; Type: CONSTRAINT; Schema: public; Owner: postgres; Tablespace: 
--

ALTER TABLE ONLY non_standard_simple_program_protocol_e
    ADD CONSTRAINT non_standard_simple_program_protocol_e_pkey PRIMARY KEY (rid);


--
-- Name: not_translatable_external_content_e_pkey; Type: CONSTRAINT; Schema: public; Owner: postgres; Tablespace: 
--

ALTER TABLE ONLY not_translatable_external_content_e
    ADD CONSTRAINT not_translatable_external_content_e_pkey PRIMARY KEY (rid);


--
-- Name: not_translated_external_content_e_pkey; Type: CONSTRAINT; Schema: public; Owner: postgres; Tablespace: 
--

ALTER TABLE ONLY not_translated_external_content_e
    ADD CONSTRAINT not_translated_external_content_e_pkey PRIMARY KEY (rid);


--
-- Name: null_value_e_pkey; Type: CONSTRAINT; Schema: public; Owner: postgres; Tablespace: 
--

ALTER TABLE ONLY null_value_e
    ADD CONSTRAINT null_value_e_pkey PRIMARY KEY (rid);


--
-- Name: number_type_e_pkey; Type: CONSTRAINT; Schema: public; Owner: postgres; Tablespace: 
--

ALTER TABLE ONLY number_type_e
    ADD CONSTRAINT number_type_e_pkey PRIMARY KEY (rid);


--
-- Name: numeric_measure_t_pkey; Type: CONSTRAINT; Schema: public; Owner: postgres; Tablespace: 
--

ALTER TABLE ONLY numeric_measure_t
    ADD CONSTRAINT numeric_measure_t_pkey PRIMARY KEY (rid);


--
-- Name: oid_rid_pkey; Type: CONSTRAINT; Schema: public; Owner: postgres; Tablespace: 
--

ALTER TABLE ONLY oid_rid
    ADD CONSTRAINT oid_rid_pkey PRIMARY KEY (oids);


--
-- Name: oid_rid_rid_key; Type: CONSTRAINT; Schema: public; Owner: postgres; Tablespace: 
--

ALTER TABLE ONLY oid_rid
    ADD CONSTRAINT oid_rid_rid_key UNIQUE (rid);


--
-- Name: oid_rid_version_pkey; Type: CONSTRAINT; Schema: public; Owner: postgres; Tablespace: 
--

ALTER TABLE ONLY oid_rid_version
    ADD CONSTRAINT oid_rid_version_pkey PRIMARY KEY (oids);


--
-- Name: oid_rid_version_rid_key; Type: CONSTRAINT; Schema: public; Owner: postgres; Tablespace: 
--

ALTER TABLE ONLY oid_rid_version
    ADD CONSTRAINT oid_rid_version_rid_key UNIQUE (rid);


--
-- Name: ordinal_date_e_pkey; Type: CONSTRAINT; Schema: public; Owner: postgres; Tablespace: 
--

ALTER TABLE ONLY ordinal_date_e
    ADD CONSTRAINT ordinal_date_e_pkey PRIMARY KEY (rid);


--
-- Name: organization_e_pkey; Type: CONSTRAINT; Schema: public; Owner: postgres; Tablespace: 
--

ALTER TABLE ONLY organization_e
    ADD CONSTRAINT organization_e_pkey PRIMARY KEY (rid);


--
-- Name: parameter_value_t_pkey; Type: CONSTRAINT; Schema: public; Owner: postgres; Tablespace: 
--

ALTER TABLE ONLY parameter_value_t
    ADD CONSTRAINT parameter_value_t_pkey PRIMARY KEY (rid);


--
-- Name: person_e_pkey; Type: CONSTRAINT; Schema: public; Owner: postgres; Tablespace: 
--

ALTER TABLE ONLY person_e
    ADD CONSTRAINT person_e_pkey PRIMARY KEY (rid);


--
-- Name: placement_2_location_pkey; Type: CONSTRAINT; Schema: public; Owner: postgres; Tablespace: 
--

ALTER TABLE ONLY placement_2_location
    ADD CONSTRAINT placement_2_location_pkey PRIMARY KEY (rid);


--
-- Name: placement_e_pkey; Type: CONSTRAINT; Schema: public; Owner: postgres; Tablespace: 
--

ALTER TABLE ONLY placement_e
    ADD CONSTRAINT placement_e_pkey PRIMARY KEY (rid);


--
-- Name: placement_type_e_pkey; Type: CONSTRAINT; Schema: public; Owner: postgres; Tablespace: 
--

ALTER TABLE ONLY placement_type_e
    ADD CONSTRAINT placement_type_e_pkey PRIMARY KEY (rid);


--
-- Name: plane_angle_measure_t_pkey; Type: CONSTRAINT; Schema: public; Owner: postgres; Tablespace: 
--

ALTER TABLE ONLY plane_angle_measure_t
    ADD CONSTRAINT plane_angle_measure_t_pkey PRIMARY KEY (rid);


--
-- Name: point_e_pkey; Type: CONSTRAINT; Schema: public; Owner: postgres; Tablespace: 
--

ALTER TABLE ONLY point_e
    ADD CONSTRAINT point_e_pkey PRIMARY KEY (rid);


--
-- Name: positive_length_measure_t_pkey; Type: CONSTRAINT; Schema: public; Owner: postgres; Tablespace: 
--

ALTER TABLE ONLY positive_length_measure_t
    ADD CONSTRAINT positive_length_measure_t_pkey PRIMARY KEY (rid);


--
-- Name: positive_plane_angle_measure_t_pkey; Type: CONSTRAINT; Schema: public; Owner: postgres; Tablespace: 
--

ALTER TABLE ONLY positive_plane_angle_measure_t
    ADD CONSTRAINT positive_plane_angle_measure_t_pkey PRIMARY KEY (rid);


--
-- Name: present_translations_e_pkey; Type: CONSTRAINT; Schema: public; Owner: postgres; Tablespace: 
--

ALTER TABLE ONLY present_translations_e
    ADD CONSTRAINT present_translations_e_pkey PRIMARY KEY (rid);


--
-- Name: program_library_bsu_2_defined_by_pkey; Type: CONSTRAINT; Schema: public; Owner: postgres; Tablespace: 
--

ALTER TABLE ONLY program_library_bsu_2_defined_by
    ADD CONSTRAINT program_library_bsu_2_defined_by_pkey PRIMARY KEY (rid);


--
-- Name: program_library_bsu_e_pkey; Type: CONSTRAINT; Schema: public; Owner: postgres; Tablespace: 
--

ALTER TABLE ONLY program_library_bsu_e
    ADD CONSTRAINT program_library_bsu_e_pkey PRIMARY KEY (rid);


--
-- Name: program_library_code_type_t_pkey; Type: CONSTRAINT; Schema: public; Owner: postgres; Tablespace: 
--

ALTER TABLE ONLY program_library_code_type_t
    ADD CONSTRAINT program_library_code_type_t_pkey PRIMARY KEY (rid);


--
-- Name: program_library_content_2_dictionary_definition_pkey; Type: CONSTRAINT; Schema: public; Owner: postgres; Tablespace: 
--

ALTER TABLE ONLY program_library_content_2_dictionary_definition
    ADD CONSTRAINT program_library_content_2_dictionary_definition_pkey PRIMARY KEY (rid);


--
-- Name: program_library_content_2_used_protocol_pkey; Type: CONSTRAINT; Schema: public; Owner: postgres; Tablespace: 
--

ALTER TABLE ONLY program_library_content_2_used_protocol
    ADD CONSTRAINT program_library_content_2_used_protocol_pkey PRIMARY KEY (rid);


--
-- Name: program_library_content_e_pkey; Type: CONSTRAINT; Schema: public; Owner: postgres; Tablespace: 
--

ALTER TABLE ONLY program_library_content_e
    ADD CONSTRAINT program_library_content_e_pkey PRIMARY KEY (rid);


--
-- Name: program_library_element_2_identified_by_pkey; Type: CONSTRAINT; Schema: public; Owner: postgres; Tablespace: 
--

ALTER TABLE ONLY program_library_element_2_identified_by
    ADD CONSTRAINT program_library_element_2_identified_by_pkey PRIMARY KEY (rid);


--
-- Name: program_library_element_e_pkey; Type: CONSTRAINT; Schema: public; Owner: postgres; Tablespace: 
--

ALTER TABLE ONLY program_library_element_e
    ADD CONSTRAINT program_library_element_e_pkey PRIMARY KEY (rid);


--
-- Name: program_protocol_e_pkey; Type: CONSTRAINT; Schema: public; Owner: postgres; Tablespace: 
--

ALTER TABLE ONLY program_protocol_e
    ADD CONSTRAINT program_protocol_e_pkey PRIMARY KEY (rid);


--
-- Name: program_reference_2_in_parameters_pkey; Type: CONSTRAINT; Schema: public; Owner: postgres; Tablespace: 
--

ALTER TABLE ONLY program_reference_2_in_parameters
    ADD CONSTRAINT program_reference_2_in_parameters_pkey PRIMARY KEY (rid);


--
-- Name: program_reference_2_inout_parameters_pkey; Type: CONSTRAINT; Schema: public; Owner: postgres; Tablespace: 
--

ALTER TABLE ONLY program_reference_2_inout_parameters
    ADD CONSTRAINT program_reference_2_inout_parameters_pkey PRIMARY KEY (rid);


--
-- Name: program_reference_2_out_parameters_pkey; Type: CONSTRAINT; Schema: public; Owner: postgres; Tablespace: 
--

ALTER TABLE ONLY program_reference_2_out_parameters
    ADD CONSTRAINT program_reference_2_out_parameters_pkey PRIMARY KEY (rid);


--
-- Name: program_reference_2_used_protocol_pkey; Type: CONSTRAINT; Schema: public; Owner: postgres; Tablespace: 
--

ALTER TABLE ONLY program_reference_2_used_protocol
    ADD CONSTRAINT program_reference_2_used_protocol_pkey PRIMARY KEY (rid);


--
-- Name: program_reference_e_pkey; Type: CONSTRAINT; Schema: public; Owner: postgres; Tablespace: 
--

ALTER TABLE ONLY program_reference_e
    ADD CONSTRAINT program_reference_e_pkey PRIMARY KEY (rid);


--
-- Name: program_reference_name_type_t_pkey; Type: CONSTRAINT; Schema: public; Owner: postgres; Tablespace: 
--

ALTER TABLE ONLY program_reference_name_type_t
    ADD CONSTRAINT program_reference_name_type_t_pkey PRIMARY KEY (rid);


--
-- Name: program_reference_type_e_pkey; Type: CONSTRAINT; Schema: public; Owner: postgres; Tablespace: 
--

ALTER TABLE ONLY program_reference_type_e
    ADD CONSTRAINT program_reference_type_e_pkey PRIMARY KEY (rid);


--
-- Name: program_status_t_element_key; Type: CONSTRAINT; Schema: public; Owner: postgres; Tablespace: 
--

ALTER TABLE ONLY program_status_t
    ADD CONSTRAINT program_status_t_element_key UNIQUE (element);


--
-- Name: program_status_t_pkey; Type: CONSTRAINT; Schema: public; Owner: postgres; Tablespace: 
--

ALTER TABLE ONLY program_status_t
    ADD CONSTRAINT program_status_t_pkey PRIMARY KEY (rid);


--
-- Name: program_status_t_rang_key; Type: CONSTRAINT; Schema: public; Owner: postgres; Tablespace: 
--

ALTER TABLE ONLY program_status_t
    ADD CONSTRAINT program_status_t_rang_key UNIQUE (rang);


--
-- Name: property_bsu_2_name_scope_pkey; Type: CONSTRAINT; Schema: public; Owner: postgres; Tablespace: 
--

ALTER TABLE ONLY property_bsu_2_name_scope
    ADD CONSTRAINT property_bsu_2_name_scope_pkey PRIMARY KEY (rid);


--
-- Name: property_bsu_e_pkey; Type: CONSTRAINT; Schema: public; Owner: postgres; Tablespace: 
--

ALTER TABLE ONLY property_bsu_e
    ADD CONSTRAINT property_bsu_e_pkey PRIMARY KEY (rid);


--
-- Name: property_classification_2_prop_def_pkey; Type: CONSTRAINT; Schema: public; Owner: postgres; Tablespace: 
--

ALTER TABLE ONLY property_classification_2_prop_def
    ADD CONSTRAINT property_classification_2_prop_def_pkey PRIMARY KEY (rid);


--
-- Name: property_classification_e_pkey; Type: CONSTRAINT; Schema: public; Owner: postgres; Tablespace: 
--

ALTER TABLE ONLY property_classification_e
    ADD CONSTRAINT property_classification_e_pkey PRIMARY KEY (rid);


--
-- Name: property_code_type_t_pkey; Type: CONSTRAINT; Schema: public; Owner: postgres; Tablespace: 
--

ALTER TABLE ONLY property_code_type_t
    ADD CONSTRAINT property_code_type_t_pkey PRIMARY KEY (rid);


--
-- Name: property_det_2_domain_pkey; Type: CONSTRAINT; Schema: public; Owner: postgres; Tablespace: 
--

ALTER TABLE ONLY property_det_2_domain
    ADD CONSTRAINT property_det_2_domain_pkey PRIMARY KEY (rid);


--
-- Name: property_det_2_figure_pkey; Type: CONSTRAINT; Schema: public; Owner: postgres; Tablespace: 
--

ALTER TABLE ONLY property_det_2_figure
    ADD CONSTRAINT property_det_2_figure_pkey PRIMARY KEY (rid);


--
-- Name: property_det_2_formula_pkey; Type: CONSTRAINT; Schema: public; Owner: postgres; Tablespace: 
--

ALTER TABLE ONLY property_det_2_formula
    ADD CONSTRAINT property_det_2_formula_pkey PRIMARY KEY (rid);


--
-- Name: property_det_2_identified_by_pkey; Type: CONSTRAINT; Schema: public; Owner: postgres; Tablespace: 
--

ALTER TABLE ONLY property_det_2_identified_by
    ADD CONSTRAINT property_det_2_identified_by_pkey PRIMARY KEY (rid);


--
-- Name: property_det_2_preferred_symbol_pkey; Type: CONSTRAINT; Schema: public; Owner: postgres; Tablespace: 
--

ALTER TABLE ONLY property_det_2_preferred_symbol
    ADD CONSTRAINT property_det_2_preferred_symbol_pkey PRIMARY KEY (rid);


--
-- Name: property_det_2_synonymous_symbols_pkey; Type: CONSTRAINT; Schema: public; Owner: postgres; Tablespace: 
--

ALTER TABLE ONLY property_det_2_synonymous_symbols
    ADD CONSTRAINT property_det_2_synonymous_symbols_pkey PRIMARY KEY (rid);


--
-- Name: property_det_e_pkey; Type: CONSTRAINT; Schema: public; Owner: postgres; Tablespace: 
--

ALTER TABLE ONLY property_det_e
    ADD CONSTRAINT property_det_e_pkey PRIMARY KEY (rid);


--
-- Name: property_value_2_its_value_pkey; Type: CONSTRAINT; Schema: public; Owner: postgres; Tablespace: 
--

ALTER TABLE ONLY property_value_2_its_value
    ADD CONSTRAINT property_value_2_its_value_pkey PRIMARY KEY (rid);


--
-- Name: property_value_2_prop_def_pkey; Type: CONSTRAINT; Schema: public; Owner: postgres; Tablespace: 
--

ALTER TABLE ONLY property_value_2_prop_def
    ADD CONSTRAINT property_value_2_prop_def_pkey PRIMARY KEY (rid);


--
-- Name: property_value_e_pkey; Type: CONSTRAINT; Schema: public; Owner: postgres; Tablespace: 
--

ALTER TABLE ONLY property_value_e
    ADD CONSTRAINT property_value_e_pkey PRIMARY KEY (rid);


--
-- Name: property_value_external_item_e_pkey; Type: CONSTRAINT; Schema: public; Owner: postgres; Tablespace: 
--

ALTER TABLE ONLY property_value_external_item_e
    ADD CONSTRAINT property_value_external_item_e_pkey PRIMARY KEY (rid);


--
-- Name: property_value_recommended_presentation_2_prop_def_pkey; Type: CONSTRAINT; Schema: public; Owner: postgres; Tablespace: 
--

ALTER TABLE ONLY property_value_recommended_presentation_2_prop_def
    ADD CONSTRAINT property_value_recommended_presentation_2_prop_def_pkey PRIMARY KEY (rid);


--
-- Name: property_value_recommended_presentation_e_pkey; Type: CONSTRAINT; Schema: public; Owner: postgres; Tablespace: 
--

ALTER TABLE ONLY property_value_recommended_presentation_e
    ADD CONSTRAINT property_value_recommended_presentation_e_pkey PRIMARY KEY (rid);


--
-- Name: ratio_measure_t_pkey; Type: CONSTRAINT; Schema: public; Owner: postgres; Tablespace: 
--

ALTER TABLE ONLY ratio_measure_t
    ADD CONSTRAINT ratio_measure_t_pkey PRIMARY KEY (rid);


--
-- Name: real_currency_type_e_pkey; Type: CONSTRAINT; Schema: public; Owner: postgres; Tablespace: 
--

ALTER TABLE ONLY real_currency_type_e
    ADD CONSTRAINT real_currency_type_e_pkey PRIMARY KEY (rid);


--
-- Name: real_level_spec_value_e_pkey; Type: CONSTRAINT; Schema: public; Owner: postgres; Tablespace: 
--

ALTER TABLE ONLY real_level_spec_value_e
    ADD CONSTRAINT real_level_spec_value_e_pkey PRIMARY KEY (rid);


--
-- Name: real_measure_type_2_unit_pkey; Type: CONSTRAINT; Schema: public; Owner: postgres; Tablespace: 
--

ALTER TABLE ONLY real_measure_type_2_unit
    ADD CONSTRAINT real_measure_type_2_unit_pkey PRIMARY KEY (rid);


--
-- Name: real_measure_type_e_pkey; Type: CONSTRAINT; Schema: public; Owner: postgres; Tablespace: 
--

ALTER TABLE ONLY real_measure_type_e
    ADD CONSTRAINT real_measure_type_e_pkey PRIMARY KEY (rid);


--
-- Name: real_type_e_pkey; Type: CONSTRAINT; Schema: public; Owner: postgres; Tablespace: 
--

ALTER TABLE ONLY real_type_e
    ADD CONSTRAINT real_type_e_pkey PRIMARY KEY (rid);


--
-- Name: real_value_t_pkey; Type: CONSTRAINT; Schema: public; Owner: postgres; Tablespace: 
--

ALTER TABLE ONLY real_value_t
    ADD CONSTRAINT real_value_t_pkey PRIMARY KEY (rid);


--
-- Name: redef_attribute_2_redefines_pkey; Type: CONSTRAINT; Schema: public; Owner: postgres; Tablespace: 
--

ALTER TABLE ONLY redef_attribute_2_redefines
    ADD CONSTRAINT redef_attribute_2_redefines_pkey PRIMARY KEY (rid);


--
-- Name: redef_attribute_e_pkey; Type: CONSTRAINT; Schema: public; Owner: postgres; Tablespace: 
--

ALTER TABLE ONLY redef_attribute_e
    ADD CONSTRAINT redef_attribute_e_pkey PRIMARY KEY (rid);


--
-- Name: reference_pkey; Type: CONSTRAINT; Schema: public; Owner: postgres; Tablespace: 
--

ALTER TABLE ONLY reference
    ADD CONSTRAINT reference_pkey PRIMARY KEY (id);


--
-- Name: referenced_document_2_document_reference_pkey; Type: CONSTRAINT; Schema: public; Owner: postgres; Tablespace: 
--

ALTER TABLE ONLY referenced_document_2_document_reference
    ADD CONSTRAINT referenced_document_2_document_reference_pkey PRIMARY KEY (rid);


--
-- Name: referenced_document_e_pkey; Type: CONSTRAINT; Schema: public; Owner: postgres; Tablespace: 
--

ALTER TABLE ONLY referenced_document_e
    ADD CONSTRAINT referenced_document_e_pkey PRIMARY KEY (rid);


--
-- Name: referenced_graphics_2_graphics_reference_pkey; Type: CONSTRAINT; Schema: public; Owner: postgres; Tablespace: 
--

ALTER TABLE ONLY referenced_graphics_2_graphics_reference
    ADD CONSTRAINT referenced_graphics_2_graphics_reference_pkey PRIMARY KEY (rid);


--
-- Name: referenced_graphics_e_pkey; Type: CONSTRAINT; Schema: public; Owner: postgres; Tablespace: 
--

ALTER TABLE ONLY referenced_graphics_e
    ADD CONSTRAINT referenced_graphics_e_pkey PRIMARY KEY (rid);


--
-- Name: relation_semantique_pkey; Type: CONSTRAINT; Schema: public; Owner: postgres; Tablespace: 
--

ALTER TABLE ONLY relation_semantique
    ADD CONSTRAINT relation_semantique_pkey PRIMARY KEY (entity_name, attribute_name);


--
-- Name: representation_2_context_of_items_pkey; Type: CONSTRAINT; Schema: public; Owner: postgres; Tablespace: 
--

ALTER TABLE ONLY representation_2_context_of_items
    ADD CONSTRAINT representation_2_context_of_items_pkey PRIMARY KEY (rid);


--
-- Name: representation_2_items_pkey; Type: CONSTRAINT; Schema: public; Owner: postgres; Tablespace: 
--

ALTER TABLE ONLY representation_2_items
    ADD CONSTRAINT representation_2_items_pkey PRIMARY KEY (rid);


--
-- Name: representation_context_e_pkey; Type: CONSTRAINT; Schema: public; Owner: postgres; Tablespace: 
--

ALTER TABLE ONLY representation_context_e
    ADD CONSTRAINT representation_context_e_pkey PRIMARY KEY (rid);


--
-- Name: representation_e_pkey; Type: CONSTRAINT; Schema: public; Owner: postgres; Tablespace: 
--

ALTER TABLE ONLY representation_e
    ADD CONSTRAINT representation_e_pkey PRIMARY KEY (rid);


--
-- Name: representation_item_e_pkey; Type: CONSTRAINT; Schema: public; Owner: postgres; Tablespace: 
--

ALTER TABLE ONLY representation_item_e
    ADD CONSTRAINT representation_item_e_pkey PRIMARY KEY (rid);


--
-- Name: representation_p_det_e_pkey; Type: CONSTRAINT; Schema: public; Owner: postgres; Tablespace: 
--

ALTER TABLE ONLY representation_p_det_e
    ADD CONSTRAINT representation_p_det_e_pkey PRIMARY KEY (rid);


--
-- Name: representation_reference_2_used_protocol_pkey; Type: CONSTRAINT; Schema: public; Owner: postgres; Tablespace: 
--

ALTER TABLE ONLY representation_reference_2_used_protocol
    ADD CONSTRAINT representation_reference_2_used_protocol_pkey PRIMARY KEY (rid);


--
-- Name: representation_reference_e_pkey; Type: CONSTRAINT; Schema: public; Owner: postgres; Tablespace: 
--

ALTER TABLE ONLY representation_reference_e
    ADD CONSTRAINT representation_reference_e_pkey PRIMARY KEY (rid);


--
-- Name: representation_reference_type_e_pkey; Type: CONSTRAINT; Schema: public; Owner: postgres; Tablespace: 
--

ALTER TABLE ONLY representation_reference_type_e
    ADD CONSTRAINT representation_reference_type_e_pkey PRIMARY KEY (rid);


--
-- Name: representation_type_e_pkey; Type: CONSTRAINT; Schema: public; Owner: postgres; Tablespace: 
--

ALTER TABLE ONLY representation_type_e
    ADD CONSTRAINT representation_type_e_pkey PRIMARY KEY (rid);


--
-- Name: revision_type_t_pkey; Type: CONSTRAINT; Schema: public; Owner: postgres; Tablespace: 
--

ALTER TABLE ONLY revision_type_t
    ADD CONSTRAINT revision_type_t_pkey PRIMARY KEY (rid);


--
-- Name: rid_oid_oids_key; Type: CONSTRAINT; Schema: public; Owner: postgres; Tablespace: 
--

ALTER TABLE ONLY rid_oid
    ADD CONSTRAINT rid_oid_oids_key UNIQUE (oids);


--
-- Name: rid_oid_rid_key; Type: CONSTRAINT; Schema: public; Owner: postgres; Tablespace: 
--

ALTER TABLE ONLY rid_oid
    ADD CONSTRAINT rid_oid_rid_key UNIQUE (rid);


--
-- Name: root_table_extension_pkey; Type: CONSTRAINT; Schema: public; Owner: postgres; Tablespace: 
--

ALTER TABLE ONLY root_table_extension
    ADD CONSTRAINT root_table_extension_pkey PRIMARY KEY (rid);


--
-- Name: schema_info_2_defined_types_pkey; Type: CONSTRAINT; Schema: public; Owner: postgres; Tablespace: 
--

ALTER TABLE ONLY schema_info_2_defined_types
    ADD CONSTRAINT schema_info_2_defined_types_pkey PRIMARY KEY (rid);


--
-- Name: schema_info_2_entity_types_pkey; Type: CONSTRAINT; Schema: public; Owner: postgres; Tablespace: 
--

ALTER TABLE ONLY schema_info_2_entity_types
    ADD CONSTRAINT schema_info_2_entity_types_pkey PRIMARY KEY (rid);


--
-- Name: schema_info_e_pkey; Type: CONSTRAINT; Schema: public; Owner: postgres; Tablespace: 
--

ALTER TABLE ONLY schema_info_e
    ADD CONSTRAINT schema_info_e_pkey PRIMARY KEY (rid);


--
-- Name: second_in_minute_t_pkey; Type: CONSTRAINT; Schema: public; Owner: postgres; Tablespace: 
--

ALTER TABLE ONLY second_in_minute_t
    ADD CONSTRAINT second_in_minute_t_pkey PRIMARY KEY (rid);


--
-- Name: select_info_2_select_list_pkey; Type: CONSTRAINT; Schema: public; Owner: postgres; Tablespace: 
--

ALTER TABLE ONLY select_info_2_select_list
    ADD CONSTRAINT select_info_2_select_list_pkey PRIMARY KEY (rid);


--
-- Name: select_info_e_pkey; Type: CONSTRAINT; Schema: public; Owner: postgres; Tablespace: 
--

ALTER TABLE ONLY select_info_e
    ADD CONSTRAINT select_info_e_pkey PRIMARY KEY (rid);


--
-- Name: set_type_e_pkey; Type: CONSTRAINT; Schema: public; Owner: postgres; Tablespace: 
--

ALTER TABLE ONLY set_type_e
    ADD CONSTRAINT set_type_e_pkey PRIMARY KEY (rid);


--
-- Name: set_value_2_values_pkey; Type: CONSTRAINT; Schema: public; Owner: postgres; Tablespace: 
--

ALTER TABLE ONLY set_value_2_values
    ADD CONSTRAINT set_value_2_values_pkey PRIMARY KEY (rid);


--
-- Name: set_value_e_pkey; Type: CONSTRAINT; Schema: public; Owner: postgres; Tablespace: 
--

ALTER TABLE ONLY set_value_e
    ADD CONSTRAINT set_value_e_pkey PRIMARY KEY (rid);


--
-- Name: set_with_subset_constraint_type_e_pkey; Type: CONSTRAINT; Schema: public; Owner: postgres; Tablespace: 
--

ALTER TABLE ONLY set_with_subset_constraint_type_e
    ADD CONSTRAINT set_with_subset_constraint_type_e_pkey PRIMARY KEY (rid);


--
-- Name: set_with_subset_constraint_value_2_values_pkey; Type: CONSTRAINT; Schema: public; Owner: postgres; Tablespace: 
--

ALTER TABLE ONLY set_with_subset_constraint_value_2_values
    ADD CONSTRAINT set_with_subset_constraint_value_2_values_pkey PRIMARY KEY (rid);


--
-- Name: set_with_subset_constraint_value_e_pkey; Type: CONSTRAINT; Schema: public; Owner: postgres; Tablespace: 
--

ALTER TABLE ONLY set_with_subset_constraint_value_e
    ADD CONSTRAINT set_with_subset_constraint_value_e_pkey PRIMARY KEY (rid);


--
-- Name: si_prefix_t_element_key; Type: CONSTRAINT; Schema: public; Owner: postgres; Tablespace: 
--

ALTER TABLE ONLY si_prefix_t
    ADD CONSTRAINT si_prefix_t_element_key UNIQUE (element);


--
-- Name: si_prefix_t_pkey; Type: CONSTRAINT; Schema: public; Owner: postgres; Tablespace: 
--

ALTER TABLE ONLY si_prefix_t
    ADD CONSTRAINT si_prefix_t_pkey PRIMARY KEY (rid);


--
-- Name: si_prefix_t_rang_key; Type: CONSTRAINT; Schema: public; Owner: postgres; Tablespace: 
--

ALTER TABLE ONLY si_prefix_t
    ADD CONSTRAINT si_prefix_t_rang_key UNIQUE (rang);


--
-- Name: si_unit_e_pkey; Type: CONSTRAINT; Schema: public; Owner: postgres; Tablespace: 
--

ALTER TABLE ONLY si_unit_e
    ADD CONSTRAINT si_unit_e_pkey PRIMARY KEY (rid);


--
-- Name: si_unit_name_t_element_key; Type: CONSTRAINT; Schema: public; Owner: postgres; Tablespace: 
--

ALTER TABLE ONLY si_unit_name_t
    ADD CONSTRAINT si_unit_name_t_element_key UNIQUE (element);


--
-- Name: si_unit_name_t_pkey; Type: CONSTRAINT; Schema: public; Owner: postgres; Tablespace: 
--

ALTER TABLE ONLY si_unit_name_t
    ADD CONSTRAINT si_unit_name_t_pkey PRIMARY KEY (rid);


--
-- Name: si_unit_name_t_rang_key; Type: CONSTRAINT; Schema: public; Owner: postgres; Tablespace: 
--

ALTER TABLE ONLY si_unit_name_t
    ADD CONSTRAINT si_unit_name_t_rang_key UNIQUE (rang);


--
-- Name: simple_program_protocol_2_compiler_supplier_pkey; Type: CONSTRAINT; Schema: public; Owner: postgres; Tablespace: 
--

ALTER TABLE ONLY simple_program_protocol_2_compiler_supplier
    ADD CONSTRAINT simple_program_protocol_2_compiler_supplier_pkey PRIMARY KEY (rid);


--
-- Name: simple_program_protocol_e_pkey; Type: CONSTRAINT; Schema: public; Owner: postgres; Tablespace: 
--

ALTER TABLE ONLY simple_program_protocol_e
    ADD CONSTRAINT simple_program_protocol_e_pkey PRIMARY KEY (rid);


--
-- Name: simple_type_e_pkey; Type: CONSTRAINT; Schema: public; Owner: postgres; Tablespace: 
--

ALTER TABLE ONLY simple_type_e
    ADD CONSTRAINT simple_type_e_pkey PRIMARY KEY (rid);


--
-- Name: solid_angle_measure_t_pkey; Type: CONSTRAINT; Schema: public; Owner: postgres; Tablespace: 
--

ALTER TABLE ONLY solid_angle_measure_t
    ADD CONSTRAINT solid_angle_measure_t_pkey PRIMARY KEY (rid);


--
-- Name: source_doc_type_t_pkey; Type: CONSTRAINT; Schema: public; Owner: postgres; Tablespace: 
--

ALTER TABLE ONLY source_doc_type_t
    ADD CONSTRAINT source_doc_type_t_pkey PRIMARY KEY (rid);


--
-- Name: standard_data_protocol_e_pkey; Type: CONSTRAINT; Schema: public; Owner: postgres; Tablespace: 
--

ALTER TABLE ONLY standard_data_protocol_e
    ADD CONSTRAINT standard_data_protocol_e_pkey PRIMARY KEY (rid);


--
-- Name: standard_protocol_e_pkey; Type: CONSTRAINT; Schema: public; Owner: postgres; Tablespace: 
--

ALTER TABLE ONLY standard_protocol_e
    ADD CONSTRAINT standard_protocol_e_pkey PRIMARY KEY (rid);


--
-- Name: standard_simple_program_protocol_e_pkey; Type: CONSTRAINT; Schema: public; Owner: postgres; Tablespace: 
--

ALTER TABLE ONLY standard_simple_program_protocol_e
    ADD CONSTRAINT standard_simple_program_protocol_e_pkey PRIMARY KEY (rid);


--
-- Name: string_info_e_pkey; Type: CONSTRAINT; Schema: public; Owner: postgres; Tablespace: 
--

ALTER TABLE ONLY string_info_e
    ADD CONSTRAINT string_info_e_pkey PRIMARY KEY (rid);


--
-- Name: string_type_e_pkey; Type: CONSTRAINT; Schema: public; Owner: postgres; Tablespace: 
--

ALTER TABLE ONLY string_type_e
    ADD CONSTRAINT string_type_e_pkey PRIMARY KEY (rid);


--
-- Name: string_value_t_pkey; Type: CONSTRAINT; Schema: public; Owner: postgres; Tablespace: 
--

ALTER TABLE ONLY string_value_t
    ADD CONSTRAINT string_value_t_pkey PRIMARY KEY (rid);


--
-- Name: supplier_bsu_e_pkey; Type: CONSTRAINT; Schema: public; Owner: postgres; Tablespace: 
--

ALTER TABLE ONLY supplier_bsu_e
    ADD CONSTRAINT supplier_bsu_e_pkey PRIMARY KEY (rid);


--
-- Name: supplier_bsu_related_content_2_dictionary_definition_pkey; Type: CONSTRAINT; Schema: public; Owner: postgres; Tablespace: 
--

ALTER TABLE ONLY supplier_bsu_related_content_2_dictionary_definition
    ADD CONSTRAINT supplier_bsu_related_content_2_dictionary_definition_pkey PRIMARY KEY (rid);


--
-- Name: supplier_bsu_related_content_e_pkey; Type: CONSTRAINT; Schema: public; Owner: postgres; Tablespace: 
--

ALTER TABLE ONLY supplier_bsu_related_content_e
    ADD CONSTRAINT supplier_bsu_related_content_e_pkey PRIMARY KEY (rid);


--
-- Name: supplier_bsu_relationship_2_related_tokens_pkey; Type: CONSTRAINT; Schema: public; Owner: postgres; Tablespace: 
--

ALTER TABLE ONLY supplier_bsu_relationship_2_related_tokens
    ADD CONSTRAINT supplier_bsu_relationship_2_related_tokens_pkey PRIMARY KEY (rid);


--
-- Name: supplier_bsu_relationship_2_relating_supplier_pkey; Type: CONSTRAINT; Schema: public; Owner: postgres; Tablespace: 
--

ALTER TABLE ONLY supplier_bsu_relationship_2_relating_supplier
    ADD CONSTRAINT supplier_bsu_relationship_2_relating_supplier_pkey PRIMARY KEY (rid);


--
-- Name: supplier_bsu_relationship_e_pkey; Type: CONSTRAINT; Schema: public; Owner: postgres; Tablespace: 
--

ALTER TABLE ONLY supplier_bsu_relationship_e
    ADD CONSTRAINT supplier_bsu_relationship_e_pkey PRIMARY KEY (rid);


--
-- Name: supplier_code_type_t_pkey; Type: CONSTRAINT; Schema: public; Owner: postgres; Tablespace: 
--

ALTER TABLE ONLY supplier_code_type_t
    ADD CONSTRAINT supplier_code_type_t_pkey PRIMARY KEY (rid);


--
-- Name: supplier_element_2_addr_pkey; Type: CONSTRAINT; Schema: public; Owner: postgres; Tablespace: 
--

ALTER TABLE ONLY supplier_element_2_addr
    ADD CONSTRAINT supplier_element_2_addr_pkey PRIMARY KEY (rid);


--
-- Name: supplier_element_2_identified_by_pkey; Type: CONSTRAINT; Schema: public; Owner: postgres; Tablespace: 
--

ALTER TABLE ONLY supplier_element_2_identified_by
    ADD CONSTRAINT supplier_element_2_identified_by_pkey PRIMARY KEY (rid);


--
-- Name: supplier_element_2_org_pkey; Type: CONSTRAINT; Schema: public; Owner: postgres; Tablespace: 
--

ALTER TABLE ONLY supplier_element_2_org
    ADD CONSTRAINT supplier_element_2_org_pkey PRIMARY KEY (rid);


--
-- Name: supplier_element_e_pkey; Type: CONSTRAINT; Schema: public; Owner: postgres; Tablespace: 
--

ALTER TABLE ONLY supplier_element_e
    ADD CONSTRAINT supplier_element_e_pkey PRIMARY KEY (rid);


--
-- Name: supplier_program_library_relationship_2_related_tokens_pkey; Type: CONSTRAINT; Schema: public; Owner: postgres; Tablespace: 
--

ALTER TABLE ONLY supplier_program_library_relationship_2_related_tokens
    ADD CONSTRAINT supplier_program_library_relationship_2_related_tokens_pkey PRIMARY KEY (rid);


--
-- Name: supplier_program_library_relationship_e_pkey; Type: CONSTRAINT; Schema: public; Owner: postgres; Tablespace: 
--

ALTER TABLE ONLY supplier_program_library_relationship_e
    ADD CONSTRAINT supplier_program_library_relationship_e_pkey PRIMARY KEY (rid);


--
-- Name: supplier_related_bsu_e_pkey; Type: CONSTRAINT; Schema: public; Owner: postgres; Tablespace: 
--

ALTER TABLE ONLY supplier_related_bsu_e
    ADD CONSTRAINT supplier_related_bsu_e_pkey PRIMARY KEY (rid);


--
-- Name: supplier_related_dictionary_element_2_definition_pkey; Type: CONSTRAINT; Schema: public; Owner: postgres; Tablespace: 
--

ALTER TABLE ONLY supplier_related_dictionary_element_2_definition
    ADD CONSTRAINT supplier_related_dictionary_element_2_definition_pkey PRIMARY KEY (rid);


--
-- Name: supplier_related_dictionary_element_2_identified_by_pkey; Type: CONSTRAINT; Schema: public; Owner: postgres; Tablespace: 
--

ALTER TABLE ONLY supplier_related_dictionary_element_2_identified_by
    ADD CONSTRAINT supplier_related_dictionary_element_2_identified_by_pkey PRIMARY KEY (rid);


--
-- Name: supplier_related_dictionary_element_2_names_pkey; Type: CONSTRAINT; Schema: public; Owner: postgres; Tablespace: 
--

ALTER TABLE ONLY supplier_related_dictionary_element_2_names
    ADD CONSTRAINT supplier_related_dictionary_element_2_names_pkey PRIMARY KEY (rid);


--
-- Name: supplier_related_dictionary_element_2_note_pkey; Type: CONSTRAINT; Schema: public; Owner: postgres; Tablespace: 
--

ALTER TABLE ONLY supplier_related_dictionary_element_2_note
    ADD CONSTRAINT supplier_related_dictionary_element_2_note_pkey PRIMARY KEY (rid);


--
-- Name: supplier_related_dictionary_element_2_remark_pkey; Type: CONSTRAINT; Schema: public; Owner: postgres; Tablespace: 
--

ALTER TABLE ONLY supplier_related_dictionary_element_2_remark
    ADD CONSTRAINT supplier_related_dictionary_element_2_remark_pkey PRIMARY KEY (rid);


--
-- Name: supplier_related_dictionary_element_e_pkey; Type: CONSTRAINT; Schema: public; Owner: postgres; Tablespace: 
--

ALTER TABLE ONLY supplier_related_dictionary_element_e
    ADD CONSTRAINT supplier_related_dictionary_element_e_pkey PRIMARY KEY (rid);


--
-- Name: table_bsu_2_name_scope_pkey; Type: CONSTRAINT; Schema: public; Owner: postgres; Tablespace: 
--

ALTER TABLE ONLY table_bsu_2_name_scope
    ADD CONSTRAINT table_bsu_2_name_scope_pkey PRIMARY KEY (rid);


--
-- Name: table_bsu_e_pkey; Type: CONSTRAINT; Schema: public; Owner: postgres; Tablespace: 
--

ALTER TABLE ONLY table_bsu_e
    ADD CONSTRAINT table_bsu_e_pkey PRIMARY KEY (rid);


--
-- Name: table_code_type_t_pkey; Type: CONSTRAINT; Schema: public; Owner: postgres; Tablespace: 
--

ALTER TABLE ONLY table_code_type_t
    ADD CONSTRAINT table_code_type_t_pkey PRIMARY KEY (rid);


--
-- Name: table_identification_e_pkey; Type: CONSTRAINT; Schema: public; Owner: postgres; Tablespace: 
--

ALTER TABLE ONLY table_identification_e
    ADD CONSTRAINT table_identification_e_pkey PRIMARY KEY (rid);


--
-- Name: text_t_pkey; Type: CONSTRAINT; Schema: public; Owner: postgres; Tablespace: 
--

ALTER TABLE ONLY text_t
    ADD CONSTRAINT text_t_pkey PRIMARY KEY (rid);


--
-- Name: thermodynamic_temperature_measure_t_pkey; Type: CONSTRAINT; Schema: public; Owner: postgres; Tablespace: 
--

ALTER TABLE ONLY thermodynamic_temperature_measure_t
    ADD CONSTRAINT thermodynamic_temperature_measure_t_pkey PRIMARY KEY (rid);


--
-- Name: time_measure_t_pkey; Type: CONSTRAINT; Schema: public; Owner: postgres; Tablespace: 
--

ALTER TABLE ONLY time_measure_t
    ADD CONSTRAINT time_measure_t_pkey PRIMARY KEY (rid);


--
-- Name: translated_external_content_2_languages_pkey; Type: CONSTRAINT; Schema: public; Owner: postgres; Tablespace: 
--

ALTER TABLE ONLY translated_external_content_2_languages
    ADD CONSTRAINT translated_external_content_2_languages_pkey PRIMARY KEY (rid);


--
-- Name: translated_external_content_e_pkey; Type: CONSTRAINT; Schema: public; Owner: postgres; Tablespace: 
--

ALTER TABLE ONLY translated_external_content_e
    ADD CONSTRAINT translated_external_content_e_pkey PRIMARY KEY (rid);


--
-- Name: translated_label_2_languages_pkey; Type: CONSTRAINT; Schema: public; Owner: postgres; Tablespace: 
--

ALTER TABLE ONLY translated_label_2_languages
    ADD CONSTRAINT translated_label_2_languages_pkey PRIMARY KEY (rid);


--
-- Name: translated_label_e_pkey; Type: CONSTRAINT; Schema: public; Owner: postgres; Tablespace: 
--

ALTER TABLE ONLY translated_label_e
    ADD CONSTRAINT translated_label_e_pkey PRIMARY KEY (rid);


--
-- Name: translated_string_value_2_languages_pkey; Type: CONSTRAINT; Schema: public; Owner: postgres; Tablespace: 
--

ALTER TABLE ONLY translated_string_value_2_languages
    ADD CONSTRAINT translated_string_value_2_languages_pkey PRIMARY KEY (rid);


--
-- Name: translated_string_value_e_pkey; Type: CONSTRAINT; Schema: public; Owner: postgres; Tablespace: 
--

ALTER TABLE ONLY translated_string_value_e
    ADD CONSTRAINT translated_string_value_e_pkey PRIMARY KEY (rid);


--
-- Name: translated_text_2_languages_pkey; Type: CONSTRAINT; Schema: public; Owner: postgres; Tablespace: 
--

ALTER TABLE ONLY translated_text_2_languages
    ADD CONSTRAINT translated_text_2_languages_pkey PRIMARY KEY (rid);


--
-- Name: translated_text_e_pkey; Type: CONSTRAINT; Schema: public; Owner: postgres; Tablespace: 
--

ALTER TABLE ONLY translated_text_e
    ADD CONSTRAINT translated_text_e_pkey PRIMARY KEY (rid);


--
-- Name: type_category_t_element_key; Type: CONSTRAINT; Schema: public; Owner: postgres; Tablespace: 
--

ALTER TABLE ONLY type_category_t
    ADD CONSTRAINT type_category_t_element_key UNIQUE (element);


--
-- Name: type_category_t_pkey; Type: CONSTRAINT; Schema: public; Owner: postgres; Tablespace: 
--

ALTER TABLE ONLY type_category_t
    ADD CONSTRAINT type_category_t_pkey PRIMARY KEY (rid);


--
-- Name: type_category_t_rang_key; Type: CONSTRAINT; Schema: public; Owner: postgres; Tablespace: 
--

ALTER TABLE ONLY type_category_t
    ADD CONSTRAINT type_category_t_rang_key UNIQUE (rang);


--
-- Name: type_info_e_pkey; Type: CONSTRAINT; Schema: public; Owner: postgres; Tablespace: 
--

ALTER TABLE ONLY type_info_e
    ADD CONSTRAINT type_info_e_pkey PRIMARY KEY (rid);


--
-- Name: uncontrolled_entity_instance_value_e_pkey; Type: CONSTRAINT; Schema: public; Owner: postgres; Tablespace: 
--

ALTER TABLE ONLY uncontrolled_entity_instance_value_e
    ADD CONSTRAINT uncontrolled_entity_instance_value_e_pkey PRIMARY KEY (rid);


--
-- Name: value_code_type_t_pkey; Type: CONSTRAINT; Schema: public; Owner: postgres; Tablespace: 
--

ALTER TABLE ONLY value_code_type_t
    ADD CONSTRAINT value_code_type_t_pkey PRIMARY KEY (rid);


--
-- Name: value_domain_2_its_values_pkey; Type: CONSTRAINT; Schema: public; Owner: postgres; Tablespace: 
--

ALTER TABLE ONLY value_domain_2_its_values
    ADD CONSTRAINT value_domain_2_its_values_pkey PRIMARY KEY (rid);


--
-- Name: value_domain_2_languages_pkey; Type: CONSTRAINT; Schema: public; Owner: postgres; Tablespace: 
--

ALTER TABLE ONLY value_domain_2_languages
    ADD CONSTRAINT value_domain_2_languages_pkey PRIMARY KEY (rid);


--
-- Name: value_domain_2_source_doc_of_value_domain_pkey; Type: CONSTRAINT; Schema: public; Owner: postgres; Tablespace: 
--

ALTER TABLE ONLY value_domain_2_source_doc_of_value_domain
    ADD CONSTRAINT value_domain_2_source_doc_of_value_domain_pkey PRIMARY KEY (rid);


--
-- Name: value_domain_2_terms_pkey; Type: CONSTRAINT; Schema: public; Owner: postgres; Tablespace: 
--

ALTER TABLE ONLY value_domain_2_terms
    ADD CONSTRAINT value_domain_2_terms_pkey PRIMARY KEY (rid);


--
-- Name: value_domain_e_pkey; Type: CONSTRAINT; Schema: public; Owner: postgres; Tablespace: 
--

ALTER TABLE ONLY value_domain_e
    ADD CONSTRAINT value_domain_e_pkey PRIMARY KEY (rid);


--
-- Name: value_format_type_t_pkey; Type: CONSTRAINT; Schema: public; Owner: postgres; Tablespace: 
--

ALTER TABLE ONLY value_format_type_t
    ADD CONSTRAINT value_format_type_t_pkey PRIMARY KEY (rid);


--
-- Name: vector_2_orientation_pkey; Type: CONSTRAINT; Schema: public; Owner: postgres; Tablespace: 
--

ALTER TABLE ONLY vector_2_orientation
    ADD CONSTRAINT vector_2_orientation_pkey PRIMARY KEY (rid);


--
-- Name: vector_e_pkey; Type: CONSTRAINT; Schema: public; Owner: postgres; Tablespace: 
--

ALTER TABLE ONLY vector_e
    ADD CONSTRAINT vector_e_pkey PRIMARY KEY (rid);


--
-- Name: version_type_t_pkey; Type: CONSTRAINT; Schema: public; Owner: postgres; Tablespace: 
--

ALTER TABLE ONLY version_type_t
    ADD CONSTRAINT version_type_t_pkey PRIMARY KEY (rid);


--
-- Name: view_control_variable_range_2_parameter_type_pkey; Type: CONSTRAINT; Schema: public; Owner: postgres; Tablespace: 
--

ALTER TABLE ONLY view_control_variable_range_2_parameter_type
    ADD CONSTRAINT view_control_variable_range_2_parameter_type_pkey PRIMARY KEY (rid);


--
-- Name: view_control_variable_range_e_pkey; Type: CONSTRAINT; Schema: public; Owner: postgres; Tablespace: 
--

ALTER TABLE ONLY view_control_variable_range_e
    ADD CONSTRAINT view_control_variable_range_e_pkey PRIMARY KEY (rid);


--
-- Name: view_exchange_protocol_identification_2_referenced_iso10303_ap_; Type: CONSTRAINT; Schema: public; Owner: postgres; Tablespace: 
--

ALTER TABLE ONLY view_exchange_protocol_identification_2_referenced_iso10303_ap
    ADD CONSTRAINT view_exchange_protocol_identification_2_referenced_iso10303_ap_ PRIMARY KEY (rid);


--
-- Name: view_exchange_protocol_identification_e_pkey; Type: CONSTRAINT; Schema: public; Owner: postgres; Tablespace: 
--

ALTER TABLE ONLY view_exchange_protocol_identification_e
    ADD CONSTRAINT view_exchange_protocol_identification_e_pkey PRIMARY KEY (rid);


--
-- Name: volume_measure_t_pkey; Type: CONSTRAINT; Schema: public; Owner: postgres; Tablespace: 
--

ALTER TABLE ONLY volume_measure_t
    ADD CONSTRAINT volume_measure_t_pkey PRIMARY KEY (rid);


--
-- Name: week_in_year_number_t_pkey; Type: CONSTRAINT; Schema: public; Owner: postgres; Tablespace: 
--

ALTER TABLE ONLY week_in_year_number_t
    ADD CONSTRAINT week_in_year_number_t_pkey PRIMARY KEY (rid);


--
-- Name: week_of_year_and_day_date_e_pkey; Type: CONSTRAINT; Schema: public; Owner: postgres; Tablespace: 
--

ALTER TABLE ONLY week_of_year_and_day_date_e
    ADD CONSTRAINT week_of_year_and_day_date_e_pkey PRIMARY KEY (rid);


--
-- Name: year_number_t_pkey; Type: CONSTRAINT; Schema: public; Owner: postgres; Tablespace: 
--

ALTER TABLE ONLY year_number_t
    ADD CONSTRAINT year_number_t_pkey PRIMARY KEY (rid);


--
-- Name: indexrid_d_a_posteriori_case_of_2_corresponding_properties; Type: INDEX; Schema: public; Owner: postgres; Tablespace: 
--

CREATE INDEX indexrid_d_a_posteriori_case_of_2_corresponding_properties ON a_posteriori_case_of_2_corresponding_properties USING btree (rid_d);


--
-- Name: indexrid_d_a_posteriori_case_of_2_is_case_of; Type: INDEX; Schema: public; Owner: postgres; Tablespace: 
--

CREATE INDEX indexrid_d_a_posteriori_case_of_2_is_case_of ON a_posteriori_case_of_2_is_case_of USING btree (rid_d);


--
-- Name: indexrid_d_a_posteriori_case_of_2_source; Type: INDEX; Schema: public; Owner: postgres; Tablespace: 
--

CREATE INDEX indexrid_d_a_posteriori_case_of_2_source ON a_posteriori_case_of_2_source USING btree (rid_d);


--
-- Name: indexrid_d_a_posteriori_view_of_2_corresponding_properties; Type: INDEX; Schema: public; Owner: postgres; Tablespace: 
--

CREATE INDEX indexrid_d_a_posteriori_view_of_2_corresponding_properties ON a_posteriori_view_of_2_corresponding_properties USING btree (rid_d);


--
-- Name: indexrid_d_a_posteriori_view_of_2_functional_model; Type: INDEX; Schema: public; Owner: postgres; Tablespace: 
--

CREATE INDEX indexrid_d_a_posteriori_view_of_2_functional_model ON a_posteriori_view_of_2_functional_model USING btree (rid_d);


--
-- Name: indexrid_d_a_posteriori_view_of_2_is_view_of; Type: INDEX; Schema: public; Owner: postgres; Tablespace: 
--

CREATE INDEX indexrid_d_a_posteriori_view_of_2_is_view_of ON a_posteriori_view_of_2_is_view_of USING btree (rid_d);


--
-- Name: indexrid_d_a_priori_semantic_relationship_2_referenced_classes; Type: INDEX; Schema: public; Owner: postgres; Tablespace: 
--

CREATE INDEX indexrid_d_a_priori_semantic_relationship_2_referenced_classes ON a_priori_semantic_relationship_2_referenced_classes USING btree (rid_d);


--
-- Name: indexrid_d_a_priori_semantic_relationship_2_referenced_data_typ; Type: INDEX; Schema: public; Owner: postgres; Tablespace: 
--

CREATE INDEX indexrid_d_a_priori_semantic_relationship_2_referenced_data_typ ON a_priori_semantic_relationship_2_referenced_data_types USING btree (rid_d);


--
-- Name: indexrid_d_a_priori_semantic_relationship_2_referenced_document; Type: INDEX; Schema: public; Owner: postgres; Tablespace: 
--

CREATE INDEX indexrid_d_a_priori_semantic_relationship_2_referenced_document ON a_priori_semantic_relationship_2_referenced_documents USING btree (rid_d);


--
-- Name: indexrid_d_a_priori_semantic_relationship_2_referenced_properti; Type: INDEX; Schema: public; Owner: postgres; Tablespace: 
--

CREATE INDEX indexrid_d_a_priori_semantic_relationship_2_referenced_properti ON a_priori_semantic_relationship_2_referenced_properties USING btree (rid_d);


--
-- Name: indexrid_d_a_priori_semantic_relationship_2_referenced_tables; Type: INDEX; Schema: public; Owner: postgres; Tablespace: 
--

CREATE INDEX indexrid_d_a_priori_semantic_relationship_2_referenced_tables ON a_priori_semantic_relationship_2_referenced_tables USING btree (rid_d);


--
-- Name: indexrid_d_abstract_functional_model_class_2_case_of; Type: INDEX; Schema: public; Owner: postgres; Tablespace: 
--

CREATE INDEX indexrid_d_abstract_functional_model_class_2_case_of ON abstract_functional_model_class_2_case_of USING btree (rid_d);


--
-- Name: indexrid_d_abstract_functional_model_class_2_created_view; Type: INDEX; Schema: public; Owner: postgres; Tablespace: 
--

CREATE INDEX indexrid_d_abstract_functional_model_class_2_created_view ON abstract_functional_model_class_2_created_view USING btree (rid_d);


--
-- Name: indexrid_d_abstract_functional_model_class_2_imported_documents; Type: INDEX; Schema: public; Owner: postgres; Tablespace: 
--

CREATE INDEX indexrid_d_abstract_functional_model_class_2_imported_documents ON abstract_functional_model_class_2_imported_documents_from_view USING btree (rid_d);


--
-- Name: indexrid_d_abstract_functional_model_class_2_imported_propertie; Type: INDEX; Schema: public; Owner: postgres; Tablespace: 
--

CREATE INDEX indexrid_d_abstract_functional_model_class_2_imported_propertie ON abstract_functional_model_class_2_imported_properties_from_view USING btree (rid_d);


--
-- Name: indexrid_d_abstract_functional_model_class_2_imported_tables_fr; Type: INDEX; Schema: public; Owner: postgres; Tablespace: 
--

CREATE INDEX indexrid_d_abstract_functional_model_class_2_imported_tables_fr ON abstract_functional_model_class_2_imported_tables_from_view USING btree (rid_d);


--
-- Name: indexrid_d_abstract_functional_model_class_2_imported_types_fro; Type: INDEX; Schema: public; Owner: postgres; Tablespace: 
--

CREATE INDEX indexrid_d_abstract_functional_model_class_2_imported_types_fro ON abstract_functional_model_class_2_imported_types_from_view USING btree (rid_d);


--
-- Name: indexrid_d_abstract_functional_model_class_2_v_c_v_range; Type: INDEX; Schema: public; Owner: postgres; Tablespace: 
--

CREATE INDEX indexrid_d_abstract_functional_model_class_2_v_c_v_range ON abstract_functional_model_class_2_v_c_v_range USING btree (rid_d);


--
-- Name: indexrid_d_aggregate_entity_instance_value_2_the_value; Type: INDEX; Schema: public; Owner: postgres; Tablespace: 
--

CREATE INDEX indexrid_d_aggregate_entity_instance_value_2_the_value ON aggregate_entity_instance_value_2_the_value USING btree (rid_d);


--
-- Name: indexrid_d_aggregate_type_2_value_type; Type: INDEX; Schema: public; Owner: postgres; Tablespace: 
--

CREATE INDEX indexrid_d_aggregate_type_2_value_type ON aggregate_type_2_value_type USING btree (rid_d);


--
-- Name: indexrid_d_aggregate_value_2_values; Type: INDEX; Schema: public; Owner: postgres; Tablespace: 
--

CREATE INDEX indexrid_d_aggregate_value_2_values ON aggregate_value_2_values USING btree (rid_d);


--
-- Name: indexrid_d_application_context_element_2_frame_of_reference; Type: INDEX; Schema: public; Owner: postgres; Tablespace: 
--

CREATE INDEX indexrid_d_application_context_element_2_frame_of_reference ON application_context_element_2_frame_of_reference USING btree (rid_d);


--
-- Name: indexrid_d_application_protocol_definition_2_application; Type: INDEX; Schema: public; Owner: postgres; Tablespace: 
--

CREATE INDEX indexrid_d_application_protocol_definition_2_application ON application_protocol_definition_2_application USING btree (rid_d);


--
-- Name: indexrid_d_axis1_placement_2_axis; Type: INDEX; Schema: public; Owner: postgres; Tablespace: 
--

CREATE INDEX indexrid_d_axis1_placement_2_axis ON axis1_placement_2_axis USING btree (rid_d);


--
-- Name: indexrid_d_axis2_placement_2d_2_ref_direction; Type: INDEX; Schema: public; Owner: postgres; Tablespace: 
--

CREATE INDEX indexrid_d_axis2_placement_2d_2_ref_direction ON axis2_placement_2d_2_ref_direction USING btree (rid_d);


--
-- Name: indexrid_d_axis2_placement_3d_2_axis; Type: INDEX; Schema: public; Owner: postgres; Tablespace: 
--

CREATE INDEX indexrid_d_axis2_placement_3d_2_axis ON axis2_placement_3d_2_axis USING btree (rid_d);


--
-- Name: indexrid_d_axis2_placement_3d_2_ref_direction; Type: INDEX; Schema: public; Owner: postgres; Tablespace: 
--

CREATE INDEX indexrid_d_axis2_placement_3d_2_ref_direction ON axis2_placement_3d_2_ref_direction USING btree (rid_d);


--
-- Name: indexrid_d_bag_value_2_values; Type: INDEX; Schema: public; Owner: postgres; Tablespace: 
--

CREATE INDEX indexrid_d_bag_value_2_values ON bag_value_2_values USING btree (rid_d);


--
-- Name: indexrid_d_class_2_defined_types; Type: INDEX; Schema: public; Owner: postgres; Tablespace: 
--

CREATE INDEX indexrid_d_class_2_defined_types ON class_2_defined_types USING btree (rid_d);


--
-- Name: indexrid_d_class_2_described_by; Type: INDEX; Schema: public; Owner: postgres; Tablespace: 
--

CREATE INDEX indexrid_d_class_2_described_by ON class_2_described_by USING btree (rid_d);


--
-- Name: indexrid_d_class_2_identified_by; Type: INDEX; Schema: public; Owner: postgres; Tablespace: 
--

CREATE INDEX indexrid_d_class_2_identified_by ON class_2_identified_by USING btree (rid_d);


--
-- Name: indexrid_d_class_2_its_superclass; Type: INDEX; Schema: public; Owner: postgres; Tablespace: 
--

CREATE INDEX indexrid_d_class_2_its_superclass ON class_2_its_superclass USING btree (rid_d);


--
-- Name: indexrid_d_class_and_property_elements_2_definition; Type: INDEX; Schema: public; Owner: postgres; Tablespace: 
--

CREATE INDEX indexrid_d_class_and_property_elements_2_definition ON class_and_property_elements_2_definition USING btree (rid_d);


--
-- Name: indexrid_d_class_and_property_elements_2_names; Type: INDEX; Schema: public; Owner: postgres; Tablespace: 
--

CREATE INDEX indexrid_d_class_and_property_elements_2_names ON class_and_property_elements_2_names USING btree (rid_d);


--
-- Name: indexrid_d_class_and_property_elements_2_note; Type: INDEX; Schema: public; Owner: postgres; Tablespace: 
--

CREATE INDEX indexrid_d_class_and_property_elements_2_note ON class_and_property_elements_2_note USING btree (rid_d);


--
-- Name: indexrid_d_class_and_property_elements_2_remark; Type: INDEX; Schema: public; Owner: postgres; Tablespace: 
--

CREATE INDEX indexrid_d_class_and_property_elements_2_remark ON class_and_property_elements_2_remark USING btree (rid_d);


--
-- Name: indexrid_d_class_and_property_elements_2_source_doc_of_definiti; Type: INDEX; Schema: public; Owner: postgres; Tablespace: 
--

CREATE INDEX indexrid_d_class_and_property_elements_2_source_doc_of_definiti ON class_and_property_elements_2_source_doc_of_definition USING btree (rid_d);


--
-- Name: indexrid_d_class_bsu_2_defined_by; Type: INDEX; Schema: public; Owner: postgres; Tablespace: 
--

CREATE INDEX indexrid_d_class_bsu_2_defined_by ON class_bsu_2_defined_by USING btree (rid_d);


--
-- Name: indexrid_d_class_bsu_related_content_2_dictionary_definition; Type: INDEX; Schema: public; Owner: postgres; Tablespace: 
--

CREATE INDEX indexrid_d_class_bsu_related_content_2_dictionary_definition ON class_bsu_related_content_2_dictionary_definition USING btree (rid_d);


--
-- Name: indexrid_d_class_bsu_relationship_2_related_tokens; Type: INDEX; Schema: public; Owner: postgres; Tablespace: 
--

CREATE INDEX indexrid_d_class_bsu_relationship_2_related_tokens ON class_bsu_relationship_2_related_tokens USING btree (rid_d);


--
-- Name: indexrid_d_class_bsu_relationship_2_relating_class; Type: INDEX; Schema: public; Owner: postgres; Tablespace: 
--

CREATE INDEX indexrid_d_class_bsu_relationship_2_relating_class ON class_bsu_relationship_2_relating_class USING btree (rid_d);


--
-- Name: indexrid_d_class_document_relationship_2_related_tokens; Type: INDEX; Schema: public; Owner: postgres; Tablespace: 
--

CREATE INDEX indexrid_d_class_document_relationship_2_related_tokens ON class_document_relationship_2_related_tokens USING btree (rid_d);


--
-- Name: indexrid_d_class_extension_2_dictionary_definition; Type: INDEX; Schema: public; Owner: postgres; Tablespace: 
--

CREATE INDEX indexrid_d_class_extension_2_dictionary_definition ON class_extension_2_dictionary_definition USING btree (rid_d);


--
-- Name: indexrid_d_class_instance_type_2_domain; Type: INDEX; Schema: public; Owner: postgres; Tablespace: 
--

CREATE INDEX indexrid_d_class_instance_type_2_domain ON class_instance_type_2_domain USING btree (rid_d);


--
-- Name: indexrid_d_class_related_dictionary_element_2_definition; Type: INDEX; Schema: public; Owner: postgres; Tablespace: 
--

CREATE INDEX indexrid_d_class_related_dictionary_element_2_definition ON class_related_dictionary_element_2_definition USING btree (rid_d);


--
-- Name: indexrid_d_class_related_dictionary_element_2_identified_by; Type: INDEX; Schema: public; Owner: postgres; Tablespace: 
--

CREATE INDEX indexrid_d_class_related_dictionary_element_2_identified_by ON class_related_dictionary_element_2_identified_by USING btree (rid_d);


--
-- Name: indexrid_d_class_related_dictionary_element_2_names; Type: INDEX; Schema: public; Owner: postgres; Tablespace: 
--

CREATE INDEX indexrid_d_class_related_dictionary_element_2_names ON class_related_dictionary_element_2_names USING btree (rid_d);


--
-- Name: indexrid_d_class_related_dictionary_element_2_note; Type: INDEX; Schema: public; Owner: postgres; Tablespace: 
--

CREATE INDEX indexrid_d_class_related_dictionary_element_2_note ON class_related_dictionary_element_2_note USING btree (rid_d);


--
-- Name: indexrid_d_class_related_dictionary_element_2_remark; Type: INDEX; Schema: public; Owner: postgres; Tablespace: 
--

CREATE INDEX indexrid_d_class_related_dictionary_element_2_remark ON class_related_dictionary_element_2_remark USING btree (rid_d);


--
-- Name: indexrid_d_class_value_assignment_2_super_class_defined_propert; Type: INDEX; Schema: public; Owner: postgres; Tablespace: 
--

CREATE INDEX indexrid_d_class_value_assignment_2_super_class_defined_propert ON class_value_assignment_2_super_class_defined_property USING btree (rid_d);


--
-- Name: indexrid_d_content_item_2_dictionary_definition; Type: INDEX; Schema: public; Owner: postgres; Tablespace: 
--

CREATE INDEX indexrid_d_content_item_2_dictionary_definition ON content_item_2_dictionary_definition USING btree (rid_d);


--
-- Name: indexrid_d_context_dependent_property_value_2_the_context; Type: INDEX; Schema: public; Owner: postgres; Tablespace: 
--

CREATE INDEX indexrid_d_context_dependent_property_value_2_the_context ON context_dependent_property_value_2_the_context USING btree (rid_d);


--
-- Name: indexrid_d_conversion_based_unit_2_conversion_factor; Type: INDEX; Schema: public; Owner: postgres; Tablespace: 
--

CREATE INDEX indexrid_d_conversion_based_unit_2_conversion_factor ON conversion_based_unit_2_conversion_factor USING btree (rid_d);


--
-- Name: indexrid_d_data_exchange_specification_identification_2_externa; Type: INDEX; Schema: public; Owner: postgres; Tablespace: 
--

CREATE INDEX indexrid_d_data_exchange_specification_identification_2_externa ON data_exchange_specification_identification_2_external_file_prot USING btree (rid_d);


--
-- Name: indexrid_d_data_type_bsu_2_name_scope; Type: INDEX; Schema: public; Owner: postgres; Tablespace: 
--

CREATE INDEX indexrid_d_data_type_bsu_2_name_scope ON data_type_bsu_2_name_scope USING btree (rid_d);


--
-- Name: indexrid_d_data_type_element_2_identified_by; Type: INDEX; Schema: public; Owner: postgres; Tablespace: 
--

CREATE INDEX indexrid_d_data_type_element_2_identified_by ON data_type_element_2_identified_by USING btree (rid_d);


--
-- Name: indexrid_d_data_type_element_2_names; Type: INDEX; Schema: public; Owner: postgres; Tablespace: 
--

CREATE INDEX indexrid_d_data_type_element_2_names ON data_type_element_2_names USING btree (rid_d);


--
-- Name: indexrid_d_data_type_element_2_type_definition; Type: INDEX; Schema: public; Owner: postgres; Tablespace: 
--

CREATE INDEX indexrid_d_data_type_element_2_type_definition ON data_type_element_2_type_definition USING btree (rid_d);


--
-- Name: indexrid_d_date_and_time_2_date_component; Type: INDEX; Schema: public; Owner: postgres; Tablespace: 
--

CREATE INDEX indexrid_d_date_and_time_2_date_component ON date_and_time_2_date_component USING btree (rid_d);


--
-- Name: indexrid_d_date_and_time_2_time_component; Type: INDEX; Schema: public; Owner: postgres; Tablespace: 
--

CREATE INDEX indexrid_d_date_and_time_2_time_component ON date_and_time_2_time_component USING btree (rid_d);


--
-- Name: indexrid_d_dependent_p_det_2_depends_on; Type: INDEX; Schema: public; Owner: postgres; Tablespace: 
--

CREATE INDEX indexrid_d_dependent_p_det_2_depends_on ON dependent_p_det_2_depends_on USING btree (rid_d);


--
-- Name: indexrid_d_derived_unit_2_elements; Type: INDEX; Schema: public; Owner: postgres; Tablespace: 
--

CREATE INDEX indexrid_d_derived_unit_2_elements ON derived_unit_2_elements USING btree (rid_d);


--
-- Name: indexrid_d_derived_unit_element_2_unit; Type: INDEX; Schema: public; Owner: postgres; Tablespace: 
--

CREATE INDEX indexrid_d_derived_unit_element_2_unit ON derived_unit_element_2_unit USING btree (rid_d);


--
-- Name: indexrid_d_description_attribute_2_described_item; Type: INDEX; Schema: public; Owner: postgres; Tablespace: 
--

CREATE INDEX indexrid_d_description_attribute_2_described_item ON description_attribute_2_described_item USING btree (rid_d);


--
-- Name: indexrid_d_dialogue_resource_2_used_protocol; Type: INDEX; Schema: public; Owner: postgres; Tablespace: 
--

CREATE INDEX indexrid_d_dialogue_resource_2_used_protocol ON dialogue_resource_2_used_protocol USING btree (rid_d);


--
-- Name: indexrid_d_dic_class_instance_2_case_of; Type: INDEX; Schema: public; Owner: postgres; Tablespace: 
--

CREATE INDEX indexrid_d_dic_class_instance_2_case_of ON dic_class_instance_2_case_of USING btree (rid_d);


--
-- Name: indexrid_d_dic_class_instance_2_class_def; Type: INDEX; Schema: public; Owner: postgres; Tablespace: 
--

CREATE INDEX indexrid_d_dic_class_instance_2_class_def ON dic_class_instance_2_class_def USING btree (rid_d);


--
-- Name: indexrid_d_dic_class_instance_2_properties; Type: INDEX; Schema: public; Owner: postgres; Tablespace: 
--

CREATE INDEX indexrid_d_dic_class_instance_2_properties ON dic_class_instance_2_properties USING btree (rid_d);


--
-- Name: indexrid_d_dic_f_view_instance_2_generated_by; Type: INDEX; Schema: public; Owner: postgres; Tablespace: 
--

CREATE INDEX indexrid_d_dic_f_view_instance_2_generated_by ON dic_f_view_instance_2_generated_by USING btree (rid_d);


--
-- Name: indexrid_d_dic_f_view_instance_2_view_of; Type: INDEX; Schema: public; Owner: postgres; Tablespace: 
--

CREATE INDEX indexrid_d_dic_f_view_instance_2_view_of ON dic_f_view_instance_2_view_of USING btree (rid_d);


--
-- Name: indexrid_d_dic_unit_2_string_representation; Type: INDEX; Schema: public; Owner: postgres; Tablespace: 
--

CREATE INDEX indexrid_d_dic_unit_2_string_representation ON dic_unit_2_string_representation USING btree (rid_d);


--
-- Name: indexrid_d_dic_unit_2_structured_representation; Type: INDEX; Schema: public; Owner: postgres; Tablespace: 
--

CREATE INDEX indexrid_d_dic_unit_2_structured_representation ON dic_unit_2_structured_representation USING btree (rid_d);


--
-- Name: indexrid_d_dic_value_2_meaning; Type: INDEX; Schema: public; Owner: postgres; Tablespace: 
--

CREATE INDEX indexrid_d_dic_value_2_meaning ON dic_value_2_meaning USING btree (rid_d);


--
-- Name: indexrid_d_dic_value_2_source_doc_of_value; Type: INDEX; Schema: public; Owner: postgres; Tablespace: 
--

CREATE INDEX indexrid_d_dic_value_2_source_doc_of_value ON dic_value_2_source_doc_of_value USING btree (rid_d);


--
-- Name: indexrid_d_dic_value_2_value_code; Type: INDEX; Schema: public; Owner: postgres; Tablespace: 
--

CREATE INDEX indexrid_d_dic_value_2_value_code ON dic_value_2_value_code USING btree (rid_d);


--
-- Name: indexrid_d_dictionary_2_a_posteriori_semantic_relationships; Type: INDEX; Schema: public; Owner: postgres; Tablespace: 
--

CREATE INDEX indexrid_d_dictionary_2_a_posteriori_semantic_relationships ON dictionary_2_a_posteriori_semantic_relationships USING btree (rid_d);


--
-- Name: indexrid_d_dictionary_2_base_protocols; Type: INDEX; Schema: public; Owner: postgres; Tablespace: 
--

CREATE INDEX indexrid_d_dictionary_2_base_protocols ON dictionary_2_base_protocols USING btree (rid_d);


--
-- Name: indexrid_d_dictionary_2_contained_classes; Type: INDEX; Schema: public; Owner: postgres; Tablespace: 
--

CREATE INDEX indexrid_d_dictionary_2_contained_classes ON dictionary_2_contained_classes USING btree (rid_d);


--
-- Name: indexrid_d_dictionary_2_identified_by; Type: INDEX; Schema: public; Owner: postgres; Tablespace: 
--

CREATE INDEX indexrid_d_dictionary_2_identified_by ON dictionary_2_identified_by USING btree (rid_d);


--
-- Name: indexrid_d_dictionary_2_library_structure; Type: INDEX; Schema: public; Owner: postgres; Tablespace: 
--

CREATE INDEX indexrid_d_dictionary_2_library_structure ON dictionary_2_library_structure USING btree (rid_d);


--
-- Name: indexrid_d_dictionary_2_names; Type: INDEX; Schema: public; Owner: postgres; Tablespace: 
--

CREATE INDEX indexrid_d_dictionary_2_names ON dictionary_2_names USING btree (rid_d);


--
-- Name: indexrid_d_dictionary_2_note; Type: INDEX; Schema: public; Owner: postgres; Tablespace: 
--

CREATE INDEX indexrid_d_dictionary_2_note ON dictionary_2_note USING btree (rid_d);


--
-- Name: indexrid_d_dictionary_2_referenced_dictionaries; Type: INDEX; Schema: public; Owner: postgres; Tablespace: 
--

CREATE INDEX indexrid_d_dictionary_2_referenced_dictionaries ON dictionary_2_referenced_dictionaries USING btree (rid_d);


--
-- Name: indexrid_d_dictionary_2_referred_suppliers; Type: INDEX; Schema: public; Owner: postgres; Tablespace: 
--

CREATE INDEX indexrid_d_dictionary_2_referred_suppliers ON dictionary_2_referred_suppliers USING btree (rid_d);


--
-- Name: indexrid_d_dictionary_2_remark; Type: INDEX; Schema: public; Owner: postgres; Tablespace: 
--

CREATE INDEX indexrid_d_dictionary_2_remark ON dictionary_2_remark USING btree (rid_d);


--
-- Name: indexrid_d_dictionary_2_responsible_supplier; Type: INDEX; Schema: public; Owner: postgres; Tablespace: 
--

CREATE INDEX indexrid_d_dictionary_2_responsible_supplier ON dictionary_2_responsible_supplier USING btree (rid_d);


--
-- Name: indexrid_d_dictionary_2_supported_vep; Type: INDEX; Schema: public; Owner: postgres; Tablespace: 
--

CREATE INDEX indexrid_d_dictionary_2_supported_vep ON dictionary_2_supported_vep USING btree (rid_d);


--
-- Name: indexrid_d_dictionary_2_updates; Type: INDEX; Schema: public; Owner: postgres; Tablespace: 
--

CREATE INDEX indexrid_d_dictionary_2_updates ON dictionary_2_updates USING btree (rid_d);


--
-- Name: indexrid_d_dictionary_element_2_identified_by; Type: INDEX; Schema: public; Owner: postgres; Tablespace: 
--

CREATE INDEX indexrid_d_dictionary_element_2_identified_by ON dictionary_element_2_identified_by USING btree (rid_d);


--
-- Name: indexrid_d_dictionary_element_2_time_stamps; Type: INDEX; Schema: public; Owner: postgres; Tablespace: 
--

CREATE INDEX indexrid_d_dictionary_element_2_time_stamps ON dictionary_element_2_time_stamps USING btree (rid_d);


--
-- Name: indexrid_d_dictionary_identification_2_defined_by; Type: INDEX; Schema: public; Owner: postgres; Tablespace: 
--

CREATE INDEX indexrid_d_dictionary_identification_2_defined_by ON dictionary_identification_2_defined_by USING btree (rid_d);


--
-- Name: indexrid_d_document_bsu_2_name_scope; Type: INDEX; Schema: public; Owner: postgres; Tablespace: 
--

CREATE INDEX indexrid_d_document_bsu_2_name_scope ON document_bsu_2_name_scope USING btree (rid_d);


--
-- Name: indexrid_d_document_content_2_dictionary_definition; Type: INDEX; Schema: public; Owner: postgres; Tablespace: 
--

CREATE INDEX indexrid_d_document_content_2_dictionary_definition ON document_content_2_dictionary_definition USING btree (rid_d);


--
-- Name: indexrid_d_document_content_2_used_protocol; Type: INDEX; Schema: public; Owner: postgres; Tablespace: 
--

CREATE INDEX indexrid_d_document_content_2_used_protocol ON document_content_2_used_protocol USING btree (rid_d);


--
-- Name: indexrid_d_document_element_2_authors; Type: INDEX; Schema: public; Owner: postgres; Tablespace: 
--

CREATE INDEX indexrid_d_document_element_2_authors ON document_element_2_authors USING btree (rid_d);


--
-- Name: indexrid_d_document_element_2_identified_by; Type: INDEX; Schema: public; Owner: postgres; Tablespace: 
--

CREATE INDEX indexrid_d_document_element_2_identified_by ON document_element_2_identified_by USING btree (rid_d);


--
-- Name: indexrid_d_document_element_2_publishing_organisation; Type: INDEX; Schema: public; Owner: postgres; Tablespace: 
--

CREATE INDEX indexrid_d_document_element_2_publishing_organisation ON document_element_2_publishing_organisation USING btree (rid_d);


--
-- Name: indexrid_d_document_element_with_translated_http_access_2_langu; Type: INDEX; Schema: public; Owner: postgres; Tablespace: 
--

CREATE INDEX indexrid_d_document_element_with_translated_http_access_2_langu ON document_element_with_translated_http_access_2_languages USING btree (rid_d);


--
-- Name: indexrid_d_entity_instance_type_for_aggregate_2_type_structure; Type: INDEX; Schema: public; Owner: postgres; Tablespace: 
--

CREATE INDEX indexrid_d_entity_instance_type_for_aggregate_2_type_structure ON entity_instance_type_for_aggregate_2_type_structure USING btree (rid_d);


--
-- Name: indexrid_d_explicit_functional_model_class_extension_2_availabl; Type: INDEX; Schema: public; Owner: postgres; Tablespace: 
--

CREATE INDEX indexrid_d_explicit_functional_model_class_extension_2_availabl ON explicit_functional_model_class_extension_2_available_views_ico USING btree (rid_d);


--
-- Name: indexrid_d_explicit_functional_model_class_extension_2_context_; Type: INDEX; Schema: public; Owner: postgres; Tablespace: 
--

CREATE INDEX indexrid_d_explicit_functional_model_class_extension_2_context_ ON explicit_functional_model_class_extension_2_context_param_icon USING btree (rid_d);


--
-- Name: indexrid_d_explicit_functional_model_class_extension_2_measure_; Type: INDEX; Schema: public; Owner: postgres; Tablespace: 
--

CREATE INDEX indexrid_d_explicit_functional_model_class_extension_2_measure_ ON explicit_functional_model_class_extension_2_measure_unit USING btree (rid_d);


--
-- Name: indexrid_d_explicit_functional_model_class_extension_2_referenc; Type: INDEX; Schema: public; Owner: postgres; Tablespace: 
--

CREATE INDEX indexrid_d_explicit_functional_model_class_extension_2_referenc ON explicit_functional_model_class_extension_2_referenced_represen USING btree (rid_d);


--
-- Name: indexrid_d_explicit_functional_model_class_extension_2_required; Type: INDEX; Schema: public; Owner: postgres; Tablespace: 
--

CREATE INDEX indexrid_d_explicit_functional_model_class_extension_2_required ON explicit_functional_model_class_extension_2_required_item_value USING btree (rid_d);


--
-- Name: indexrid_d_explicit_item_class_extension_2_access_icon; Type: INDEX; Schema: public; Owner: postgres; Tablespace: 
--

CREATE INDEX indexrid_d_explicit_item_class_extension_2_access_icon ON explicit_item_class_extension_2_access_icon USING btree (rid_d);


--
-- Name: indexrid_d_explicit_item_class_extension_2_class_presentation_o; Type: INDEX; Schema: public; Owner: postgres; Tablespace: 
--

CREATE INDEX indexrid_d_explicit_item_class_extension_2_class_presentation_o ON explicit_item_class_extension_2_class_presentation_on_paper USING btree (rid_d);


--
-- Name: indexrid_d_explicit_item_class_extension_2_content_msg; Type: INDEX; Schema: public; Owner: postgres; Tablespace: 
--

CREATE INDEX indexrid_d_explicit_item_class_extension_2_content_msg ON explicit_item_class_extension_2_content_msg USING btree (rid_d);


--
-- Name: indexrid_d_explicit_item_class_extension_2_create_icon; Type: INDEX; Schema: public; Owner: postgres; Tablespace: 
--

CREATE INDEX indexrid_d_explicit_item_class_extension_2_create_icon ON explicit_item_class_extension_2_create_icon USING btree (rid_d);


--
-- Name: indexrid_d_explicit_item_class_extension_2_create_msg; Type: INDEX; Schema: public; Owner: postgres; Tablespace: 
--

CREATE INDEX indexrid_d_explicit_item_class_extension_2_create_msg ON explicit_item_class_extension_2_create_msg USING btree (rid_d);


--
-- Name: indexrid_d_explicit_model_class_extension_2_instance_identifica; Type: INDEX; Schema: public; Owner: postgres; Tablespace: 
--

CREATE INDEX indexrid_d_explicit_model_class_extension_2_instance_identifica ON explicit_model_class_extension_2_instance_identification USING btree (rid_d);


--
-- Name: indexrid_d_explicit_model_class_extension_2_population; Type: INDEX; Schema: public; Owner: postgres; Tablespace: 
--

CREATE INDEX indexrid_d_explicit_model_class_extension_2_population ON explicit_model_class_extension_2_population USING btree (rid_d);


--
-- Name: indexrid_d_external_content_2_consists_of; Type: INDEX; Schema: public; Owner: postgres; Tablespace: 
--

CREATE INDEX indexrid_d_external_content_2_consists_of ON external_content_2_consists_of USING btree (rid_d);


--
-- Name: indexrid_d_external_file_protocol_2_base_protocol; Type: INDEX; Schema: public; Owner: postgres; Tablespace: 
--

CREATE INDEX indexrid_d_external_file_protocol_2_base_protocol ON external_file_protocol_2_base_protocol USING btree (rid_d);


--
-- Name: indexrid_d_external_file_protocol_2_designation; Type: INDEX; Schema: public; Owner: postgres; Tablespace: 
--

CREATE INDEX indexrid_d_external_file_protocol_2_designation ON external_file_protocol_2_designation USING btree (rid_d);


--
-- Name: indexrid_d_external_file_protocol_2_organisation; Type: INDEX; Schema: public; Owner: postgres; Tablespace: 
--

CREATE INDEX indexrid_d_external_file_protocol_2_organisation ON external_file_protocol_2_organisation USING btree (rid_d);


--
-- Name: indexrid_d_external_item_2_content; Type: INDEX; Schema: public; Owner: postgres; Tablespace: 
--

CREATE INDEX indexrid_d_external_item_2_content ON external_item_2_content USING btree (rid_d);


--
-- Name: indexrid_d_external_item_2_used_protocol; Type: INDEX; Schema: public; Owner: postgres; Tablespace: 
--

CREATE INDEX indexrid_d_external_item_2_used_protocol ON external_item_2_used_protocol USING btree (rid_d);


--
-- Name: indexrid_d_fm_class_view_of_2_imported_documents_from_item; Type: INDEX; Schema: public; Owner: postgres; Tablespace: 
--

CREATE INDEX indexrid_d_fm_class_view_of_2_imported_documents_from_item ON fm_class_view_of_2_imported_documents_from_item USING btree (rid_d);


--
-- Name: indexrid_d_fm_class_view_of_2_imported_properties_from_item; Type: INDEX; Schema: public; Owner: postgres; Tablespace: 
--

CREATE INDEX indexrid_d_fm_class_view_of_2_imported_properties_from_item ON fm_class_view_of_2_imported_properties_from_item USING btree (rid_d);


--
-- Name: indexrid_d_fm_class_view_of_2_imported_tables_from_item; Type: INDEX; Schema: public; Owner: postgres; Tablespace: 
--

CREATE INDEX indexrid_d_fm_class_view_of_2_imported_tables_from_item ON fm_class_view_of_2_imported_tables_from_item USING btree (rid_d);


--
-- Name: indexrid_d_fm_class_view_of_2_imported_types_from_item; Type: INDEX; Schema: public; Owner: postgres; Tablespace: 
--

CREATE INDEX indexrid_d_fm_class_view_of_2_imported_types_from_item ON fm_class_view_of_2_imported_types_from_item USING btree (rid_d);


--
-- Name: indexrid_d_fm_class_view_of_2_view_of; Type: INDEX; Schema: public; Owner: postgres; Tablespace: 
--

CREATE INDEX indexrid_d_fm_class_view_of_2_view_of ON fm_class_view_of_2_view_of USING btree (rid_d);


--
-- Name: indexrid_d_functional_view_class_2_view_control_variables; Type: INDEX; Schema: public; Owner: postgres; Tablespace: 
--

CREATE INDEX indexrid_d_functional_view_class_2_view_control_variables ON functional_view_class_2_view_control_variables USING btree (rid_d);


--
-- Name: indexrid_d_functional_view_class_2_view_properties; Type: INDEX; Schema: public; Owner: postgres; Tablespace: 
--

CREATE INDEX indexrid_d_functional_view_class_2_view_properties ON functional_view_class_2_view_properties USING btree (rid_d);


--
-- Name: indexrid_d_global_unit_assigned_context_2_units; Type: INDEX; Schema: public; Owner: postgres; Tablespace: 
--

CREATE INDEX indexrid_d_global_unit_assigned_context_2_units ON global_unit_assigned_context_2_units USING btree (rid_d);


--
-- Name: indexrid_d_http_class_directory_2_class; Type: INDEX; Schema: public; Owner: postgres; Tablespace: 
--

CREATE INDEX indexrid_d_http_class_directory_2_class ON http_class_directory_2_class USING btree (rid_d);


--
-- Name: indexrid_d_http_file_2_http_directory; Type: INDEX; Schema: public; Owner: postgres; Tablespace: 
--

CREATE INDEX indexrid_d_http_file_2_http_directory ON http_file_2_http_directory USING btree (rid_d);


--
-- Name: indexrid_d_id_attribute_2_identified_item; Type: INDEX; Schema: public; Owner: postgres; Tablespace: 
--

CREATE INDEX indexrid_d_id_attribute_2_identified_item ON id_attribute_2_identified_item USING btree (rid_d);


--
-- Name: indexrid_d_illustration_2_height; Type: INDEX; Schema: public; Owner: postgres; Tablespace: 
--

CREATE INDEX indexrid_d_illustration_2_height ON illustration_2_height USING btree (rid_d);


--
-- Name: indexrid_d_illustration_2_width; Type: INDEX; Schema: public; Owner: postgres; Tablespace: 
--

CREATE INDEX indexrid_d_illustration_2_width ON illustration_2_width USING btree (rid_d);


--
-- Name: indexrid_d_int_measure_type_2_unit; Type: INDEX; Schema: public; Owner: postgres; Tablespace: 
--

CREATE INDEX indexrid_d_int_measure_type_2_unit ON int_measure_type_2_unit USING btree (rid_d);


--
-- Name: indexrid_d_item_class_2_class_constant_values; Type: INDEX; Schema: public; Owner: postgres; Tablespace: 
--

CREATE INDEX indexrid_d_item_class_2_class_constant_values ON item_class_2_class_constant_values USING btree (rid_d);


--
-- Name: indexrid_d_item_class_2_simplified_drawing; Type: INDEX; Schema: public; Owner: postgres; Tablespace: 
--

CREATE INDEX indexrid_d_item_class_2_simplified_drawing ON item_class_2_simplified_drawing USING btree (rid_d);


--
-- Name: indexrid_d_item_class_2_sub_class_properties; Type: INDEX; Schema: public; Owner: postgres; Tablespace: 
--

CREATE INDEX indexrid_d_item_class_2_sub_class_properties ON item_class_2_sub_class_properties USING btree (rid_d);


--
-- Name: indexrid_d_item_class_case_of_2_imported_documents; Type: INDEX; Schema: public; Owner: postgres; Tablespace: 
--

CREATE INDEX indexrid_d_item_class_case_of_2_imported_documents ON item_class_case_of_2_imported_documents USING btree (rid_d);


--
-- Name: indexrid_d_item_class_case_of_2_imported_properties; Type: INDEX; Schema: public; Owner: postgres; Tablespace: 
--

CREATE INDEX indexrid_d_item_class_case_of_2_imported_properties ON item_class_case_of_2_imported_properties USING btree (rid_d);


--
-- Name: indexrid_d_item_class_case_of_2_imported_tables; Type: INDEX; Schema: public; Owner: postgres; Tablespace: 
--

CREATE INDEX indexrid_d_item_class_case_of_2_imported_tables ON item_class_case_of_2_imported_tables USING btree (rid_d);


--
-- Name: indexrid_d_item_class_case_of_2_imported_types; Type: INDEX; Schema: public; Owner: postgres; Tablespace: 
--

CREATE INDEX indexrid_d_item_class_case_of_2_imported_types ON item_class_case_of_2_imported_types USING btree (rid_d);


--
-- Name: indexrid_d_item_class_case_of_2_is_case_of; Type: INDEX; Schema: public; Owner: postgres; Tablespace: 
--

CREATE INDEX indexrid_d_item_class_case_of_2_is_case_of ON item_class_case_of_2_is_case_of USING btree (rid_d);


--
-- Name: indexrid_d_item_names_2_icon; Type: INDEX; Schema: public; Owner: postgres; Tablespace: 
--

CREATE INDEX indexrid_d_item_names_2_icon ON item_names_2_icon USING btree (rid_d);


--
-- Name: indexrid_d_item_names_2_languages; Type: INDEX; Schema: public; Owner: postgres; Tablespace: 
--

CREATE INDEX indexrid_d_item_names_2_languages ON item_names_2_languages USING btree (rid_d);


--
-- Name: indexrid_d_item_names_2_preferred_name; Type: INDEX; Schema: public; Owner: postgres; Tablespace: 
--

CREATE INDEX indexrid_d_item_names_2_preferred_name ON item_names_2_preferred_name USING btree (rid_d);


--
-- Name: indexrid_d_item_names_2_short_name; Type: INDEX; Schema: public; Owner: postgres; Tablespace: 
--

CREATE INDEX indexrid_d_item_names_2_short_name ON item_names_2_short_name USING btree (rid_d);


--
-- Name: indexrid_d_item_names_2_synonymous_names; Type: INDEX; Schema: public; Owner: postgres; Tablespace: 
--

CREATE INDEX indexrid_d_item_names_2_synonymous_names ON item_names_2_synonymous_names USING btree (rid_d);


--
-- Name: indexrid_d_language_specific_content_2_content_files; Type: INDEX; Schema: public; Owner: postgres; Tablespace: 
--

CREATE INDEX indexrid_d_language_specific_content_2_content_files ON language_specific_content_2_content_files USING btree (rid_d);


--
-- Name: indexrid_d_language_specific_content_2_main_file; Type: INDEX; Schema: public; Owner: postgres; Tablespace: 
--

CREATE INDEX indexrid_d_language_specific_content_2_main_file ON language_specific_content_2_main_file USING btree (rid_d);


--
-- Name: indexrid_d_level_type_2_value_type; Type: INDEX; Schema: public; Owner: postgres; Tablespace: 
--

CREATE INDEX indexrid_d_level_type_2_value_type ON level_type_2_value_type USING btree (rid_d);


--
-- Name: indexrid_d_lib_item_instance_2_supplier_designation; Type: INDEX; Schema: public; Owner: postgres; Tablespace: 
--

CREATE INDEX indexrid_d_lib_item_instance_2_supplier_designation ON lib_item_instance_2_supplier_designation USING btree (rid_d);


--
-- Name: indexrid_d_lib_item_instance_2_user_designation; Type: INDEX; Schema: public; Owner: postgres; Tablespace: 
--

CREATE INDEX indexrid_d_lib_item_instance_2_user_designation ON lib_item_instance_2_user_designation USING btree (rid_d);


--
-- Name: indexrid_d_library_2_linked_interfaces; Type: INDEX; Schema: public; Owner: postgres; Tablespace: 
--

CREATE INDEX indexrid_d_library_2_linked_interfaces ON library_2_linked_interfaces USING btree (rid_d);


--
-- Name: indexrid_d_linked_interface_program_protocol_2_link_libraries; Type: INDEX; Schema: public; Owner: postgres; Tablespace: 
--

CREATE INDEX indexrid_d_linked_interface_program_protocol_2_link_libraries ON linked_interface_program_protocol_2_link_libraries USING btree (rid_d);


--
-- Name: indexrid_d_list_value_2_values; Type: INDEX; Schema: public; Owner: postgres; Tablespace: 
--

CREATE INDEX indexrid_d_list_value_2_values ON list_value_2_values USING btree (rid_d);


--
-- Name: indexrid_d_local_time_2_zone; Type: INDEX; Schema: public; Owner: postgres; Tablespace: 
--

CREATE INDEX indexrid_d_local_time_2_zone ON local_time_2_zone USING btree (rid_d);


--
-- Name: indexrid_d_measure_with_unit_2_unit_component; Type: INDEX; Schema: public; Owner: postgres; Tablespace: 
--

CREATE INDEX indexrid_d_measure_with_unit_2_unit_component ON measure_with_unit_2_unit_component USING btree (rid_d);


--
-- Name: indexrid_d_measure_with_unit_2_value_component; Type: INDEX; Schema: public; Owner: postgres; Tablespace: 
--

CREATE INDEX indexrid_d_measure_with_unit_2_value_component ON measure_with_unit_2_value_component USING btree (rid_d);


--
-- Name: indexrid_d_model_class_extension_2_classification; Type: INDEX; Schema: public; Owner: postgres; Tablespace: 
--

CREATE INDEX indexrid_d_model_class_extension_2_classification ON model_class_extension_2_classification USING btree (rid_d);


--
-- Name: indexrid_d_model_class_extension_2_recommended_presentation; Type: INDEX; Schema: public; Owner: postgres; Tablespace: 
--

CREATE INDEX indexrid_d_model_class_extension_2_recommended_presentation ON model_class_extension_2_recommended_presentation USING btree (rid_d);


--
-- Name: indexrid_d_model_class_extension_2_referenced_external_items; Type: INDEX; Schema: public; Owner: postgres; Tablespace: 
--

CREATE INDEX indexrid_d_model_class_extension_2_referenced_external_items ON model_class_extension_2_referenced_external_items USING btree (rid_d);


--
-- Name: indexrid_d_model_class_extension_2_referenced_view_exchange_pro; Type: INDEX; Schema: public; Owner: postgres; Tablespace: 
--

CREATE INDEX indexrid_d_model_class_extension_2_referenced_view_exchange_pro ON model_class_extension_2_referenced_view_exchange_protocol USING btree (rid_d);


--
-- Name: indexrid_d_model_class_extension_2_used_protocols; Type: INDEX; Schema: public; Owner: postgres; Tablespace: 
--

CREATE INDEX indexrid_d_model_class_extension_2_used_protocols ON model_class_extension_2_used_protocols USING btree (rid_d);


--
-- Name: indexrid_d_name_attribute_2_named_item; Type: INDEX; Schema: public; Owner: postgres; Tablespace: 
--

CREATE INDEX indexrid_d_name_attribute_2_named_item ON name_attribute_2_named_item USING btree (rid_d);


--
-- Name: indexrid_d_named_type_2_referred_type; Type: INDEX; Schema: public; Owner: postgres; Tablespace: 
--

CREATE INDEX indexrid_d_named_type_2_referred_type ON named_type_2_referred_type USING btree (rid_d);


--
-- Name: indexrid_d_named_unit_2_dimensions; Type: INDEX; Schema: public; Owner: postgres; Tablespace: 
--

CREATE INDEX indexrid_d_named_unit_2_dimensions ON named_unit_2_dimensions USING btree (rid_d);


--
-- Name: indexrid_d_non_quantitative_code_type_2_domain; Type: INDEX; Schema: public; Owner: postgres; Tablespace: 
--

CREATE INDEX indexrid_d_non_quantitative_code_type_2_domain ON non_quantitative_code_type_2_domain USING btree (rid_d);


--
-- Name: indexrid_d_non_quantitative_int_type_2_domain; Type: INDEX; Schema: public; Owner: postgres; Tablespace: 
--

CREATE INDEX indexrid_d_non_quantitative_int_type_2_domain ON non_quantitative_int_type_2_domain USING btree (rid_d);


--
-- Name: indexrid_d_placement_2_location; Type: INDEX; Schema: public; Owner: postgres; Tablespace: 
--

CREATE INDEX indexrid_d_placement_2_location ON placement_2_location USING btree (rid_d);


--
-- Name: indexrid_d_program_library_bsu_2_defined_by; Type: INDEX; Schema: public; Owner: postgres; Tablespace: 
--

CREATE INDEX indexrid_d_program_library_bsu_2_defined_by ON program_library_bsu_2_defined_by USING btree (rid_d);


--
-- Name: indexrid_d_program_library_content_2_dictionary_definition; Type: INDEX; Schema: public; Owner: postgres; Tablespace: 
--

CREATE INDEX indexrid_d_program_library_content_2_dictionary_definition ON program_library_content_2_dictionary_definition USING btree (rid_d);


--
-- Name: indexrid_d_program_library_content_2_used_protocol; Type: INDEX; Schema: public; Owner: postgres; Tablespace: 
--

CREATE INDEX indexrid_d_program_library_content_2_used_protocol ON program_library_content_2_used_protocol USING btree (rid_d);


--
-- Name: indexrid_d_program_library_element_2_identified_by; Type: INDEX; Schema: public; Owner: postgres; Tablespace: 
--

CREATE INDEX indexrid_d_program_library_element_2_identified_by ON program_library_element_2_identified_by USING btree (rid_d);


--
-- Name: indexrid_d_program_reference_2_in_parameters; Type: INDEX; Schema: public; Owner: postgres; Tablespace: 
--

CREATE INDEX indexrid_d_program_reference_2_in_parameters ON program_reference_2_in_parameters USING btree (rid_d);


--
-- Name: indexrid_d_program_reference_2_inout_parameters; Type: INDEX; Schema: public; Owner: postgres; Tablespace: 
--

CREATE INDEX indexrid_d_program_reference_2_inout_parameters ON program_reference_2_inout_parameters USING btree (rid_d);


--
-- Name: indexrid_d_program_reference_2_out_parameters; Type: INDEX; Schema: public; Owner: postgres; Tablespace: 
--

CREATE INDEX indexrid_d_program_reference_2_out_parameters ON program_reference_2_out_parameters USING btree (rid_d);


--
-- Name: indexrid_d_program_reference_2_used_protocol; Type: INDEX; Schema: public; Owner: postgres; Tablespace: 
--

CREATE INDEX indexrid_d_program_reference_2_used_protocol ON program_reference_2_used_protocol USING btree (rid_d);


--
-- Name: indexrid_d_property_bsu_2_name_scope; Type: INDEX; Schema: public; Owner: postgres; Tablespace: 
--

CREATE INDEX indexrid_d_property_bsu_2_name_scope ON property_bsu_2_name_scope USING btree (rid_d);


--
-- Name: indexrid_d_property_classification_2_prop_def; Type: INDEX; Schema: public; Owner: postgres; Tablespace: 
--

CREATE INDEX indexrid_d_property_classification_2_prop_def ON property_classification_2_prop_def USING btree (rid_d);


--
-- Name: indexrid_d_property_det_2_domain; Type: INDEX; Schema: public; Owner: postgres; Tablespace: 
--

CREATE INDEX indexrid_d_property_det_2_domain ON property_det_2_domain USING btree (rid_d);


--
-- Name: indexrid_d_property_det_2_figure; Type: INDEX; Schema: public; Owner: postgres; Tablespace: 
--

CREATE INDEX indexrid_d_property_det_2_figure ON property_det_2_figure USING btree (rid_d);


--
-- Name: indexrid_d_property_det_2_formula; Type: INDEX; Schema: public; Owner: postgres; Tablespace: 
--

CREATE INDEX indexrid_d_property_det_2_formula ON property_det_2_formula USING btree (rid_d);


--
-- Name: indexrid_d_property_det_2_identified_by; Type: INDEX; Schema: public; Owner: postgres; Tablespace: 
--

CREATE INDEX indexrid_d_property_det_2_identified_by ON property_det_2_identified_by USING btree (rid_d);


--
-- Name: indexrid_d_property_det_2_preferred_symbol; Type: INDEX; Schema: public; Owner: postgres; Tablespace: 
--

CREATE INDEX indexrid_d_property_det_2_preferred_symbol ON property_det_2_preferred_symbol USING btree (rid_d);


--
-- Name: indexrid_d_property_det_2_synonymous_symbols; Type: INDEX; Schema: public; Owner: postgres; Tablespace: 
--

CREATE INDEX indexrid_d_property_det_2_synonymous_symbols ON property_det_2_synonymous_symbols USING btree (rid_d);


--
-- Name: indexrid_d_property_value_2_its_value; Type: INDEX; Schema: public; Owner: postgres; Tablespace: 
--

CREATE INDEX indexrid_d_property_value_2_its_value ON property_value_2_its_value USING btree (rid_d);


--
-- Name: indexrid_d_property_value_2_prop_def; Type: INDEX; Schema: public; Owner: postgres; Tablespace: 
--

CREATE INDEX indexrid_d_property_value_2_prop_def ON property_value_2_prop_def USING btree (rid_d);


--
-- Name: indexrid_d_property_value_recommended_presentation_2_prop_def; Type: INDEX; Schema: public; Owner: postgres; Tablespace: 
--

CREATE INDEX indexrid_d_property_value_recommended_presentation_2_prop_def ON property_value_recommended_presentation_2_prop_def USING btree (rid_d);


--
-- Name: indexrid_d_property_value_recommended_presentation_2_recommende; Type: INDEX; Schema: public; Owner: postgres; Tablespace: 
--

CREATE INDEX indexrid_d_property_value_recommended_presentation_2_recommende ON property_value_recommended_presentation_2_recommended_presentat USING btree (rid_d);


--
-- Name: indexrid_d_real_measure_type_2_unit; Type: INDEX; Schema: public; Owner: postgres; Tablespace: 
--

CREATE INDEX indexrid_d_real_measure_type_2_unit ON real_measure_type_2_unit USING btree (rid_d);


--
-- Name: indexrid_d_referenced_document_2_document_reference; Type: INDEX; Schema: public; Owner: postgres; Tablespace: 
--

CREATE INDEX indexrid_d_referenced_document_2_document_reference ON referenced_document_2_document_reference USING btree (rid_d);


--
-- Name: indexrid_d_referenced_graphics_2_graphics_reference; Type: INDEX; Schema: public; Owner: postgres; Tablespace: 
--

CREATE INDEX indexrid_d_referenced_graphics_2_graphics_reference ON referenced_graphics_2_graphics_reference USING btree (rid_d);


--
-- Name: indexrid_d_representation_2_context_of_items; Type: INDEX; Schema: public; Owner: postgres; Tablespace: 
--

CREATE INDEX indexrid_d_representation_2_context_of_items ON representation_2_context_of_items USING btree (rid_d);


--
-- Name: indexrid_d_representation_2_items; Type: INDEX; Schema: public; Owner: postgres; Tablespace: 
--

CREATE INDEX indexrid_d_representation_2_items ON representation_2_items USING btree (rid_d);


--
-- Name: indexrid_d_representation_reference_2_used_protocol; Type: INDEX; Schema: public; Owner: postgres; Tablespace: 
--

CREATE INDEX indexrid_d_representation_reference_2_used_protocol ON representation_reference_2_used_protocol USING btree (rid_d);


--
-- Name: indexrid_d_set_value_2_values; Type: INDEX; Schema: public; Owner: postgres; Tablespace: 
--

CREATE INDEX indexrid_d_set_value_2_values ON set_value_2_values USING btree (rid_d);


--
-- Name: indexrid_d_set_with_subset_constraint_value_2_values; Type: INDEX; Schema: public; Owner: postgres; Tablespace: 
--

CREATE INDEX indexrid_d_set_with_subset_constraint_value_2_values ON set_with_subset_constraint_value_2_values USING btree (rid_d);


--
-- Name: indexrid_d_simple_program_protocol_2_compiler_supplier; Type: INDEX; Schema: public; Owner: postgres; Tablespace: 
--

CREATE INDEX indexrid_d_simple_program_protocol_2_compiler_supplier ON simple_program_protocol_2_compiler_supplier USING btree (rid_d);


--
-- Name: indexrid_d_supplier_bsu_related_content_2_dictionary_definition; Type: INDEX; Schema: public; Owner: postgres; Tablespace: 
--

CREATE INDEX indexrid_d_supplier_bsu_related_content_2_dictionary_definition ON supplier_bsu_related_content_2_dictionary_definition USING btree (rid_d);


--
-- Name: indexrid_d_supplier_bsu_relationship_2_related_tokens; Type: INDEX; Schema: public; Owner: postgres; Tablespace: 
--

CREATE INDEX indexrid_d_supplier_bsu_relationship_2_related_tokens ON supplier_bsu_relationship_2_related_tokens USING btree (rid_d);


--
-- Name: indexrid_d_supplier_bsu_relationship_2_relating_supplier; Type: INDEX; Schema: public; Owner: postgres; Tablespace: 
--

CREATE INDEX indexrid_d_supplier_bsu_relationship_2_relating_supplier ON supplier_bsu_relationship_2_relating_supplier USING btree (rid_d);


--
-- Name: indexrid_d_supplier_element_2_addr; Type: INDEX; Schema: public; Owner: postgres; Tablespace: 
--

CREATE INDEX indexrid_d_supplier_element_2_addr ON supplier_element_2_addr USING btree (rid_d);


--
-- Name: indexrid_d_supplier_element_2_identified_by; Type: INDEX; Schema: public; Owner: postgres; Tablespace: 
--

CREATE INDEX indexrid_d_supplier_element_2_identified_by ON supplier_element_2_identified_by USING btree (rid_d);


--
-- Name: indexrid_d_supplier_element_2_org; Type: INDEX; Schema: public; Owner: postgres; Tablespace: 
--

CREATE INDEX indexrid_d_supplier_element_2_org ON supplier_element_2_org USING btree (rid_d);


--
-- Name: indexrid_d_supplier_program_library_relationship_2_related_toke; Type: INDEX; Schema: public; Owner: postgres; Tablespace: 
--

CREATE INDEX indexrid_d_supplier_program_library_relationship_2_related_toke ON supplier_program_library_relationship_2_related_tokens USING btree (rid_d);


--
-- Name: indexrid_d_supplier_related_dictionary_element_2_definition; Type: INDEX; Schema: public; Owner: postgres; Tablespace: 
--

CREATE INDEX indexrid_d_supplier_related_dictionary_element_2_definition ON supplier_related_dictionary_element_2_definition USING btree (rid_d);


--
-- Name: indexrid_d_supplier_related_dictionary_element_2_identified_by; Type: INDEX; Schema: public; Owner: postgres; Tablespace: 
--

CREATE INDEX indexrid_d_supplier_related_dictionary_element_2_identified_by ON supplier_related_dictionary_element_2_identified_by USING btree (rid_d);


--
-- Name: indexrid_d_supplier_related_dictionary_element_2_names; Type: INDEX; Schema: public; Owner: postgres; Tablespace: 
--

CREATE INDEX indexrid_d_supplier_related_dictionary_element_2_names ON supplier_related_dictionary_element_2_names USING btree (rid_d);


--
-- Name: indexrid_d_supplier_related_dictionary_element_2_note; Type: INDEX; Schema: public; Owner: postgres; Tablespace: 
--

CREATE INDEX indexrid_d_supplier_related_dictionary_element_2_note ON supplier_related_dictionary_element_2_note USING btree (rid_d);


--
-- Name: indexrid_d_supplier_related_dictionary_element_2_remark; Type: INDEX; Schema: public; Owner: postgres; Tablespace: 
--

CREATE INDEX indexrid_d_supplier_related_dictionary_element_2_remark ON supplier_related_dictionary_element_2_remark USING btree (rid_d);


--
-- Name: indexrid_d_table_bsu_2_name_scope; Type: INDEX; Schema: public; Owner: postgres; Tablespace: 
--

CREATE INDEX indexrid_d_table_bsu_2_name_scope ON table_bsu_2_name_scope USING btree (rid_d);


--
-- Name: indexrid_d_translated_external_content_2_languages; Type: INDEX; Schema: public; Owner: postgres; Tablespace: 
--

CREATE INDEX indexrid_d_translated_external_content_2_languages ON translated_external_content_2_languages USING btree (rid_d);


--
-- Name: indexrid_d_translated_label_2_languages; Type: INDEX; Schema: public; Owner: postgres; Tablespace: 
--

CREATE INDEX indexrid_d_translated_label_2_languages ON translated_label_2_languages USING btree (rid_d);


--
-- Name: indexrid_d_translated_string_value_2_languages; Type: INDEX; Schema: public; Owner: postgres; Tablespace: 
--

CREATE INDEX indexrid_d_translated_string_value_2_languages ON translated_string_value_2_languages USING btree (rid_d);


--
-- Name: indexrid_d_translated_text_2_languages; Type: INDEX; Schema: public; Owner: postgres; Tablespace: 
--

CREATE INDEX indexrid_d_translated_text_2_languages ON translated_text_2_languages USING btree (rid_d);


--
-- Name: indexrid_d_value_domain_2_its_values; Type: INDEX; Schema: public; Owner: postgres; Tablespace: 
--

CREATE INDEX indexrid_d_value_domain_2_its_values ON value_domain_2_its_values USING btree (rid_d);


--
-- Name: indexrid_d_value_domain_2_languages; Type: INDEX; Schema: public; Owner: postgres; Tablespace: 
--

CREATE INDEX indexrid_d_value_domain_2_languages ON value_domain_2_languages USING btree (rid_d);


--
-- Name: indexrid_d_value_domain_2_source_doc_of_value_domain; Type: INDEX; Schema: public; Owner: postgres; Tablespace: 
--

CREATE INDEX indexrid_d_value_domain_2_source_doc_of_value_domain ON value_domain_2_source_doc_of_value_domain USING btree (rid_d);


--
-- Name: indexrid_d_value_domain_2_terms; Type: INDEX; Schema: public; Owner: postgres; Tablespace: 
--

CREATE INDEX indexrid_d_value_domain_2_terms ON value_domain_2_terms USING btree (rid_d);


--
-- Name: indexrid_d_vector_2_orientation; Type: INDEX; Schema: public; Owner: postgres; Tablespace: 
--

CREATE INDEX indexrid_d_vector_2_orientation ON vector_2_orientation USING btree (rid_d);


--
-- Name: indexrid_d_view_control_variable_range_2_parameter_type; Type: INDEX; Schema: public; Owner: postgres; Tablespace: 
--

CREATE INDEX indexrid_d_view_control_variable_range_2_parameter_type ON view_control_variable_range_2_parameter_type USING btree (rid_d);


--
-- Name: indexrid_d_view_exchange_protocol_identification_2_referenced_i; Type: INDEX; Schema: public; Owner: postgres; Tablespace: 
--

CREATE INDEX indexrid_d_view_exchange_protocol_identification_2_referenced_i ON view_exchange_protocol_identification_2_referenced_iso10303_ap USING btree (rid_d);


--
-- Name: indexrid_s_a_posteriori_case_of_2_corresponding_properties; Type: INDEX; Schema: public; Owner: postgres; Tablespace: 
--

CREATE INDEX indexrid_s_a_posteriori_case_of_2_corresponding_properties ON a_posteriori_case_of_2_corresponding_properties USING btree (rid_s);


--
-- Name: indexrid_s_a_posteriori_case_of_2_is_case_of; Type: INDEX; Schema: public; Owner: postgres; Tablespace: 
--

CREATE UNIQUE INDEX indexrid_s_a_posteriori_case_of_2_is_case_of ON a_posteriori_case_of_2_is_case_of USING btree (rid_s);


--
-- Name: indexrid_s_a_posteriori_case_of_2_source; Type: INDEX; Schema: public; Owner: postgres; Tablespace: 
--

CREATE UNIQUE INDEX indexrid_s_a_posteriori_case_of_2_source ON a_posteriori_case_of_2_source USING btree (rid_s);


--
-- Name: indexrid_s_a_posteriori_view_of_2_corresponding_properties; Type: INDEX; Schema: public; Owner: postgres; Tablespace: 
--

CREATE INDEX indexrid_s_a_posteriori_view_of_2_corresponding_properties ON a_posteriori_view_of_2_corresponding_properties USING btree (rid_s);


--
-- Name: indexrid_s_a_posteriori_view_of_2_functional_model; Type: INDEX; Schema: public; Owner: postgres; Tablespace: 
--

CREATE UNIQUE INDEX indexrid_s_a_posteriori_view_of_2_functional_model ON a_posteriori_view_of_2_functional_model USING btree (rid_s);


--
-- Name: indexrid_s_a_posteriori_view_of_2_is_view_of; Type: INDEX; Schema: public; Owner: postgres; Tablespace: 
--

CREATE UNIQUE INDEX indexrid_s_a_posteriori_view_of_2_is_view_of ON a_posteriori_view_of_2_is_view_of USING btree (rid_s);


--
-- Name: indexrid_s_a_priori_semantic_relationship_2_referenced_classes; Type: INDEX; Schema: public; Owner: postgres; Tablespace: 
--

CREATE INDEX indexrid_s_a_priori_semantic_relationship_2_referenced_classes ON a_priori_semantic_relationship_2_referenced_classes USING btree (rid_s);


--
-- Name: indexrid_s_a_priori_semantic_relationship_2_referenced_data_typ; Type: INDEX; Schema: public; Owner: postgres; Tablespace: 
--

CREATE INDEX indexrid_s_a_priori_semantic_relationship_2_referenced_data_typ ON a_priori_semantic_relationship_2_referenced_data_types USING btree (rid_s);


--
-- Name: indexrid_s_a_priori_semantic_relationship_2_referenced_document; Type: INDEX; Schema: public; Owner: postgres; Tablespace: 
--

CREATE INDEX indexrid_s_a_priori_semantic_relationship_2_referenced_document ON a_priori_semantic_relationship_2_referenced_documents USING btree (rid_s);


--
-- Name: indexrid_s_a_priori_semantic_relationship_2_referenced_properti; Type: INDEX; Schema: public; Owner: postgres; Tablespace: 
--

CREATE INDEX indexrid_s_a_priori_semantic_relationship_2_referenced_properti ON a_priori_semantic_relationship_2_referenced_properties USING btree (rid_s);


--
-- Name: indexrid_s_a_priori_semantic_relationship_2_referenced_tables; Type: INDEX; Schema: public; Owner: postgres; Tablespace: 
--

CREATE INDEX indexrid_s_a_priori_semantic_relationship_2_referenced_tables ON a_priori_semantic_relationship_2_referenced_tables USING btree (rid_s);


--
-- Name: indexrid_s_abstract_functional_model_class_2_case_of; Type: INDEX; Schema: public; Owner: postgres; Tablespace: 
--

CREATE INDEX indexrid_s_abstract_functional_model_class_2_case_of ON abstract_functional_model_class_2_case_of USING btree (rid_s);


--
-- Name: indexrid_s_abstract_functional_model_class_2_created_view; Type: INDEX; Schema: public; Owner: postgres; Tablespace: 
--

CREATE UNIQUE INDEX indexrid_s_abstract_functional_model_class_2_created_view ON abstract_functional_model_class_2_created_view USING btree (rid_s);


--
-- Name: indexrid_s_abstract_functional_model_class_2_imported_documents; Type: INDEX; Schema: public; Owner: postgres; Tablespace: 
--

CREATE INDEX indexrid_s_abstract_functional_model_class_2_imported_documents ON abstract_functional_model_class_2_imported_documents_from_view USING btree (rid_s);


--
-- Name: indexrid_s_abstract_functional_model_class_2_imported_propertie; Type: INDEX; Schema: public; Owner: postgres; Tablespace: 
--

CREATE INDEX indexrid_s_abstract_functional_model_class_2_imported_propertie ON abstract_functional_model_class_2_imported_properties_from_view USING btree (rid_s);


--
-- Name: indexrid_s_abstract_functional_model_class_2_imported_tables_fr; Type: INDEX; Schema: public; Owner: postgres; Tablespace: 
--

CREATE INDEX indexrid_s_abstract_functional_model_class_2_imported_tables_fr ON abstract_functional_model_class_2_imported_tables_from_view USING btree (rid_s);


--
-- Name: indexrid_s_abstract_functional_model_class_2_imported_types_fro; Type: INDEX; Schema: public; Owner: postgres; Tablespace: 
--

CREATE INDEX indexrid_s_abstract_functional_model_class_2_imported_types_fro ON abstract_functional_model_class_2_imported_types_from_view USING btree (rid_s);


--
-- Name: indexrid_s_abstract_functional_model_class_2_v_c_v_range; Type: INDEX; Schema: public; Owner: postgres; Tablespace: 
--

CREATE INDEX indexrid_s_abstract_functional_model_class_2_v_c_v_range ON abstract_functional_model_class_2_v_c_v_range USING btree (rid_s);


--
-- Name: indexrid_s_aggregate_entity_instance_value_2_the_value; Type: INDEX; Schema: public; Owner: postgres; Tablespace: 
--

CREATE UNIQUE INDEX indexrid_s_aggregate_entity_instance_value_2_the_value ON aggregate_entity_instance_value_2_the_value USING btree (rid_s);


--
-- Name: indexrid_s_aggregate_type_2_value_type; Type: INDEX; Schema: public; Owner: postgres; Tablespace: 
--

CREATE UNIQUE INDEX indexrid_s_aggregate_type_2_value_type ON aggregate_type_2_value_type USING btree (rid_s);


--
-- Name: indexrid_s_aggregate_value_2_values; Type: INDEX; Schema: public; Owner: postgres; Tablespace: 
--

CREATE INDEX indexrid_s_aggregate_value_2_values ON aggregate_value_2_values USING btree (rid_s);


--
-- Name: indexrid_s_application_context_element_2_frame_of_reference; Type: INDEX; Schema: public; Owner: postgres; Tablespace: 
--

CREATE UNIQUE INDEX indexrid_s_application_context_element_2_frame_of_reference ON application_context_element_2_frame_of_reference USING btree (rid_s);


--
-- Name: indexrid_s_application_protocol_definition_2_application; Type: INDEX; Schema: public; Owner: postgres; Tablespace: 
--

CREATE UNIQUE INDEX indexrid_s_application_protocol_definition_2_application ON application_protocol_definition_2_application USING btree (rid_s);


--
-- Name: indexrid_s_axis1_placement_2_axis; Type: INDEX; Schema: public; Owner: postgres; Tablespace: 
--

CREATE UNIQUE INDEX indexrid_s_axis1_placement_2_axis ON axis1_placement_2_axis USING btree (rid_s);


--
-- Name: indexrid_s_axis2_placement_2d_2_ref_direction; Type: INDEX; Schema: public; Owner: postgres; Tablespace: 
--

CREATE UNIQUE INDEX indexrid_s_axis2_placement_2d_2_ref_direction ON axis2_placement_2d_2_ref_direction USING btree (rid_s);


--
-- Name: indexrid_s_axis2_placement_3d_2_axis; Type: INDEX; Schema: public; Owner: postgres; Tablespace: 
--

CREATE UNIQUE INDEX indexrid_s_axis2_placement_3d_2_axis ON axis2_placement_3d_2_axis USING btree (rid_s);


--
-- Name: indexrid_s_axis2_placement_3d_2_ref_direction; Type: INDEX; Schema: public; Owner: postgres; Tablespace: 
--

CREATE UNIQUE INDEX indexrid_s_axis2_placement_3d_2_ref_direction ON axis2_placement_3d_2_ref_direction USING btree (rid_s);


--
-- Name: indexrid_s_bag_value_2_values; Type: INDEX; Schema: public; Owner: postgres; Tablespace: 
--

CREATE INDEX indexrid_s_bag_value_2_values ON bag_value_2_values USING btree (rid_s);


--
-- Name: indexrid_s_class_2_defined_types; Type: INDEX; Schema: public; Owner: postgres; Tablespace: 
--

CREATE INDEX indexrid_s_class_2_defined_types ON class_2_defined_types USING btree (rid_s);


--
-- Name: indexrid_s_class_2_described_by; Type: INDEX; Schema: public; Owner: postgres; Tablespace: 
--

CREATE INDEX indexrid_s_class_2_described_by ON class_2_described_by USING btree (rid_s);


--
-- Name: indexrid_s_class_2_identified_by; Type: INDEX; Schema: public; Owner: postgres; Tablespace: 
--

CREATE UNIQUE INDEX indexrid_s_class_2_identified_by ON class_2_identified_by USING btree (rid_s);


--
-- Name: indexrid_s_class_2_its_superclass; Type: INDEX; Schema: public; Owner: postgres; Tablespace: 
--

CREATE UNIQUE INDEX indexrid_s_class_2_its_superclass ON class_2_its_superclass USING btree (rid_s);


--
-- Name: indexrid_s_class_and_property_elements_2_definition; Type: INDEX; Schema: public; Owner: postgres; Tablespace: 
--

CREATE UNIQUE INDEX indexrid_s_class_and_property_elements_2_definition ON class_and_property_elements_2_definition USING btree (rid_s);


--
-- Name: indexrid_s_class_and_property_elements_2_names; Type: INDEX; Schema: public; Owner: postgres; Tablespace: 
--

CREATE UNIQUE INDEX indexrid_s_class_and_property_elements_2_names ON class_and_property_elements_2_names USING btree (rid_s);


--
-- Name: indexrid_s_class_and_property_elements_2_note; Type: INDEX; Schema: public; Owner: postgres; Tablespace: 
--

CREATE UNIQUE INDEX indexrid_s_class_and_property_elements_2_note ON class_and_property_elements_2_note USING btree (rid_s);


--
-- Name: indexrid_s_class_and_property_elements_2_remark; Type: INDEX; Schema: public; Owner: postgres; Tablespace: 
--

CREATE UNIQUE INDEX indexrid_s_class_and_property_elements_2_remark ON class_and_property_elements_2_remark USING btree (rid_s);


--
-- Name: indexrid_s_class_and_property_elements_2_source_doc_of_definiti; Type: INDEX; Schema: public; Owner: postgres; Tablespace: 
--

CREATE UNIQUE INDEX indexrid_s_class_and_property_elements_2_source_doc_of_definiti ON class_and_property_elements_2_source_doc_of_definition USING btree (rid_s);


--
-- Name: indexrid_s_class_bsu_2_defined_by; Type: INDEX; Schema: public; Owner: postgres; Tablespace: 
--

CREATE UNIQUE INDEX indexrid_s_class_bsu_2_defined_by ON class_bsu_2_defined_by USING btree (rid_s);


--
-- Name: indexrid_s_class_bsu_related_content_2_dictionary_definition; Type: INDEX; Schema: public; Owner: postgres; Tablespace: 
--

CREATE UNIQUE INDEX indexrid_s_class_bsu_related_content_2_dictionary_definition ON class_bsu_related_content_2_dictionary_definition USING btree (rid_s);


--
-- Name: indexrid_s_class_bsu_relationship_2_related_tokens; Type: INDEX; Schema: public; Owner: postgres; Tablespace: 
--

CREATE INDEX indexrid_s_class_bsu_relationship_2_related_tokens ON class_bsu_relationship_2_related_tokens USING btree (rid_s);


--
-- Name: indexrid_s_class_bsu_relationship_2_relating_class; Type: INDEX; Schema: public; Owner: postgres; Tablespace: 
--

CREATE UNIQUE INDEX indexrid_s_class_bsu_relationship_2_relating_class ON class_bsu_relationship_2_relating_class USING btree (rid_s);


--
-- Name: indexrid_s_class_document_relationship_2_related_tokens; Type: INDEX; Schema: public; Owner: postgres; Tablespace: 
--

CREATE INDEX indexrid_s_class_document_relationship_2_related_tokens ON class_document_relationship_2_related_tokens USING btree (rid_s);


--
-- Name: indexrid_s_class_extension_2_dictionary_definition; Type: INDEX; Schema: public; Owner: postgres; Tablespace: 
--

CREATE UNIQUE INDEX indexrid_s_class_extension_2_dictionary_definition ON class_extension_2_dictionary_definition USING btree (rid_s);


--
-- Name: indexrid_s_class_instance_type_2_domain; Type: INDEX; Schema: public; Owner: postgres; Tablespace: 
--

CREATE UNIQUE INDEX indexrid_s_class_instance_type_2_domain ON class_instance_type_2_domain USING btree (rid_s);


--
-- Name: indexrid_s_class_related_dictionary_element_2_definition; Type: INDEX; Schema: public; Owner: postgres; Tablespace: 
--

CREATE UNIQUE INDEX indexrid_s_class_related_dictionary_element_2_definition ON class_related_dictionary_element_2_definition USING btree (rid_s);


--
-- Name: indexrid_s_class_related_dictionary_element_2_identified_by; Type: INDEX; Schema: public; Owner: postgres; Tablespace: 
--

CREATE UNIQUE INDEX indexrid_s_class_related_dictionary_element_2_identified_by ON class_related_dictionary_element_2_identified_by USING btree (rid_s);


--
-- Name: indexrid_s_class_related_dictionary_element_2_names; Type: INDEX; Schema: public; Owner: postgres; Tablespace: 
--

CREATE UNIQUE INDEX indexrid_s_class_related_dictionary_element_2_names ON class_related_dictionary_element_2_names USING btree (rid_s);


--
-- Name: indexrid_s_class_related_dictionary_element_2_note; Type: INDEX; Schema: public; Owner: postgres; Tablespace: 
--

CREATE UNIQUE INDEX indexrid_s_class_related_dictionary_element_2_note ON class_related_dictionary_element_2_note USING btree (rid_s);


--
-- Name: indexrid_s_class_related_dictionary_element_2_remark; Type: INDEX; Schema: public; Owner: postgres; Tablespace: 
--

CREATE UNIQUE INDEX indexrid_s_class_related_dictionary_element_2_remark ON class_related_dictionary_element_2_remark USING btree (rid_s);


--
-- Name: indexrid_s_class_value_assignment_2_super_class_defined_propert; Type: INDEX; Schema: public; Owner: postgres; Tablespace: 
--

CREATE UNIQUE INDEX indexrid_s_class_value_assignment_2_super_class_defined_propert ON class_value_assignment_2_super_class_defined_property USING btree (rid_s);


--
-- Name: indexrid_s_content_item_2_dictionary_definition; Type: INDEX; Schema: public; Owner: postgres; Tablespace: 
--

CREATE UNIQUE INDEX indexrid_s_content_item_2_dictionary_definition ON content_item_2_dictionary_definition USING btree (rid_s);


--
-- Name: indexrid_s_context_dependent_property_value_2_the_context; Type: INDEX; Schema: public; Owner: postgres; Tablespace: 
--

CREATE INDEX indexrid_s_context_dependent_property_value_2_the_context ON context_dependent_property_value_2_the_context USING btree (rid_s);


--
-- Name: indexrid_s_conversion_based_unit_2_conversion_factor; Type: INDEX; Schema: public; Owner: postgres; Tablespace: 
--

CREATE UNIQUE INDEX indexrid_s_conversion_based_unit_2_conversion_factor ON conversion_based_unit_2_conversion_factor USING btree (rid_s);


--
-- Name: indexrid_s_data_exchange_specification_identification_2_externa; Type: INDEX; Schema: public; Owner: postgres; Tablespace: 
--

CREATE INDEX indexrid_s_data_exchange_specification_identification_2_externa ON data_exchange_specification_identification_2_external_file_prot USING btree (rid_s);


--
-- Name: indexrid_s_data_type_bsu_2_name_scope; Type: INDEX; Schema: public; Owner: postgres; Tablespace: 
--

CREATE UNIQUE INDEX indexrid_s_data_type_bsu_2_name_scope ON data_type_bsu_2_name_scope USING btree (rid_s);


--
-- Name: indexrid_s_data_type_element_2_identified_by; Type: INDEX; Schema: public; Owner: postgres; Tablespace: 
--

CREATE UNIQUE INDEX indexrid_s_data_type_element_2_identified_by ON data_type_element_2_identified_by USING btree (rid_s);


--
-- Name: indexrid_s_data_type_element_2_names; Type: INDEX; Schema: public; Owner: postgres; Tablespace: 
--

CREATE UNIQUE INDEX indexrid_s_data_type_element_2_names ON data_type_element_2_names USING btree (rid_s);


--
-- Name: indexrid_s_data_type_element_2_type_definition; Type: INDEX; Schema: public; Owner: postgres; Tablespace: 
--

CREATE UNIQUE INDEX indexrid_s_data_type_element_2_type_definition ON data_type_element_2_type_definition USING btree (rid_s);


--
-- Name: indexrid_s_date_and_time_2_date_component; Type: INDEX; Schema: public; Owner: postgres; Tablespace: 
--

CREATE UNIQUE INDEX indexrid_s_date_and_time_2_date_component ON date_and_time_2_date_component USING btree (rid_s);


--
-- Name: indexrid_s_date_and_time_2_time_component; Type: INDEX; Schema: public; Owner: postgres; Tablespace: 
--

CREATE UNIQUE INDEX indexrid_s_date_and_time_2_time_component ON date_and_time_2_time_component USING btree (rid_s);


--
-- Name: indexrid_s_dependent_p_det_2_depends_on; Type: INDEX; Schema: public; Owner: postgres; Tablespace: 
--

CREATE INDEX indexrid_s_dependent_p_det_2_depends_on ON dependent_p_det_2_depends_on USING btree (rid_s);


--
-- Name: indexrid_s_derived_unit_2_elements; Type: INDEX; Schema: public; Owner: postgres; Tablespace: 
--

CREATE INDEX indexrid_s_derived_unit_2_elements ON derived_unit_2_elements USING btree (rid_s);


--
-- Name: indexrid_s_derived_unit_element_2_unit; Type: INDEX; Schema: public; Owner: postgres; Tablespace: 
--

CREATE UNIQUE INDEX indexrid_s_derived_unit_element_2_unit ON derived_unit_element_2_unit USING btree (rid_s);


--
-- Name: indexrid_s_description_attribute_2_described_item; Type: INDEX; Schema: public; Owner: postgres; Tablespace: 
--

CREATE UNIQUE INDEX indexrid_s_description_attribute_2_described_item ON description_attribute_2_described_item USING btree (rid_s);


--
-- Name: indexrid_s_dialogue_resource_2_used_protocol; Type: INDEX; Schema: public; Owner: postgres; Tablespace: 
--

CREATE UNIQUE INDEX indexrid_s_dialogue_resource_2_used_protocol ON dialogue_resource_2_used_protocol USING btree (rid_s);


--
-- Name: indexrid_s_dic_class_instance_2_case_of; Type: INDEX; Schema: public; Owner: postgres; Tablespace: 
--

CREATE INDEX indexrid_s_dic_class_instance_2_case_of ON dic_class_instance_2_case_of USING btree (rid_s);


--
-- Name: indexrid_s_dic_class_instance_2_class_def; Type: INDEX; Schema: public; Owner: postgres; Tablespace: 
--

CREATE UNIQUE INDEX indexrid_s_dic_class_instance_2_class_def ON dic_class_instance_2_class_def USING btree (rid_s);


--
-- Name: indexrid_s_dic_class_instance_2_properties; Type: INDEX; Schema: public; Owner: postgres; Tablespace: 
--

CREATE INDEX indexrid_s_dic_class_instance_2_properties ON dic_class_instance_2_properties USING btree (rid_s);


--
-- Name: indexrid_s_dic_f_view_instance_2_generated_by; Type: INDEX; Schema: public; Owner: postgres; Tablespace: 
--

CREATE UNIQUE INDEX indexrid_s_dic_f_view_instance_2_generated_by ON dic_f_view_instance_2_generated_by USING btree (rid_s);


--
-- Name: indexrid_s_dic_f_view_instance_2_view_of; Type: INDEX; Schema: public; Owner: postgres; Tablespace: 
--

CREATE UNIQUE INDEX indexrid_s_dic_f_view_instance_2_view_of ON dic_f_view_instance_2_view_of USING btree (rid_s);


--
-- Name: indexrid_s_dic_unit_2_string_representation; Type: INDEX; Schema: public; Owner: postgres; Tablespace: 
--

CREATE UNIQUE INDEX indexrid_s_dic_unit_2_string_representation ON dic_unit_2_string_representation USING btree (rid_s);


--
-- Name: indexrid_s_dic_unit_2_structured_representation; Type: INDEX; Schema: public; Owner: postgres; Tablespace: 
--

CREATE UNIQUE INDEX indexrid_s_dic_unit_2_structured_representation ON dic_unit_2_structured_representation USING btree (rid_s);


--
-- Name: indexrid_s_dic_value_2_meaning; Type: INDEX; Schema: public; Owner: postgres; Tablespace: 
--

CREATE UNIQUE INDEX indexrid_s_dic_value_2_meaning ON dic_value_2_meaning USING btree (rid_s);


--
-- Name: indexrid_s_dic_value_2_source_doc_of_value; Type: INDEX; Schema: public; Owner: postgres; Tablespace: 
--

CREATE UNIQUE INDEX indexrid_s_dic_value_2_source_doc_of_value ON dic_value_2_source_doc_of_value USING btree (rid_s);


--
-- Name: indexrid_s_dic_value_2_value_code; Type: INDEX; Schema: public; Owner: postgres; Tablespace: 
--

CREATE UNIQUE INDEX indexrid_s_dic_value_2_value_code ON dic_value_2_value_code USING btree (rid_s);


--
-- Name: indexrid_s_dictionary_2_a_posteriori_semantic_relationships; Type: INDEX; Schema: public; Owner: postgres; Tablespace: 
--

CREATE INDEX indexrid_s_dictionary_2_a_posteriori_semantic_relationships ON dictionary_2_a_posteriori_semantic_relationships USING btree (rid_s);


--
-- Name: indexrid_s_dictionary_2_base_protocols; Type: INDEX; Schema: public; Owner: postgres; Tablespace: 
--

CREATE INDEX indexrid_s_dictionary_2_base_protocols ON dictionary_2_base_protocols USING btree (rid_s);


--
-- Name: indexrid_s_dictionary_2_contained_classes; Type: INDEX; Schema: public; Owner: postgres; Tablespace: 
--

CREATE INDEX indexrid_s_dictionary_2_contained_classes ON dictionary_2_contained_classes USING btree (rid_s);


--
-- Name: indexrid_s_dictionary_2_identified_by; Type: INDEX; Schema: public; Owner: postgres; Tablespace: 
--

CREATE UNIQUE INDEX indexrid_s_dictionary_2_identified_by ON dictionary_2_identified_by USING btree (rid_s);


--
-- Name: indexrid_s_dictionary_2_library_structure; Type: INDEX; Schema: public; Owner: postgres; Tablespace: 
--

CREATE UNIQUE INDEX indexrid_s_dictionary_2_library_structure ON dictionary_2_library_structure USING btree (rid_s);


--
-- Name: indexrid_s_dictionary_2_names; Type: INDEX; Schema: public; Owner: postgres; Tablespace: 
--

CREATE UNIQUE INDEX indexrid_s_dictionary_2_names ON dictionary_2_names USING btree (rid_s);


--
-- Name: indexrid_s_dictionary_2_note; Type: INDEX; Schema: public; Owner: postgres; Tablespace: 
--

CREATE UNIQUE INDEX indexrid_s_dictionary_2_note ON dictionary_2_note USING btree (rid_s);


--
-- Name: indexrid_s_dictionary_2_referenced_dictionaries; Type: INDEX; Schema: public; Owner: postgres; Tablespace: 
--

CREATE INDEX indexrid_s_dictionary_2_referenced_dictionaries ON dictionary_2_referenced_dictionaries USING btree (rid_s);


--
-- Name: indexrid_s_dictionary_2_referred_suppliers; Type: INDEX; Schema: public; Owner: postgres; Tablespace: 
--

CREATE INDEX indexrid_s_dictionary_2_referred_suppliers ON dictionary_2_referred_suppliers USING btree (rid_s);


--
-- Name: indexrid_s_dictionary_2_remark; Type: INDEX; Schema: public; Owner: postgres; Tablespace: 
--

CREATE UNIQUE INDEX indexrid_s_dictionary_2_remark ON dictionary_2_remark USING btree (rid_s);


--
-- Name: indexrid_s_dictionary_2_responsible_supplier; Type: INDEX; Schema: public; Owner: postgres; Tablespace: 
--

CREATE UNIQUE INDEX indexrid_s_dictionary_2_responsible_supplier ON dictionary_2_responsible_supplier USING btree (rid_s);


--
-- Name: indexrid_s_dictionary_2_supported_vep; Type: INDEX; Schema: public; Owner: postgres; Tablespace: 
--

CREATE INDEX indexrid_s_dictionary_2_supported_vep ON dictionary_2_supported_vep USING btree (rid_s);


--
-- Name: indexrid_s_dictionary_2_updates; Type: INDEX; Schema: public; Owner: postgres; Tablespace: 
--

CREATE UNIQUE INDEX indexrid_s_dictionary_2_updates ON dictionary_2_updates USING btree (rid_s);


--
-- Name: indexrid_s_dictionary_element_2_identified_by; Type: INDEX; Schema: public; Owner: postgres; Tablespace: 
--

CREATE UNIQUE INDEX indexrid_s_dictionary_element_2_identified_by ON dictionary_element_2_identified_by USING btree (rid_s);


--
-- Name: indexrid_s_dictionary_element_2_time_stamps; Type: INDEX; Schema: public; Owner: postgres; Tablespace: 
--

CREATE UNIQUE INDEX indexrid_s_dictionary_element_2_time_stamps ON dictionary_element_2_time_stamps USING btree (rid_s);


--
-- Name: indexrid_s_dictionary_identification_2_defined_by; Type: INDEX; Schema: public; Owner: postgres; Tablespace: 
--

CREATE UNIQUE INDEX indexrid_s_dictionary_identification_2_defined_by ON dictionary_identification_2_defined_by USING btree (rid_s);


--
-- Name: indexrid_s_document_bsu_2_name_scope; Type: INDEX; Schema: public; Owner: postgres; Tablespace: 
--

CREATE UNIQUE INDEX indexrid_s_document_bsu_2_name_scope ON document_bsu_2_name_scope USING btree (rid_s);


--
-- Name: indexrid_s_document_content_2_dictionary_definition; Type: INDEX; Schema: public; Owner: postgres; Tablespace: 
--

CREATE UNIQUE INDEX indexrid_s_document_content_2_dictionary_definition ON document_content_2_dictionary_definition USING btree (rid_s);


--
-- Name: indexrid_s_document_content_2_used_protocol; Type: INDEX; Schema: public; Owner: postgres; Tablespace: 
--

CREATE UNIQUE INDEX indexrid_s_document_content_2_used_protocol ON document_content_2_used_protocol USING btree (rid_s);


--
-- Name: indexrid_s_document_element_2_authors; Type: INDEX; Schema: public; Owner: postgres; Tablespace: 
--

CREATE INDEX indexrid_s_document_element_2_authors ON document_element_2_authors USING btree (rid_s);


--
-- Name: indexrid_s_document_element_2_identified_by; Type: INDEX; Schema: public; Owner: postgres; Tablespace: 
--

CREATE UNIQUE INDEX indexrid_s_document_element_2_identified_by ON document_element_2_identified_by USING btree (rid_s);


--
-- Name: indexrid_s_document_element_2_publishing_organisation; Type: INDEX; Schema: public; Owner: postgres; Tablespace: 
--

CREATE UNIQUE INDEX indexrid_s_document_element_2_publishing_organisation ON document_element_2_publishing_organisation USING btree (rid_s);


--
-- Name: indexrid_s_document_element_with_translated_http_access_2_langu; Type: INDEX; Schema: public; Owner: postgres; Tablespace: 
--

CREATE UNIQUE INDEX indexrid_s_document_element_with_translated_http_access_2_langu ON document_element_with_translated_http_access_2_languages USING btree (rid_s);


--
-- Name: indexrid_s_entity_instance_type_for_aggregate_2_type_structure; Type: INDEX; Schema: public; Owner: postgres; Tablespace: 
--

CREATE UNIQUE INDEX indexrid_s_entity_instance_type_for_aggregate_2_type_structure ON entity_instance_type_for_aggregate_2_type_structure USING btree (rid_s);


--
-- Name: indexrid_s_explicit_functional_model_class_extension_2_availabl; Type: INDEX; Schema: public; Owner: postgres; Tablespace: 
--

CREATE UNIQUE INDEX indexrid_s_explicit_functional_model_class_extension_2_availabl ON explicit_functional_model_class_extension_2_available_views_ico USING btree (rid_s);


--
-- Name: indexrid_s_explicit_functional_model_class_extension_2_context_; Type: INDEX; Schema: public; Owner: postgres; Tablespace: 
--

CREATE INDEX indexrid_s_explicit_functional_model_class_extension_2_context_ ON explicit_functional_model_class_extension_2_context_param_icon USING btree (rid_s);


--
-- Name: indexrid_s_explicit_functional_model_class_extension_2_measure_; Type: INDEX; Schema: public; Owner: postgres; Tablespace: 
--

CREATE UNIQUE INDEX indexrid_s_explicit_functional_model_class_extension_2_measure_ ON explicit_functional_model_class_extension_2_measure_unit USING btree (rid_s);


--
-- Name: indexrid_s_explicit_functional_model_class_extension_2_referenc; Type: INDEX; Schema: public; Owner: postgres; Tablespace: 
--

CREATE UNIQUE INDEX indexrid_s_explicit_functional_model_class_extension_2_referenc ON explicit_functional_model_class_extension_2_referenced_represen USING btree (rid_s);


--
-- Name: indexrid_s_explicit_functional_model_class_extension_2_required; Type: INDEX; Schema: public; Owner: postgres; Tablespace: 
--

CREATE INDEX indexrid_s_explicit_functional_model_class_extension_2_required ON explicit_functional_model_class_extension_2_required_item_value USING btree (rid_s);


--
-- Name: indexrid_s_explicit_item_class_extension_2_access_icon; Type: INDEX; Schema: public; Owner: postgres; Tablespace: 
--

CREATE UNIQUE INDEX indexrid_s_explicit_item_class_extension_2_access_icon ON explicit_item_class_extension_2_access_icon USING btree (rid_s);


--
-- Name: indexrid_s_explicit_item_class_extension_2_class_presentation_o; Type: INDEX; Schema: public; Owner: postgres; Tablespace: 
--

CREATE INDEX indexrid_s_explicit_item_class_extension_2_class_presentation_o ON explicit_item_class_extension_2_class_presentation_on_paper USING btree (rid_s);


--
-- Name: indexrid_s_explicit_item_class_extension_2_content_msg; Type: INDEX; Schema: public; Owner: postgres; Tablespace: 
--

CREATE UNIQUE INDEX indexrid_s_explicit_item_class_extension_2_content_msg ON explicit_item_class_extension_2_content_msg USING btree (rid_s);


--
-- Name: indexrid_s_explicit_item_class_extension_2_create_icon; Type: INDEX; Schema: public; Owner: postgres; Tablespace: 
--

CREATE INDEX indexrid_s_explicit_item_class_extension_2_create_icon ON explicit_item_class_extension_2_create_icon USING btree (rid_s);


--
-- Name: indexrid_s_explicit_item_class_extension_2_create_msg; Type: INDEX; Schema: public; Owner: postgres; Tablespace: 
--

CREATE UNIQUE INDEX indexrid_s_explicit_item_class_extension_2_create_msg ON explicit_item_class_extension_2_create_msg USING btree (rid_s);


--
-- Name: indexrid_s_explicit_model_class_extension_2_instance_identifica; Type: INDEX; Schema: public; Owner: postgres; Tablespace: 
--

CREATE INDEX indexrid_s_explicit_model_class_extension_2_instance_identifica ON explicit_model_class_extension_2_instance_identification USING btree (rid_s);


--
-- Name: indexrid_s_explicit_model_class_extension_2_population; Type: INDEX; Schema: public; Owner: postgres; Tablespace: 
--

CREATE INDEX indexrid_s_explicit_model_class_extension_2_population ON explicit_model_class_extension_2_population USING btree (rid_s);


--
-- Name: indexrid_s_external_content_2_consists_of; Type: INDEX; Schema: public; Owner: postgres; Tablespace: 
--

CREATE INDEX indexrid_s_external_content_2_consists_of ON external_content_2_consists_of USING btree (rid_s);


--
-- Name: indexrid_s_external_file_protocol_2_base_protocol; Type: INDEX; Schema: public; Owner: postgres; Tablespace: 
--

CREATE UNIQUE INDEX indexrid_s_external_file_protocol_2_base_protocol ON external_file_protocol_2_base_protocol USING btree (rid_s);


--
-- Name: indexrid_s_external_file_protocol_2_designation; Type: INDEX; Schema: public; Owner: postgres; Tablespace: 
--

CREATE UNIQUE INDEX indexrid_s_external_file_protocol_2_designation ON external_file_protocol_2_designation USING btree (rid_s);


--
-- Name: indexrid_s_external_file_protocol_2_organisation; Type: INDEX; Schema: public; Owner: postgres; Tablespace: 
--

CREATE UNIQUE INDEX indexrid_s_external_file_protocol_2_organisation ON external_file_protocol_2_organisation USING btree (rid_s);


--
-- Name: indexrid_s_external_item_2_content; Type: INDEX; Schema: public; Owner: postgres; Tablespace: 
--

CREATE UNIQUE INDEX indexrid_s_external_item_2_content ON external_item_2_content USING btree (rid_s);


--
-- Name: indexrid_s_external_item_2_used_protocol; Type: INDEX; Schema: public; Owner: postgres; Tablespace: 
--

CREATE UNIQUE INDEX indexrid_s_external_item_2_used_protocol ON external_item_2_used_protocol USING btree (rid_s);


--
-- Name: indexrid_s_fm_class_view_of_2_imported_documents_from_item; Type: INDEX; Schema: public; Owner: postgres; Tablespace: 
--

CREATE INDEX indexrid_s_fm_class_view_of_2_imported_documents_from_item ON fm_class_view_of_2_imported_documents_from_item USING btree (rid_s);


--
-- Name: indexrid_s_fm_class_view_of_2_imported_properties_from_item; Type: INDEX; Schema: public; Owner: postgres; Tablespace: 
--

CREATE INDEX indexrid_s_fm_class_view_of_2_imported_properties_from_item ON fm_class_view_of_2_imported_properties_from_item USING btree (rid_s);


--
-- Name: indexrid_s_fm_class_view_of_2_imported_tables_from_item; Type: INDEX; Schema: public; Owner: postgres; Tablespace: 
--

CREATE INDEX indexrid_s_fm_class_view_of_2_imported_tables_from_item ON fm_class_view_of_2_imported_tables_from_item USING btree (rid_s);


--
-- Name: indexrid_s_fm_class_view_of_2_imported_types_from_item; Type: INDEX; Schema: public; Owner: postgres; Tablespace: 
--

CREATE INDEX indexrid_s_fm_class_view_of_2_imported_types_from_item ON fm_class_view_of_2_imported_types_from_item USING btree (rid_s);


--
-- Name: indexrid_s_fm_class_view_of_2_view_of; Type: INDEX; Schema: public; Owner: postgres; Tablespace: 
--

CREATE UNIQUE INDEX indexrid_s_fm_class_view_of_2_view_of ON fm_class_view_of_2_view_of USING btree (rid_s);


--
-- Name: indexrid_s_functional_view_class_2_view_control_variables; Type: INDEX; Schema: public; Owner: postgres; Tablespace: 
--

CREATE INDEX indexrid_s_functional_view_class_2_view_control_variables ON functional_view_class_2_view_control_variables USING btree (rid_s);


--
-- Name: indexrid_s_functional_view_class_2_view_properties; Type: INDEX; Schema: public; Owner: postgres; Tablespace: 
--

CREATE INDEX indexrid_s_functional_view_class_2_view_properties ON functional_view_class_2_view_properties USING btree (rid_s);


--
-- Name: indexrid_s_global_unit_assigned_context_2_units; Type: INDEX; Schema: public; Owner: postgres; Tablespace: 
--

CREATE INDEX indexrid_s_global_unit_assigned_context_2_units ON global_unit_assigned_context_2_units USING btree (rid_s);


--
-- Name: indexrid_s_http_class_directory_2_class; Type: INDEX; Schema: public; Owner: postgres; Tablespace: 
--

CREATE UNIQUE INDEX indexrid_s_http_class_directory_2_class ON http_class_directory_2_class USING btree (rid_s);


--
-- Name: indexrid_s_http_file_2_http_directory; Type: INDEX; Schema: public; Owner: postgres; Tablespace: 
--

CREATE UNIQUE INDEX indexrid_s_http_file_2_http_directory ON http_file_2_http_directory USING btree (rid_s);


--
-- Name: indexrid_s_id_attribute_2_identified_item; Type: INDEX; Schema: public; Owner: postgres; Tablespace: 
--

CREATE UNIQUE INDEX indexrid_s_id_attribute_2_identified_item ON id_attribute_2_identified_item USING btree (rid_s);


--
-- Name: indexrid_s_illustration_2_height; Type: INDEX; Schema: public; Owner: postgres; Tablespace: 
--

CREATE UNIQUE INDEX indexrid_s_illustration_2_height ON illustration_2_height USING btree (rid_s);


--
-- Name: indexrid_s_illustration_2_width; Type: INDEX; Schema: public; Owner: postgres; Tablespace: 
--

CREATE UNIQUE INDEX indexrid_s_illustration_2_width ON illustration_2_width USING btree (rid_s);


--
-- Name: indexrid_s_int_measure_type_2_unit; Type: INDEX; Schema: public; Owner: postgres; Tablespace: 
--

CREATE UNIQUE INDEX indexrid_s_int_measure_type_2_unit ON int_measure_type_2_unit USING btree (rid_s);


--
-- Name: indexrid_s_item_class_2_class_constant_values; Type: INDEX; Schema: public; Owner: postgres; Tablespace: 
--

CREATE INDEX indexrid_s_item_class_2_class_constant_values ON item_class_2_class_constant_values USING btree (rid_s);


--
-- Name: indexrid_s_item_class_2_simplified_drawing; Type: INDEX; Schema: public; Owner: postgres; Tablespace: 
--

CREATE UNIQUE INDEX indexrid_s_item_class_2_simplified_drawing ON item_class_2_simplified_drawing USING btree (rid_s);


--
-- Name: indexrid_s_item_class_2_sub_class_properties; Type: INDEX; Schema: public; Owner: postgres; Tablespace: 
--

CREATE INDEX indexrid_s_item_class_2_sub_class_properties ON item_class_2_sub_class_properties USING btree (rid_s);


--
-- Name: indexrid_s_item_class_case_of_2_imported_documents; Type: INDEX; Schema: public; Owner: postgres; Tablespace: 
--

CREATE INDEX indexrid_s_item_class_case_of_2_imported_documents ON item_class_case_of_2_imported_documents USING btree (rid_s);


--
-- Name: indexrid_s_item_class_case_of_2_imported_properties; Type: INDEX; Schema: public; Owner: postgres; Tablespace: 
--

CREATE INDEX indexrid_s_item_class_case_of_2_imported_properties ON item_class_case_of_2_imported_properties USING btree (rid_s);


--
-- Name: indexrid_s_item_class_case_of_2_imported_tables; Type: INDEX; Schema: public; Owner: postgres; Tablespace: 
--

CREATE INDEX indexrid_s_item_class_case_of_2_imported_tables ON item_class_case_of_2_imported_tables USING btree (rid_s);


--
-- Name: indexrid_s_item_class_case_of_2_imported_types; Type: INDEX; Schema: public; Owner: postgres; Tablespace: 
--

CREATE INDEX indexrid_s_item_class_case_of_2_imported_types ON item_class_case_of_2_imported_types USING btree (rid_s);


--
-- Name: indexrid_s_item_class_case_of_2_is_case_of; Type: INDEX; Schema: public; Owner: postgres; Tablespace: 
--

CREATE INDEX indexrid_s_item_class_case_of_2_is_case_of ON item_class_case_of_2_is_case_of USING btree (rid_s);


--
-- Name: indexrid_s_item_names_2_icon; Type: INDEX; Schema: public; Owner: postgres; Tablespace: 
--

CREATE UNIQUE INDEX indexrid_s_item_names_2_icon ON item_names_2_icon USING btree (rid_s);


--
-- Name: indexrid_s_item_names_2_languages; Type: INDEX; Schema: public; Owner: postgres; Tablespace: 
--

CREATE UNIQUE INDEX indexrid_s_item_names_2_languages ON item_names_2_languages USING btree (rid_s);


--
-- Name: indexrid_s_item_names_2_preferred_name; Type: INDEX; Schema: public; Owner: postgres; Tablespace: 
--

CREATE UNIQUE INDEX indexrid_s_item_names_2_preferred_name ON item_names_2_preferred_name USING btree (rid_s);


--
-- Name: indexrid_s_item_names_2_short_name; Type: INDEX; Schema: public; Owner: postgres; Tablespace: 
--

CREATE UNIQUE INDEX indexrid_s_item_names_2_short_name ON item_names_2_short_name USING btree (rid_s);


--
-- Name: indexrid_s_item_names_2_synonymous_names; Type: INDEX; Schema: public; Owner: postgres; Tablespace: 
--

CREATE INDEX indexrid_s_item_names_2_synonymous_names ON item_names_2_synonymous_names USING btree (rid_s);


--
-- Name: indexrid_s_language_specific_content_2_content_files; Type: INDEX; Schema: public; Owner: postgres; Tablespace: 
--

CREATE INDEX indexrid_s_language_specific_content_2_content_files ON language_specific_content_2_content_files USING btree (rid_s);


--
-- Name: indexrid_s_language_specific_content_2_main_file; Type: INDEX; Schema: public; Owner: postgres; Tablespace: 
--

CREATE UNIQUE INDEX indexrid_s_language_specific_content_2_main_file ON language_specific_content_2_main_file USING btree (rid_s);


--
-- Name: indexrid_s_level_type_2_value_type; Type: INDEX; Schema: public; Owner: postgres; Tablespace: 
--

CREATE UNIQUE INDEX indexrid_s_level_type_2_value_type ON level_type_2_value_type USING btree (rid_s);


--
-- Name: indexrid_s_lib_item_instance_2_supplier_designation; Type: INDEX; Schema: public; Owner: postgres; Tablespace: 
--

CREATE UNIQUE INDEX indexrid_s_lib_item_instance_2_supplier_designation ON lib_item_instance_2_supplier_designation USING btree (rid_s);


--
-- Name: indexrid_s_lib_item_instance_2_user_designation; Type: INDEX; Schema: public; Owner: postgres; Tablespace: 
--

CREATE UNIQUE INDEX indexrid_s_lib_item_instance_2_user_designation ON lib_item_instance_2_user_designation USING btree (rid_s);


--
-- Name: indexrid_s_library_2_linked_interfaces; Type: INDEX; Schema: public; Owner: postgres; Tablespace: 
--

CREATE INDEX indexrid_s_library_2_linked_interfaces ON library_2_linked_interfaces USING btree (rid_s);


--
-- Name: indexrid_s_linked_interface_program_protocol_2_link_libraries; Type: INDEX; Schema: public; Owner: postgres; Tablespace: 
--

CREATE INDEX indexrid_s_linked_interface_program_protocol_2_link_libraries ON linked_interface_program_protocol_2_link_libraries USING btree (rid_s);


--
-- Name: indexrid_s_list_value_2_values; Type: INDEX; Schema: public; Owner: postgres; Tablespace: 
--

CREATE INDEX indexrid_s_list_value_2_values ON list_value_2_values USING btree (rid_s);


--
-- Name: indexrid_s_local_time_2_zone; Type: INDEX; Schema: public; Owner: postgres; Tablespace: 
--

CREATE UNIQUE INDEX indexrid_s_local_time_2_zone ON local_time_2_zone USING btree (rid_s);


--
-- Name: indexrid_s_measure_with_unit_2_unit_component; Type: INDEX; Schema: public; Owner: postgres; Tablespace: 
--

CREATE UNIQUE INDEX indexrid_s_measure_with_unit_2_unit_component ON measure_with_unit_2_unit_component USING btree (rid_s);


--
-- Name: indexrid_s_measure_with_unit_2_value_component; Type: INDEX; Schema: public; Owner: postgres; Tablespace: 
--

CREATE UNIQUE INDEX indexrid_s_measure_with_unit_2_value_component ON measure_with_unit_2_value_component USING btree (rid_s);


--
-- Name: indexrid_s_model_class_extension_2_classification; Type: INDEX; Schema: public; Owner: postgres; Tablespace: 
--

CREATE INDEX indexrid_s_model_class_extension_2_classification ON model_class_extension_2_classification USING btree (rid_s);


--
-- Name: indexrid_s_model_class_extension_2_recommended_presentation; Type: INDEX; Schema: public; Owner: postgres; Tablespace: 
--

CREATE INDEX indexrid_s_model_class_extension_2_recommended_presentation ON model_class_extension_2_recommended_presentation USING btree (rid_s);


--
-- Name: indexrid_s_model_class_extension_2_referenced_external_items; Type: INDEX; Schema: public; Owner: postgres; Tablespace: 
--

CREATE INDEX indexrid_s_model_class_extension_2_referenced_external_items ON model_class_extension_2_referenced_external_items USING btree (rid_s);


--
-- Name: indexrid_s_model_class_extension_2_referenced_view_exchange_pro; Type: INDEX; Schema: public; Owner: postgres; Tablespace: 
--

CREATE INDEX indexrid_s_model_class_extension_2_referenced_view_exchange_pro ON model_class_extension_2_referenced_view_exchange_protocol USING btree (rid_s);


--
-- Name: indexrid_s_model_class_extension_2_used_protocols; Type: INDEX; Schema: public; Owner: postgres; Tablespace: 
--

CREATE INDEX indexrid_s_model_class_extension_2_used_protocols ON model_class_extension_2_used_protocols USING btree (rid_s);


--
-- Name: indexrid_s_name_attribute_2_named_item; Type: INDEX; Schema: public; Owner: postgres; Tablespace: 
--

CREATE UNIQUE INDEX indexrid_s_name_attribute_2_named_item ON name_attribute_2_named_item USING btree (rid_s);


--
-- Name: indexrid_s_named_type_2_referred_type; Type: INDEX; Schema: public; Owner: postgres; Tablespace: 
--

CREATE UNIQUE INDEX indexrid_s_named_type_2_referred_type ON named_type_2_referred_type USING btree (rid_s);


--
-- Name: indexrid_s_named_unit_2_dimensions; Type: INDEX; Schema: public; Owner: postgres; Tablespace: 
--

CREATE UNIQUE INDEX indexrid_s_named_unit_2_dimensions ON named_unit_2_dimensions USING btree (rid_s);


--
-- Name: indexrid_s_non_quantitative_code_type_2_domain; Type: INDEX; Schema: public; Owner: postgres; Tablespace: 
--

CREATE UNIQUE INDEX indexrid_s_non_quantitative_code_type_2_domain ON non_quantitative_code_type_2_domain USING btree (rid_s);


--
-- Name: indexrid_s_non_quantitative_int_type_2_domain; Type: INDEX; Schema: public; Owner: postgres; Tablespace: 
--

CREATE UNIQUE INDEX indexrid_s_non_quantitative_int_type_2_domain ON non_quantitative_int_type_2_domain USING btree (rid_s);


--
-- Name: indexrid_s_placement_2_location; Type: INDEX; Schema: public; Owner: postgres; Tablespace: 
--

CREATE UNIQUE INDEX indexrid_s_placement_2_location ON placement_2_location USING btree (rid_s);


--
-- Name: indexrid_s_program_library_bsu_2_defined_by; Type: INDEX; Schema: public; Owner: postgres; Tablespace: 
--

CREATE UNIQUE INDEX indexrid_s_program_library_bsu_2_defined_by ON program_library_bsu_2_defined_by USING btree (rid_s);


--
-- Name: indexrid_s_program_library_content_2_dictionary_definition; Type: INDEX; Schema: public; Owner: postgres; Tablespace: 
--

CREATE UNIQUE INDEX indexrid_s_program_library_content_2_dictionary_definition ON program_library_content_2_dictionary_definition USING btree (rid_s);


--
-- Name: indexrid_s_program_library_content_2_used_protocol; Type: INDEX; Schema: public; Owner: postgres; Tablespace: 
--

CREATE UNIQUE INDEX indexrid_s_program_library_content_2_used_protocol ON program_library_content_2_used_protocol USING btree (rid_s);


--
-- Name: indexrid_s_program_library_element_2_identified_by; Type: INDEX; Schema: public; Owner: postgres; Tablespace: 
--

CREATE UNIQUE INDEX indexrid_s_program_library_element_2_identified_by ON program_library_element_2_identified_by USING btree (rid_s);


--
-- Name: indexrid_s_program_reference_2_in_parameters; Type: INDEX; Schema: public; Owner: postgres; Tablespace: 
--

CREATE INDEX indexrid_s_program_reference_2_in_parameters ON program_reference_2_in_parameters USING btree (rid_s);


--
-- Name: indexrid_s_program_reference_2_inout_parameters; Type: INDEX; Schema: public; Owner: postgres; Tablespace: 
--

CREATE INDEX indexrid_s_program_reference_2_inout_parameters ON program_reference_2_inout_parameters USING btree (rid_s);


--
-- Name: indexrid_s_program_reference_2_out_parameters; Type: INDEX; Schema: public; Owner: postgres; Tablespace: 
--

CREATE INDEX indexrid_s_program_reference_2_out_parameters ON program_reference_2_out_parameters USING btree (rid_s);


--
-- Name: indexrid_s_program_reference_2_used_protocol; Type: INDEX; Schema: public; Owner: postgres; Tablespace: 
--

CREATE UNIQUE INDEX indexrid_s_program_reference_2_used_protocol ON program_reference_2_used_protocol USING btree (rid_s);


--
-- Name: indexrid_s_property_bsu_2_name_scope; Type: INDEX; Schema: public; Owner: postgres; Tablespace: 
--

CREATE UNIQUE INDEX indexrid_s_property_bsu_2_name_scope ON property_bsu_2_name_scope USING btree (rid_s);


--
-- Name: indexrid_s_property_classification_2_prop_def; Type: INDEX; Schema: public; Owner: postgres; Tablespace: 
--

CREATE UNIQUE INDEX indexrid_s_property_classification_2_prop_def ON property_classification_2_prop_def USING btree (rid_s);


--
-- Name: indexrid_s_property_det_2_domain; Type: INDEX; Schema: public; Owner: postgres; Tablespace: 
--

CREATE UNIQUE INDEX indexrid_s_property_det_2_domain ON property_det_2_domain USING btree (rid_s);


--
-- Name: indexrid_s_property_det_2_figure; Type: INDEX; Schema: public; Owner: postgres; Tablespace: 
--

CREATE UNIQUE INDEX indexrid_s_property_det_2_figure ON property_det_2_figure USING btree (rid_s);


--
-- Name: indexrid_s_property_det_2_formula; Type: INDEX; Schema: public; Owner: postgres; Tablespace: 
--

CREATE UNIQUE INDEX indexrid_s_property_det_2_formula ON property_det_2_formula USING btree (rid_s);


--
-- Name: indexrid_s_property_det_2_identified_by; Type: INDEX; Schema: public; Owner: postgres; Tablespace: 
--

CREATE UNIQUE INDEX indexrid_s_property_det_2_identified_by ON property_det_2_identified_by USING btree (rid_s);


--
-- Name: indexrid_s_property_det_2_preferred_symbol; Type: INDEX; Schema: public; Owner: postgres; Tablespace: 
--

CREATE UNIQUE INDEX indexrid_s_property_det_2_preferred_symbol ON property_det_2_preferred_symbol USING btree (rid_s);


--
-- Name: indexrid_s_property_det_2_synonymous_symbols; Type: INDEX; Schema: public; Owner: postgres; Tablespace: 
--

CREATE INDEX indexrid_s_property_det_2_synonymous_symbols ON property_det_2_synonymous_symbols USING btree (rid_s);


--
-- Name: indexrid_s_property_value_2_its_value; Type: INDEX; Schema: public; Owner: postgres; Tablespace: 
--

CREATE UNIQUE INDEX indexrid_s_property_value_2_its_value ON property_value_2_its_value USING btree (rid_s);


--
-- Name: indexrid_s_property_value_2_prop_def; Type: INDEX; Schema: public; Owner: postgres; Tablespace: 
--

CREATE UNIQUE INDEX indexrid_s_property_value_2_prop_def ON property_value_2_prop_def USING btree (rid_s);


--
-- Name: indexrid_s_property_value_recommended_presentation_2_prop_def; Type: INDEX; Schema: public; Owner: postgres; Tablespace: 
--

CREATE UNIQUE INDEX indexrid_s_property_value_recommended_presentation_2_prop_def ON property_value_recommended_presentation_2_prop_def USING btree (rid_s);


--
-- Name: indexrid_s_property_value_recommended_presentation_2_recommende; Type: INDEX; Schema: public; Owner: postgres; Tablespace: 
--

CREATE UNIQUE INDEX indexrid_s_property_value_recommended_presentation_2_recommende ON property_value_recommended_presentation_2_recommended_presentat USING btree (rid_s);


--
-- Name: indexrid_s_real_measure_type_2_unit; Type: INDEX; Schema: public; Owner: postgres; Tablespace: 
--

CREATE UNIQUE INDEX indexrid_s_real_measure_type_2_unit ON real_measure_type_2_unit USING btree (rid_s);


--
-- Name: indexrid_s_referenced_document_2_document_reference; Type: INDEX; Schema: public; Owner: postgres; Tablespace: 
--

CREATE UNIQUE INDEX indexrid_s_referenced_document_2_document_reference ON referenced_document_2_document_reference USING btree (rid_s);


--
-- Name: indexrid_s_referenced_graphics_2_graphics_reference; Type: INDEX; Schema: public; Owner: postgres; Tablespace: 
--

CREATE UNIQUE INDEX indexrid_s_referenced_graphics_2_graphics_reference ON referenced_graphics_2_graphics_reference USING btree (rid_s);


--
-- Name: indexrid_s_representation_2_context_of_items; Type: INDEX; Schema: public; Owner: postgres; Tablespace: 
--

CREATE UNIQUE INDEX indexrid_s_representation_2_context_of_items ON representation_2_context_of_items USING btree (rid_s);


--
-- Name: indexrid_s_representation_2_items; Type: INDEX; Schema: public; Owner: postgres; Tablespace: 
--

CREATE INDEX indexrid_s_representation_2_items ON representation_2_items USING btree (rid_s);


--
-- Name: indexrid_s_representation_reference_2_used_protocol; Type: INDEX; Schema: public; Owner: postgres; Tablespace: 
--

CREATE UNIQUE INDEX indexrid_s_representation_reference_2_used_protocol ON representation_reference_2_used_protocol USING btree (rid_s);


--
-- Name: indexrid_s_set_value_2_values; Type: INDEX; Schema: public; Owner: postgres; Tablespace: 
--

CREATE INDEX indexrid_s_set_value_2_values ON set_value_2_values USING btree (rid_s);


--
-- Name: indexrid_s_set_with_subset_constraint_value_2_values; Type: INDEX; Schema: public; Owner: postgres; Tablespace: 
--

CREATE INDEX indexrid_s_set_with_subset_constraint_value_2_values ON set_with_subset_constraint_value_2_values USING btree (rid_s);


--
-- Name: indexrid_s_simple_program_protocol_2_compiler_supplier; Type: INDEX; Schema: public; Owner: postgres; Tablespace: 
--

CREATE UNIQUE INDEX indexrid_s_simple_program_protocol_2_compiler_supplier ON simple_program_protocol_2_compiler_supplier USING btree (rid_s);


--
-- Name: indexrid_s_supplier_bsu_related_content_2_dictionary_definition; Type: INDEX; Schema: public; Owner: postgres; Tablespace: 
--

CREATE UNIQUE INDEX indexrid_s_supplier_bsu_related_content_2_dictionary_definition ON supplier_bsu_related_content_2_dictionary_definition USING btree (rid_s);


--
-- Name: indexrid_s_supplier_bsu_relationship_2_related_tokens; Type: INDEX; Schema: public; Owner: postgres; Tablespace: 
--

CREATE INDEX indexrid_s_supplier_bsu_relationship_2_related_tokens ON supplier_bsu_relationship_2_related_tokens USING btree (rid_s);


--
-- Name: indexrid_s_supplier_bsu_relationship_2_relating_supplier; Type: INDEX; Schema: public; Owner: postgres; Tablespace: 
--

CREATE UNIQUE INDEX indexrid_s_supplier_bsu_relationship_2_relating_supplier ON supplier_bsu_relationship_2_relating_supplier USING btree (rid_s);


--
-- Name: indexrid_s_supplier_element_2_addr; Type: INDEX; Schema: public; Owner: postgres; Tablespace: 
--

CREATE UNIQUE INDEX indexrid_s_supplier_element_2_addr ON supplier_element_2_addr USING btree (rid_s);


--
-- Name: indexrid_s_supplier_element_2_identified_by; Type: INDEX; Schema: public; Owner: postgres; Tablespace: 
--

CREATE UNIQUE INDEX indexrid_s_supplier_element_2_identified_by ON supplier_element_2_identified_by USING btree (rid_s);


--
-- Name: indexrid_s_supplier_element_2_org; Type: INDEX; Schema: public; Owner: postgres; Tablespace: 
--

CREATE UNIQUE INDEX indexrid_s_supplier_element_2_org ON supplier_element_2_org USING btree (rid_s);


--
-- Name: indexrid_s_supplier_program_library_relationship_2_related_toke; Type: INDEX; Schema: public; Owner: postgres; Tablespace: 
--

CREATE INDEX indexrid_s_supplier_program_library_relationship_2_related_toke ON supplier_program_library_relationship_2_related_tokens USING btree (rid_s);


--
-- Name: indexrid_s_supplier_related_dictionary_element_2_definition; Type: INDEX; Schema: public; Owner: postgres; Tablespace: 
--

CREATE UNIQUE INDEX indexrid_s_supplier_related_dictionary_element_2_definition ON supplier_related_dictionary_element_2_definition USING btree (rid_s);


--
-- Name: indexrid_s_supplier_related_dictionary_element_2_identified_by; Type: INDEX; Schema: public; Owner: postgres; Tablespace: 
--

CREATE UNIQUE INDEX indexrid_s_supplier_related_dictionary_element_2_identified_by ON supplier_related_dictionary_element_2_identified_by USING btree (rid_s);


--
-- Name: indexrid_s_supplier_related_dictionary_element_2_names; Type: INDEX; Schema: public; Owner: postgres; Tablespace: 
--

CREATE UNIQUE INDEX indexrid_s_supplier_related_dictionary_element_2_names ON supplier_related_dictionary_element_2_names USING btree (rid_s);


--
-- Name: indexrid_s_supplier_related_dictionary_element_2_note; Type: INDEX; Schema: public; Owner: postgres; Tablespace: 
--

CREATE UNIQUE INDEX indexrid_s_supplier_related_dictionary_element_2_note ON supplier_related_dictionary_element_2_note USING btree (rid_s);


--
-- Name: indexrid_s_supplier_related_dictionary_element_2_remark; Type: INDEX; Schema: public; Owner: postgres; Tablespace: 
--

CREATE UNIQUE INDEX indexrid_s_supplier_related_dictionary_element_2_remark ON supplier_related_dictionary_element_2_remark USING btree (rid_s);


--
-- Name: indexrid_s_table_bsu_2_name_scope; Type: INDEX; Schema: public; Owner: postgres; Tablespace: 
--

CREATE UNIQUE INDEX indexrid_s_table_bsu_2_name_scope ON table_bsu_2_name_scope USING btree (rid_s);


--
-- Name: indexrid_s_translated_external_content_2_languages; Type: INDEX; Schema: public; Owner: postgres; Tablespace: 
--

CREATE UNIQUE INDEX indexrid_s_translated_external_content_2_languages ON translated_external_content_2_languages USING btree (rid_s);


--
-- Name: indexrid_s_translated_label_2_languages; Type: INDEX; Schema: public; Owner: postgres; Tablespace: 
--

CREATE UNIQUE INDEX indexrid_s_translated_label_2_languages ON translated_label_2_languages USING btree (rid_s);


--
-- Name: indexrid_s_translated_string_value_2_languages; Type: INDEX; Schema: public; Owner: postgres; Tablespace: 
--

CREATE UNIQUE INDEX indexrid_s_translated_string_value_2_languages ON translated_string_value_2_languages USING btree (rid_s);


--
-- Name: indexrid_s_translated_text_2_languages; Type: INDEX; Schema: public; Owner: postgres; Tablespace: 
--

CREATE UNIQUE INDEX indexrid_s_translated_text_2_languages ON translated_text_2_languages USING btree (rid_s);


--
-- Name: indexrid_s_value_domain_2_its_values; Type: INDEX; Schema: public; Owner: postgres; Tablespace: 
--

CREATE INDEX indexrid_s_value_domain_2_its_values ON value_domain_2_its_values USING btree (rid_s);


--
-- Name: indexrid_s_value_domain_2_languages; Type: INDEX; Schema: public; Owner: postgres; Tablespace: 
--

CREATE UNIQUE INDEX indexrid_s_value_domain_2_languages ON value_domain_2_languages USING btree (rid_s);


--
-- Name: indexrid_s_value_domain_2_source_doc_of_value_domain; Type: INDEX; Schema: public; Owner: postgres; Tablespace: 
--

CREATE UNIQUE INDEX indexrid_s_value_domain_2_source_doc_of_value_domain ON value_domain_2_source_doc_of_value_domain USING btree (rid_s);


--
-- Name: indexrid_s_value_domain_2_terms; Type: INDEX; Schema: public; Owner: postgres; Tablespace: 
--

CREATE INDEX indexrid_s_value_domain_2_terms ON value_domain_2_terms USING btree (rid_s);


--
-- Name: indexrid_s_vector_2_orientation; Type: INDEX; Schema: public; Owner: postgres; Tablespace: 
--

CREATE UNIQUE INDEX indexrid_s_vector_2_orientation ON vector_2_orientation USING btree (rid_s);


--
-- Name: indexrid_s_view_control_variable_range_2_parameter_type; Type: INDEX; Schema: public; Owner: postgres; Tablespace: 
--

CREATE UNIQUE INDEX indexrid_s_view_control_variable_range_2_parameter_type ON view_control_variable_range_2_parameter_type USING btree (rid_s);


--
-- Name: indexrid_s_view_exchange_protocol_identification_2_referenced_i; Type: INDEX; Schema: public; Owner: postgres; Tablespace: 
--

CREATE UNIQUE INDEX indexrid_s_view_exchange_protocol_identification_2_referenced_i ON view_exchange_protocol_identification_2_referenced_iso10303_ap USING btree (rid_s);


--
-- Name: deleteinstanceclass_bsu_function_trigger; Type: TRIGGER; Schema: public; Owner: postgres
--

CREATE TRIGGER deleteinstanceclass_bsu_function_trigger
    BEFORE DELETE ON class_bsu_e
    FOR EACH ROW
    EXECUTE PROCEDURE deleteinstanceclass_bsu_function();


--
-- Name: deleteinstanceproperty_bsu_function_trigger; Type: TRIGGER; Schema: public; Owner: postgres
--

CREATE TRIGGER deleteinstanceproperty_bsu_function_trigger
    BEFORE DELETE ON property_bsu_e
    FOR EACH ROW
    EXECUTE PROCEDURE deleteinstanceproperty_bsu_function();


--
-- Name: deleteinstancesupplier_bsu_function_trigger; Type: TRIGGER; Schema: public; Owner: postgres
--

CREATE TRIGGER deleteinstancesupplier_bsu_function_trigger
    BEFORE DELETE ON supplier_bsu_e
    FOR EACH ROW
    EXECUTE PROCEDURE deleteinstancesupplier_bsu_function();


--
-- Name: init_column_class_bsu_related_content_trigger; Type: TRIGGER; Schema: public; Owner: postgres
--

CREATE TRIGGER init_column_class_bsu_related_content_trigger
    BEFORE INSERT OR UPDATE ON class_bsu_related_content_2_dictionary_definition
    FOR EACH ROW
    EXECUTE PROCEDURE init_column_class_bsu_related_content_function();


--
-- Name: init_column_class_bsu_trigger; Type: TRIGGER; Schema: public; Owner: postgres
--

CREATE TRIGGER init_column_class_bsu_trigger
    BEFORE INSERT OR UPDATE ON class_bsu_2_defined_by
    FOR EACH ROW
    EXECUTE PROCEDURE init_column_class_bsu_function();


--
-- Name: init_column_class_extension_trigger; Type: TRIGGER; Schema: public; Owner: postgres
--

CREATE TRIGGER init_column_class_extension_trigger
    BEFORE INSERT OR UPDATE ON class_extension_2_dictionary_definition
    FOR EACH ROW
    EXECUTE PROCEDURE init_column_class_extension_function();


--
-- Name: init_column_class_related_dictionary_element_trigger; Type: TRIGGER; Schema: public; Owner: postgres
--

CREATE TRIGGER init_column_class_related_dictionary_element_trigger
    BEFORE INSERT OR UPDATE ON class_related_dictionary_element_2_identified_by
    FOR EACH ROW
    EXECUTE PROCEDURE init_column_class_related_dictionary_element_function();


--
-- Name: init_column_class_trigger; Type: TRIGGER; Schema: public; Owner: postgres
--

CREATE TRIGGER init_column_class_trigger
    BEFORE INSERT OR UPDATE ON class_2_identified_by
    FOR EACH ROW
    EXECUTE PROCEDURE init_column_class_function();


--
-- Name: init_column_content_item_trigger; Type: TRIGGER; Schema: public; Owner: postgres
--

CREATE TRIGGER init_column_content_item_trigger
    BEFORE INSERT OR UPDATE ON content_item_2_dictionary_definition
    FOR EACH ROW
    EXECUTE PROCEDURE init_column_content_item_function();


--
-- Name: init_column_data_type_bsu_trigger; Type: TRIGGER; Schema: public; Owner: postgres
--

CREATE TRIGGER init_column_data_type_bsu_trigger
    BEFORE INSERT OR UPDATE ON data_type_bsu_2_name_scope
    FOR EACH ROW
    EXECUTE PROCEDURE init_column_data_type_bsu_function();


--
-- Name: init_column_data_type_element_trigger; Type: TRIGGER; Schema: public; Owner: postgres
--

CREATE TRIGGER init_column_data_type_element_trigger
    BEFORE INSERT OR UPDATE ON data_type_element_2_identified_by
    FOR EACH ROW
    EXECUTE PROCEDURE init_column_data_type_element_function();


--
-- Name: init_column_dictionary_element_trigger; Type: TRIGGER; Schema: public; Owner: postgres
--

CREATE TRIGGER init_column_dictionary_element_trigger
    BEFORE INSERT OR UPDATE ON dictionary_element_2_identified_by
    FOR EACH ROW
    EXECUTE PROCEDURE init_column_dictionary_element_function();


--
-- Name: init_column_dictionary_trigger; Type: TRIGGER; Schema: public; Owner: postgres
--

CREATE TRIGGER init_column_dictionary_trigger
    BEFORE INSERT OR UPDATE ON dictionary_2_identified_by
    FOR EACH ROW
    EXECUTE PROCEDURE init_column_dictionary_function();


--
-- Name: init_column_document_bsu_trigger; Type: TRIGGER; Schema: public; Owner: postgres
--

CREATE TRIGGER init_column_document_bsu_trigger
    BEFORE INSERT OR UPDATE ON document_bsu_2_name_scope
    FOR EACH ROW
    EXECUTE PROCEDURE init_column_document_bsu_function();


--
-- Name: init_column_document_content_trigger; Type: TRIGGER; Schema: public; Owner: postgres
--

CREATE TRIGGER init_column_document_content_trigger
    BEFORE INSERT OR UPDATE ON document_content_2_dictionary_definition
    FOR EACH ROW
    EXECUTE PROCEDURE init_column_document_content_function();


--
-- Name: init_column_document_element_trigger; Type: TRIGGER; Schema: public; Owner: postgres
--

CREATE TRIGGER init_column_document_element_trigger
    BEFORE INSERT OR UPDATE ON document_element_2_identified_by
    FOR EACH ROW
    EXECUTE PROCEDURE init_column_document_element_function();


--
-- Name: init_column_program_library_content_trigger; Type: TRIGGER; Schema: public; Owner: postgres
--

CREATE TRIGGER init_column_program_library_content_trigger
    BEFORE INSERT OR UPDATE ON program_library_content_2_dictionary_definition
    FOR EACH ROW
    EXECUTE PROCEDURE init_column_program_library_content_function();


--
-- Name: init_column_program_library_element_trigger; Type: TRIGGER; Schema: public; Owner: postgres
--

CREATE TRIGGER init_column_program_library_element_trigger
    BEFORE INSERT OR UPDATE ON program_library_element_2_identified_by
    FOR EACH ROW
    EXECUTE PROCEDURE init_column_program_library_element_function();


--
-- Name: init_column_property_bsu_trigger; Type: TRIGGER; Schema: public; Owner: postgres
--

CREATE TRIGGER init_column_property_bsu_trigger
    BEFORE INSERT OR UPDATE ON property_bsu_2_name_scope
    FOR EACH ROW
    EXECUTE PROCEDURE init_column_property_bsu_function();


--
-- Name: init_column_property_det_trigger; Type: TRIGGER; Schema: public; Owner: postgres
--

CREATE TRIGGER init_column_property_det_trigger
    BEFORE INSERT OR UPDATE ON property_det_2_identified_by
    FOR EACH ROW
    EXECUTE PROCEDURE init_column_property_det_function();


--
-- Name: init_column_supplier_bsu_related_content_trigger; Type: TRIGGER; Schema: public; Owner: postgres
--

CREATE TRIGGER init_column_supplier_bsu_related_content_trigger
    BEFORE INSERT OR UPDATE ON supplier_bsu_related_content_2_dictionary_definition
    FOR EACH ROW
    EXECUTE PROCEDURE init_column_supplier_bsu_related_content_function();


--
-- Name: init_column_supplier_element_trigger; Type: TRIGGER; Schema: public; Owner: postgres
--

CREATE TRIGGER init_column_supplier_element_trigger
    BEFORE INSERT OR UPDATE ON supplier_element_2_identified_by
    FOR EACH ROW
    EXECUTE PROCEDURE init_column_supplier_element_function();


--
-- Name: init_column_supplier_related_dictionary_element_trigger; Type: TRIGGER; Schema: public; Owner: postgres
--

CREATE TRIGGER init_column_supplier_related_dictionary_element_trigger
    BEFORE INSERT OR UPDATE ON supplier_related_dictionary_element_2_identified_by
    FOR EACH ROW
    EXECUTE PROCEDURE init_column_supplier_related_dictionary_element_function();


--
-- Name: ck_access_icon; Type: FK CONSTRAINT; Schema: public; Owner: postgres
--

ALTER TABLE ONLY explicit_item_class_extension_e
    ADD CONSTRAINT ck_access_icon FOREIGN KEY (access_icon) REFERENCES explicit_item_class_extension_2_access_icon(rid);


--
-- Name: ck_addr; Type: FK CONSTRAINT; Schema: public; Owner: postgres
--

ALTER TABLE ONLY supplier_element_e
    ADD CONSTRAINT ck_addr FOREIGN KEY (addr) REFERENCES supplier_element_2_addr(rid);


--
-- Name: ck_application; Type: FK CONSTRAINT; Schema: public; Owner: postgres
--

ALTER TABLE ONLY application_protocol_definition_e
    ADD CONSTRAINT ck_application FOREIGN KEY (application) REFERENCES application_protocol_definition_2_application(rid);


--
-- Name: ck_attr_type; Type: FK CONSTRAINT; Schema: public; Owner: postgres
--

ALTER TABLE ONLY inv_attribute_e
    ADD CONSTRAINT ck_attr_type FOREIGN KEY (attr_type) REFERENCES attribute_2_attr_type(rid);


--
-- Name: ck_attr_type; Type: FK CONSTRAINT; Schema: public; Owner: postgres
--

ALTER TABLE ONLY der_attribute_e
    ADD CONSTRAINT ck_attr_type FOREIGN KEY (attr_type) REFERENCES attribute_2_attr_type(rid);


--
-- Name: ck_attr_type; Type: FK CONSTRAINT; Schema: public; Owner: postgres
--

ALTER TABLE ONLY redef_attribute_e
    ADD CONSTRAINT ck_attr_type FOREIGN KEY (attr_type) REFERENCES attribute_2_attr_type(rid);


--
-- Name: ck_attr_type; Type: FK CONSTRAINT; Schema: public; Owner: postgres
--

ALTER TABLE ONLY attribute_e
    ADD CONSTRAINT ck_attr_type FOREIGN KEY (attr_type) REFERENCES attribute_2_attr_type(rid);


--
-- Name: ck_axis; Type: FK CONSTRAINT; Schema: public; Owner: postgres
--

ALTER TABLE ONLY axis2_placement_3d_e
    ADD CONSTRAINT ck_axis FOREIGN KEY (axis) REFERENCES axis2_placement_3d_2_axis(rid);


--
-- Name: ck_axis; Type: FK CONSTRAINT; Schema: public; Owner: postgres
--

ALTER TABLE ONLY axis1_placement_e
    ADD CONSTRAINT ck_axis FOREIGN KEY (axis) REFERENCES axis1_placement_2_axis(rid);


--
-- Name: ck_base_protocol; Type: FK CONSTRAINT; Schema: public; Owner: postgres
--

ALTER TABLE ONLY standard_protocol_e
    ADD CONSTRAINT ck_base_protocol FOREIGN KEY (base_protocol) REFERENCES external_file_protocol_2_base_protocol(rid);


--
-- Name: ck_base_protocol; Type: FK CONSTRAINT; Schema: public; Owner: postgres
--

ALTER TABLE ONLY data_protocol_e
    ADD CONSTRAINT ck_base_protocol FOREIGN KEY (base_protocol) REFERENCES external_file_protocol_2_base_protocol(rid);


--
-- Name: ck_base_protocol; Type: FK CONSTRAINT; Schema: public; Owner: postgres
--

ALTER TABLE ONLY non_standard_protocol_e
    ADD CONSTRAINT ck_base_protocol FOREIGN KEY (base_protocol) REFERENCES external_file_protocol_2_base_protocol(rid);


--
-- Name: ck_base_protocol; Type: FK CONSTRAINT; Schema: public; Owner: postgres
--

ALTER TABLE ONLY program_protocol_e
    ADD CONSTRAINT ck_base_protocol FOREIGN KEY (base_protocol) REFERENCES external_file_protocol_2_base_protocol(rid);


--
-- Name: ck_base_protocol; Type: FK CONSTRAINT; Schema: public; Owner: postgres
--

ALTER TABLE ONLY standard_data_protocol_e
    ADD CONSTRAINT ck_base_protocol FOREIGN KEY (base_protocol) REFERENCES external_file_protocol_2_base_protocol(rid);


--
-- Name: ck_base_protocol; Type: FK CONSTRAINT; Schema: public; Owner: postgres
--

ALTER TABLE ONLY standard_simple_program_protocol_e
    ADD CONSTRAINT ck_base_protocol FOREIGN KEY (base_protocol) REFERENCES external_file_protocol_2_base_protocol(rid);


--
-- Name: ck_base_protocol; Type: FK CONSTRAINT; Schema: public; Owner: postgres
--

ALTER TABLE ONLY non_standard_data_protocol_e
    ADD CONSTRAINT ck_base_protocol FOREIGN KEY (base_protocol) REFERENCES external_file_protocol_2_base_protocol(rid);


--
-- Name: ck_base_protocol; Type: FK CONSTRAINT; Schema: public; Owner: postgres
--

ALTER TABLE ONLY non_standard_simple_program_protocol_e
    ADD CONSTRAINT ck_base_protocol FOREIGN KEY (base_protocol) REFERENCES external_file_protocol_2_base_protocol(rid);


--
-- Name: ck_base_protocol; Type: FK CONSTRAINT; Schema: public; Owner: postgres
--

ALTER TABLE ONLY simple_program_protocol_e
    ADD CONSTRAINT ck_base_protocol FOREIGN KEY (base_protocol) REFERENCES external_file_protocol_2_base_protocol(rid);


--
-- Name: ck_base_protocol; Type: FK CONSTRAINT; Schema: public; Owner: postgres
--

ALTER TABLE ONLY linked_interface_program_protocol_e
    ADD CONSTRAINT ck_base_protocol FOREIGN KEY (base_protocol) REFERENCES external_file_protocol_2_base_protocol(rid);


--
-- Name: ck_base_protocol; Type: FK CONSTRAINT; Schema: public; Owner: postgres
--

ALTER TABLE ONLY http_protocol_e
    ADD CONSTRAINT ck_base_protocol FOREIGN KEY (base_protocol) REFERENCES external_file_protocol_2_base_protocol(rid);


--
-- Name: ck_base_protocol; Type: FK CONSTRAINT; Schema: public; Owner: postgres
--

ALTER TABLE ONLY external_file_protocol_e
    ADD CONSTRAINT ck_base_protocol FOREIGN KEY (base_protocol) REFERENCES external_file_protocol_2_base_protocol(rid);


--
-- Name: ck_category; Type: FK CONSTRAINT; Schema: public; Owner: postgres
--

ALTER TABLE ONLY named_info_e
    ADD CONSTRAINT ck_category FOREIGN KEY (category) REFERENCES type_category_t(rid);


--
-- Name: ck_category; Type: FK CONSTRAINT; Schema: public; Owner: postgres
--

ALTER TABLE ONLY complex_entity_info_e
    ADD CONSTRAINT ck_category FOREIGN KEY (category) REFERENCES type_category_t(rid);


--
-- Name: ck_category; Type: FK CONSTRAINT; Schema: public; Owner: postgres
--

ALTER TABLE ONLY string_info_e
    ADD CONSTRAINT ck_category FOREIGN KEY (category) REFERENCES type_category_t(rid);


--
-- Name: ck_category; Type: FK CONSTRAINT; Schema: public; Owner: postgres
--

ALTER TABLE ONLY binary_info_e
    ADD CONSTRAINT ck_category FOREIGN KEY (category) REFERENCES type_category_t(rid);


--
-- Name: ck_category; Type: FK CONSTRAINT; Schema: public; Owner: postgres
--

ALTER TABLE ONLY aggregate_info_e
    ADD CONSTRAINT ck_category FOREIGN KEY (category) REFERENCES type_category_t(rid);


--
-- Name: ck_category; Type: FK CONSTRAINT; Schema: public; Owner: postgres
--

ALTER TABLE ONLY enum_info_e
    ADD CONSTRAINT ck_category FOREIGN KEY (category) REFERENCES type_category_t(rid);


--
-- Name: ck_category; Type: FK CONSTRAINT; Schema: public; Owner: postgres
--

ALTER TABLE ONLY entity_info_e
    ADD CONSTRAINT ck_category FOREIGN KEY (category) REFERENCES type_category_t(rid);


--
-- Name: ck_category; Type: FK CONSTRAINT; Schema: public; Owner: postgres
--

ALTER TABLE ONLY defined_info_e
    ADD CONSTRAINT ck_category FOREIGN KEY (category) REFERENCES type_category_t(rid);


--
-- Name: ck_category; Type: FK CONSTRAINT; Schema: public; Owner: postgres
--

ALTER TABLE ONLY select_info_e
    ADD CONSTRAINT ck_category FOREIGN KEY (category) REFERENCES type_category_t(rid);


--
-- Name: ck_category; Type: FK CONSTRAINT; Schema: public; Owner: postgres
--

ALTER TABLE ONLY type_info_e
    ADD CONSTRAINT ck_category FOREIGN KEY (category) REFERENCES type_category_t(rid);


--
-- Name: ck_class; Type: FK CONSTRAINT; Schema: public; Owner: postgres
--

ALTER TABLE ONLY http_class_directory_e
    ADD CONSTRAINT ck_class FOREIGN KEY ("class") REFERENCES http_class_directory_2_class(rid);


--
-- Name: ck_class_def; Type: FK CONSTRAINT; Schema: public; Owner: postgres
--

ALTER TABLE ONLY dic_item_instance_e
    ADD CONSTRAINT ck_class_def FOREIGN KEY (class_def) REFERENCES dic_class_instance_2_class_def(rid);


--
-- Name: ck_class_def; Type: FK CONSTRAINT; Schema: public; Owner: postgres
--

ALTER TABLE ONLY dic_f_model_instance_e
    ADD CONSTRAINT ck_class_def FOREIGN KEY (class_def) REFERENCES dic_class_instance_2_class_def(rid);


--
-- Name: ck_class_def; Type: FK CONSTRAINT; Schema: public; Owner: postgres
--

ALTER TABLE ONLY dic_f_view_instance_e
    ADD CONSTRAINT ck_class_def FOREIGN KEY (class_def) REFERENCES dic_class_instance_2_class_def(rid);


--
-- Name: ck_class_def; Type: FK CONSTRAINT; Schema: public; Owner: postgres
--

ALTER TABLE ONLY dic_component_instance_e
    ADD CONSTRAINT ck_class_def FOREIGN KEY (class_def) REFERENCES dic_class_instance_2_class_def(rid);


--
-- Name: ck_class_def; Type: FK CONSTRAINT; Schema: public; Owner: postgres
--

ALTER TABLE ONLY lib_item_instance_e
    ADD CONSTRAINT ck_class_def FOREIGN KEY (class_def) REFERENCES dic_class_instance_2_class_def(rid);


--
-- Name: ck_class_def; Type: FK CONSTRAINT; Schema: public; Owner: postgres
--

ALTER TABLE ONLY dic_feature_instance_e
    ADD CONSTRAINT ck_class_def FOREIGN KEY (class_def) REFERENCES dic_class_instance_2_class_def(rid);


--
-- Name: ck_class_def; Type: FK CONSTRAINT; Schema: public; Owner: postgres
--

ALTER TABLE ONLY dic_material_instance_e
    ADD CONSTRAINT ck_class_def FOREIGN KEY (class_def) REFERENCES dic_class_instance_2_class_def(rid);


--
-- Name: ck_class_def; Type: FK CONSTRAINT; Schema: public; Owner: postgres
--

ALTER TABLE ONLY lib_f_model_instance_e
    ADD CONSTRAINT ck_class_def FOREIGN KEY (class_def) REFERENCES dic_class_instance_2_class_def(rid);


--
-- Name: ck_class_def; Type: FK CONSTRAINT; Schema: public; Owner: postgres
--

ALTER TABLE ONLY lib_component_instance_e
    ADD CONSTRAINT ck_class_def FOREIGN KEY (class_def) REFERENCES dic_class_instance_2_class_def(rid);


--
-- Name: ck_class_def; Type: FK CONSTRAINT; Schema: public; Owner: postgres
--

ALTER TABLE ONLY lib_feature_instance_e
    ADD CONSTRAINT ck_class_def FOREIGN KEY (class_def) REFERENCES dic_class_instance_2_class_def(rid);


--
-- Name: ck_class_def; Type: FK CONSTRAINT; Schema: public; Owner: postgres
--

ALTER TABLE ONLY lib_material_instance_e
    ADD CONSTRAINT ck_class_def FOREIGN KEY (class_def) REFERENCES dic_class_instance_2_class_def(rid);


--
-- Name: ck_class_def; Type: FK CONSTRAINT; Schema: public; Owner: postgres
--

ALTER TABLE ONLY dic_class_instance_e
    ADD CONSTRAINT ck_class_def FOREIGN KEY (class_def) REFERENCES dic_class_instance_2_class_def(rid);


--
-- Name: ck_compiler_supplier; Type: FK CONSTRAINT; Schema: public; Owner: postgres
--

ALTER TABLE ONLY non_standard_simple_program_protocol_e
    ADD CONSTRAINT ck_compiler_supplier FOREIGN KEY (compiler_supplier) REFERENCES simple_program_protocol_2_compiler_supplier(rid);


--
-- Name: ck_compiler_supplier; Type: FK CONSTRAINT; Schema: public; Owner: postgres
--

ALTER TABLE ONLY standard_simple_program_protocol_e
    ADD CONSTRAINT ck_compiler_supplier FOREIGN KEY (compiler_supplier) REFERENCES simple_program_protocol_2_compiler_supplier(rid);


--
-- Name: ck_compiler_supplier; Type: FK CONSTRAINT; Schema: public; Owner: postgres
--

ALTER TABLE ONLY simple_program_protocol_e
    ADD CONSTRAINT ck_compiler_supplier FOREIGN KEY (compiler_supplier) REFERENCES simple_program_protocol_2_compiler_supplier(rid);


--
-- Name: ck_content; Type: FK CONSTRAINT; Schema: public; Owner: postgres
--

ALTER TABLE ONLY class_extension_external_item_e
    ADD CONSTRAINT ck_content FOREIGN KEY (content) REFERENCES external_item_2_content(rid);


--
-- Name: ck_content; Type: FK CONSTRAINT; Schema: public; Owner: postgres
--

ALTER TABLE ONLY dictionary_external_item_e
    ADD CONSTRAINT ck_content FOREIGN KEY (content) REFERENCES external_item_2_content(rid);


--
-- Name: ck_content; Type: FK CONSTRAINT; Schema: public; Owner: postgres
--

ALTER TABLE ONLY property_value_external_item_e
    ADD CONSTRAINT ck_content FOREIGN KEY (content) REFERENCES external_item_2_content(rid);


--
-- Name: ck_content; Type: FK CONSTRAINT; Schema: public; Owner: postgres
--

ALTER TABLE ONLY dialogue_resource_e
    ADD CONSTRAINT ck_content FOREIGN KEY (content) REFERENCES external_item_2_content(rid);


--
-- Name: ck_content; Type: FK CONSTRAINT; Schema: public; Owner: postgres
--

ALTER TABLE ONLY representation_reference_e
    ADD CONSTRAINT ck_content FOREIGN KEY (content) REFERENCES external_item_2_content(rid);


--
-- Name: ck_content; Type: FK CONSTRAINT; Schema: public; Owner: postgres
--

ALTER TABLE ONLY program_reference_e
    ADD CONSTRAINT ck_content FOREIGN KEY (content) REFERENCES external_item_2_content(rid);


--
-- Name: ck_content; Type: FK CONSTRAINT; Schema: public; Owner: postgres
--

ALTER TABLE ONLY supplier_bsu_related_content_e
    ADD CONSTRAINT ck_content FOREIGN KEY (content) REFERENCES external_item_2_content(rid);


--
-- Name: ck_content; Type: FK CONSTRAINT; Schema: public; Owner: postgres
--

ALTER TABLE ONLY class_bsu_related_content_e
    ADD CONSTRAINT ck_content FOREIGN KEY (content) REFERENCES external_item_2_content(rid);


--
-- Name: ck_content; Type: FK CONSTRAINT; Schema: public; Owner: postgres
--

ALTER TABLE ONLY message_e
    ADD CONSTRAINT ck_content FOREIGN KEY (content) REFERENCES external_item_2_content(rid);


--
-- Name: ck_content; Type: FK CONSTRAINT; Schema: public; Owner: postgres
--

ALTER TABLE ONLY illustration_e
    ADD CONSTRAINT ck_content FOREIGN KEY (content) REFERENCES external_item_2_content(rid);


--
-- Name: ck_content; Type: FK CONSTRAINT; Schema: public; Owner: postgres
--

ALTER TABLE ONLY program_library_content_e
    ADD CONSTRAINT ck_content FOREIGN KEY (content) REFERENCES external_item_2_content(rid);


--
-- Name: ck_content; Type: FK CONSTRAINT; Schema: public; Owner: postgres
--

ALTER TABLE ONLY document_content_e
    ADD CONSTRAINT ck_content FOREIGN KEY (content) REFERENCES external_item_2_content(rid);


--
-- Name: ck_content; Type: FK CONSTRAINT; Schema: public; Owner: postgres
--

ALTER TABLE ONLY a6_illustration_e
    ADD CONSTRAINT ck_content FOREIGN KEY (content) REFERENCES external_item_2_content(rid);


--
-- Name: ck_content; Type: FK CONSTRAINT; Schema: public; Owner: postgres
--

ALTER TABLE ONLY a9_illustration_e
    ADD CONSTRAINT ck_content FOREIGN KEY (content) REFERENCES external_item_2_content(rid);


--
-- Name: ck_content; Type: FK CONSTRAINT; Schema: public; Owner: postgres
--

ALTER TABLE ONLY external_item_e
    ADD CONSTRAINT ck_content FOREIGN KEY (content) REFERENCES external_item_2_content(rid);


--
-- Name: ck_content_msg; Type: FK CONSTRAINT; Schema: public; Owner: postgres
--

ALTER TABLE ONLY explicit_item_class_extension_e
    ADD CONSTRAINT ck_content_msg FOREIGN KEY (content_msg) REFERENCES explicit_item_class_extension_2_content_msg(rid);


--
-- Name: ck_context_of_items; Type: FK CONSTRAINT; Schema: public; Owner: postgres
--

ALTER TABLE ONLY dic_f_view_instance_e
    ADD CONSTRAINT ck_context_of_items FOREIGN KEY (context_of_items) REFERENCES representation_2_context_of_items(rid);


--
-- Name: ck_context_of_items; Type: FK CONSTRAINT; Schema: public; Owner: postgres
--

ALTER TABLE ONLY representation_e
    ADD CONSTRAINT ck_context_of_items FOREIGN KEY (context_of_items) REFERENCES representation_2_context_of_items(rid);


--
-- Name: ck_context_param_msg; Type: FK CONSTRAINT; Schema: public; Owner: postgres
--

ALTER TABLE ONLY explicit_functional_model_class_extension_e
    ADD CONSTRAINT ck_context_param_msg FOREIGN KEY (context_param_msg) REFERENCES explicit_functional_model_class_extension_2_context_param_msg(rid);


--
-- Name: ck_conversion_factor; Type: FK CONSTRAINT; Schema: public; Owner: postgres
--

ALTER TABLE ONLY conversion_based_unit_e
    ADD CONSTRAINT ck_conversion_factor FOREIGN KEY (conversion_factor) REFERENCES conversion_based_unit_2_conversion_factor(rid);


--
-- Name: ck_create_msg; Type: FK CONSTRAINT; Schema: public; Owner: postgres
--

ALTER TABLE ONLY explicit_item_class_extension_e
    ADD CONSTRAINT ck_create_msg FOREIGN KEY (create_msg) REFERENCES explicit_item_class_extension_2_create_msg(rid);


--
-- Name: ck_created_view; Type: FK CONSTRAINT; Schema: public; Owner: postgres
--

ALTER TABLE ONLY fm_class_view_of_e
    ADD CONSTRAINT ck_created_view FOREIGN KEY (created_view) REFERENCES abstract_functional_model_class_2_created_view(rid);


--
-- Name: ck_created_view; Type: FK CONSTRAINT; Schema: public; Owner: postgres
--

ALTER TABLE ONLY functional_model_class_e
    ADD CONSTRAINT ck_created_view FOREIGN KEY (created_view) REFERENCES abstract_functional_model_class_2_created_view(rid);


--
-- Name: ck_created_view; Type: FK CONSTRAINT; Schema: public; Owner: postgres
--

ALTER TABLE ONLY abstract_functional_model_class_e
    ADD CONSTRAINT ck_created_view FOREIGN KEY (created_view) REFERENCES abstract_functional_model_class_2_created_view(rid);


--
-- Name: ck_date_component; Type: FK CONSTRAINT; Schema: public; Owner: postgres
--

ALTER TABLE ONLY date_and_time_e
    ADD CONSTRAINT ck_date_component FOREIGN KEY (date_component) REFERENCES date_and_time_2_date_component(rid);


--
-- Name: ck_defined_by; Type: FK CONSTRAINT; Schema: public; Owner: postgres
--

ALTER TABLE ONLY program_library_bsu_e
    ADD CONSTRAINT ck_defined_by FOREIGN KEY (defined_by) REFERENCES program_library_bsu_2_defined_by(rid);


--
-- Name: ck_defined_by; Type: FK CONSTRAINT; Schema: public; Owner: postgres
--

ALTER TABLE ONLY class_bsu_e
    ADD CONSTRAINT ck_defined_by FOREIGN KEY (defined_by) REFERENCES class_bsu_2_defined_by(rid);


--
-- Name: ck_defined_by; Type: FK CONSTRAINT; Schema: public; Owner: postgres
--

ALTER TABLE ONLY dictionary_identification_e
    ADD CONSTRAINT ck_defined_by FOREIGN KEY (defined_by) REFERENCES dictionary_identification_2_defined_by(rid);


--
-- Name: ck_definition; Type: FK CONSTRAINT; Schema: public; Owner: postgres
--

ALTER TABLE ONLY class_e
    ADD CONSTRAINT ck_definition FOREIGN KEY (definition) REFERENCES class_and_property_elements_2_definition(rid);


--
-- Name: ck_definition; Type: FK CONSTRAINT; Schema: public; Owner: postgres
--

ALTER TABLE ONLY property_det_e
    ADD CONSTRAINT ck_definition FOREIGN KEY (definition) REFERENCES class_and_property_elements_2_definition(rid);


--
-- Name: ck_definition; Type: FK CONSTRAINT; Schema: public; Owner: postgres
--

ALTER TABLE ONLY abstract_functional_model_class_e
    ADD CONSTRAINT ck_definition FOREIGN KEY (definition) REFERENCES class_and_property_elements_2_definition(rid);


--
-- Name: ck_definition; Type: FK CONSTRAINT; Schema: public; Owner: postgres
--

ALTER TABLE ONLY a_priori_semantic_relationship_e
    ADD CONSTRAINT ck_definition FOREIGN KEY (definition) REFERENCES class_and_property_elements_2_definition(rid);


--
-- Name: ck_definition; Type: FK CONSTRAINT; Schema: public; Owner: postgres
--

ALTER TABLE ONLY item_class_e
    ADD CONSTRAINT ck_definition FOREIGN KEY (definition) REFERENCES class_and_property_elements_2_definition(rid);


--
-- Name: ck_definition; Type: FK CONSTRAINT; Schema: public; Owner: postgres
--

ALTER TABLE ONLY functional_view_class_e
    ADD CONSTRAINT ck_definition FOREIGN KEY (definition) REFERENCES class_and_property_elements_2_definition(rid);


--
-- Name: ck_definition; Type: FK CONSTRAINT; Schema: public; Owner: postgres
--

ALTER TABLE ONLY dependent_p_det_e
    ADD CONSTRAINT ck_definition FOREIGN KEY (definition) REFERENCES class_and_property_elements_2_definition(rid);


--
-- Name: ck_definition; Type: FK CONSTRAINT; Schema: public; Owner: postgres
--

ALTER TABLE ONLY non_dependent_p_det_e
    ADD CONSTRAINT ck_definition FOREIGN KEY (definition) REFERENCES class_and_property_elements_2_definition(rid);


--
-- Name: ck_definition; Type: FK CONSTRAINT; Schema: public; Owner: postgres
--

ALTER TABLE ONLY representation_p_det_e
    ADD CONSTRAINT ck_definition FOREIGN KEY (definition) REFERENCES class_and_property_elements_2_definition(rid);


--
-- Name: ck_definition; Type: FK CONSTRAINT; Schema: public; Owner: postgres
--

ALTER TABLE ONLY condition_det_e
    ADD CONSTRAINT ck_definition FOREIGN KEY (definition) REFERENCES class_and_property_elements_2_definition(rid);


--
-- Name: ck_definition; Type: FK CONSTRAINT; Schema: public; Owner: postgres
--

ALTER TABLE ONLY fm_class_view_of_e
    ADD CONSTRAINT ck_definition FOREIGN KEY (definition) REFERENCES class_and_property_elements_2_definition(rid);


--
-- Name: ck_definition; Type: FK CONSTRAINT; Schema: public; Owner: postgres
--

ALTER TABLE ONLY functional_model_class_e
    ADD CONSTRAINT ck_definition FOREIGN KEY (definition) REFERENCES class_and_property_elements_2_definition(rid);


--
-- Name: ck_definition; Type: FK CONSTRAINT; Schema: public; Owner: postgres
--

ALTER TABLE ONLY item_class_case_of_e
    ADD CONSTRAINT ck_definition FOREIGN KEY (definition) REFERENCES class_and_property_elements_2_definition(rid);


--
-- Name: ck_definition; Type: FK CONSTRAINT; Schema: public; Owner: postgres
--

ALTER TABLE ONLY component_class_e
    ADD CONSTRAINT ck_definition FOREIGN KEY (definition) REFERENCES class_and_property_elements_2_definition(rid);


--
-- Name: ck_definition; Type: FK CONSTRAINT; Schema: public; Owner: postgres
--

ALTER TABLE ONLY material_class_e
    ADD CONSTRAINT ck_definition FOREIGN KEY (definition) REFERENCES class_and_property_elements_2_definition(rid);


--
-- Name: ck_definition; Type: FK CONSTRAINT; Schema: public; Owner: postgres
--

ALTER TABLE ONLY feature_class_e
    ADD CONSTRAINT ck_definition FOREIGN KEY (definition) REFERENCES class_and_property_elements_2_definition(rid);


--
-- Name: ck_definition; Type: FK CONSTRAINT; Schema: public; Owner: postgres
--

ALTER TABLE ONLY non_instantiable_functional_view_class_e
    ADD CONSTRAINT ck_definition FOREIGN KEY (definition) REFERENCES class_and_property_elements_2_definition(rid);


--
-- Name: ck_definition; Type: FK CONSTRAINT; Schema: public; Owner: postgres
--

ALTER TABLE ONLY component_class_case_of_e
    ADD CONSTRAINT ck_definition FOREIGN KEY (definition) REFERENCES class_and_property_elements_2_definition(rid);


--
-- Name: ck_definition; Type: FK CONSTRAINT; Schema: public; Owner: postgres
--

ALTER TABLE ONLY material_class_case_of_e
    ADD CONSTRAINT ck_definition FOREIGN KEY (definition) REFERENCES class_and_property_elements_2_definition(rid);


--
-- Name: ck_definition; Type: FK CONSTRAINT; Schema: public; Owner: postgres
--

ALTER TABLE ONLY feature_class_case_of_e
    ADD CONSTRAINT ck_definition FOREIGN KEY (definition) REFERENCES class_and_property_elements_2_definition(rid);


--
-- Name: ck_definition; Type: FK CONSTRAINT; Schema: public; Owner: postgres
--

ALTER TABLE ONLY class_and_property_elements_e
    ADD CONSTRAINT ck_definition FOREIGN KEY (definition) REFERENCES class_and_property_elements_2_definition(rid);


--
-- Name: ck_definition; Type: FK CONSTRAINT; Schema: public; Owner: postgres
--

ALTER TABLE ONLY document_element_e
    ADD CONSTRAINT ck_definition FOREIGN KEY (definition) REFERENCES class_related_dictionary_element_2_definition(rid);


--
-- Name: ck_definition; Type: FK CONSTRAINT; Schema: public; Owner: postgres
--

ALTER TABLE ONLY document_element_with_http_access_e
    ADD CONSTRAINT ck_definition FOREIGN KEY (definition) REFERENCES class_related_dictionary_element_2_definition(rid);


--
-- Name: ck_definition; Type: FK CONSTRAINT; Schema: public; Owner: postgres
--

ALTER TABLE ONLY document_element_with_translated_http_access_e
    ADD CONSTRAINT ck_definition FOREIGN KEY (definition) REFERENCES class_related_dictionary_element_2_definition(rid);


--
-- Name: ck_definition; Type: FK CONSTRAINT; Schema: public; Owner: postgres
--

ALTER TABLE ONLY class_related_dictionary_element_e
    ADD CONSTRAINT ck_definition FOREIGN KEY (definition) REFERENCES class_related_dictionary_element_2_definition(rid);


--
-- Name: ck_definition; Type: FK CONSTRAINT; Schema: public; Owner: postgres
--

ALTER TABLE ONLY program_library_element_e
    ADD CONSTRAINT ck_definition FOREIGN KEY (definition) REFERENCES supplier_related_dictionary_element_2_definition(rid);


--
-- Name: ck_definition; Type: FK CONSTRAINT; Schema: public; Owner: postgres
--

ALTER TABLE ONLY supplier_related_dictionary_element_e
    ADD CONSTRAINT ck_definition FOREIGN KEY (definition) REFERENCES supplier_related_dictionary_element_2_definition(rid);


--
-- Name: ck_described_item; Type: FK CONSTRAINT; Schema: public; Owner: postgres
--

ALTER TABLE ONLY description_attribute_e
    ADD CONSTRAINT ck_described_item FOREIGN KEY (described_item) REFERENCES description_attribute_2_described_item(rid);


--
-- Name: ck_designation; Type: FK CONSTRAINT; Schema: public; Owner: postgres
--

ALTER TABLE ONLY standard_protocol_e
    ADD CONSTRAINT ck_designation FOREIGN KEY (designation) REFERENCES external_file_protocol_2_designation(rid);


--
-- Name: ck_designation; Type: FK CONSTRAINT; Schema: public; Owner: postgres
--

ALTER TABLE ONLY data_protocol_e
    ADD CONSTRAINT ck_designation FOREIGN KEY (designation) REFERENCES external_file_protocol_2_designation(rid);


--
-- Name: ck_designation; Type: FK CONSTRAINT; Schema: public; Owner: postgres
--

ALTER TABLE ONLY non_standard_protocol_e
    ADD CONSTRAINT ck_designation FOREIGN KEY (designation) REFERENCES external_file_protocol_2_designation(rid);


--
-- Name: ck_designation; Type: FK CONSTRAINT; Schema: public; Owner: postgres
--

ALTER TABLE ONLY program_protocol_e
    ADD CONSTRAINT ck_designation FOREIGN KEY (designation) REFERENCES external_file_protocol_2_designation(rid);


--
-- Name: ck_designation; Type: FK CONSTRAINT; Schema: public; Owner: postgres
--

ALTER TABLE ONLY standard_data_protocol_e
    ADD CONSTRAINT ck_designation FOREIGN KEY (designation) REFERENCES external_file_protocol_2_designation(rid);


--
-- Name: ck_designation; Type: FK CONSTRAINT; Schema: public; Owner: postgres
--

ALTER TABLE ONLY standard_simple_program_protocol_e
    ADD CONSTRAINT ck_designation FOREIGN KEY (designation) REFERENCES external_file_protocol_2_designation(rid);


--
-- Name: ck_designation; Type: FK CONSTRAINT; Schema: public; Owner: postgres
--

ALTER TABLE ONLY non_standard_data_protocol_e
    ADD CONSTRAINT ck_designation FOREIGN KEY (designation) REFERENCES external_file_protocol_2_designation(rid);


--
-- Name: ck_designation; Type: FK CONSTRAINT; Schema: public; Owner: postgres
--

ALTER TABLE ONLY non_standard_simple_program_protocol_e
    ADD CONSTRAINT ck_designation FOREIGN KEY (designation) REFERENCES external_file_protocol_2_designation(rid);


--
-- Name: ck_designation; Type: FK CONSTRAINT; Schema: public; Owner: postgres
--

ALTER TABLE ONLY simple_program_protocol_e
    ADD CONSTRAINT ck_designation FOREIGN KEY (designation) REFERENCES external_file_protocol_2_designation(rid);


--
-- Name: ck_designation; Type: FK CONSTRAINT; Schema: public; Owner: postgres
--

ALTER TABLE ONLY linked_interface_program_protocol_e
    ADD CONSTRAINT ck_designation FOREIGN KEY (designation) REFERENCES external_file_protocol_2_designation(rid);


--
-- Name: ck_designation; Type: FK CONSTRAINT; Schema: public; Owner: postgres
--

ALTER TABLE ONLY http_protocol_e
    ADD CONSTRAINT ck_designation FOREIGN KEY (designation) REFERENCES external_file_protocol_2_designation(rid);


--
-- Name: ck_designation; Type: FK CONSTRAINT; Schema: public; Owner: postgres
--

ALTER TABLE ONLY external_file_protocol_e
    ADD CONSTRAINT ck_designation FOREIGN KEY (designation) REFERENCES external_file_protocol_2_designation(rid);


--
-- Name: ck_dictionary_definition; Type: FK CONSTRAINT; Schema: public; Owner: postgres
--

ALTER TABLE ONLY class_bsu_related_content_e
    ADD CONSTRAINT ck_dictionary_definition FOREIGN KEY (dictionary_definition) REFERENCES class_bsu_related_content_2_dictionary_definition(rid);


--
-- Name: ck_dictionary_definition; Type: FK CONSTRAINT; Schema: public; Owner: postgres
--

ALTER TABLE ONLY document_content_e
    ADD CONSTRAINT ck_dictionary_definition FOREIGN KEY (dictionary_definition) REFERENCES document_content_2_dictionary_definition(rid);


--
-- Name: ck_dictionary_definition; Type: FK CONSTRAINT; Schema: public; Owner: postgres
--

ALTER TABLE ONLY program_library_content_e
    ADD CONSTRAINT ck_dictionary_definition FOREIGN KEY (dictionary_definition) REFERENCES program_library_content_2_dictionary_definition(rid);


--
-- Name: ck_dictionary_definition; Type: FK CONSTRAINT; Schema: public; Owner: postgres
--

ALTER TABLE ONLY model_class_extension_e
    ADD CONSTRAINT ck_dictionary_definition FOREIGN KEY (dictionary_definition) REFERENCES class_extension_2_dictionary_definition(rid);


--
-- Name: ck_dictionary_definition; Type: FK CONSTRAINT; Schema: public; Owner: postgres
--

ALTER TABLE ONLY explicit_model_class_extension_e
    ADD CONSTRAINT ck_dictionary_definition FOREIGN KEY (dictionary_definition) REFERENCES class_extension_2_dictionary_definition(rid);


--
-- Name: ck_dictionary_definition; Type: FK CONSTRAINT; Schema: public; Owner: postgres
--

ALTER TABLE ONLY explicit_item_class_extension_e
    ADD CONSTRAINT ck_dictionary_definition FOREIGN KEY (dictionary_definition) REFERENCES class_extension_2_dictionary_definition(rid);


--
-- Name: ck_dictionary_definition; Type: FK CONSTRAINT; Schema: public; Owner: postgres
--

ALTER TABLE ONLY explicit_functional_model_class_extension_e
    ADD CONSTRAINT ck_dictionary_definition FOREIGN KEY (dictionary_definition) REFERENCES class_extension_2_dictionary_definition(rid);


--
-- Name: ck_dictionary_definition; Type: FK CONSTRAINT; Schema: public; Owner: postgres
--

ALTER TABLE ONLY class_extension_e
    ADD CONSTRAINT ck_dictionary_definition FOREIGN KEY (dictionary_definition) REFERENCES class_extension_2_dictionary_definition(rid);


--
-- Name: ck_dimensions; Type: FK CONSTRAINT; Schema: public; Owner: postgres
--

ALTER TABLE ONLY si_unit_e
    ADD CONSTRAINT ck_dimensions FOREIGN KEY (dimensions) REFERENCES named_unit_2_dimensions(rid);


--
-- Name: ck_dimensions; Type: FK CONSTRAINT; Schema: public; Owner: postgres
--

ALTER TABLE ONLY context_dependent_unit_e
    ADD CONSTRAINT ck_dimensions FOREIGN KEY (dimensions) REFERENCES named_unit_2_dimensions(rid);


--
-- Name: ck_dimensions; Type: FK CONSTRAINT; Schema: public; Owner: postgres
--

ALTER TABLE ONLY non_si_unit_e
    ADD CONSTRAINT ck_dimensions FOREIGN KEY (dimensions) REFERENCES named_unit_2_dimensions(rid);


--
-- Name: ck_dimensions; Type: FK CONSTRAINT; Schema: public; Owner: postgres
--

ALTER TABLE ONLY length_unit_e
    ADD CONSTRAINT ck_dimensions FOREIGN KEY (dimensions) REFERENCES named_unit_2_dimensions(rid);


--
-- Name: ck_dimensions; Type: FK CONSTRAINT; Schema: public; Owner: postgres
--

ALTER TABLE ONLY conversion_based_unit_e
    ADD CONSTRAINT ck_dimensions FOREIGN KEY (dimensions) REFERENCES named_unit_2_dimensions(rid);


--
-- Name: ck_dimensions; Type: FK CONSTRAINT; Schema: public; Owner: postgres
--

ALTER TABLE ONLY named_unit_e
    ADD CONSTRAINT ck_dimensions FOREIGN KEY (dimensions) REFERENCES named_unit_2_dimensions(rid);


--
-- Name: ck_document_reference; Type: FK CONSTRAINT; Schema: public; Owner: postgres
--

ALTER TABLE ONLY referenced_document_e
    ADD CONSTRAINT ck_document_reference FOREIGN KEY (document_reference) REFERENCES referenced_document_2_document_reference(rid);


--
-- Name: ck_domain; Type: FK CONSTRAINT; Schema: public; Owner: postgres
--

ALTER TABLE ONLY class_instance_type_e
    ADD CONSTRAINT ck_domain FOREIGN KEY ("domain") REFERENCES class_instance_type_2_domain(rid);


--
-- Name: ck_domain; Type: FK CONSTRAINT; Schema: public; Owner: postgres
--

ALTER TABLE ONLY dependent_p_det_e
    ADD CONSTRAINT ck_domain FOREIGN KEY ("domain") REFERENCES property_det_2_domain(rid);


--
-- Name: ck_domain; Type: FK CONSTRAINT; Schema: public; Owner: postgres
--

ALTER TABLE ONLY non_dependent_p_det_e
    ADD CONSTRAINT ck_domain FOREIGN KEY ("domain") REFERENCES property_det_2_domain(rid);


--
-- Name: ck_domain; Type: FK CONSTRAINT; Schema: public; Owner: postgres
--

ALTER TABLE ONLY representation_p_det_e
    ADD CONSTRAINT ck_domain FOREIGN KEY ("domain") REFERENCES property_det_2_domain(rid);


--
-- Name: ck_domain; Type: FK CONSTRAINT; Schema: public; Owner: postgres
--

ALTER TABLE ONLY condition_det_e
    ADD CONSTRAINT ck_domain FOREIGN KEY ("domain") REFERENCES property_det_2_domain(rid);


--
-- Name: ck_domain; Type: FK CONSTRAINT; Schema: public; Owner: postgres
--

ALTER TABLE ONLY property_det_e
    ADD CONSTRAINT ck_domain FOREIGN KEY ("domain") REFERENCES property_det_2_domain(rid);


--
-- Name: ck_domain; Type: FK CONSTRAINT; Schema: public; Owner: postgres
--

ALTER TABLE ONLY non_quantitative_code_type_e
    ADD CONSTRAINT ck_domain FOREIGN KEY ("domain") REFERENCES non_quantitative_code_type_2_domain(rid);


--
-- Name: ck_domain; Type: FK CONSTRAINT; Schema: public; Owner: postgres
--

ALTER TABLE ONLY non_quantitative_int_type_e
    ADD CONSTRAINT ck_domain FOREIGN KEY ("domain") REFERENCES non_quantitative_int_type_2_domain(rid);


--
-- Name: ck_element_type; Type: FK CONSTRAINT; Schema: public; Owner: postgres
--

ALTER TABLE ONLY aggregate_info_e
    ADD CONSTRAINT ck_element_type FOREIGN KEY (element_type) REFERENCES aggregate_info_2_element_type(rid);


--
-- Name: ck_figure; Type: FK CONSTRAINT; Schema: public; Owner: postgres
--

ALTER TABLE ONLY dependent_p_det_e
    ADD CONSTRAINT ck_figure FOREIGN KEY (figure) REFERENCES property_det_2_figure(rid);


--
-- Name: ck_figure; Type: FK CONSTRAINT; Schema: public; Owner: postgres
--

ALTER TABLE ONLY non_dependent_p_det_e
    ADD CONSTRAINT ck_figure FOREIGN KEY (figure) REFERENCES property_det_2_figure(rid);


--
-- Name: ck_figure; Type: FK CONSTRAINT; Schema: public; Owner: postgres
--

ALTER TABLE ONLY representation_p_det_e
    ADD CONSTRAINT ck_figure FOREIGN KEY (figure) REFERENCES property_det_2_figure(rid);


--
-- Name: ck_figure; Type: FK CONSTRAINT; Schema: public; Owner: postgres
--

ALTER TABLE ONLY condition_det_e
    ADD CONSTRAINT ck_figure FOREIGN KEY (figure) REFERENCES property_det_2_figure(rid);


--
-- Name: ck_figure; Type: FK CONSTRAINT; Schema: public; Owner: postgres
--

ALTER TABLE ONLY property_det_e
    ADD CONSTRAINT ck_figure FOREIGN KEY (figure) REFERENCES property_det_2_figure(rid);


--
-- Name: ck_for_attribute; Type: FK CONSTRAINT; Schema: public; Owner: postgres
--

ALTER TABLE ONLY inv_attribute_e
    ADD CONSTRAINT ck_for_attribute FOREIGN KEY (for_attribute) REFERENCES inv_attribute_2_for_attribute(rid);


--
-- Name: ck_formula; Type: FK CONSTRAINT; Schema: public; Owner: postgres
--

ALTER TABLE ONLY dependent_p_det_e
    ADD CONSTRAINT ck_formula FOREIGN KEY (formula) REFERENCES property_det_2_formula(rid);


--
-- Name: ck_formula; Type: FK CONSTRAINT; Schema: public; Owner: postgres
--

ALTER TABLE ONLY non_dependent_p_det_e
    ADD CONSTRAINT ck_formula FOREIGN KEY (formula) REFERENCES property_det_2_formula(rid);


--
-- Name: ck_formula; Type: FK CONSTRAINT; Schema: public; Owner: postgres
--

ALTER TABLE ONLY representation_p_det_e
    ADD CONSTRAINT ck_formula FOREIGN KEY (formula) REFERENCES property_det_2_formula(rid);


--
-- Name: ck_formula; Type: FK CONSTRAINT; Schema: public; Owner: postgres
--

ALTER TABLE ONLY condition_det_e
    ADD CONSTRAINT ck_formula FOREIGN KEY (formula) REFERENCES property_det_2_formula(rid);


--
-- Name: ck_formula; Type: FK CONSTRAINT; Schema: public; Owner: postgres
--

ALTER TABLE ONLY property_det_e
    ADD CONSTRAINT ck_formula FOREIGN KEY (formula) REFERENCES property_det_2_formula(rid);


--
-- Name: ck_frame_of_reference; Type: FK CONSTRAINT; Schema: public; Owner: postgres
--

ALTER TABLE ONLY application_context_element_e
    ADD CONSTRAINT ck_frame_of_reference FOREIGN KEY (frame_of_reference) REFERENCES application_context_element_2_frame_of_reference(rid);


--
-- Name: ck_functional_model; Type: FK CONSTRAINT; Schema: public; Owner: postgres
--

ALTER TABLE ONLY a_posteriori_view_of_e
    ADD CONSTRAINT ck_functional_model FOREIGN KEY (functional_model) REFERENCES a_posteriori_view_of_2_functional_model(rid);


--
-- Name: ck_generated_by; Type: FK CONSTRAINT; Schema: public; Owner: postgres
--

ALTER TABLE ONLY dic_f_view_instance_e
    ADD CONSTRAINT ck_generated_by FOREIGN KEY (generated_by) REFERENCES dic_f_view_instance_2_generated_by(rid);


--
-- Name: ck_graphics_reference; Type: FK CONSTRAINT; Schema: public; Owner: postgres
--

ALTER TABLE ONLY referenced_graphics_e
    ADD CONSTRAINT ck_graphics_reference FOREIGN KEY (graphics_reference) REFERENCES referenced_graphics_2_graphics_reference(rid);


--
-- Name: ck_height; Type: FK CONSTRAINT; Schema: public; Owner: postgres
--

ALTER TABLE ONLY a6_illustration_e
    ADD CONSTRAINT ck_height FOREIGN KEY (height) REFERENCES illustration_2_height(rid);


--
-- Name: ck_height; Type: FK CONSTRAINT; Schema: public; Owner: postgres
--

ALTER TABLE ONLY a9_illustration_e
    ADD CONSTRAINT ck_height FOREIGN KEY (height) REFERENCES illustration_2_height(rid);


--
-- Name: ck_height; Type: FK CONSTRAINT; Schema: public; Owner: postgres
--

ALTER TABLE ONLY illustration_e
    ADD CONSTRAINT ck_height FOREIGN KEY (height) REFERENCES illustration_2_height(rid);


--
-- Name: ck_http_directory; Type: FK CONSTRAINT; Schema: public; Owner: postgres
--

ALTER TABLE ONLY http_file_e
    ADD CONSTRAINT ck_http_directory FOREIGN KEY (http_directory) REFERENCES http_file_2_http_directory(rid);


--
-- Name: ck_icon; Type: FK CONSTRAINT; Schema: public; Owner: postgres
--

ALTER TABLE ONLY item_names_e
    ADD CONSTRAINT ck_icon FOREIGN KEY (icon) REFERENCES item_names_2_icon(rid);


--
-- Name: ck_identified_by; Type: FK CONSTRAINT; Schema: public; Owner: postgres
--

ALTER TABLE ONLY library_e
    ADD CONSTRAINT ck_identified_by FOREIGN KEY (identified_by) REFERENCES dictionary_2_identified_by(rid);


--
-- Name: ck_identified_by; Type: FK CONSTRAINT; Schema: public; Owner: postgres
--

ALTER TABLE ONLY dictionary_in_standard_format_e
    ADD CONSTRAINT ck_identified_by FOREIGN KEY (identified_by) REFERENCES dictionary_2_identified_by(rid);


--
-- Name: ck_identified_by; Type: FK CONSTRAINT; Schema: public; Owner: postgres
--

ALTER TABLE ONLY library_in_standard_format_e
    ADD CONSTRAINT ck_identified_by FOREIGN KEY (identified_by) REFERENCES dictionary_2_identified_by(rid);


--
-- Name: ck_identified_by; Type: FK CONSTRAINT; Schema: public; Owner: postgres
--

ALTER TABLE ONLY dictionary_e
    ADD CONSTRAINT ck_identified_by FOREIGN KEY (identified_by) REFERENCES dictionary_2_identified_by(rid);


--
-- Name: ck_identified_by; Type: FK CONSTRAINT; Schema: public; Owner: postgres
--

ALTER TABLE ONLY dependent_p_det_e
    ADD CONSTRAINT ck_identified_by FOREIGN KEY (identified_by) REFERENCES property_det_2_identified_by(rid);


--
-- Name: ck_identified_by; Type: FK CONSTRAINT; Schema: public; Owner: postgres
--

ALTER TABLE ONLY non_dependent_p_det_e
    ADD CONSTRAINT ck_identified_by FOREIGN KEY (identified_by) REFERENCES property_det_2_identified_by(rid);


--
-- Name: ck_identified_by; Type: FK CONSTRAINT; Schema: public; Owner: postgres
--

ALTER TABLE ONLY representation_p_det_e
    ADD CONSTRAINT ck_identified_by FOREIGN KEY (identified_by) REFERENCES property_det_2_identified_by(rid);


--
-- Name: ck_identified_by; Type: FK CONSTRAINT; Schema: public; Owner: postgres
--

ALTER TABLE ONLY condition_det_e
    ADD CONSTRAINT ck_identified_by FOREIGN KEY (identified_by) REFERENCES property_det_2_identified_by(rid);


--
-- Name: ck_identified_by; Type: FK CONSTRAINT; Schema: public; Owner: postgres
--

ALTER TABLE ONLY property_det_e
    ADD CONSTRAINT ck_identified_by FOREIGN KEY (identified_by) REFERENCES property_det_2_identified_by(rid);


--
-- Name: ck_identified_by; Type: FK CONSTRAINT; Schema: public; Owner: postgres
--

ALTER TABLE ONLY class_related_dictionary_element_e
    ADD CONSTRAINT ck_identified_by FOREIGN KEY (identified_by) REFERENCES class_related_dictionary_element_2_identified_by(rid);


--
-- Name: ck_identified_by; Type: FK CONSTRAINT; Schema: public; Owner: postgres
--

ALTER TABLE ONLY supplier_related_dictionary_element_e
    ADD CONSTRAINT ck_identified_by FOREIGN KEY (identified_by) REFERENCES supplier_related_dictionary_element_2_identified_by(rid);


--
-- Name: ck_identified_by; Type: FK CONSTRAINT; Schema: public; Owner: postgres
--

ALTER TABLE ONLY document_element_with_http_access_e
    ADD CONSTRAINT ck_identified_by FOREIGN KEY (identified_by) REFERENCES document_element_2_identified_by(rid);


--
-- Name: ck_identified_by; Type: FK CONSTRAINT; Schema: public; Owner: postgres
--

ALTER TABLE ONLY document_element_with_translated_http_access_e
    ADD CONSTRAINT ck_identified_by FOREIGN KEY (identified_by) REFERENCES document_element_2_identified_by(rid);


--
-- Name: ck_identified_by; Type: FK CONSTRAINT; Schema: public; Owner: postgres
--

ALTER TABLE ONLY document_element_e
    ADD CONSTRAINT ck_identified_by FOREIGN KEY (identified_by) REFERENCES document_element_2_identified_by(rid);


--
-- Name: ck_identified_by; Type: FK CONSTRAINT; Schema: public; Owner: postgres
--

ALTER TABLE ONLY supplier_element_e
    ADD CONSTRAINT ck_identified_by FOREIGN KEY (identified_by) REFERENCES supplier_element_2_identified_by(rid);


--
-- Name: ck_identified_by; Type: FK CONSTRAINT; Schema: public; Owner: postgres
--

ALTER TABLE ONLY data_type_element_e
    ADD CONSTRAINT ck_identified_by FOREIGN KEY (identified_by) REFERENCES data_type_element_2_identified_by(rid);


--
-- Name: ck_identified_by; Type: FK CONSTRAINT; Schema: public; Owner: postgres
--

ALTER TABLE ONLY program_library_element_e
    ADD CONSTRAINT ck_identified_by FOREIGN KEY (identified_by) REFERENCES program_library_element_2_identified_by(rid);


--
-- Name: ck_identified_by; Type: FK CONSTRAINT; Schema: public; Owner: postgres
--

ALTER TABLE ONLY abstract_functional_model_class_e
    ADD CONSTRAINT ck_identified_by FOREIGN KEY (identified_by) REFERENCES class_2_identified_by(rid);


--
-- Name: ck_identified_by; Type: FK CONSTRAINT; Schema: public; Owner: postgres
--

ALTER TABLE ONLY a_priori_semantic_relationship_e
    ADD CONSTRAINT ck_identified_by FOREIGN KEY (identified_by) REFERENCES class_2_identified_by(rid);


--
-- Name: ck_identified_by; Type: FK CONSTRAINT; Schema: public; Owner: postgres
--

ALTER TABLE ONLY item_class_e
    ADD CONSTRAINT ck_identified_by FOREIGN KEY (identified_by) REFERENCES class_2_identified_by(rid);


--
-- Name: ck_identified_by; Type: FK CONSTRAINT; Schema: public; Owner: postgres
--

ALTER TABLE ONLY functional_view_class_e
    ADD CONSTRAINT ck_identified_by FOREIGN KEY (identified_by) REFERENCES class_2_identified_by(rid);


--
-- Name: ck_identified_by; Type: FK CONSTRAINT; Schema: public; Owner: postgres
--

ALTER TABLE ONLY fm_class_view_of_e
    ADD CONSTRAINT ck_identified_by FOREIGN KEY (identified_by) REFERENCES class_2_identified_by(rid);


--
-- Name: ck_identified_by; Type: FK CONSTRAINT; Schema: public; Owner: postgres
--

ALTER TABLE ONLY functional_model_class_e
    ADD CONSTRAINT ck_identified_by FOREIGN KEY (identified_by) REFERENCES class_2_identified_by(rid);


--
-- Name: ck_identified_by; Type: FK CONSTRAINT; Schema: public; Owner: postgres
--

ALTER TABLE ONLY item_class_case_of_e
    ADD CONSTRAINT ck_identified_by FOREIGN KEY (identified_by) REFERENCES class_2_identified_by(rid);


--
-- Name: ck_identified_by; Type: FK CONSTRAINT; Schema: public; Owner: postgres
--

ALTER TABLE ONLY component_class_e
    ADD CONSTRAINT ck_identified_by FOREIGN KEY (identified_by) REFERENCES class_2_identified_by(rid);


--
-- Name: ck_identified_by; Type: FK CONSTRAINT; Schema: public; Owner: postgres
--

ALTER TABLE ONLY material_class_e
    ADD CONSTRAINT ck_identified_by FOREIGN KEY (identified_by) REFERENCES class_2_identified_by(rid);


--
-- Name: ck_identified_by; Type: FK CONSTRAINT; Schema: public; Owner: postgres
--

ALTER TABLE ONLY feature_class_e
    ADD CONSTRAINT ck_identified_by FOREIGN KEY (identified_by) REFERENCES class_2_identified_by(rid);


--
-- Name: ck_identified_by; Type: FK CONSTRAINT; Schema: public; Owner: postgres
--

ALTER TABLE ONLY non_instantiable_functional_view_class_e
    ADD CONSTRAINT ck_identified_by FOREIGN KEY (identified_by) REFERENCES class_2_identified_by(rid);


--
-- Name: ck_identified_by; Type: FK CONSTRAINT; Schema: public; Owner: postgres
--

ALTER TABLE ONLY component_class_case_of_e
    ADD CONSTRAINT ck_identified_by FOREIGN KEY (identified_by) REFERENCES class_2_identified_by(rid);


--
-- Name: ck_identified_by; Type: FK CONSTRAINT; Schema: public; Owner: postgres
--

ALTER TABLE ONLY material_class_case_of_e
    ADD CONSTRAINT ck_identified_by FOREIGN KEY (identified_by) REFERENCES class_2_identified_by(rid);


--
-- Name: ck_identified_by; Type: FK CONSTRAINT; Schema: public; Owner: postgres
--

ALTER TABLE ONLY feature_class_case_of_e
    ADD CONSTRAINT ck_identified_by FOREIGN KEY (identified_by) REFERENCES class_2_identified_by(rid);


--
-- Name: ck_identified_by; Type: FK CONSTRAINT; Schema: public; Owner: postgres
--

ALTER TABLE ONLY class_e
    ADD CONSTRAINT ck_identified_by FOREIGN KEY (identified_by) REFERENCES class_2_identified_by(rid);


--
-- Name: ck_identified_item; Type: FK CONSTRAINT; Schema: public; Owner: postgres
--

ALTER TABLE ONLY id_attribute_e
    ADD CONSTRAINT ck_identified_item FOREIGN KEY (identified_item) REFERENCES id_attribute_2_identified_item(rid);


--
-- Name: ck_is_case_of; Type: FK CONSTRAINT; Schema: public; Owner: postgres
--

ALTER TABLE ONLY a_posteriori_case_of_e
    ADD CONSTRAINT ck_is_case_of FOREIGN KEY (is_case_of) REFERENCES a_posteriori_case_of_2_is_case_of(rid);


--
-- Name: ck_is_view_of; Type: FK CONSTRAINT; Schema: public; Owner: postgres
--

ALTER TABLE ONLY a_posteriori_view_of_e
    ADD CONSTRAINT ck_is_view_of FOREIGN KEY (is_view_of) REFERENCES a_posteriori_view_of_2_is_view_of(rid);


--
-- Name: ck_its_superclass; Type: FK CONSTRAINT; Schema: public; Owner: postgres
--

ALTER TABLE ONLY abstract_functional_model_class_e
    ADD CONSTRAINT ck_its_superclass FOREIGN KEY (its_superclass) REFERENCES class_2_its_superclass(rid);


--
-- Name: ck_its_superclass; Type: FK CONSTRAINT; Schema: public; Owner: postgres
--

ALTER TABLE ONLY a_priori_semantic_relationship_e
    ADD CONSTRAINT ck_its_superclass FOREIGN KEY (its_superclass) REFERENCES class_2_its_superclass(rid);


--
-- Name: ck_its_superclass; Type: FK CONSTRAINT; Schema: public; Owner: postgres
--

ALTER TABLE ONLY item_class_e
    ADD CONSTRAINT ck_its_superclass FOREIGN KEY (its_superclass) REFERENCES class_2_its_superclass(rid);


--
-- Name: ck_its_superclass; Type: FK CONSTRAINT; Schema: public; Owner: postgres
--

ALTER TABLE ONLY functional_view_class_e
    ADD CONSTRAINT ck_its_superclass FOREIGN KEY (its_superclass) REFERENCES class_2_its_superclass(rid);


--
-- Name: ck_its_superclass; Type: FK CONSTRAINT; Schema: public; Owner: postgres
--

ALTER TABLE ONLY fm_class_view_of_e
    ADD CONSTRAINT ck_its_superclass FOREIGN KEY (its_superclass) REFERENCES class_2_its_superclass(rid);


--
-- Name: ck_its_superclass; Type: FK CONSTRAINT; Schema: public; Owner: postgres
--

ALTER TABLE ONLY functional_model_class_e
    ADD CONSTRAINT ck_its_superclass FOREIGN KEY (its_superclass) REFERENCES class_2_its_superclass(rid);


--
-- Name: ck_its_superclass; Type: FK CONSTRAINT; Schema: public; Owner: postgres
--

ALTER TABLE ONLY item_class_case_of_e
    ADD CONSTRAINT ck_its_superclass FOREIGN KEY (its_superclass) REFERENCES class_2_its_superclass(rid);


--
-- Name: ck_its_superclass; Type: FK CONSTRAINT; Schema: public; Owner: postgres
--

ALTER TABLE ONLY component_class_e
    ADD CONSTRAINT ck_its_superclass FOREIGN KEY (its_superclass) REFERENCES class_2_its_superclass(rid);


--
-- Name: ck_its_superclass; Type: FK CONSTRAINT; Schema: public; Owner: postgres
--

ALTER TABLE ONLY material_class_e
    ADD CONSTRAINT ck_its_superclass FOREIGN KEY (its_superclass) REFERENCES class_2_its_superclass(rid);


--
-- Name: ck_its_superclass; Type: FK CONSTRAINT; Schema: public; Owner: postgres
--

ALTER TABLE ONLY feature_class_e
    ADD CONSTRAINT ck_its_superclass FOREIGN KEY (its_superclass) REFERENCES class_2_its_superclass(rid);


--
-- Name: ck_its_superclass; Type: FK CONSTRAINT; Schema: public; Owner: postgres
--

ALTER TABLE ONLY non_instantiable_functional_view_class_e
    ADD CONSTRAINT ck_its_superclass FOREIGN KEY (its_superclass) REFERENCES class_2_its_superclass(rid);


--
-- Name: ck_its_superclass; Type: FK CONSTRAINT; Schema: public; Owner: postgres
--

ALTER TABLE ONLY component_class_case_of_e
    ADD CONSTRAINT ck_its_superclass FOREIGN KEY (its_superclass) REFERENCES class_2_its_superclass(rid);


--
-- Name: ck_its_superclass; Type: FK CONSTRAINT; Schema: public; Owner: postgres
--

ALTER TABLE ONLY material_class_case_of_e
    ADD CONSTRAINT ck_its_superclass FOREIGN KEY (its_superclass) REFERENCES class_2_its_superclass(rid);


--
-- Name: ck_its_superclass; Type: FK CONSTRAINT; Schema: public; Owner: postgres
--

ALTER TABLE ONLY feature_class_case_of_e
    ADD CONSTRAINT ck_its_superclass FOREIGN KEY (its_superclass) REFERENCES class_2_its_superclass(rid);


--
-- Name: ck_its_superclass; Type: FK CONSTRAINT; Schema: public; Owner: postgres
--

ALTER TABLE ONLY class_e
    ADD CONSTRAINT ck_its_superclass FOREIGN KEY (its_superclass) REFERENCES class_2_its_superclass(rid);


--
-- Name: ck_its_value; Type: FK CONSTRAINT; Schema: public; Owner: postgres
--

ALTER TABLE ONLY context_dependent_property_value_e
    ADD CONSTRAINT ck_its_value FOREIGN KEY (its_value) REFERENCES property_value_2_its_value(rid);


--
-- Name: ck_its_value; Type: FK CONSTRAINT; Schema: public; Owner: postgres
--

ALTER TABLE ONLY property_value_e
    ADD CONSTRAINT ck_its_value FOREIGN KEY (its_value) REFERENCES property_value_2_its_value(rid);


--
-- Name: ck_kind_of_content; Type: FK CONSTRAINT; Schema: public; Owner: postgres
--

ALTER TABLE ONLY a6_illustration_e
    ADD CONSTRAINT ck_kind_of_content FOREIGN KEY (kind_of_content) REFERENCES illustration_type_t(rid);


--
-- Name: ck_kind_of_content; Type: FK CONSTRAINT; Schema: public; Owner: postgres
--

ALTER TABLE ONLY a9_illustration_e
    ADD CONSTRAINT ck_kind_of_content FOREIGN KEY (kind_of_content) REFERENCES illustration_type_t(rid);


--
-- Name: ck_kind_of_content; Type: FK CONSTRAINT; Schema: public; Owner: postgres
--

ALTER TABLE ONLY illustration_e
    ADD CONSTRAINT ck_kind_of_content FOREIGN KEY (kind_of_content) REFERENCES illustration_type_t(rid);


--
-- Name: ck_languages; Type: FK CONSTRAINT; Schema: public; Owner: postgres
--

ALTER TABLE ONLY translated_string_value_e
    ADD CONSTRAINT ck_languages FOREIGN KEY (languages) REFERENCES translated_string_value_2_languages(rid);


--
-- Name: ck_languages; Type: FK CONSTRAINT; Schema: public; Owner: postgres
--

ALTER TABLE ONLY translated_external_content_e
    ADD CONSTRAINT ck_languages FOREIGN KEY (languages) REFERENCES translated_external_content_2_languages(rid);


--
-- Name: ck_languages; Type: FK CONSTRAINT; Schema: public; Owner: postgres
--

ALTER TABLE ONLY translated_text_e
    ADD CONSTRAINT ck_languages FOREIGN KEY (languages) REFERENCES translated_text_2_languages(rid);


--
-- Name: ck_languages; Type: FK CONSTRAINT; Schema: public; Owner: postgres
--

ALTER TABLE ONLY document_element_with_translated_http_access_e
    ADD CONSTRAINT ck_languages FOREIGN KEY (languages) REFERENCES document_element_with_translated_http_access_2_languages(rid);


--
-- Name: ck_languages; Type: FK CONSTRAINT; Schema: public; Owner: postgres
--

ALTER TABLE ONLY item_names_e
    ADD CONSTRAINT ck_languages FOREIGN KEY (languages) REFERENCES item_names_2_languages(rid);


--
-- Name: ck_languages; Type: FK CONSTRAINT; Schema: public; Owner: postgres
--

ALTER TABLE ONLY value_domain_e
    ADD CONSTRAINT ck_languages FOREIGN KEY (languages) REFERENCES value_domain_2_languages(rid);


--
-- Name: ck_languages; Type: FK CONSTRAINT; Schema: public; Owner: postgres
--

ALTER TABLE ONLY translated_label_e
    ADD CONSTRAINT ck_languages FOREIGN KEY (languages) REFERENCES translated_label_2_languages(rid);


--
-- Name: ck_library_structure; Type: FK CONSTRAINT; Schema: public; Owner: postgres
--

ALTER TABLE ONLY library_e
    ADD CONSTRAINT ck_library_structure FOREIGN KEY (library_structure) REFERENCES dictionary_2_library_structure(rid);


--
-- Name: ck_library_structure; Type: FK CONSTRAINT; Schema: public; Owner: postgres
--

ALTER TABLE ONLY dictionary_in_standard_format_e
    ADD CONSTRAINT ck_library_structure FOREIGN KEY (library_structure) REFERENCES dictionary_2_library_structure(rid);


--
-- Name: ck_library_structure; Type: FK CONSTRAINT; Schema: public; Owner: postgres
--

ALTER TABLE ONLY library_in_standard_format_e
    ADD CONSTRAINT ck_library_structure FOREIGN KEY (library_structure) REFERENCES dictionary_2_library_structure(rid);


--
-- Name: ck_library_structure; Type: FK CONSTRAINT; Schema: public; Owner: postgres
--

ALTER TABLE ONLY dictionary_e
    ADD CONSTRAINT ck_library_structure FOREIGN KEY (library_structure) REFERENCES dictionary_2_library_structure(rid);


--
-- Name: ck_location; Type: FK CONSTRAINT; Schema: public; Owner: postgres
--

ALTER TABLE ONLY axis2_placement_2d_e
    ADD CONSTRAINT ck_location FOREIGN KEY ("location") REFERENCES placement_2_location(rid);


--
-- Name: ck_location; Type: FK CONSTRAINT; Schema: public; Owner: postgres
--

ALTER TABLE ONLY axis2_placement_3d_e
    ADD CONSTRAINT ck_location FOREIGN KEY ("location") REFERENCES placement_2_location(rid);


--
-- Name: ck_location; Type: FK CONSTRAINT; Schema: public; Owner: postgres
--

ALTER TABLE ONLY axis1_placement_e
    ADD CONSTRAINT ck_location FOREIGN KEY ("location") REFERENCES placement_2_location(rid);


--
-- Name: ck_location; Type: FK CONSTRAINT; Schema: public; Owner: postgres
--

ALTER TABLE ONLY placement_e
    ADD CONSTRAINT ck_location FOREIGN KEY ("location") REFERENCES placement_2_location(rid);


--
-- Name: ck_main_file; Type: FK CONSTRAINT; Schema: public; Owner: postgres
--

ALTER TABLE ONLY language_specific_content_e
    ADD CONSTRAINT ck_main_file FOREIGN KEY (main_file) REFERENCES language_specific_content_2_main_file(rid);


--
-- Name: ck_meaning; Type: FK CONSTRAINT; Schema: public; Owner: postgres
--

ALTER TABLE ONLY dic_value_e
    ADD CONSTRAINT ck_meaning FOREIGN KEY (meaning) REFERENCES dic_value_2_meaning(rid);


--
-- Name: ck_measure_unit; Type: FK CONSTRAINT; Schema: public; Owner: postgres
--

ALTER TABLE ONLY explicit_functional_model_class_extension_e
    ADD CONSTRAINT ck_measure_unit FOREIGN KEY (measure_unit) REFERENCES explicit_functional_model_class_extension_2_measure_unit(rid);


--
-- Name: ck_name; Type: FK CONSTRAINT; Schema: public; Owner: postgres
--

ALTER TABLE ONLY si_unit_e
    ADD CONSTRAINT ck_name FOREIGN KEY (name) REFERENCES si_unit_name_t(rid);


--
-- Name: ck_name_scope; Type: FK CONSTRAINT; Schema: public; Owner: postgres
--

ALTER TABLE ONLY document_bsu_e
    ADD CONSTRAINT ck_name_scope FOREIGN KEY (name_scope) REFERENCES document_bsu_2_name_scope(rid);


--
-- Name: ck_name_scope; Type: FK CONSTRAINT; Schema: public; Owner: postgres
--

ALTER TABLE ONLY table_bsu_e
    ADD CONSTRAINT ck_name_scope FOREIGN KEY (name_scope) REFERENCES table_bsu_2_name_scope(rid);


--
-- Name: ck_name_scope; Type: FK CONSTRAINT; Schema: public; Owner: postgres
--

ALTER TABLE ONLY data_type_bsu_e
    ADD CONSTRAINT ck_name_scope FOREIGN KEY (name_scope) REFERENCES data_type_bsu_2_name_scope(rid);


--
-- Name: ck_name_scope; Type: FK CONSTRAINT; Schema: public; Owner: postgres
--

ALTER TABLE ONLY property_bsu_e
    ADD CONSTRAINT ck_name_scope FOREIGN KEY (name_scope) REFERENCES property_bsu_2_name_scope(rid);


--
-- Name: ck_named_item; Type: FK CONSTRAINT; Schema: public; Owner: postgres
--

ALTER TABLE ONLY name_attribute_e
    ADD CONSTRAINT ck_named_item FOREIGN KEY (named_item) REFERENCES name_attribute_2_named_item(rid);


--
-- Name: ck_names; Type: FK CONSTRAINT; Schema: public; Owner: postgres
--

ALTER TABLE ONLY library_e
    ADD CONSTRAINT ck_names FOREIGN KEY ("names") REFERENCES dictionary_2_names(rid);


--
-- Name: ck_names; Type: FK CONSTRAINT; Schema: public; Owner: postgres
--

ALTER TABLE ONLY dictionary_in_standard_format_e
    ADD CONSTRAINT ck_names FOREIGN KEY ("names") REFERENCES dictionary_2_names(rid);


--
-- Name: ck_names; Type: FK CONSTRAINT; Schema: public; Owner: postgres
--

ALTER TABLE ONLY library_in_standard_format_e
    ADD CONSTRAINT ck_names FOREIGN KEY ("names") REFERENCES dictionary_2_names(rid);


--
-- Name: ck_names; Type: FK CONSTRAINT; Schema: public; Owner: postgres
--

ALTER TABLE ONLY dictionary_e
    ADD CONSTRAINT ck_names FOREIGN KEY ("names") REFERENCES dictionary_2_names(rid);


--
-- Name: ck_names; Type: FK CONSTRAINT; Schema: public; Owner: postgres
--

ALTER TABLE ONLY class_e
    ADD CONSTRAINT ck_names FOREIGN KEY ("names") REFERENCES class_and_property_elements_2_names(rid);


--
-- Name: ck_names; Type: FK CONSTRAINT; Schema: public; Owner: postgres
--

ALTER TABLE ONLY property_det_e
    ADD CONSTRAINT ck_names FOREIGN KEY ("names") REFERENCES class_and_property_elements_2_names(rid);


--
-- Name: ck_names; Type: FK CONSTRAINT; Schema: public; Owner: postgres
--

ALTER TABLE ONLY abstract_functional_model_class_e
    ADD CONSTRAINT ck_names FOREIGN KEY ("names") REFERENCES class_and_property_elements_2_names(rid);


--
-- Name: ck_names; Type: FK CONSTRAINT; Schema: public; Owner: postgres
--

ALTER TABLE ONLY a_priori_semantic_relationship_e
    ADD CONSTRAINT ck_names FOREIGN KEY ("names") REFERENCES class_and_property_elements_2_names(rid);


--
-- Name: ck_names; Type: FK CONSTRAINT; Schema: public; Owner: postgres
--

ALTER TABLE ONLY item_class_e
    ADD CONSTRAINT ck_names FOREIGN KEY ("names") REFERENCES class_and_property_elements_2_names(rid);


--
-- Name: ck_names; Type: FK CONSTRAINT; Schema: public; Owner: postgres
--

ALTER TABLE ONLY functional_view_class_e
    ADD CONSTRAINT ck_names FOREIGN KEY ("names") REFERENCES class_and_property_elements_2_names(rid);


--
-- Name: ck_names; Type: FK CONSTRAINT; Schema: public; Owner: postgres
--

ALTER TABLE ONLY dependent_p_det_e
    ADD CONSTRAINT ck_names FOREIGN KEY ("names") REFERENCES class_and_property_elements_2_names(rid);


--
-- Name: ck_names; Type: FK CONSTRAINT; Schema: public; Owner: postgres
--

ALTER TABLE ONLY non_dependent_p_det_e
    ADD CONSTRAINT ck_names FOREIGN KEY ("names") REFERENCES class_and_property_elements_2_names(rid);


--
-- Name: ck_names; Type: FK CONSTRAINT; Schema: public; Owner: postgres
--

ALTER TABLE ONLY representation_p_det_e
    ADD CONSTRAINT ck_names FOREIGN KEY ("names") REFERENCES class_and_property_elements_2_names(rid);


--
-- Name: ck_names; Type: FK CONSTRAINT; Schema: public; Owner: postgres
--

ALTER TABLE ONLY condition_det_e
    ADD CONSTRAINT ck_names FOREIGN KEY ("names") REFERENCES class_and_property_elements_2_names(rid);


--
-- Name: ck_names; Type: FK CONSTRAINT; Schema: public; Owner: postgres
--

ALTER TABLE ONLY fm_class_view_of_e
    ADD CONSTRAINT ck_names FOREIGN KEY ("names") REFERENCES class_and_property_elements_2_names(rid);


--
-- Name: ck_names; Type: FK CONSTRAINT; Schema: public; Owner: postgres
--

ALTER TABLE ONLY functional_model_class_e
    ADD CONSTRAINT ck_names FOREIGN KEY ("names") REFERENCES class_and_property_elements_2_names(rid);


--
-- Name: ck_names; Type: FK CONSTRAINT; Schema: public; Owner: postgres
--

ALTER TABLE ONLY item_class_case_of_e
    ADD CONSTRAINT ck_names FOREIGN KEY ("names") REFERENCES class_and_property_elements_2_names(rid);


--
-- Name: ck_names; Type: FK CONSTRAINT; Schema: public; Owner: postgres
--

ALTER TABLE ONLY component_class_e
    ADD CONSTRAINT ck_names FOREIGN KEY ("names") REFERENCES class_and_property_elements_2_names(rid);


--
-- Name: ck_names; Type: FK CONSTRAINT; Schema: public; Owner: postgres
--

ALTER TABLE ONLY material_class_e
    ADD CONSTRAINT ck_names FOREIGN KEY ("names") REFERENCES class_and_property_elements_2_names(rid);


--
-- Name: ck_names; Type: FK CONSTRAINT; Schema: public; Owner: postgres
--

ALTER TABLE ONLY feature_class_e
    ADD CONSTRAINT ck_names FOREIGN KEY ("names") REFERENCES class_and_property_elements_2_names(rid);


--
-- Name: ck_names; Type: FK CONSTRAINT; Schema: public; Owner: postgres
--

ALTER TABLE ONLY non_instantiable_functional_view_class_e
    ADD CONSTRAINT ck_names FOREIGN KEY ("names") REFERENCES class_and_property_elements_2_names(rid);


--
-- Name: ck_names; Type: FK CONSTRAINT; Schema: public; Owner: postgres
--

ALTER TABLE ONLY component_class_case_of_e
    ADD CONSTRAINT ck_names FOREIGN KEY ("names") REFERENCES class_and_property_elements_2_names(rid);


--
-- Name: ck_names; Type: FK CONSTRAINT; Schema: public; Owner: postgres
--

ALTER TABLE ONLY material_class_case_of_e
    ADD CONSTRAINT ck_names FOREIGN KEY ("names") REFERENCES class_and_property_elements_2_names(rid);


--
-- Name: ck_names; Type: FK CONSTRAINT; Schema: public; Owner: postgres
--

ALTER TABLE ONLY feature_class_case_of_e
    ADD CONSTRAINT ck_names FOREIGN KEY ("names") REFERENCES class_and_property_elements_2_names(rid);


--
-- Name: ck_names; Type: FK CONSTRAINT; Schema: public; Owner: postgres
--

ALTER TABLE ONLY class_and_property_elements_e
    ADD CONSTRAINT ck_names FOREIGN KEY ("names") REFERENCES class_and_property_elements_2_names(rid);


--
-- Name: ck_names; Type: FK CONSTRAINT; Schema: public; Owner: postgres
--

ALTER TABLE ONLY document_element_e
    ADD CONSTRAINT ck_names FOREIGN KEY ("names") REFERENCES class_related_dictionary_element_2_names(rid);


--
-- Name: ck_names; Type: FK CONSTRAINT; Schema: public; Owner: postgres
--

ALTER TABLE ONLY document_element_with_http_access_e
    ADD CONSTRAINT ck_names FOREIGN KEY ("names") REFERENCES class_related_dictionary_element_2_names(rid);


--
-- Name: ck_names; Type: FK CONSTRAINT; Schema: public; Owner: postgres
--

ALTER TABLE ONLY document_element_with_translated_http_access_e
    ADD CONSTRAINT ck_names FOREIGN KEY ("names") REFERENCES class_related_dictionary_element_2_names(rid);


--
-- Name: ck_names; Type: FK CONSTRAINT; Schema: public; Owner: postgres
--

ALTER TABLE ONLY class_related_dictionary_element_e
    ADD CONSTRAINT ck_names FOREIGN KEY ("names") REFERENCES class_related_dictionary_element_2_names(rid);


--
-- Name: ck_names; Type: FK CONSTRAINT; Schema: public; Owner: postgres
--

ALTER TABLE ONLY program_library_element_e
    ADD CONSTRAINT ck_names FOREIGN KEY ("names") REFERENCES supplier_related_dictionary_element_2_names(rid);


--
-- Name: ck_names; Type: FK CONSTRAINT; Schema: public; Owner: postgres
--

ALTER TABLE ONLY supplier_related_dictionary_element_e
    ADD CONSTRAINT ck_names FOREIGN KEY ("names") REFERENCES supplier_related_dictionary_element_2_names(rid);


--
-- Name: ck_names; Type: FK CONSTRAINT; Schema: public; Owner: postgres
--

ALTER TABLE ONLY data_type_element_e
    ADD CONSTRAINT ck_names FOREIGN KEY ("names") REFERENCES data_type_element_2_names(rid);


--
-- Name: ck_note; Type: FK CONSTRAINT; Schema: public; Owner: postgres
--

ALTER TABLE ONLY library_e
    ADD CONSTRAINT ck_note FOREIGN KEY (note) REFERENCES dictionary_2_note(rid);


--
-- Name: ck_note; Type: FK CONSTRAINT; Schema: public; Owner: postgres
--

ALTER TABLE ONLY dictionary_in_standard_format_e
    ADD CONSTRAINT ck_note FOREIGN KEY (note) REFERENCES dictionary_2_note(rid);


--
-- Name: ck_note; Type: FK CONSTRAINT; Schema: public; Owner: postgres
--

ALTER TABLE ONLY library_in_standard_format_e
    ADD CONSTRAINT ck_note FOREIGN KEY (note) REFERENCES dictionary_2_note(rid);


--
-- Name: ck_note; Type: FK CONSTRAINT; Schema: public; Owner: postgres
--

ALTER TABLE ONLY dictionary_e
    ADD CONSTRAINT ck_note FOREIGN KEY (note) REFERENCES dictionary_2_note(rid);


--
-- Name: ck_note; Type: FK CONSTRAINT; Schema: public; Owner: postgres
--

ALTER TABLE ONLY class_e
    ADD CONSTRAINT ck_note FOREIGN KEY (note) REFERENCES class_and_property_elements_2_note(rid);


--
-- Name: ck_note; Type: FK CONSTRAINT; Schema: public; Owner: postgres
--

ALTER TABLE ONLY property_det_e
    ADD CONSTRAINT ck_note FOREIGN KEY (note) REFERENCES class_and_property_elements_2_note(rid);


--
-- Name: ck_note; Type: FK CONSTRAINT; Schema: public; Owner: postgres
--

ALTER TABLE ONLY abstract_functional_model_class_e
    ADD CONSTRAINT ck_note FOREIGN KEY (note) REFERENCES class_and_property_elements_2_note(rid);


--
-- Name: ck_note; Type: FK CONSTRAINT; Schema: public; Owner: postgres
--

ALTER TABLE ONLY a_priori_semantic_relationship_e
    ADD CONSTRAINT ck_note FOREIGN KEY (note) REFERENCES class_and_property_elements_2_note(rid);


--
-- Name: ck_note; Type: FK CONSTRAINT; Schema: public; Owner: postgres
--

ALTER TABLE ONLY item_class_e
    ADD CONSTRAINT ck_note FOREIGN KEY (note) REFERENCES class_and_property_elements_2_note(rid);


--
-- Name: ck_note; Type: FK CONSTRAINT; Schema: public; Owner: postgres
--

ALTER TABLE ONLY functional_view_class_e
    ADD CONSTRAINT ck_note FOREIGN KEY (note) REFERENCES class_and_property_elements_2_note(rid);


--
-- Name: ck_note; Type: FK CONSTRAINT; Schema: public; Owner: postgres
--

ALTER TABLE ONLY dependent_p_det_e
    ADD CONSTRAINT ck_note FOREIGN KEY (note) REFERENCES class_and_property_elements_2_note(rid);


--
-- Name: ck_note; Type: FK CONSTRAINT; Schema: public; Owner: postgres
--

ALTER TABLE ONLY non_dependent_p_det_e
    ADD CONSTRAINT ck_note FOREIGN KEY (note) REFERENCES class_and_property_elements_2_note(rid);


--
-- Name: ck_note; Type: FK CONSTRAINT; Schema: public; Owner: postgres
--

ALTER TABLE ONLY representation_p_det_e
    ADD CONSTRAINT ck_note FOREIGN KEY (note) REFERENCES class_and_property_elements_2_note(rid);


--
-- Name: ck_note; Type: FK CONSTRAINT; Schema: public; Owner: postgres
--

ALTER TABLE ONLY condition_det_e
    ADD CONSTRAINT ck_note FOREIGN KEY (note) REFERENCES class_and_property_elements_2_note(rid);


--
-- Name: ck_note; Type: FK CONSTRAINT; Schema: public; Owner: postgres
--

ALTER TABLE ONLY fm_class_view_of_e
    ADD CONSTRAINT ck_note FOREIGN KEY (note) REFERENCES class_and_property_elements_2_note(rid);


--
-- Name: ck_note; Type: FK CONSTRAINT; Schema: public; Owner: postgres
--

ALTER TABLE ONLY functional_model_class_e
    ADD CONSTRAINT ck_note FOREIGN KEY (note) REFERENCES class_and_property_elements_2_note(rid);


--
-- Name: ck_note; Type: FK CONSTRAINT; Schema: public; Owner: postgres
--

ALTER TABLE ONLY item_class_case_of_e
    ADD CONSTRAINT ck_note FOREIGN KEY (note) REFERENCES class_and_property_elements_2_note(rid);


--
-- Name: ck_note; Type: FK CONSTRAINT; Schema: public; Owner: postgres
--

ALTER TABLE ONLY component_class_e
    ADD CONSTRAINT ck_note FOREIGN KEY (note) REFERENCES class_and_property_elements_2_note(rid);


--
-- Name: ck_note; Type: FK CONSTRAINT; Schema: public; Owner: postgres
--

ALTER TABLE ONLY material_class_e
    ADD CONSTRAINT ck_note FOREIGN KEY (note) REFERENCES class_and_property_elements_2_note(rid);


--
-- Name: ck_note; Type: FK CONSTRAINT; Schema: public; Owner: postgres
--

ALTER TABLE ONLY feature_class_e
    ADD CONSTRAINT ck_note FOREIGN KEY (note) REFERENCES class_and_property_elements_2_note(rid);


--
-- Name: ck_note; Type: FK CONSTRAINT; Schema: public; Owner: postgres
--

ALTER TABLE ONLY non_instantiable_functional_view_class_e
    ADD CONSTRAINT ck_note FOREIGN KEY (note) REFERENCES class_and_property_elements_2_note(rid);


--
-- Name: ck_note; Type: FK CONSTRAINT; Schema: public; Owner: postgres
--

ALTER TABLE ONLY component_class_case_of_e
    ADD CONSTRAINT ck_note FOREIGN KEY (note) REFERENCES class_and_property_elements_2_note(rid);


--
-- Name: ck_note; Type: FK CONSTRAINT; Schema: public; Owner: postgres
--

ALTER TABLE ONLY material_class_case_of_e
    ADD CONSTRAINT ck_note FOREIGN KEY (note) REFERENCES class_and_property_elements_2_note(rid);


--
-- Name: ck_note; Type: FK CONSTRAINT; Schema: public; Owner: postgres
--

ALTER TABLE ONLY feature_class_case_of_e
    ADD CONSTRAINT ck_note FOREIGN KEY (note) REFERENCES class_and_property_elements_2_note(rid);


--
-- Name: ck_note; Type: FK CONSTRAINT; Schema: public; Owner: postgres
--

ALTER TABLE ONLY class_and_property_elements_e
    ADD CONSTRAINT ck_note FOREIGN KEY (note) REFERENCES class_and_property_elements_2_note(rid);


--
-- Name: ck_note; Type: FK CONSTRAINT; Schema: public; Owner: postgres
--

ALTER TABLE ONLY document_element_e
    ADD CONSTRAINT ck_note FOREIGN KEY (note) REFERENCES class_related_dictionary_element_2_note(rid);


--
-- Name: ck_note; Type: FK CONSTRAINT; Schema: public; Owner: postgres
--

ALTER TABLE ONLY document_element_with_http_access_e
    ADD CONSTRAINT ck_note FOREIGN KEY (note) REFERENCES class_related_dictionary_element_2_note(rid);


--
-- Name: ck_note; Type: FK CONSTRAINT; Schema: public; Owner: postgres
--

ALTER TABLE ONLY document_element_with_translated_http_access_e
    ADD CONSTRAINT ck_note FOREIGN KEY (note) REFERENCES class_related_dictionary_element_2_note(rid);


--
-- Name: ck_note; Type: FK CONSTRAINT; Schema: public; Owner: postgres
--

ALTER TABLE ONLY class_related_dictionary_element_e
    ADD CONSTRAINT ck_note FOREIGN KEY (note) REFERENCES class_related_dictionary_element_2_note(rid);


--
-- Name: ck_note; Type: FK CONSTRAINT; Schema: public; Owner: postgres
--

ALTER TABLE ONLY program_library_element_e
    ADD CONSTRAINT ck_note FOREIGN KEY (note) REFERENCES supplier_related_dictionary_element_2_note(rid);


--
-- Name: ck_note; Type: FK CONSTRAINT; Schema: public; Owner: postgres
--

ALTER TABLE ONLY supplier_related_dictionary_element_e
    ADD CONSTRAINT ck_note FOREIGN KEY (note) REFERENCES supplier_related_dictionary_element_2_note(rid);


--
-- Name: ck_of_entity; Type: FK CONSTRAINT; Schema: public; Owner: postgres
--

ALTER TABLE ONLY inv_attribute_e
    ADD CONSTRAINT ck_of_entity FOREIGN KEY (of_entity) REFERENCES attribute_2_of_entity(rid);


--
-- Name: ck_of_entity; Type: FK CONSTRAINT; Schema: public; Owner: postgres
--

ALTER TABLE ONLY der_attribute_e
    ADD CONSTRAINT ck_of_entity FOREIGN KEY (of_entity) REFERENCES attribute_2_of_entity(rid);


--
-- Name: ck_of_entity; Type: FK CONSTRAINT; Schema: public; Owner: postgres
--

ALTER TABLE ONLY redef_attribute_e
    ADD CONSTRAINT ck_of_entity FOREIGN KEY (of_entity) REFERENCES attribute_2_of_entity(rid);


--
-- Name: ck_of_entity; Type: FK CONSTRAINT; Schema: public; Owner: postgres
--

ALTER TABLE ONLY attribute_e
    ADD CONSTRAINT ck_of_entity FOREIGN KEY (of_entity) REFERENCES attribute_2_of_entity(rid);


--
-- Name: ck_org; Type: FK CONSTRAINT; Schema: public; Owner: postgres
--

ALTER TABLE ONLY supplier_element_e
    ADD CONSTRAINT ck_org FOREIGN KEY (org) REFERENCES supplier_element_2_org(rid);


--
-- Name: ck_organisation; Type: FK CONSTRAINT; Schema: public; Owner: postgres
--

ALTER TABLE ONLY standard_protocol_e
    ADD CONSTRAINT ck_organisation FOREIGN KEY (organisation) REFERENCES external_file_protocol_2_organisation(rid);


--
-- Name: ck_organisation; Type: FK CONSTRAINT; Schema: public; Owner: postgres
--

ALTER TABLE ONLY data_protocol_e
    ADD CONSTRAINT ck_organisation FOREIGN KEY (organisation) REFERENCES external_file_protocol_2_organisation(rid);


--
-- Name: ck_organisation; Type: FK CONSTRAINT; Schema: public; Owner: postgres
--

ALTER TABLE ONLY non_standard_protocol_e
    ADD CONSTRAINT ck_organisation FOREIGN KEY (organisation) REFERENCES external_file_protocol_2_organisation(rid);


--
-- Name: ck_organisation; Type: FK CONSTRAINT; Schema: public; Owner: postgres
--

ALTER TABLE ONLY program_protocol_e
    ADD CONSTRAINT ck_organisation FOREIGN KEY (organisation) REFERENCES external_file_protocol_2_organisation(rid);


--
-- Name: ck_organisation; Type: FK CONSTRAINT; Schema: public; Owner: postgres
--

ALTER TABLE ONLY standard_data_protocol_e
    ADD CONSTRAINT ck_organisation FOREIGN KEY (organisation) REFERENCES external_file_protocol_2_organisation(rid);


--
-- Name: ck_organisation; Type: FK CONSTRAINT; Schema: public; Owner: postgres
--

ALTER TABLE ONLY standard_simple_program_protocol_e
    ADD CONSTRAINT ck_organisation FOREIGN KEY (organisation) REFERENCES external_file_protocol_2_organisation(rid);


--
-- Name: ck_organisation; Type: FK CONSTRAINT; Schema: public; Owner: postgres
--

ALTER TABLE ONLY non_standard_data_protocol_e
    ADD CONSTRAINT ck_organisation FOREIGN KEY (organisation) REFERENCES external_file_protocol_2_organisation(rid);


--
-- Name: ck_organisation; Type: FK CONSTRAINT; Schema: public; Owner: postgres
--

ALTER TABLE ONLY non_standard_simple_program_protocol_e
    ADD CONSTRAINT ck_organisation FOREIGN KEY (organisation) REFERENCES external_file_protocol_2_organisation(rid);


--
-- Name: ck_organisation; Type: FK CONSTRAINT; Schema: public; Owner: postgres
--

ALTER TABLE ONLY simple_program_protocol_e
    ADD CONSTRAINT ck_organisation FOREIGN KEY (organisation) REFERENCES external_file_protocol_2_organisation(rid);


--
-- Name: ck_organisation; Type: FK CONSTRAINT; Schema: public; Owner: postgres
--

ALTER TABLE ONLY linked_interface_program_protocol_e
    ADD CONSTRAINT ck_organisation FOREIGN KEY (organisation) REFERENCES external_file_protocol_2_organisation(rid);


--
-- Name: ck_organisation; Type: FK CONSTRAINT; Schema: public; Owner: postgres
--

ALTER TABLE ONLY http_protocol_e
    ADD CONSTRAINT ck_organisation FOREIGN KEY (organisation) REFERENCES external_file_protocol_2_organisation(rid);


--
-- Name: ck_organisation; Type: FK CONSTRAINT; Schema: public; Owner: postgres
--

ALTER TABLE ONLY external_file_protocol_e
    ADD CONSTRAINT ck_organisation FOREIGN KEY (organisation) REFERENCES external_file_protocol_2_organisation(rid);


--
-- Name: ck_orientation; Type: FK CONSTRAINT; Schema: public; Owner: postgres
--

ALTER TABLE ONLY vector_e
    ADD CONSTRAINT ck_orientation FOREIGN KEY (orientation) REFERENCES vector_2_orientation(rid);


--
-- Name: ck_parameter_type; Type: FK CONSTRAINT; Schema: public; Owner: postgres
--

ALTER TABLE ONLY view_control_variable_range_e
    ADD CONSTRAINT ck_parameter_type FOREIGN KEY (parameter_type) REFERENCES view_control_variable_range_2_parameter_type(rid);


--
-- Name: ck_preferred_name; Type: FK CONSTRAINT; Schema: public; Owner: postgres
--

ALTER TABLE ONLY item_names_e
    ADD CONSTRAINT ck_preferred_name FOREIGN KEY (preferred_name) REFERENCES item_names_2_preferred_name(rid);


--
-- Name: ck_preferred_symbol; Type: FK CONSTRAINT; Schema: public; Owner: postgres
--

ALTER TABLE ONLY dependent_p_det_e
    ADD CONSTRAINT ck_preferred_symbol FOREIGN KEY (preferred_symbol) REFERENCES property_det_2_preferred_symbol(rid);


--
-- Name: ck_preferred_symbol; Type: FK CONSTRAINT; Schema: public; Owner: postgres
--

ALTER TABLE ONLY non_dependent_p_det_e
    ADD CONSTRAINT ck_preferred_symbol FOREIGN KEY (preferred_symbol) REFERENCES property_det_2_preferred_symbol(rid);


--
-- Name: ck_preferred_symbol; Type: FK CONSTRAINT; Schema: public; Owner: postgres
--

ALTER TABLE ONLY representation_p_det_e
    ADD CONSTRAINT ck_preferred_symbol FOREIGN KEY (preferred_symbol) REFERENCES property_det_2_preferred_symbol(rid);


--
-- Name: ck_preferred_symbol; Type: FK CONSTRAINT; Schema: public; Owner: postgres
--

ALTER TABLE ONLY condition_det_e
    ADD CONSTRAINT ck_preferred_symbol FOREIGN KEY (preferred_symbol) REFERENCES property_det_2_preferred_symbol(rid);


--
-- Name: ck_preferred_symbol; Type: FK CONSTRAINT; Schema: public; Owner: postgres
--

ALTER TABLE ONLY property_det_e
    ADD CONSTRAINT ck_preferred_symbol FOREIGN KEY (preferred_symbol) REFERENCES property_det_2_preferred_symbol(rid);


--
-- Name: ck_prefix; Type: FK CONSTRAINT; Schema: public; Owner: postgres
--

ALTER TABLE ONLY si_unit_e
    ADD CONSTRAINT ck_prefix FOREIGN KEY (prefix) REFERENCES si_prefix_t(rid);


--
-- Name: ck_prop_def; Type: FK CONSTRAINT; Schema: public; Owner: postgres
--

ALTER TABLE ONLY context_dependent_property_value_e
    ADD CONSTRAINT ck_prop_def FOREIGN KEY (prop_def) REFERENCES property_value_2_prop_def(rid);


--
-- Name: ck_prop_def; Type: FK CONSTRAINT; Schema: public; Owner: postgres
--

ALTER TABLE ONLY property_value_e
    ADD CONSTRAINT ck_prop_def FOREIGN KEY (prop_def) REFERENCES property_value_2_prop_def(rid);


--
-- Name: ck_prop_def; Type: FK CONSTRAINT; Schema: public; Owner: postgres
--

ALTER TABLE ONLY property_classification_e
    ADD CONSTRAINT ck_prop_def FOREIGN KEY (prop_def) REFERENCES property_classification_2_prop_def(rid);


--
-- Name: ck_prop_def; Type: FK CONSTRAINT; Schema: public; Owner: postgres
--

ALTER TABLE ONLY property_value_recommended_presentation_e
    ADD CONSTRAINT ck_prop_def FOREIGN KEY (prop_def) REFERENCES property_value_recommended_presentation_2_prop_def(rid);


--
-- Name: ck_publishing_organisation; Type: FK CONSTRAINT; Schema: public; Owner: postgres
--

ALTER TABLE ONLY document_element_with_http_access_e
    ADD CONSTRAINT ck_publishing_organisation FOREIGN KEY (publishing_organisation) REFERENCES document_element_2_publishing_organisation(rid);


--
-- Name: ck_publishing_organisation; Type: FK CONSTRAINT; Schema: public; Owner: postgres
--

ALTER TABLE ONLY document_element_with_translated_http_access_e
    ADD CONSTRAINT ck_publishing_organisation FOREIGN KEY (publishing_organisation) REFERENCES document_element_2_publishing_organisation(rid);


--
-- Name: ck_publishing_organisation; Type: FK CONSTRAINT; Schema: public; Owner: postgres
--

ALTER TABLE ONLY document_element_e
    ADD CONSTRAINT ck_publishing_organisation FOREIGN KEY (publishing_organisation) REFERENCES document_element_2_publishing_organisation(rid);


--
-- Name: ck_redefines; Type: FK CONSTRAINT; Schema: public; Owner: postgres
--

ALTER TABLE ONLY redef_attribute_e
    ADD CONSTRAINT ck_redefines FOREIGN KEY (redefines) REFERENCES redef_attribute_2_redefines(rid);


--
-- Name: ck_ref_direction; Type: FK CONSTRAINT; Schema: public; Owner: postgres
--

ALTER TABLE ONLY axis2_placement_2d_e
    ADD CONSTRAINT ck_ref_direction FOREIGN KEY (ref_direction) REFERENCES axis2_placement_2d_2_ref_direction(rid);


--
-- Name: ck_ref_direction; Type: FK CONSTRAINT; Schema: public; Owner: postgres
--

ALTER TABLE ONLY axis2_placement_3d_e
    ADD CONSTRAINT ck_ref_direction FOREIGN KEY (ref_direction) REFERENCES axis2_placement_3d_2_ref_direction(rid);


--
-- Name: ck_referenced_iso10303_ap; Type: FK CONSTRAINT; Schema: public; Owner: postgres
--

ALTER TABLE ONLY view_exchange_protocol_identification_e
    ADD CONSTRAINT ck_referenced_iso10303_ap FOREIGN KEY (referenced_iso10303_ap) REFERENCES view_exchange_protocol_identification_2_referenced_iso10303_ap(rid);


--
-- Name: ck_referred_type; Type: FK CONSTRAINT; Schema: public; Owner: postgres
--

ALTER TABLE ONLY named_type_e
    ADD CONSTRAINT ck_referred_type FOREIGN KEY (referred_type) REFERENCES named_type_2_referred_type(rid);


--
-- Name: ck_relating_class; Type: FK CONSTRAINT; Schema: public; Owner: postgres
--

ALTER TABLE ONLY class_document_relationship_e
    ADD CONSTRAINT ck_relating_class FOREIGN KEY (relating_class) REFERENCES class_bsu_relationship_2_relating_class(rid);


--
-- Name: ck_relating_class; Type: FK CONSTRAINT; Schema: public; Owner: postgres
--

ALTER TABLE ONLY class_bsu_relationship_e
    ADD CONSTRAINT ck_relating_class FOREIGN KEY (relating_class) REFERENCES class_bsu_relationship_2_relating_class(rid);


--
-- Name: ck_relating_supplier; Type: FK CONSTRAINT; Schema: public; Owner: postgres
--

ALTER TABLE ONLY supplier_program_library_relationship_e
    ADD CONSTRAINT ck_relating_supplier FOREIGN KEY (relating_supplier) REFERENCES supplier_bsu_relationship_2_relating_supplier(rid);


--
-- Name: ck_relating_supplier; Type: FK CONSTRAINT; Schema: public; Owner: postgres
--

ALTER TABLE ONLY supplier_bsu_relationship_e
    ADD CONSTRAINT ck_relating_supplier FOREIGN KEY (relating_supplier) REFERENCES supplier_bsu_relationship_2_relating_supplier(rid);


--
-- Name: ck_remark; Type: FK CONSTRAINT; Schema: public; Owner: postgres
--

ALTER TABLE ONLY library_e
    ADD CONSTRAINT ck_remark FOREIGN KEY (remark) REFERENCES dictionary_2_remark(rid);


--
-- Name: ck_remark; Type: FK CONSTRAINT; Schema: public; Owner: postgres
--

ALTER TABLE ONLY dictionary_in_standard_format_e
    ADD CONSTRAINT ck_remark FOREIGN KEY (remark) REFERENCES dictionary_2_remark(rid);


--
-- Name: ck_remark; Type: FK CONSTRAINT; Schema: public; Owner: postgres
--

ALTER TABLE ONLY library_in_standard_format_e
    ADD CONSTRAINT ck_remark FOREIGN KEY (remark) REFERENCES dictionary_2_remark(rid);


--
-- Name: ck_remark; Type: FK CONSTRAINT; Schema: public; Owner: postgres
--

ALTER TABLE ONLY dictionary_e
    ADD CONSTRAINT ck_remark FOREIGN KEY (remark) REFERENCES dictionary_2_remark(rid);


--
-- Name: ck_remark; Type: FK CONSTRAINT; Schema: public; Owner: postgres
--

ALTER TABLE ONLY class_e
    ADD CONSTRAINT ck_remark FOREIGN KEY (remark) REFERENCES class_and_property_elements_2_remark(rid);


--
-- Name: ck_remark; Type: FK CONSTRAINT; Schema: public; Owner: postgres
--

ALTER TABLE ONLY property_det_e
    ADD CONSTRAINT ck_remark FOREIGN KEY (remark) REFERENCES class_and_property_elements_2_remark(rid);


--
-- Name: ck_remark; Type: FK CONSTRAINT; Schema: public; Owner: postgres
--

ALTER TABLE ONLY abstract_functional_model_class_e
    ADD CONSTRAINT ck_remark FOREIGN KEY (remark) REFERENCES class_and_property_elements_2_remark(rid);


--
-- Name: ck_remark; Type: FK CONSTRAINT; Schema: public; Owner: postgres
--

ALTER TABLE ONLY a_priori_semantic_relationship_e
    ADD CONSTRAINT ck_remark FOREIGN KEY (remark) REFERENCES class_and_property_elements_2_remark(rid);


--
-- Name: ck_remark; Type: FK CONSTRAINT; Schema: public; Owner: postgres
--

ALTER TABLE ONLY item_class_e
    ADD CONSTRAINT ck_remark FOREIGN KEY (remark) REFERENCES class_and_property_elements_2_remark(rid);


--
-- Name: ck_remark; Type: FK CONSTRAINT; Schema: public; Owner: postgres
--

ALTER TABLE ONLY functional_view_class_e
    ADD CONSTRAINT ck_remark FOREIGN KEY (remark) REFERENCES class_and_property_elements_2_remark(rid);


--
-- Name: ck_remark; Type: FK CONSTRAINT; Schema: public; Owner: postgres
--

ALTER TABLE ONLY dependent_p_det_e
    ADD CONSTRAINT ck_remark FOREIGN KEY (remark) REFERENCES class_and_property_elements_2_remark(rid);


--
-- Name: ck_remark; Type: FK CONSTRAINT; Schema: public; Owner: postgres
--

ALTER TABLE ONLY non_dependent_p_det_e
    ADD CONSTRAINT ck_remark FOREIGN KEY (remark) REFERENCES class_and_property_elements_2_remark(rid);


--
-- Name: ck_remark; Type: FK CONSTRAINT; Schema: public; Owner: postgres
--

ALTER TABLE ONLY representation_p_det_e
    ADD CONSTRAINT ck_remark FOREIGN KEY (remark) REFERENCES class_and_property_elements_2_remark(rid);


--
-- Name: ck_remark; Type: FK CONSTRAINT; Schema: public; Owner: postgres
--

ALTER TABLE ONLY condition_det_e
    ADD CONSTRAINT ck_remark FOREIGN KEY (remark) REFERENCES class_and_property_elements_2_remark(rid);


--
-- Name: ck_remark; Type: FK CONSTRAINT; Schema: public; Owner: postgres
--

ALTER TABLE ONLY fm_class_view_of_e
    ADD CONSTRAINT ck_remark FOREIGN KEY (remark) REFERENCES class_and_property_elements_2_remark(rid);


--
-- Name: ck_remark; Type: FK CONSTRAINT; Schema: public; Owner: postgres
--

ALTER TABLE ONLY functional_model_class_e
    ADD CONSTRAINT ck_remark FOREIGN KEY (remark) REFERENCES class_and_property_elements_2_remark(rid);


--
-- Name: ck_remark; Type: FK CONSTRAINT; Schema: public; Owner: postgres
--

ALTER TABLE ONLY item_class_case_of_e
    ADD CONSTRAINT ck_remark FOREIGN KEY (remark) REFERENCES class_and_property_elements_2_remark(rid);


--
-- Name: ck_remark; Type: FK CONSTRAINT; Schema: public; Owner: postgres
--

ALTER TABLE ONLY component_class_e
    ADD CONSTRAINT ck_remark FOREIGN KEY (remark) REFERENCES class_and_property_elements_2_remark(rid);


--
-- Name: ck_remark; Type: FK CONSTRAINT; Schema: public; Owner: postgres
--

ALTER TABLE ONLY material_class_e
    ADD CONSTRAINT ck_remark FOREIGN KEY (remark) REFERENCES class_and_property_elements_2_remark(rid);


--
-- Name: ck_remark; Type: FK CONSTRAINT; Schema: public; Owner: postgres
--

ALTER TABLE ONLY feature_class_e
    ADD CONSTRAINT ck_remark FOREIGN KEY (remark) REFERENCES class_and_property_elements_2_remark(rid);


--
-- Name: ck_remark; Type: FK CONSTRAINT; Schema: public; Owner: postgres
--

ALTER TABLE ONLY non_instantiable_functional_view_class_e
    ADD CONSTRAINT ck_remark FOREIGN KEY (remark) REFERENCES class_and_property_elements_2_remark(rid);


--
-- Name: ck_remark; Type: FK CONSTRAINT; Schema: public; Owner: postgres
--

ALTER TABLE ONLY component_class_case_of_e
    ADD CONSTRAINT ck_remark FOREIGN KEY (remark) REFERENCES class_and_property_elements_2_remark(rid);


--
-- Name: ck_remark; Type: FK CONSTRAINT; Schema: public; Owner: postgres
--

ALTER TABLE ONLY material_class_case_of_e
    ADD CONSTRAINT ck_remark FOREIGN KEY (remark) REFERENCES class_and_property_elements_2_remark(rid);


--
-- Name: ck_remark; Type: FK CONSTRAINT; Schema: public; Owner: postgres
--

ALTER TABLE ONLY feature_class_case_of_e
    ADD CONSTRAINT ck_remark FOREIGN KEY (remark) REFERENCES class_and_property_elements_2_remark(rid);


--
-- Name: ck_remark; Type: FK CONSTRAINT; Schema: public; Owner: postgres
--

ALTER TABLE ONLY class_and_property_elements_e
    ADD CONSTRAINT ck_remark FOREIGN KEY (remark) REFERENCES class_and_property_elements_2_remark(rid);


--
-- Name: ck_remark; Type: FK CONSTRAINT; Schema: public; Owner: postgres
--

ALTER TABLE ONLY document_element_e
    ADD CONSTRAINT ck_remark FOREIGN KEY (remark) REFERENCES class_related_dictionary_element_2_remark(rid);


--
-- Name: ck_remark; Type: FK CONSTRAINT; Schema: public; Owner: postgres
--

ALTER TABLE ONLY document_element_with_http_access_e
    ADD CONSTRAINT ck_remark FOREIGN KEY (remark) REFERENCES class_related_dictionary_element_2_remark(rid);


--
-- Name: ck_remark; Type: FK CONSTRAINT; Schema: public; Owner: postgres
--

ALTER TABLE ONLY document_element_with_translated_http_access_e
    ADD CONSTRAINT ck_remark FOREIGN KEY (remark) REFERENCES class_related_dictionary_element_2_remark(rid);


--
-- Name: ck_remark; Type: FK CONSTRAINT; Schema: public; Owner: postgres
--

ALTER TABLE ONLY class_related_dictionary_element_e
    ADD CONSTRAINT ck_remark FOREIGN KEY (remark) REFERENCES class_related_dictionary_element_2_remark(rid);


--
-- Name: ck_remark; Type: FK CONSTRAINT; Schema: public; Owner: postgres
--

ALTER TABLE ONLY program_library_element_e
    ADD CONSTRAINT ck_remark FOREIGN KEY (remark) REFERENCES supplier_related_dictionary_element_2_remark(rid);


--
-- Name: ck_remark; Type: FK CONSTRAINT; Schema: public; Owner: postgres
--

ALTER TABLE ONLY supplier_related_dictionary_element_e
    ADD CONSTRAINT ck_remark FOREIGN KEY (remark) REFERENCES supplier_related_dictionary_element_2_remark(rid);


--
-- Name: ck_responsible_supplier; Type: FK CONSTRAINT; Schema: public; Owner: postgres
--

ALTER TABLE ONLY library_e
    ADD CONSTRAINT ck_responsible_supplier FOREIGN KEY (responsible_supplier) REFERENCES dictionary_2_responsible_supplier(rid);


--
-- Name: ck_responsible_supplier; Type: FK CONSTRAINT; Schema: public; Owner: postgres
--

ALTER TABLE ONLY dictionary_in_standard_format_e
    ADD CONSTRAINT ck_responsible_supplier FOREIGN KEY (responsible_supplier) REFERENCES dictionary_2_responsible_supplier(rid);


--
-- Name: ck_responsible_supplier; Type: FK CONSTRAINT; Schema: public; Owner: postgres
--

ALTER TABLE ONLY library_in_standard_format_e
    ADD CONSTRAINT ck_responsible_supplier FOREIGN KEY (responsible_supplier) REFERENCES dictionary_2_responsible_supplier(rid);


--
-- Name: ck_responsible_supplier; Type: FK CONSTRAINT; Schema: public; Owner: postgres
--

ALTER TABLE ONLY dictionary_e
    ADD CONSTRAINT ck_responsible_supplier FOREIGN KEY (responsible_supplier) REFERENCES dictionary_2_responsible_supplier(rid);


--
-- Name: ck_sense; Type: FK CONSTRAINT; Schema: public; Owner: postgres
--

ALTER TABLE ONLY coordinated_universal_time_offset_e
    ADD CONSTRAINT ck_sense FOREIGN KEY (sense) REFERENCES ahead_or_behind_t(rid);


--
-- Name: ck_short_name; Type: FK CONSTRAINT; Schema: public; Owner: postgres
--

ALTER TABLE ONLY item_names_e
    ADD CONSTRAINT ck_short_name FOREIGN KEY (short_name) REFERENCES item_names_2_short_name(rid);


--
-- Name: ck_simplified_drawing; Type: FK CONSTRAINT; Schema: public; Owner: postgres
--

ALTER TABLE ONLY item_class_case_of_e
    ADD CONSTRAINT ck_simplified_drawing FOREIGN KEY (simplified_drawing) REFERENCES item_class_2_simplified_drawing(rid);


--
-- Name: ck_simplified_drawing; Type: FK CONSTRAINT; Schema: public; Owner: postgres
--

ALTER TABLE ONLY component_class_e
    ADD CONSTRAINT ck_simplified_drawing FOREIGN KEY (simplified_drawing) REFERENCES item_class_2_simplified_drawing(rid);


--
-- Name: ck_simplified_drawing; Type: FK CONSTRAINT; Schema: public; Owner: postgres
--

ALTER TABLE ONLY material_class_e
    ADD CONSTRAINT ck_simplified_drawing FOREIGN KEY (simplified_drawing) REFERENCES item_class_2_simplified_drawing(rid);


--
-- Name: ck_simplified_drawing; Type: FK CONSTRAINT; Schema: public; Owner: postgres
--

ALTER TABLE ONLY feature_class_e
    ADD CONSTRAINT ck_simplified_drawing FOREIGN KEY (simplified_drawing) REFERENCES item_class_2_simplified_drawing(rid);


--
-- Name: ck_simplified_drawing; Type: FK CONSTRAINT; Schema: public; Owner: postgres
--

ALTER TABLE ONLY component_class_case_of_e
    ADD CONSTRAINT ck_simplified_drawing FOREIGN KEY (simplified_drawing) REFERENCES item_class_2_simplified_drawing(rid);


--
-- Name: ck_simplified_drawing; Type: FK CONSTRAINT; Schema: public; Owner: postgres
--

ALTER TABLE ONLY material_class_case_of_e
    ADD CONSTRAINT ck_simplified_drawing FOREIGN KEY (simplified_drawing) REFERENCES item_class_2_simplified_drawing(rid);


--
-- Name: ck_simplified_drawing; Type: FK CONSTRAINT; Schema: public; Owner: postgres
--

ALTER TABLE ONLY feature_class_case_of_e
    ADD CONSTRAINT ck_simplified_drawing FOREIGN KEY (simplified_drawing) REFERENCES item_class_2_simplified_drawing(rid);


--
-- Name: ck_simplified_drawing; Type: FK CONSTRAINT; Schema: public; Owner: postgres
--

ALTER TABLE ONLY item_class_e
    ADD CONSTRAINT ck_simplified_drawing FOREIGN KEY (simplified_drawing) REFERENCES item_class_2_simplified_drawing(rid);


--
-- Name: ck_source; Type: FK CONSTRAINT; Schema: public; Owner: postgres
--

ALTER TABLE ONLY a_posteriori_case_of_e
    ADD CONSTRAINT ck_source FOREIGN KEY (source) REFERENCES a_posteriori_case_of_2_source(rid);


--
-- Name: ck_source_doc_of_definition; Type: FK CONSTRAINT; Schema: public; Owner: postgres
--

ALTER TABLE ONLY class_e
    ADD CONSTRAINT ck_source_doc_of_definition FOREIGN KEY (source_doc_of_definition) REFERENCES class_and_property_elements_2_source_doc_of_definition(rid);


--
-- Name: ck_source_doc_of_definition; Type: FK CONSTRAINT; Schema: public; Owner: postgres
--

ALTER TABLE ONLY property_det_e
    ADD CONSTRAINT ck_source_doc_of_definition FOREIGN KEY (source_doc_of_definition) REFERENCES class_and_property_elements_2_source_doc_of_definition(rid);


--
-- Name: ck_source_doc_of_definition; Type: FK CONSTRAINT; Schema: public; Owner: postgres
--

ALTER TABLE ONLY abstract_functional_model_class_e
    ADD CONSTRAINT ck_source_doc_of_definition FOREIGN KEY (source_doc_of_definition) REFERENCES class_and_property_elements_2_source_doc_of_definition(rid);


--
-- Name: ck_source_doc_of_definition; Type: FK CONSTRAINT; Schema: public; Owner: postgres
--

ALTER TABLE ONLY a_priori_semantic_relationship_e
    ADD CONSTRAINT ck_source_doc_of_definition FOREIGN KEY (source_doc_of_definition) REFERENCES class_and_property_elements_2_source_doc_of_definition(rid);


--
-- Name: ck_source_doc_of_definition; Type: FK CONSTRAINT; Schema: public; Owner: postgres
--

ALTER TABLE ONLY item_class_e
    ADD CONSTRAINT ck_source_doc_of_definition FOREIGN KEY (source_doc_of_definition) REFERENCES class_and_property_elements_2_source_doc_of_definition(rid);


--
-- Name: ck_source_doc_of_definition; Type: FK CONSTRAINT; Schema: public; Owner: postgres
--

ALTER TABLE ONLY functional_view_class_e
    ADD CONSTRAINT ck_source_doc_of_definition FOREIGN KEY (source_doc_of_definition) REFERENCES class_and_property_elements_2_source_doc_of_definition(rid);


--
-- Name: ck_source_doc_of_definition; Type: FK CONSTRAINT; Schema: public; Owner: postgres
--

ALTER TABLE ONLY dependent_p_det_e
    ADD CONSTRAINT ck_source_doc_of_definition FOREIGN KEY (source_doc_of_definition) REFERENCES class_and_property_elements_2_source_doc_of_definition(rid);


--
-- Name: ck_source_doc_of_definition; Type: FK CONSTRAINT; Schema: public; Owner: postgres
--

ALTER TABLE ONLY non_dependent_p_det_e
    ADD CONSTRAINT ck_source_doc_of_definition FOREIGN KEY (source_doc_of_definition) REFERENCES class_and_property_elements_2_source_doc_of_definition(rid);


--
-- Name: ck_source_doc_of_definition; Type: FK CONSTRAINT; Schema: public; Owner: postgres
--

ALTER TABLE ONLY representation_p_det_e
    ADD CONSTRAINT ck_source_doc_of_definition FOREIGN KEY (source_doc_of_definition) REFERENCES class_and_property_elements_2_source_doc_of_definition(rid);


--
-- Name: ck_source_doc_of_definition; Type: FK CONSTRAINT; Schema: public; Owner: postgres
--

ALTER TABLE ONLY condition_det_e
    ADD CONSTRAINT ck_source_doc_of_definition FOREIGN KEY (source_doc_of_definition) REFERENCES class_and_property_elements_2_source_doc_of_definition(rid);


--
-- Name: ck_source_doc_of_definition; Type: FK CONSTRAINT; Schema: public; Owner: postgres
--

ALTER TABLE ONLY fm_class_view_of_e
    ADD CONSTRAINT ck_source_doc_of_definition FOREIGN KEY (source_doc_of_definition) REFERENCES class_and_property_elements_2_source_doc_of_definition(rid);


--
-- Name: ck_source_doc_of_definition; Type: FK CONSTRAINT; Schema: public; Owner: postgres
--

ALTER TABLE ONLY functional_model_class_e
    ADD CONSTRAINT ck_source_doc_of_definition FOREIGN KEY (source_doc_of_definition) REFERENCES class_and_property_elements_2_source_doc_of_definition(rid);


--
-- Name: ck_source_doc_of_definition; Type: FK CONSTRAINT; Schema: public; Owner: postgres
--

ALTER TABLE ONLY item_class_case_of_e
    ADD CONSTRAINT ck_source_doc_of_definition FOREIGN KEY (source_doc_of_definition) REFERENCES class_and_property_elements_2_source_doc_of_definition(rid);


--
-- Name: ck_source_doc_of_definition; Type: FK CONSTRAINT; Schema: public; Owner: postgres
--

ALTER TABLE ONLY component_class_e
    ADD CONSTRAINT ck_source_doc_of_definition FOREIGN KEY (source_doc_of_definition) REFERENCES class_and_property_elements_2_source_doc_of_definition(rid);


--
-- Name: ck_source_doc_of_definition; Type: FK CONSTRAINT; Schema: public; Owner: postgres
--

ALTER TABLE ONLY material_class_e
    ADD CONSTRAINT ck_source_doc_of_definition FOREIGN KEY (source_doc_of_definition) REFERENCES class_and_property_elements_2_source_doc_of_definition(rid);


--
-- Name: ck_source_doc_of_definition; Type: FK CONSTRAINT; Schema: public; Owner: postgres
--

ALTER TABLE ONLY feature_class_e
    ADD CONSTRAINT ck_source_doc_of_definition FOREIGN KEY (source_doc_of_definition) REFERENCES class_and_property_elements_2_source_doc_of_definition(rid);


--
-- Name: ck_source_doc_of_definition; Type: FK CONSTRAINT; Schema: public; Owner: postgres
--

ALTER TABLE ONLY non_instantiable_functional_view_class_e
    ADD CONSTRAINT ck_source_doc_of_definition FOREIGN KEY (source_doc_of_definition) REFERENCES class_and_property_elements_2_source_doc_of_definition(rid);


--
-- Name: ck_source_doc_of_definition; Type: FK CONSTRAINT; Schema: public; Owner: postgres
--

ALTER TABLE ONLY component_class_case_of_e
    ADD CONSTRAINT ck_source_doc_of_definition FOREIGN KEY (source_doc_of_definition) REFERENCES class_and_property_elements_2_source_doc_of_definition(rid);


--
-- Name: ck_source_doc_of_definition; Type: FK CONSTRAINT; Schema: public; Owner: postgres
--

ALTER TABLE ONLY material_class_case_of_e
    ADD CONSTRAINT ck_source_doc_of_definition FOREIGN KEY (source_doc_of_definition) REFERENCES class_and_property_elements_2_source_doc_of_definition(rid);


--
-- Name: ck_source_doc_of_definition; Type: FK CONSTRAINT; Schema: public; Owner: postgres
--

ALTER TABLE ONLY feature_class_case_of_e
    ADD CONSTRAINT ck_source_doc_of_definition FOREIGN KEY (source_doc_of_definition) REFERENCES class_and_property_elements_2_source_doc_of_definition(rid);


--
-- Name: ck_source_doc_of_definition; Type: FK CONSTRAINT; Schema: public; Owner: postgres
--

ALTER TABLE ONLY class_and_property_elements_e
    ADD CONSTRAINT ck_source_doc_of_definition FOREIGN KEY (source_doc_of_definition) REFERENCES class_and_property_elements_2_source_doc_of_definition(rid);


--
-- Name: ck_source_doc_of_value; Type: FK CONSTRAINT; Schema: public; Owner: postgres
--

ALTER TABLE ONLY dic_value_e
    ADD CONSTRAINT ck_source_doc_of_value FOREIGN KEY (source_doc_of_value) REFERENCES dic_value_2_source_doc_of_value(rid);


--
-- Name: ck_source_doc_of_value_domain; Type: FK CONSTRAINT; Schema: public; Owner: postgres
--

ALTER TABLE ONLY value_domain_e
    ADD CONSTRAINT ck_source_doc_of_value_domain FOREIGN KEY (source_doc_of_value_domain) REFERENCES value_domain_2_source_doc_of_value_domain(rid);


--
-- Name: ck_status; Type: FK CONSTRAINT; Schema: public; Owner: postgres
--

ALTER TABLE ONLY non_standard_simple_program_protocol_e
    ADD CONSTRAINT ck_status FOREIGN KEY (status) REFERENCES program_status_t(rid);


--
-- Name: ck_status; Type: FK CONSTRAINT; Schema: public; Owner: postgres
--

ALTER TABLE ONLY standard_simple_program_protocol_e
    ADD CONSTRAINT ck_status FOREIGN KEY (status) REFERENCES program_status_t(rid);


--
-- Name: ck_status; Type: FK CONSTRAINT; Schema: public; Owner: postgres
--

ALTER TABLE ONLY simple_program_protocol_e
    ADD CONSTRAINT ck_status FOREIGN KEY (status) REFERENCES program_status_t(rid);


--
-- Name: ck_string_representation; Type: FK CONSTRAINT; Schema: public; Owner: postgres
--

ALTER TABLE ONLY dic_unit_e
    ADD CONSTRAINT ck_string_representation FOREIGN KEY (string_representation) REFERENCES dic_unit_2_string_representation(rid);


--
-- Name: ck_structured_representation; Type: FK CONSTRAINT; Schema: public; Owner: postgres
--

ALTER TABLE ONLY dic_unit_e
    ADD CONSTRAINT ck_structured_representation FOREIGN KEY (structured_representation) REFERENCES dic_unit_2_structured_representation(rid);


--
-- Name: ck_super_class_defined_property; Type: FK CONSTRAINT; Schema: public; Owner: postgres
--

ALTER TABLE ONLY class_value_assignment_e
    ADD CONSTRAINT ck_super_class_defined_property FOREIGN KEY (super_class_defined_property) REFERENCES class_value_assignment_2_super_class_defined_property(rid);


--
-- Name: ck_supplier_designation; Type: FK CONSTRAINT; Schema: public; Owner: postgres
--

ALTER TABLE ONLY lib_component_instance_e
    ADD CONSTRAINT ck_supplier_designation FOREIGN KEY (supplier_designation) REFERENCES lib_item_instance_2_supplier_designation(rid);


--
-- Name: ck_supplier_designation; Type: FK CONSTRAINT; Schema: public; Owner: postgres
--

ALTER TABLE ONLY lib_feature_instance_e
    ADD CONSTRAINT ck_supplier_designation FOREIGN KEY (supplier_designation) REFERENCES lib_item_instance_2_supplier_designation(rid);


--
-- Name: ck_supplier_designation; Type: FK CONSTRAINT; Schema: public; Owner: postgres
--

ALTER TABLE ONLY lib_material_instance_e
    ADD CONSTRAINT ck_supplier_designation FOREIGN KEY (supplier_designation) REFERENCES lib_item_instance_2_supplier_designation(rid);


--
-- Name: ck_supplier_designation; Type: FK CONSTRAINT; Schema: public; Owner: postgres
--

ALTER TABLE ONLY lib_item_instance_e
    ADD CONSTRAINT ck_supplier_designation FOREIGN KEY (supplier_designation) REFERENCES lib_item_instance_2_supplier_designation(rid);


--
-- Name: ck_the_value; Type: FK CONSTRAINT; Schema: public; Owner: postgres
--

ALTER TABLE ONLY aggregate_entity_instance_value_e
    ADD CONSTRAINT ck_the_value FOREIGN KEY (the_value) REFERENCES aggregate_entity_instance_value_2_the_value(rid);


--
-- Name: ck_time_component; Type: FK CONSTRAINT; Schema: public; Owner: postgres
--

ALTER TABLE ONLY date_and_time_e
    ADD CONSTRAINT ck_time_component FOREIGN KEY (time_component) REFERENCES date_and_time_2_time_component(rid);


--
-- Name: ck_time_stamps; Type: FK CONSTRAINT; Schema: public; Owner: postgres
--

ALTER TABLE ONLY class_and_property_elements_e
    ADD CONSTRAINT ck_time_stamps FOREIGN KEY (time_stamps) REFERENCES dictionary_element_2_time_stamps(rid);


--
-- Name: ck_time_stamps; Type: FK CONSTRAINT; Schema: public; Owner: postgres
--

ALTER TABLE ONLY class_related_dictionary_element_e
    ADD CONSTRAINT ck_time_stamps FOREIGN KEY (time_stamps) REFERENCES dictionary_element_2_time_stamps(rid);


--
-- Name: ck_time_stamps; Type: FK CONSTRAINT; Schema: public; Owner: postgres
--

ALTER TABLE ONLY data_type_element_e
    ADD CONSTRAINT ck_time_stamps FOREIGN KEY (time_stamps) REFERENCES dictionary_element_2_time_stamps(rid);


--
-- Name: ck_time_stamps; Type: FK CONSTRAINT; Schema: public; Owner: postgres
--

ALTER TABLE ONLY supplier_related_dictionary_element_e
    ADD CONSTRAINT ck_time_stamps FOREIGN KEY (time_stamps) REFERENCES dictionary_element_2_time_stamps(rid);


--
-- Name: ck_time_stamps; Type: FK CONSTRAINT; Schema: public; Owner: postgres
--

ALTER TABLE ONLY supplier_element_e
    ADD CONSTRAINT ck_time_stamps FOREIGN KEY (time_stamps) REFERENCES dictionary_element_2_time_stamps(rid);


--
-- Name: ck_time_stamps; Type: FK CONSTRAINT; Schema: public; Owner: postgres
--

ALTER TABLE ONLY class_e
    ADD CONSTRAINT ck_time_stamps FOREIGN KEY (time_stamps) REFERENCES dictionary_element_2_time_stamps(rid);


--
-- Name: ck_time_stamps; Type: FK CONSTRAINT; Schema: public; Owner: postgres
--

ALTER TABLE ONLY property_det_e
    ADD CONSTRAINT ck_time_stamps FOREIGN KEY (time_stamps) REFERENCES dictionary_element_2_time_stamps(rid);


--
-- Name: ck_time_stamps; Type: FK CONSTRAINT; Schema: public; Owner: postgres
--

ALTER TABLE ONLY document_element_e
    ADD CONSTRAINT ck_time_stamps FOREIGN KEY (time_stamps) REFERENCES dictionary_element_2_time_stamps(rid);


--
-- Name: ck_time_stamps; Type: FK CONSTRAINT; Schema: public; Owner: postgres
--

ALTER TABLE ONLY program_library_element_e
    ADD CONSTRAINT ck_time_stamps FOREIGN KEY (time_stamps) REFERENCES dictionary_element_2_time_stamps(rid);


--
-- Name: ck_time_stamps; Type: FK CONSTRAINT; Schema: public; Owner: postgres
--

ALTER TABLE ONLY abstract_functional_model_class_e
    ADD CONSTRAINT ck_time_stamps FOREIGN KEY (time_stamps) REFERENCES dictionary_element_2_time_stamps(rid);


--
-- Name: ck_time_stamps; Type: FK CONSTRAINT; Schema: public; Owner: postgres
--

ALTER TABLE ONLY a_priori_semantic_relationship_e
    ADD CONSTRAINT ck_time_stamps FOREIGN KEY (time_stamps) REFERENCES dictionary_element_2_time_stamps(rid);


--
-- Name: ck_time_stamps; Type: FK CONSTRAINT; Schema: public; Owner: postgres
--

ALTER TABLE ONLY item_class_e
    ADD CONSTRAINT ck_time_stamps FOREIGN KEY (time_stamps) REFERENCES dictionary_element_2_time_stamps(rid);


--
-- Name: ck_time_stamps; Type: FK CONSTRAINT; Schema: public; Owner: postgres
--

ALTER TABLE ONLY functional_view_class_e
    ADD CONSTRAINT ck_time_stamps FOREIGN KEY (time_stamps) REFERENCES dictionary_element_2_time_stamps(rid);


--
-- Name: ck_time_stamps; Type: FK CONSTRAINT; Schema: public; Owner: postgres
--

ALTER TABLE ONLY dependent_p_det_e
    ADD CONSTRAINT ck_time_stamps FOREIGN KEY (time_stamps) REFERENCES dictionary_element_2_time_stamps(rid);


--
-- Name: ck_time_stamps; Type: FK CONSTRAINT; Schema: public; Owner: postgres
--

ALTER TABLE ONLY non_dependent_p_det_e
    ADD CONSTRAINT ck_time_stamps FOREIGN KEY (time_stamps) REFERENCES dictionary_element_2_time_stamps(rid);


--
-- Name: ck_time_stamps; Type: FK CONSTRAINT; Schema: public; Owner: postgres
--

ALTER TABLE ONLY representation_p_det_e
    ADD CONSTRAINT ck_time_stamps FOREIGN KEY (time_stamps) REFERENCES dictionary_element_2_time_stamps(rid);


--
-- Name: ck_time_stamps; Type: FK CONSTRAINT; Schema: public; Owner: postgres
--

ALTER TABLE ONLY condition_det_e
    ADD CONSTRAINT ck_time_stamps FOREIGN KEY (time_stamps) REFERENCES dictionary_element_2_time_stamps(rid);


--
-- Name: ck_time_stamps; Type: FK CONSTRAINT; Schema: public; Owner: postgres
--

ALTER TABLE ONLY document_element_with_http_access_e
    ADD CONSTRAINT ck_time_stamps FOREIGN KEY (time_stamps) REFERENCES dictionary_element_2_time_stamps(rid);


--
-- Name: ck_time_stamps; Type: FK CONSTRAINT; Schema: public; Owner: postgres
--

ALTER TABLE ONLY document_element_with_translated_http_access_e
    ADD CONSTRAINT ck_time_stamps FOREIGN KEY (time_stamps) REFERENCES dictionary_element_2_time_stamps(rid);


--
-- Name: ck_time_stamps; Type: FK CONSTRAINT; Schema: public; Owner: postgres
--

ALTER TABLE ONLY fm_class_view_of_e
    ADD CONSTRAINT ck_time_stamps FOREIGN KEY (time_stamps) REFERENCES dictionary_element_2_time_stamps(rid);


--
-- Name: ck_time_stamps; Type: FK CONSTRAINT; Schema: public; Owner: postgres
--

ALTER TABLE ONLY functional_model_class_e
    ADD CONSTRAINT ck_time_stamps FOREIGN KEY (time_stamps) REFERENCES dictionary_element_2_time_stamps(rid);


--
-- Name: ck_time_stamps; Type: FK CONSTRAINT; Schema: public; Owner: postgres
--

ALTER TABLE ONLY item_class_case_of_e
    ADD CONSTRAINT ck_time_stamps FOREIGN KEY (time_stamps) REFERENCES dictionary_element_2_time_stamps(rid);


--
-- Name: ck_time_stamps; Type: FK CONSTRAINT; Schema: public; Owner: postgres
--

ALTER TABLE ONLY component_class_e
    ADD CONSTRAINT ck_time_stamps FOREIGN KEY (time_stamps) REFERENCES dictionary_element_2_time_stamps(rid);


--
-- Name: ck_time_stamps; Type: FK CONSTRAINT; Schema: public; Owner: postgres
--

ALTER TABLE ONLY material_class_e
    ADD CONSTRAINT ck_time_stamps FOREIGN KEY (time_stamps) REFERENCES dictionary_element_2_time_stamps(rid);


--
-- Name: ck_time_stamps; Type: FK CONSTRAINT; Schema: public; Owner: postgres
--

ALTER TABLE ONLY feature_class_e
    ADD CONSTRAINT ck_time_stamps FOREIGN KEY (time_stamps) REFERENCES dictionary_element_2_time_stamps(rid);


--
-- Name: ck_time_stamps; Type: FK CONSTRAINT; Schema: public; Owner: postgres
--

ALTER TABLE ONLY non_instantiable_functional_view_class_e
    ADD CONSTRAINT ck_time_stamps FOREIGN KEY (time_stamps) REFERENCES dictionary_element_2_time_stamps(rid);


--
-- Name: ck_time_stamps; Type: FK CONSTRAINT; Schema: public; Owner: postgres
--

ALTER TABLE ONLY component_class_case_of_e
    ADD CONSTRAINT ck_time_stamps FOREIGN KEY (time_stamps) REFERENCES dictionary_element_2_time_stamps(rid);


--
-- Name: ck_time_stamps; Type: FK CONSTRAINT; Schema: public; Owner: postgres
--

ALTER TABLE ONLY material_class_case_of_e
    ADD CONSTRAINT ck_time_stamps FOREIGN KEY (time_stamps) REFERENCES dictionary_element_2_time_stamps(rid);


--
-- Name: ck_time_stamps; Type: FK CONSTRAINT; Schema: public; Owner: postgres
--

ALTER TABLE ONLY feature_class_case_of_e
    ADD CONSTRAINT ck_time_stamps FOREIGN KEY (time_stamps) REFERENCES dictionary_element_2_time_stamps(rid);


--
-- Name: ck_time_stamps; Type: FK CONSTRAINT; Schema: public; Owner: postgres
--

ALTER TABLE ONLY dictionary_element_e
    ADD CONSTRAINT ck_time_stamps FOREIGN KEY (time_stamps) REFERENCES dictionary_element_2_time_stamps(rid);


--
-- Name: ck_type_definition; Type: FK CONSTRAINT; Schema: public; Owner: postgres
--

ALTER TABLE ONLY data_type_element_e
    ADD CONSTRAINT ck_type_definition FOREIGN KEY (type_definition) REFERENCES data_type_element_2_type_definition(rid);


--
-- Name: ck_type_structure; Type: FK CONSTRAINT; Schema: public; Owner: postgres
--

ALTER TABLE ONLY entity_instance_type_for_aggregate_e
    ADD CONSTRAINT ck_type_structure FOREIGN KEY (type_structure) REFERENCES entity_instance_type_for_aggregate_2_type_structure(rid);


--
-- Name: ck_underlying; Type: FK CONSTRAINT; Schema: public; Owner: postgres
--

ALTER TABLE ONLY defined_info_e
    ADD CONSTRAINT ck_underlying FOREIGN KEY (underlying) REFERENCES defined_info_2_underlying(rid);


--
-- Name: ck_unit; Type: FK CONSTRAINT; Schema: public; Owner: postgres
--

ALTER TABLE ONLY derived_unit_element_e
    ADD CONSTRAINT ck_unit FOREIGN KEY (unit) REFERENCES derived_unit_element_2_unit(rid);


--
-- Name: ck_unit; Type: FK CONSTRAINT; Schema: public; Owner: postgres
--

ALTER TABLE ONLY real_measure_type_e
    ADD CONSTRAINT ck_unit FOREIGN KEY (unit) REFERENCES real_measure_type_2_unit(rid);


--
-- Name: ck_unit; Type: FK CONSTRAINT; Schema: public; Owner: postgres
--

ALTER TABLE ONLY int_measure_type_e
    ADD CONSTRAINT ck_unit FOREIGN KEY (unit) REFERENCES int_measure_type_2_unit(rid);


--
-- Name: ck_unit_component; Type: FK CONSTRAINT; Schema: public; Owner: postgres
--

ALTER TABLE ONLY length_measure_with_unit_e
    ADD CONSTRAINT ck_unit_component FOREIGN KEY (unit_component) REFERENCES measure_with_unit_2_unit_component(rid);


--
-- Name: ck_unit_component; Type: FK CONSTRAINT; Schema: public; Owner: postgres
--

ALTER TABLE ONLY measure_with_unit_e
    ADD CONSTRAINT ck_unit_component FOREIGN KEY (unit_component) REFERENCES measure_with_unit_2_unit_component(rid);


--
-- Name: ck_updates; Type: FK CONSTRAINT; Schema: public; Owner: postgres
--

ALTER TABLE ONLY library_e
    ADD CONSTRAINT ck_updates FOREIGN KEY (updates) REFERENCES dictionary_2_updates(rid);


--
-- Name: ck_updates; Type: FK CONSTRAINT; Schema: public; Owner: postgres
--

ALTER TABLE ONLY dictionary_in_standard_format_e
    ADD CONSTRAINT ck_updates FOREIGN KEY (updates) REFERENCES dictionary_2_updates(rid);


--
-- Name: ck_updates; Type: FK CONSTRAINT; Schema: public; Owner: postgres
--

ALTER TABLE ONLY library_in_standard_format_e
    ADD CONSTRAINT ck_updates FOREIGN KEY (updates) REFERENCES dictionary_2_updates(rid);


--
-- Name: ck_updates; Type: FK CONSTRAINT; Schema: public; Owner: postgres
--

ALTER TABLE ONLY dictionary_e
    ADD CONSTRAINT ck_updates FOREIGN KEY (updates) REFERENCES dictionary_2_updates(rid);


--
-- Name: ck_used_protocol; Type: FK CONSTRAINT; Schema: public; Owner: postgres
--

ALTER TABLE ONLY message_e
    ADD CONSTRAINT ck_used_protocol FOREIGN KEY (used_protocol) REFERENCES dialogue_resource_2_used_protocol(rid);


--
-- Name: ck_used_protocol; Type: FK CONSTRAINT; Schema: public; Owner: postgres
--

ALTER TABLE ONLY illustration_e
    ADD CONSTRAINT ck_used_protocol FOREIGN KEY (used_protocol) REFERENCES dialogue_resource_2_used_protocol(rid);


--
-- Name: ck_used_protocol; Type: FK CONSTRAINT; Schema: public; Owner: postgres
--

ALTER TABLE ONLY a6_illustration_e
    ADD CONSTRAINT ck_used_protocol FOREIGN KEY (used_protocol) REFERENCES dialogue_resource_2_used_protocol(rid);


--
-- Name: ck_used_protocol; Type: FK CONSTRAINT; Schema: public; Owner: postgres
--

ALTER TABLE ONLY a9_illustration_e
    ADD CONSTRAINT ck_used_protocol FOREIGN KEY (used_protocol) REFERENCES dialogue_resource_2_used_protocol(rid);


--
-- Name: ck_used_protocol; Type: FK CONSTRAINT; Schema: public; Owner: postgres
--

ALTER TABLE ONLY dialogue_resource_e
    ADD CONSTRAINT ck_used_protocol FOREIGN KEY (used_protocol) REFERENCES dialogue_resource_2_used_protocol(rid);


--
-- Name: ck_used_protocol; Type: FK CONSTRAINT; Schema: public; Owner: postgres
--

ALTER TABLE ONLY document_content_e
    ADD CONSTRAINT ck_used_protocol FOREIGN KEY (used_protocol) REFERENCES document_content_2_used_protocol(rid);


--
-- Name: ck_used_protocol; Type: FK CONSTRAINT; Schema: public; Owner: postgres
--

ALTER TABLE ONLY program_reference_e
    ADD CONSTRAINT ck_used_protocol FOREIGN KEY (used_protocol) REFERENCES program_reference_2_used_protocol(rid);


--
-- Name: ck_used_protocol; Type: FK CONSTRAINT; Schema: public; Owner: postgres
--

ALTER TABLE ONLY program_library_content_e
    ADD CONSTRAINT ck_used_protocol FOREIGN KEY (used_protocol) REFERENCES program_library_content_2_used_protocol(rid);


--
-- Name: ck_used_protocol; Type: FK CONSTRAINT; Schema: public; Owner: postgres
--

ALTER TABLE ONLY representation_reference_e
    ADD CONSTRAINT ck_used_protocol FOREIGN KEY (used_protocol) REFERENCES representation_reference_2_used_protocol(rid);


--
-- Name: ck_user_designation; Type: FK CONSTRAINT; Schema: public; Owner: postgres
--

ALTER TABLE ONLY lib_component_instance_e
    ADD CONSTRAINT ck_user_designation FOREIGN KEY (user_designation) REFERENCES lib_item_instance_2_user_designation(rid);


--
-- Name: ck_user_designation; Type: FK CONSTRAINT; Schema: public; Owner: postgres
--

ALTER TABLE ONLY lib_feature_instance_e
    ADD CONSTRAINT ck_user_designation FOREIGN KEY (user_designation) REFERENCES lib_item_instance_2_user_designation(rid);


--
-- Name: ck_user_designation; Type: FK CONSTRAINT; Schema: public; Owner: postgres
--

ALTER TABLE ONLY lib_material_instance_e
    ADD CONSTRAINT ck_user_designation FOREIGN KEY (user_designation) REFERENCES lib_item_instance_2_user_designation(rid);


--
-- Name: ck_user_designation; Type: FK CONSTRAINT; Schema: public; Owner: postgres
--

ALTER TABLE ONLY lib_item_instance_e
    ADD CONSTRAINT ck_user_designation FOREIGN KEY (user_designation) REFERENCES lib_item_instance_2_user_designation(rid);


--
-- Name: ck_value_code; Type: FK CONSTRAINT; Schema: public; Owner: postgres
--

ALTER TABLE ONLY dic_value_e
    ADD CONSTRAINT ck_value_code FOREIGN KEY (value_code) REFERENCES dic_value_2_value_code(rid);


--
-- Name: ck_value_component; Type: FK CONSTRAINT; Schema: public; Owner: postgres
--

ALTER TABLE ONLY length_measure_with_unit_e
    ADD CONSTRAINT ck_value_component FOREIGN KEY (value_component) REFERENCES measure_with_unit_2_value_component(rid);


--
-- Name: ck_value_component; Type: FK CONSTRAINT; Schema: public; Owner: postgres
--

ALTER TABLE ONLY measure_with_unit_e
    ADD CONSTRAINT ck_value_component FOREIGN KEY (value_component) REFERENCES measure_with_unit_2_value_component(rid);


--
-- Name: ck_value_type; Type: FK CONSTRAINT; Schema: public; Owner: postgres
--

ALTER TABLE ONLY list_type_e
    ADD CONSTRAINT ck_value_type FOREIGN KEY (value_type) REFERENCES aggregate_type_2_value_type(rid);


--
-- Name: ck_value_type; Type: FK CONSTRAINT; Schema: public; Owner: postgres
--

ALTER TABLE ONLY set_with_subset_constraint_type_e
    ADD CONSTRAINT ck_value_type FOREIGN KEY (value_type) REFERENCES aggregate_type_2_value_type(rid);


--
-- Name: ck_value_type; Type: FK CONSTRAINT; Schema: public; Owner: postgres
--

ALTER TABLE ONLY set_type_e
    ADD CONSTRAINT ck_value_type FOREIGN KEY (value_type) REFERENCES aggregate_type_2_value_type(rid);


--
-- Name: ck_value_type; Type: FK CONSTRAINT; Schema: public; Owner: postgres
--

ALTER TABLE ONLY array_type_e
    ADD CONSTRAINT ck_value_type FOREIGN KEY (value_type) REFERENCES aggregate_type_2_value_type(rid);


--
-- Name: ck_value_type; Type: FK CONSTRAINT; Schema: public; Owner: postgres
--

ALTER TABLE ONLY bag_type_e
    ADD CONSTRAINT ck_value_type FOREIGN KEY (value_type) REFERENCES aggregate_type_2_value_type(rid);


--
-- Name: ck_value_type; Type: FK CONSTRAINT; Schema: public; Owner: postgres
--

ALTER TABLE ONLY aggregate_type_e
    ADD CONSTRAINT ck_value_type FOREIGN KEY (value_type) REFERENCES aggregate_type_2_value_type(rid);


--
-- Name: ck_value_type; Type: FK CONSTRAINT; Schema: public; Owner: postgres
--

ALTER TABLE ONLY level_type_e
    ADD CONSTRAINT ck_value_type FOREIGN KEY (value_type) REFERENCES level_type_2_value_type(rid);


--
-- Name: ck_view_of; Type: FK CONSTRAINT; Schema: public; Owner: postgres
--

ALTER TABLE ONLY fm_class_view_of_e
    ADD CONSTRAINT ck_view_of FOREIGN KEY (view_of) REFERENCES fm_class_view_of_2_view_of(rid);


--
-- Name: ck_view_of; Type: FK CONSTRAINT; Schema: public; Owner: postgres
--

ALTER TABLE ONLY dic_f_view_instance_e
    ADD CONSTRAINT ck_view_of FOREIGN KEY (view_of) REFERENCES dic_f_view_instance_2_view_of(rid);


--
-- Name: ck_width; Type: FK CONSTRAINT; Schema: public; Owner: postgres
--

ALTER TABLE ONLY a6_illustration_e
    ADD CONSTRAINT ck_width FOREIGN KEY (width) REFERENCES illustration_2_width(rid);


--
-- Name: ck_width; Type: FK CONSTRAINT; Schema: public; Owner: postgres
--

ALTER TABLE ONLY a9_illustration_e
    ADD CONSTRAINT ck_width FOREIGN KEY (width) REFERENCES illustration_2_width(rid);


--
-- Name: ck_width; Type: FK CONSTRAINT; Schema: public; Owner: postgres
--

ALTER TABLE ONLY illustration_e
    ADD CONSTRAINT ck_width FOREIGN KEY (width) REFERENCES illustration_2_width(rid);


--
-- Name: ck_zone; Type: FK CONSTRAINT; Schema: public; Owner: postgres
--

ALTER TABLE ONLY local_time_e
    ADD CONSTRAINT ck_zone FOREIGN KEY ("zone") REFERENCES local_time_2_zone(rid);


--
-- Name: public; Type: ACL; Schema: -; Owner: postgres
--

REVOKE ALL ON SCHEMA public FROM PUBLIC;
REVOKE ALL ON SCHEMA public FROM postgres;
GRANT ALL ON SCHEMA public TO postgres;
GRANT ALL ON SCHEMA public TO PUBLIC;


--
-- PostgreSQL database dump complete
--

